Workbook
Name \c: #REF!
Name \x: 'C 5'!#REF!
Name \x: #REF!
Name A: 'C 5'!$Y$21:$DF$21
Name A: #REF!
Name A_IMPRESION_IM: 'C 91 - 99'!#REF!
Name A_IMPRESION_IM: #REF!
Name A_impresión_IM: 'C 100 - 101'!$A$1:$K$58
Name A_impresión_IM: 'C 102 - 103'!$A$1:$I$45
Name A_impresión_IM: 'C 104-105'!$A$1:$K$57
Name A_impresión_IM: 'C 106 - 107'!$A$1:$H$45
Name A_impresión_IM: 'C 108 - 109 '!#REF!
Name A_IMPRESIÓN_IM: [1]CYPPOLLO!#REF!
Name A_IMPRESIÓN_IM: [1]CYPPOLLO!#REF!
Name A_impresión_IM: #REF!
Name A_impresión_IM: 'C 90'!$A$1:$D$43
Name A_IMPRESIÓN_IM: 'C 91 - 99'!$A$3:$DH$39
Name A_IMPRESIÓN_IM: [1]CYPPOLLO!#REF!
Name A_impresión_IM: #REF!
Name A_impresión_IM: 'C-88'!$A$1:$D$43
Name A_impresión_IM: 'C-89'!$A$1:$D$43
Name A_impresión_IM: #REF!

Sheet 1. INDICADORES ECONÓMICOS

Sheet C 1 - C 2 - C 3
A2: C.1 PERÚ: EVOLUCIÓN DEL VALOR BRUTO DE LA PRODUCCIÓN (VBP) AGROPECUARIA POR AÑO, SEGÚN SUB SECTORES Y PRINCIPALES ESPECIES Y PRODUCTOS PECUARIOS, 2007-2023
A3: (Millones de soles a precios 2007)
A5: Sector / Producto | C5: 2000 | D5: 2001 | E5: 2002 | F5: 2003 | G5: 2004 | H5: 2005 | I5: 2006 | J5: 2007 | K5: 2008 | L5: 2009 | M5: 2010 | N5: 2011 | O5: 2012 | P5: 2013 | Q5: 2014 | R5: 2015 | S5: 2016 | T5: 2017 | U5: 2018 | V5: 2019 | W5: 2020 | X5: 2021 | Y5: 2022 | Z5: 2023P | AA5: Var. % 23/22
A6: Sector agropecuario | C6: 17474.3 | D6: 17601.8 | E6: 18603.6 | F6: 18969.3 | G6: 19096 | H6: 20511.9 | I6: 22151.7 | J6: 22808.209 | K6: 24741.749 | L6: 25379.076 | M6: 26407.36 | N6: 27861.203 | O6: 29537.88 | P6: 30131.561 | Q6: 30697.658 | R6: 31893.695 | S6: 32598.008 | T6: 33558.832 | U6: 36138.105 | V6: 37418.529 | W6: 37803.566 | X6: 39559.209 | Y6: 41353.21 | Z6: 40349.979 | AA6: =((Z6/Y6)-1)*100 -> -2.426004
A7: Subsector agrícola | C7: 11577.1 | D7: 11537.3 | E7: 12282.8 | F7: 12444.9 | G7: 12391.7 | H7: 13289.3 | I7: 14340.7 | J7: 14533.198 | K7: 15862.084 | L7: 15991.165 | M7: 16615.994 | N7: 17377.297 | O7: 18471.166 | P7: 18672.443 | Q7: 18832.948 | R7: 19407.572 | S7: 19606.725 | T7: 20205.449 | U7: 22039.85 | V7: 22755.49 | W7: 23398.865 | X7: 24866.703 | Y7: 26300.765 | Z7: 25306.554 | AA7: =((Z7/Y7)-1)*100 -> -3.7801595
A8: Subsector pecuario | C8: 5897.2 | D8: 6064.5 | E8: 6320.8 | F8: 6524.4 | G8: 6704.3 | H8: 7222.6 | I8: 7811 | J8: 8275.0106 | K8: 8879.6649 | L8: 9387.9104 | M8: 9791.3659 | N8: 10483.906 | O8: 11066.714 | P8: 11459.118 | Q8: 11864.71 | R8: 12486.123 | S8: 12991.283 | T8: 13353.383 | U8: 14098.256 | V8: 14663.039 | W8: 14404.701 | X8: 14692.505 | Y8: 15052.445 | Z8: 15043.425 | AA8: =((Z8/Y8)-1)*100 -> -0.059921551
B10: Industria avícola 1 | C10: =SUM(C11:C13) -> 2892.6 | D10: =SUM(D11:D13) -> 2958.5 | E10: =SUM(E11:E13) -> 3140.9 | F10: =SUM(F11:F13) -> 3262.9 | G10: =SUM(G11:G13) -> 3280.1 | H10: =SUM(H11:H13) -> 3623.2 | I10: =SUM(I11:I13) -> 4017.6 | J10: =J11+J13 -> 4330.6 | K10: =K11+K13 -> 4847.7 | L10: =L11+L13 -> 5254.6 | M10: =M11+M13 -> 5560.1 | N10: =N11+N13 -> 6092.8 | O10: =O11+O13 -> 6526.6 | P10: =P11+P13 -> 6835.4 | Q10: =Q11+Q13 -> 7152.1 | ... Z10: =Z11+Z13 -> 9727.3063 | AA10: =((Z10/Y10)-1)*100 -> -1.1935
A11: 1 | B11: Ave | C11: 2340.6 | D11: 2376.6 | E11: 2551.2 | F11: 2651.8 | G11: 2655 | H11: 2983.5 | I11: 3259.4 | J11: 3534.8 | K11: 4024.4 | L11: 4424.6 | M11: 4679.4 | N11: 5111.6 | O11: 5556.6 | P11: 5754.9 | Q11: 6044.3 | R11: 6531.3 | S11: 6945.9 | T11: 7199.8 | U11: 7742.8 | V11: 8087.878 | W11: 7907.305 | X11: 8036.274 | Y11: 8266.4437 | Z11: 8173.2922 | AA11: =((Z11/Y11)-1)*100 -> -1.1268635
B12: Pollo | J12: 3273.1 | K12: 3727.9 | L12: 4121.7 | M12: 4362.7 | N12: 4582.9 | O12: 5195.8 | P12: 5394.3 | Q12: 5657.9 | R12: 6101.3 | S12: 6448.2 | T12: 6719.3 | U12: 7257.1 | V12: 7579.043 | W12: 7415.882 | X12: 7520.469 | Y12: 7739.0314 | Z12: 7657.1129 | AA12: =((Z12/Y12)-1)*100 -> -1.0585111
B13: Huevo de gallina | C13: 552 | D13: 581.9 | E13: 589.7 | F13: 611.1 | G13: 625.1 | H13: 639.7 | I13: 758.2 | J13: 795.8 | K13: 823.3 | L13: 830 | M13: 880.7 | N13: 981.2 | O13: 970 | P13: 1080.5 | Q13: 1107.8 | R13: 1193.1 | S13: 1238.6 | T13: 1283 | U13: 1397 | V13: 1508.928 | W13: 1536.856 | X13: 1557.202 | Y13: 1578.3603 | Z13: 1554.0141 | AA13: =((Z13/Y13)-1)*100 -> -1.5424993
A14: 2 | B14: Ovino | C14: 378.7 | D14: 388.4 | E14: 383.2 | F14: 389.2 | G14: 410.8 | H14: 410.6 | I14: 413.3 | J14: 412.5 | K14: 406.5 | L14: 407.8 | M14: 410.4 | N14: 417.6 | O14: 430.3 | P14: 425.5 | Q14: 419.6 | R14: 404.2 | S14: 413.9 | T14: 407.8 | U14: 410.4 | V14: 411.768 | W14: 395.155 | X14: 405.409 | Y14: 408.78638 | Z14: 410.66447 | AA14: =((Z14/Y14)-1)*100 -> 0.45943067
A15: 3 | B15: Porcino | C15: 433.8 | D15: 442.2 | E15: 438.5 | F15: 439.5 | G15: 468.6 | H15: 494 | I15: 516.6 | J15: 542.7 | K15: 545.9 | L15: 543.6 | M15: 548.1 | N15: 557.2 | O15: 579.8 | P15: 605 | Q15: 641.6 | R15: 677.3 | S15: 708 | T15: 747.5 | U15: 781.6 | V15: 821.013 | W15: 805.122 | X15: 834.713 | Y15: 859.61391 | Z15: 949.86218 | AA15: =((Z15/Y15)-1)*100 -> 10.498698
A16: 4 | B16: Vacuno | C16: 1114.1 | D16: 1114.3 | E16: 1147.4 | F16: 1174.2 | G16: 1227.9 | H16: 1304.4 | I16: 1382.1 | J16: 1396.3 | K16: 1397 | L16: 1408.9 | M16: 1470.2 | N16: 1531.9 | O16: 1596.3 | P16: 1651.6 | Q16: 1678.5 | R16: 1676.7 | S16: 1648.4 | T16: 1614.4 | U16: 1622.7 | V16: 1650.213 | W16: 1573.412 | X16: 1624.579 | Y16: 1648.4917 | Z16: 1699.8544 | AA16: =((Z16/Y16)-1)*100 -> 3.1157341
A17: 5 | B17: Caprino | C17: 57.6 | D17: 54.4 | E17: 53.3 | F17: 57.9 | G17: 59.5 | H17: 60.8 | I17: 62.3 | J17: 61.5 | K17: 59 | L17: 56.6 | M17: 56.4 | N17: 56.5 | O17: 57.4 | P17: 59.2 | Q17: 56.7 | R17: 54.3 | S17: 53.6 | T17: 50.5 | U17: 45.7 | V17: 46.913 | W17: 1573.412 | X17: 45.496 | Y17: 45.323481 | Z17: 45.430456 | AA17: =((Z17/Y17)-1)*100 -> 0.23602432
A18: 6 | B18: Alpaca | C18: 130.1 | D18: 137.3 | E18: 147.3 | F18: 146 | G18: 148.2 | H18: 154.4 | I18: 156.5 | J18: 166.7 | K18: 169.6 | L18: 181.4 | M18: 191.6 | N18: 201.5 | O18: 213.6 | P18: 216.6 | Q18: 224.2 | R18: 212.1 | S18: 221.5 | T18: 226.9 | U18: 225.9 | V18: 223.935 | W18: 45.581 | X18: 223.963 | Y18: 227.034 | Z18: 228.66822 | AA18: =((Z18/Y18)-1)*100 -> 0.71981258
A19: 7 | B19: Llama | C19: 25.2 | D19: 25.5 | E19: 25.5 | F19: 27.5 | G19: 29.1 | H19: 30.4 | I19: 30.3 | J19: 31.9 | K19: 31.3 | L19: 32.9 | M19: 32.1 | N19: 33.4 | O19: 34.3 | P19: 32.9 | Q19: 32.9 | R19: 31.4 | S19: 31.3 | T19: 31.6 | U19: 31.5 | V19: 30.319 | W19: 220.072 | X19: 31.046 | Y19: 31.292595 | Z19: 31.686378 | AA19: =((Z19/Y19)-1)*100 -> 1.2583916
A20: 9 | B20: Leche fresca de vaca | C20: 750.6 | D20: 822.4 | E20: 873.8 | F20: 918.1 | G20: 968.1 | H20: 1027.8 | I20: 1119.3 | J20: 1209.8 | K20: 1301 | L20: 1372.9 | M20: 1394.7 | N20: 1458.8 | O20: 1488 | P20: 1502.3 | Q20: 1529.2 | R20: 1581.5 | S20: 1624 | T20: 1673.4 | U20: 1717.8 | V20: 1762.855 | W20: 1774.917 | X20: 1815.68 | Y20: 1867.2035 | Z20: 1829.111 | AA20: =((Z20/Y20)-1)*100 -> -2.040084
A21: 10 | B21: Fibra alpaca | C21: 57 | D21: 62.3 | E21: 58 | F21: 56.9 | G21: 59.6 | H21: 66 | I21: 64.3 | J21: 71.4 | K21: 73.7 | L21: 80.4 | M21: 79.8 | N21: 85.5 | O21: 88 | P21: 81 | Q21: 82.2 | R21: 81.4 | S21: 82.7 | T21: 79.1 | U21: 83.9 | V21: 81.647 | W21: 79.789 | X21: 80.736 | Y21: 81.07727 | Z21: 81.891861 | AA21: =((Z21/Y21)-1)*100 -> 1.0047096
A22: 11 | B22: Fibra llama | C22: 4.6 | D22: 4.7 | E22: 3.8 | F22: 3.9 | G22: 3.8 | H22: 3.7 | I22: 3.8 | J22: 4.5 | K22: 4.3 | L22: 4.3 | M22: 3.9 | N22: 4.2 | O22: 4.6 | P22: 4.4 | Q22: 4.6 | R22: 4 | S22: 4.1 | T22: 4.2 | U22: 4 | V22: 4.028 | W22: 4.0732 | X22: 4.124 | Y22: 4.2640587 | Z22: 4.2857998 | AA22: =((Z22/Y22)-1)*100 -> 0.50986911
A23: 12 | B23: Lana Ovino | C23: 53.5 | D23: 54.4 | E23: 48.9 | F23: 49 | G23: 48.6 | H23: 47.2 | I23: 44.9 | J23: 47.2 | K23: 43.6 | L23: 44.5 | M23: 44.2 | N23: 44.5 | O23: 47.7 | P23: 45 | Q23: 43.2 | R23: 38.8 | S23: 40.5 | T23: 35.2 | U23: 34.9 | V23: 33.543 | W23: 32.315 | X23: 33.283 | Y23: 34.553828 | Z23: 34.666543 | AA23: =((Z23/Y23)-1)*100 -> 0.32619951
A24: P Preliminar
A25: 1 Considera ave y Huevo de gallina
A26: Fuente: Direcciones Regionales de Agricultura
A27: Elaboración: Ministerio de Desarrollo Agrario y Riego - DGESEP - DEIA
A29: C.2 PERÚ: PARTICIPACIÓN POR AÑO, SEGÚN SUB SECTORES Y PRINCIPALES ESPECIES Y PRODUCTOS PECUARIOS EN EL VALOR BRUTO, 2007-2023
A30: (%)
A32: Sector / Producto | C32: 2000 | D32: 2001 | E32: 2002 | F32: 2003 | G32: 2004 | H32: 2005 | I32: 2006 | J32: 2007 | K32: 2008 | L32: 2009 | M32: 2010 | N32: 2011 | O32: 2012 | P32: 2013 | Q32: 2014 | R32: 2015 | S32: 2016 | T32: 2017 | U32: 2018 | V32: 2019 | W32: 2020 | X32: 2021 | Y32: 2022 | Z32: 2023P
A33: Sector agropecuario | C33: =C6/$C$6*100 -> 100 | D33: =D6/$D$6*100 -> 100 | E33: =E6/$E$6*100 -> 100 | F33: =F6/$F$6*100 -> 100 | G33: =G6/$G$6*100 -> 100 | H33: =H6/$H$6*100 -> 100 | I33: =I6/$I$6*100 -> 100 | J33: =J6/$J$6*100 -> 100 | K33: =K6/$K$6*100 -> 100 | L33: =L6/$L$6*100 -> 100 | M33: =M6/$M$6*100 -> 100 | N33: =N6/$N$6*100 -> 100 | O33: =O6/$O$6*100 -> 100 | P33: =P6/$P$6*100 -> 100 | Q33: =Q6/$Q$6*100 -> 100 | R33: =R6/$R$6*100 -> 100 | S33: =S6/$S$6*100 -> 100 | T33: =T6/$T$6*100 -> 100 | U33: =U6/$U$6*100 -> 100 | V33: =V6/$V$6*100 -> 100 | W33: =W6/$W$6*100 -> 100 | X33: =X6/$X$6*100 -> 100 | Y33: =Y6/$Y$6*100 -> 100 | Z33: =Z6/$Z$6*100 -> 100
A34: Subsector agrícola | C34: =C7/$C$6*100 -> 66.252153 | D34: =D7/$D$6*100 -> 65.546137 | E34: =E7/$E$6*100 -> 66.02378 | F34: =F7/$F$6*100 -> 65.605478 | G34: =G7/$G$6*100 -> 64.8916 | H34: =H7/$H$6*100 -> 64.788245 | I34: =I7/$I$6*100 -> 64.738598 | J34: =J7/$J$6*100 -> 63.719156 | K34: =K7/$K$6*100 -> 64.110601 | L34: =L7/$L$6*100 -> 63.00925 | M34: =M7/$M$6*100 -> 62.92183 | N34: =N7/$N$6*100 -> 62.370949 | O34: =O7/$O$6*100 -> 62.533825 | P34: =P7/$P$6*100 -> 61.969717 | Q34: =Q7/$Q$6*100 -> 61.349788 | R34: =R7/$R$6*100 -> 60.850811 | S34: =S7/$S$6*100 -> 60.147003 | T34: =T7/$T$6*100 -> 60.209035 | U34: =U7/$U$6*100 -> 60.98784 | V34: =V7/$V$6*100 -> 60.813428 | W34: =W7/$W$6*100 -> 61.895921 | X34: =X7/$X$6*100 -> 62.859455 | Y34: =Y7/$Y$6*100 -> 63.600299 | Z34: =Z7/$Z$6*100 -> 62.717638
A35: Subsector pecuario | C35: =C8/$C$6*100 -> 33.747847 | D35: =D8/$D$6*100 -> 34.453863 | E35: =E8/$E$6*100 -> 33.97622 | F35: =F8/$F$6*100 -> 34.394522 | G35: =G8/$G$6*100 -> 35.1084 | H35: =H8/$H$6*100 -> 35.211755 | I35: =I8/$I$6*100 -> 35.261402 | J35: =J8/$J$6*100 -> 36.280844 | K35: =K8/$K$6*100 -> 35.889399 | L35: =L8/$L$6*100 -> 36.99075 | M35: =M8/$M$6*100 -> 37.07817 | N35: =N8/$N$6*100 -> 37.629051 | O35: =O8/$O$6*100 -> 37.466175 | P35: =P8/$P$6*100 -> 38.030283 | Q35: =Q8/$Q$6*100 -> 38.650212 | R35: =R8/$R$6*100 -> 39.149189 | S35: =S8/$S$6*100 -> 39.852997 | T35: =T8/$T$6*100 -> 39.790965 | U35: =U8/$U$6*100 -> 39.01216 | V35: =V8/$V$6*100 -> 39.186572 | W35: =W8/$W$6*100 -> 38.104079 | X35: =X8/$X$6*100 -> 37.140545 | Y35: =Y8/$Y$6*100 -> 36.399701 | Z35: =Z8/$Z$6*100 -> 37.282362
B37: Industria avícola 1 | C37: =C10/$C$6*100 -> 16.553453 | D37: =D10/$D$6*100 -> 16.80794 | E37: =E10/$E$6*100 -> 16.883291 | F37: =F10/$F$6*100 -> 17.200951 | G37: =G10/$G$6*100 -> 17.176896 | H37: =H10/$H$6*100 -> 17.663893 | I37: =I10/$I$6*100 -> 18.136757 | J37: =J10/$J$6*100 -> 18.987024 | K37: =K10/$K$6*100 -> 19.593199 | L37: =L10/$L$6*100 -> 20.704458 | M37: =M10/$M$6*100 -> 21.055115 | N37: =N10/$N$6*100 -> 21.868403 | O37: =O10/$O$6*100 -> 22.095696 | P37: =P10/$P$6*100 -> 22.685184 | Q37: =Q10/$Q$6*100 -> 23.29852 | R37: =R10/$R$6*100 -> 24.219207 | S37: =S10/$S$6*100 -> 25.107362 | T37: =T10/$T$6*100 -> 25.2774 | U37: =U10/$U$6*100 -> 25.291309 | V37: =V10/$V$6*100 -> 25.647203 | W37: =W10/$W$6*100 -> 24.982196 | X37: =X10/$X$6*100 -> 24.25093 | Y37: =Y10/$Y$6*100 -> 23.806626 | Z37: =Z10/$Z$6*100 -> 24.107339
B38: Ave | C38: =C11/$C$6*100 -> 13.394528 | D38: =D11/$D$6*100 -> 13.502028 | E38: =E11/$E$6*100 -> 13.713475 | F38: =F11/$F$6*100 -> 13.97943 | G38: =G11/$G$6*100 -> 13.903435 | H38: =H11/$H$6*100 -> 14.545215 | I38: =I11/$I$6*100 -> 14.713995 | J38: =J11/$J$6*100 -> 15.497929 | K38: =K11/$K$6*100 -> 16.265625 | L38: =L11/$L$6*100 -> 17.434047 | M38: =M11/$M$6*100 -> 17.72006 | N38: =N11/$N$6*100 -> 18.34666 | O38: =O11/$O$6*100 -> 18.811777 | P38: =P11/$P$6*100 -> 19.099243 | Q38: =Q11/$Q$6*100 -> 19.689776 | R38: =R11/$R$6*100 -> 20.478342 | S38: =S11/$S$6*100 -> 21.307743 | T38: =T11/$T$6*100 -> 21.454263 | U38: =U11/$U$6*100 -> 21.425584 | V38: =V11/$V$6*100 -> 21.614634 | W38: =W11/$W$6*100 -> 20.916823 | X38: =X11/$X$6*100 -> 20.314547 | Y38: =Y11/$Y$6*100 -> 19.989848 | Z38: =Z11/$Z$6*100 -> 20.256001
B39: Pollo | J39: =J12/$J$6*100 -> 14.350535 | K39: =K12/$K$6*100 -> 15.067245 | L39: =L12/$L$6*100 -> 16.240544 | M39: =M12/$M$6*100 -> 16.520773 | N39: =N12/$N$6*100 -> 16.449039 | O39: =O12/$O$6*100 -> 17.590294 | P39: =P12/$P$6*100 -> 17.902491 | Q39: 18.430722 | R39: 19.12993 | S39: 19.784428 | T39: 20.056175 | U39: 20.092974 | V39: 20.255343 | W39: 19.618424 | X39: 19.024363 | Y39: =Y12/$Y$6*100 -> 18.714464 | Z39: =Z12/$Z$6*100 -> 18.976746
A40: 1 | B40: Huevo de gallina | C40: =C13/$C$6*100 -> 3.1589248 | D40: =D13/$D$6*100 -> 3.3059119 | E40: =E13/$E$6*100 -> 3.1698166 | F40: =F13/$F$6*100 -> 3.2215211 | G40: =G13/$G$6*100 -> 3.2734604 | H40: =H13/$H$6*100 -> 3.1186775 | I40: =I13/$I$6*100 -> 3.4227621 | J40: =J13/$J$6*100 -> 3.4890947 | K40: =K13/$K$6*100 -> 3.327574 | L40: =L13/$L$6*100 -> 3.2704107 | M40: =M13/$M$6*100 -> 3.3350551 | N40: =N13/$N$6*100 -> 3.5217432 | O40: =O13/$O$6*100 -> 3.2839189 | P40: =P13/$P$6*100 -> 3.585941 | Q40: =Q13/$Q$6*100 -> 3.6087443 | R40: =R13/$R$6*100 -> 3.7408647 | S40: =S13/$S$6*100 -> 3.7996186 | T40: =T13/$T$6*100 -> 3.8231366 | U40: =U13/$U$6*100 -> 3.8657256 | V40: =V13/$V$6*100 -> 4.032569 | W40: =W13/$W$6*100 -> 4.0653731 | X40: =X13/$X$6*100 -> 3.9363831 | Y40: =Y13/$Y$6*100 -> 3.8167783 | Z40: =Z13/$Z$6*100 -> 3.8513381
B41: Ovino | C41: =C14/$C$6*100 -> 2.1671827 | D41: =D14/$D$6*100 -> 2.2065925 | E41: =E14/$E$6*100 -> 2.0598164 | F41: =F14/$F$6*100 -> 2.0517362 | G41: =G14/$G$6*100 -> 2.1512359 | H41: =H14/$H$6*100 -> 2.0017648 | I41: =I14/$I$6*100 -> 1.865771 | J41: =J14/$J$6*100 -> 1.8085594 | K41: =K14/$K$6*100 -> 1.642972 | L41: =L14/$L$6*100 -> 1.6068355 | M41: =M14/$M$6*100 -> 1.5541122 | N41: =N14/$N$6*100 -> 1.4988585 | O41: =O14/$O$6*100 -> 1.4567735 | P41: =P14/$P$6*100 -> 1.4121406 | Q41: =Q14/$Q$6*100 -> 1.3668795 | R41: =R14/$R$6*100 -> 1.2673351 | S41: =S14/$S$6*100 -> 1.2697095 | T41: =T14/$T$6*100 -> 1.2151794 | U41: =U14/$U$6*100 -> 1.1356434 | V41: =V14/$V$6*100 -> 1.1004388 | W41: =W14/$W$6*100 -> 1.045285 | X41: =X14/$X$6*100 -> 1.0248157 | Y41: =Y14/$Y$6*100 -> 0.98852394 | Z41: =Z14/$Z$6*100 -> 1.0177563
B42: Porcino | C42: =C15/$C$6*100 -> 2.4825029 | D42: =D15/$D$6*100 -> 2.5122431 | E42: =E15/$E$6*100 -> 2.3570707 | F42: =F15/$F$6*100 -> 2.3169015 | G42: =G15/$G$6*100 -> 2.4539171 | H42: =H15/$H$6*100 -> 2.4083581 | I42: =I15/$I$6*100 -> 2.3321009 | J42: =J15/$J$6*100 -> 2.3794065 | K42: =K15/$K$6*100 -> 2.2063921 | L42: =L15/$L$6*100 -> 2.141922 | M42: =M15/$M$6*100 -> 2.0755577 | N42: =N15/$N$6*100 -> 1.9999137 | O42: =O15/$O$6*100 -> 1.9629033 | P42: =P15/$P$6*100 -> 2.0078614 | Q42: =Q15/$Q$6*100 -> 2.0900617 | R42: =R15/$R$6*100 -> 2.1236172 | S42: =S15/$S$6*100 -> 2.1719118 | T42: =T15/$T$6*100 -> 2.2274315 | U42: =U15/$U$6*100 -> 2.162814 | V42: =V15/$V$6*100 -> 2.1941349 | W42: =W15/$W$6*100 -> 2.1297515 | X42: =X15/$X$6*100 -> 2.1100346 | Y42: =Y15/$Y$6*100 -> 2.0787115 | Z42: =Z15/$Z$6*100 -> 2.3540587
B43: Vacuno | C43: =C16/$C$6*100 -> 6.3756488 | D43: =D16/$D$6*100 -> 6.3306026 | E43: =E16/$E$6*100 -> 6.1676235 | F43: =F16/$F$6*100 -> 6.1900017 | G43: =G16/$G$6*100 -> 6.4301424 | H43: =H16/$H$6*100 -> 6.3592354 | I43: =I16/$I$6*100 -> 6.2392503 | J43: =J16/$J$6*100 -> 6.1219188 | K43: =K16/$K$6*100 -> 5.6463268 | L43: =L16/$L$6*100 -> 5.5514236 | M43: =M16/$M$6*100 -> 5.5673873 | N43: =N16/$N$6*100 -> 5.4983269 | O43: =O16/$O$6*100 -> 5.4042471 | P43: =P16/$P$6*100 -> 5.4812958 | Q43: =Q16/$Q$6*100 -> 5.4678438 | R43: =R16/$R$6*100 -> 5.2571519 | S43: =S16/$S$6*100 -> 5.0567506 | T43: =T16/$T$6*100 -> 4.8106561 | U43: =U16/$U$6*100 -> 4.4902742 | V43: =V16/$V$6*100 -> 4.4101493 | W43: =W16/$W$6*100 -> 4.162073 | X43: =X16/$X$6*100 -> 4.1067025 | Y43: =Y16/$Y$6*100 -> 3.9863695 | Z43: =Z16/$Z$6*100 -> 4.2127763
B44: Caprino | C44: =C17/$C$6*100 -> 0.32962694 | D44: =D17/$D$6*100 -> 0.3090593 | E44: =E17/$E$6*100 -> 0.28650369 | F44: =F17/$F$6*100 -> 0.30523003 | G44: =G17/$G$6*100 -> 0.31158358 | H44: =H17/$H$6*100 -> 0.2964133 | I44: =I17/$I$6*100 -> 0.28124252 | J44: =J17/$J$6*100 -> 0.26963977 | K44: =K17/$K$6*100 -> 0.23846334 | L44: =L17/$L$6*100 -> 0.22301837 | M44: =M17/$M$6*100 -> 0.21357682 | N44: =N17/$N$6*100 -> 0.20279096 | O44: =O17/$O$6*100 -> 0.19432674 | P44: =P17/$P$6*100 -> 0.19647173 | Q44: =Q17/$Q$6*100 -> 0.18470464 | R44: =R17/$R$6*100 -> 0.17025308 | S44: =S17/$S$6*100 -> 0.16442722 | T44: =T17/$T$6*100 -> 0.150482 | U44: =U17/$U$6*100 -> 0.12645931 | V44: =V17/$V$6*100 -> 0.12537371 | W44: =W17/$W$6*100 -> 4.162073 | X44: =X17/$X$6*100 -> 0.11500736 | Y44: =Y17/$Y$6*100 -> 0.10960088 | Z44: =Z17/$Z$6*100 -> 0.11259103
B45: Alpaca | C45: =C18/$C$6*100 -> 0.74452196 | D45: =D18/$D$6*100 -> 0.78003386 | E45: =E18/$E$6*100 -> 0.79178224 | F45: =F18/$F$6*100 -> 0.76966467 | G45: =G18/$G$6*100 -> 0.77607876 | H45: =H18/$H$6*100 -> 0.75273378 | I45: =I18/$I$6*100 -> 0.70649205 | J45: =J18/$J$6*100 -> 0.73087722 | K45: =K18/$K$6*100 -> 0.68548105 | L45: =L18/$L$6*100 -> 0.71476204 | M45: =M18/$M$6*100 -> 0.7255553 | N45: =N18/$N$6*100 -> 0.72322793 | O45: =O18/$O$6*100 -> 0.72313925 | P45: =P18/$P$6*100 -> 0.71884759 | Q45: =Q18/$Q$6*100 -> 0.73034887 | R45: =R18/$R$6*100 -> 0.66502171 | S45: =S18/$S$6*100 -> 0.67948936 | T45: =T18/$T$6*100 -> 0.67612604 | U45: =U18/$U$6*100 -> 0.62510195 | V45: =V18/$V$6*100 -> 0.59846019 | W45: =W18/$W$6*100 -> 0.12057328 | X45: =X18/$X$6*100 -> 0.56614631 | Y45: =Y18/$Y$6*100 -> 0.54901181 | Z45: =Z18/$Z$6*100 -> 0.56671212
B46: Llama | C46: =C19/$C$6*100 -> 0.14421179 | D46: =D19/$D$6*100 -> 0.14487155 | E46: =E19/$E$6*100 -> 0.13707024 | F46: =F19/$F$6*100 -> 0.14497108 | G46: =G19/$G$6*100 -> 0.15238793 | H46: =H19/$H$6*100 -> 0.14820665 | I46: =I19/$I$6*100 -> 0.13678408 | J46: =J19/$J$6*100 -> 0.13986193 | K46: =K19/$K$6*100 -> 0.12650682 | L46: =L19/$L$6*100 -> 0.12963435 | M46: =M19/$M$6*100 -> 0.12155702 | N46: =N19/$N$6*100 -> 0.11987997 | O46: =O19/$O$6*100 -> 0.11612208 | P46: =P19/$P$6*100 -> 0.10918784 | Q46: =Q19/$Q$6*100 -> 0.1071743 | R46: =R19/$R$6*100 -> 0.09845206 | S46: =S19/$S$6*100 -> 0.096018136 | T46: =T19/$T$6*100 -> 0.094162992 | U46: =U19/$U$6*100 -> 0.08716561 | V46: =V19/$V$6*100 -> 0.081026702 | W46: =W19/$W$6*100 -> 0.58214614 | X46: =X19/$X$6*100 -> 0.078479831 | Y46: =Y19/$Y$6*100 -> 0.075671502 | Z46: =Z19/$Z$6*100 -> 0.078528859
B47: Leche fresca de vaca | C47: =C20/$C$6*100 -> 4.295451 | D47: =D20/$D$6*100 -> 4.6722494 | E47: =E20/$E$6*100 -> 4.6969404 | F47: =F20/$F$6*100 -> 4.8399256 | G47: =G20/$G$6*100 -> 5.0696481 | H47: =H20/$H$6*100 -> 5.0107499 | I47: =I20/$I$6*100 -> 5.0528853 | J47: =J20/$J$6*100 -> 5.3042307 | K47: =K20/$K$6*100 -> 5.2583187 | L47: =L20/$L$6*100 -> 5.4095745 | M47: =M20/$M$6*100 -> 5.2814821 | N47: =N20/$N$6*100 -> 5.2359549 | O47: =O20/$O$6*100 -> 5.0375992 | P47: =P20/$P$6*100 -> 4.9858021 | Q47: =Q20/$Q$6*100 -> 4.9814875 | R47: =R20/$R$6*100 -> 4.9586603 | S47: =S20/$S$6*100 -> 4.9818994 | T47: =T20/$T$6*100 -> 4.9864668 | U47: =U20/$U$6*100 -> 4.7534313 | V47: =V20/$V$6*100 -> 4.711182 | W47: =W20/$W$6*100 -> 4.6951047 | X47: =X20/$X$6*100 -> 4.5897784 | Y47: =Y20/$Y$6*100 -> 4.5152566 | Z47: =Z20/$Z$6*100 -> 4.5331151
B48: Fibra alpaca | C48: =C21/$C$6*100 -> 0.32619332 | D48: =D21/$D$6*100 -> 0.35394107 | E48: =E21/$E$6*100 -> 0.31176761 | F48: =F21/$F$6*100 -> 0.29995835 | G48: =G21/$G$6*100 -> 0.31210725 | H48: =H21/$H$6*100 -> 0.32176444 | I48: =I21/$I$6*100 -> 0.29027118 | J48: =J21/$J$6*100 -> 0.31304519 | K48: =K21/$K$6*100 -> 0.29787708 | L48: =L21/$L$6*100 -> 0.31679641 | M48: =M21/$M$6*100 -> 0.30218848 | N48: =N21/$N$6*100 -> 0.30687835 | O48: =O21/$O$6*100 -> 0.29792254 | P48: =P21/$P$6*100 -> 0.26882112 | Q48: =Q21/$Q$6*100 -> 0.26777287 | R48: =R21/$R$6*100 -> 0.25522286 | S48: =S21/$S$6*100 -> 0.25369648 | T48: =T21/$T$6*100 -> 0.23570546 | U48: =U21/$U$6*100 -> 0.23216491 | V48: =V21/$V$6*100 -> 0.21819938 | W48: =W21/$W$6*100 -> 0.2110621 | X48: =X21/$X$6*100 -> 0.20408902 | Y48: =Y21/$Y$6*100 -> 0.1960604 | Z48: =Z21/$Z$6*100 -> 0.20295391
B49: Fibra llama | C49: =C22/$C$6*100 -> 0.026324374 | D49: =D22/$D$6*100 -> 0.026701815 | E49: =E22/$E$6*100 -> 0.020426154 | F49: =F22/$F$6*100 -> 0.020559536 | G49: =G22/$G$6*100 -> 0.019899455 | H49: =H22/$H$6*100 -> 0.018038309 | I49: =I22/$I$6*100 -> 0.01715444 | J49: =J22/$J$6*100 -> 0.019729739 | K49: =K22/$K$6*100 -> 0.017379531 | L49: =L22/$L$6*100 -> 0.016943091 | M49: =M22/$M$6*100 -> 0.01476861 | N49: =N22/$N$6*100 -> 0.015074726 | O49: =O22/$O$6*100 -> 0.015573223 | P49: =P22/$P$6*100 -> 0.014602629 | Q49: =Q22/$Q$6*100 -> 0.014984856 | R49: =R22/$R$6*100 -> 0.012541664 | S49: =S22/$S$6*100 -> 0.012577455 | T49: =T22/$T$6*100 -> 0.012515334 | U49: =U22/$U$6*100 -> 0.011068649 | V49: =V22/$V$6*100 -> 0.01076472 | W49: =W22/$W$6*100 -> 0.010774645 | X49: =X22/$X$6*100 -> 0.01042488 | Y49: =Y22/$Y$6*100 -> 0.010311313 | Z49: =Z22/$Z$6*100 -> 0.010621566
A50: 3 | B50: Lana ovino | C50: =C23/$C$6*100 -> 0.30616391 | D50: =D23/$D$6*100 -> 0.3090593 | E50: =E23/$E$6*100 -> 0.26285235 | F50: =F23/$F$6*100 -> 0.25831211 | G50: =G23/$G$6*100 -> 0.25450356 | H50: =H23/$H$6*100 -> 0.23011033 | I50: =I23/$I$6*100 -> 0.20269325 | J50: =J23/$J$6*100 -> 0.20694304 | K50: =K23/$K$6*100 -> 0.17622036 | L50: =L23/$L$6*100 -> 0.1753413 | M50: =M23/$M$6*100 -> 0.16737758 | N50: =N23/$N$6*100 -> 0.15972031 | O50: =O23/$O$6*100 -> 0.16148756 | P50: =P23/$P$6*100 -> 0.14934507 | Q50: =Q23/$Q$6*100 -> 0.14072735 | R50: =R23/$R$6*100 -> 0.12165414 | S50: =S23/$S$6*100 -> 0.12424072 | T50: =T23/$T$6*100 -> 0.10489042 | U50: =U23/$U$6*100 -> 0.096573962 | V50: =V23/$V$6*100 -> 0.089642754 | W50: =W23/$W$6*100 -> 0.085481354 | X50: =X23/$X$6*100 -> 0.084134646 | Y50: =Y23/$Y$6*100 -> 0.08355779 | Z50: =Z23/$Z$6*100 -> 0.085914648
A51: P Preliminar
A52: 1 Considera ave y Huevo de gallina
A53: Fuente: Direcciones Regionales de Agricultura
A54: Elaboración: Ministerio de Desarrollo Agrario y Riego - DGESEP - DEIA
A56: C.3 PERÚ: EVOLUCIÓN DE LA PRODUCCIÓN PECUARIA POR AÑO, SEGÚN ESPECIE Y PRODUCTO, 2007-2023
A57: (Miles de toneladas)
A59: Especie / Producto | C59: 2000 | D59: 2001 | E59: 2002 | F59: 2003 | G59: 2004 | H59: 2005 | I59: 2006 | J59: 2007 | K59: 2008 | L59: 2009 | M59: 2010 | N59: 2011 | O59: 2012 | P59: 2013 | Q59: 2014 | R59: 2015 | S59: 2016 | T59: 2017 | U59: 2018 | V59: 2019 | W59: 2020 | X59: 2021 | Y59: 2022 | Z59: 2023P
B61: Subsector pecuario
B62: Ave 1 | C62: 622.1 | D62: 631.7 | E62: 678.1 | F62: 704.9 | G62: 705.7 | H62: 793 | I62: 866.4 | J62: 939.56645 | K62: 1069.7209 | L62: 1176.1058 | M62: 1243.8237 | N62: 1358.7138 | O62: 1476.9996 | P62: 1529.6928 | Q62: 1606.6168 | R62: 1736.0802 | S62: 1846.28 | T62: 1913.7562 | U62: 2058.1098 | V62: 2149.824 | W62: 2101.8262 | X62: 2136.1071 | Y62: 2197.2882 | Z62: 2172.5277
B63: 'Pollo 1 | J63: 870 | K63: 990.9 | L63: 1095.6 | M63: 1159.6 | N63: 1218.2 | O63: 1381.1 | P63: 1433.8 | Q63: 1503.9 | R63: 1621.8 | S63: 1714 | T63: 1786 | U63: 1929 | V63: 2014.572 | W63: 1971.202 | X63: 1999.002 | Y63: 2057.098 | Z63: 2035.3231
B64: Ovino 1 | C64: 77.7 | D64: 79.7 | E64: 78.6 | F64: 79.8 | G64: 84.2 | H64: 84.2 | I64: 84.8 | J64: 84.6 | K64: 83.4 | L64: 83.6 | M64: 84.2 | N64: 85.6 | O64: 88.3 | P64: 87.3 | Q64: 86.1 | R64: 82.9 | S64: 84.9 | T64: 83.6 | U64: 84.2 | V64: 84.452 | W64: 81.045 | X64: 83.148 | Y64: 83.841 | Z64: 84.226
B65: Porcino 1 | C65: 122.1 | D65: 124.4 | E65: 123.4 | F65: 123.7 | G65: 131.8 | H65: 139 | I65: 145.3 | J65: 152.69337 | K65: 153.59472 | L65: 152.95838 | M65: 154.20705 | N65: 156.78412 | O65: 163.13725 | P65: 170.24507 | Q65: 180.51984 | R65: 190.56708 | S65: 199.19893 | T65: 210.32487 | U65: 219.93464 | V65: 231.01155 | W65: 226.54014 | X65: 234.86623 | Y65: 241.87283 | Z65: 267.26633
B66: Vacuno 1 | C66: 255.4 | D66: 255.4 | E66: 263 | F66: 269.2 | G66: 281.5 | H66: 299 | I66: 316.8 | J66: 320.06852 | K66: 320.23116 | L66: 322.9481 | M66: 337.0032 | N66: 351.14587 | O66: 365.91544 | P66: 378.60242 | Q66: 384.76823 | R66: 384.34298 | S66: 372.99145 | T66: 370.07359 | U66: 371.96685 | V66: 378.2737 | W66: 360.66887 | X66: 372.39788 | Y66: 377.87922 | Z66: 389.65293
B67: Caprino 1 | C67: 15.5 | D67: 14.8 | E67: 14.5 | F67: 15.7 | G67: 16.2 | H67: 16.5 | I67: 16.9 | J67: 16.713897 | K67: 16.048395 | L67: 15.382863 | M67: 15.327631 | N67: 15.375056 | O67: 15.616859 | P67: 16.097785 | Q67: 15.418262 | R67: 14.752062 | S67: 14.567585 | T67: 13.733901 | U67: 12.415769 | V67: 12.75563 | W67: 12.393384 | X67: 12.370258 | Y67: 12.323384 | Z67: 12.35186
B68: Alpaca 1 | C68: 16.2 | D68: 17.1 | E68: 18.4 | F68: 18.2 | G68: 18.5 | H68: 19.3 | I68: 19.5 | J68: 20.814347 | K68: 21.171596 | L68: 22.641215 | M68: 23.912936 | N68: 25.151939 | O68: 26.665014 | P68: 27.042343 | Q68: 27.987032 | R68: 26.483108 | S68: 27.654467 | T68: 28.327629 | U68: 28.198616 | V68: 27.954751 | W68: 27.474686 | X68: 27.958305 | Y68: 28.341638 | Z68: 28.545645
B69: Llama 1 | C69: 7.1 | D69: 7.2 | E69: 7.2 | F69: 7.8 | G69: 8.2 | H69: 8.6 | I69: 8.5 | J69: 9.0066802 | K69: 8.8254976 | L69: 9.2787899 | M69: 9.0558047 | N69: 9.4104232 | O69: 9.6669071 | P69: 9.2860082 | Q69: 9.2667704 | R69: 8.844479 | S69: 8.8372941 | T69: 8.9085524 | U69: 8.8952167 | V69: 8.5502046 | W69: 8.4852266 | X69: 8.7556423 | Y69: 8.825113 | Z69: 8.9361675
B70: Huevo gallina | C70: 178.7 | D70: 188.4 | E70: 190.9 | F70: 197.8 | G70: 202.4 | H70: 207.1 | I70: 245.5 | J70: 257.62112 | K70: 266.54052 | L70: 268.70694 | M70: 285.10164 | N70: 317.65441 | O70: 314.02391 | P70: 349.79078 | Q70: 358.62994 | R70: 386.25464 | S70: 400.9796 | T70: 415.33649 | U70: 452.23436 | V70: 488.48444 | W70: 497.52539 | X70: 504.11204 | Y70: 510.96158 | Z70: 503.08
B71: Leche fresca de vaca | C71: 903.2 | D71: 989.7 | E71: 1051.5 | F71: 1104.8 | G71: 1165 | H71: 1236.8 | I71: 1347 | J71: 1455.8149 | K71: 1565.5282 | L71: 1652.1123 | M71: 1678.3721 | N71: 1755.5287 | O71: 1790.6697 | P71: 1807.8059 | Q71: 1840.226 | R71: 1903.1767 | S71: 1954.2317 | T71: 2013.6737 | U71: 2067.1425 | V71: 2121.3659 | W71: 2135.8813 | X71: 2184.9343 | Y71: 2246.9357 | Z71: 2201.0961
B72: Fibra alpaca | C72: 3.1 | D72: 3.4 | E72: 3.2 | F72: 3.1 | G72: 3.2 | H72: 3.6 | I72: 3.5 | J72: 3.8947965 | K72: 4.0191726 | L72: 4.3865017 | M72: 4.3517826 | N72: 4.6614144 | O72: 4.7973933 | P72: 4.4202621 | Q72: 4.4849348 | R72: 4.4380008 | S72: 4.5084826 | T72: 4.3142295 | U72: 4.5748439 | V72: 4.4530293 | W72: 4.3516747 | X72: 4.4033228 | Y72: 4.4219439 | Z72: 4.4663716
B73: Fibra llama | C73: 0.7 | D73: 0.8 | E73: 0.6 | F73: 0.6 | G73: 0.6 | H73: 0.6 | I73: 0.6 | J73: 0.74007282 | K73: 0.70387044 | L73: 0.69581127 | M73: 0.63204509 | N73: 0.67735958 | O73: 0.74539274 | P73: 0.72585135 | Q73: 0.74482294 | R73: 0.65599279 | S73: 0.66955004 | T73: 0.68054649 | U73: 0.65997904 | V73: 0.65710991 | W73: 0.66455614 | X73: 0.67283795 | Y73: 0.69569921 | Z73: 0.69924636
B74: Lana Ovino | C74: 12.4 | D74: 12.6 | E74: 11.3 | F74: 11.3 | G74: 11.2 | H74: 10.9 | I74: 10.4 | J74: 10.894517 | K74: 10.085339 | L74: 10.279006 | M74: 10.218059 | N74: 10.291861 | O74: 11.029406 | P74: 10.403074 | Q74: 9.9747705 | R74: 8.9542334 | S74: 9.3522388 | T74: 8.1383729 | U74: 8.0563635 | V74: 7.7501701 | W74: 7.466402 | X74: 7.6902524 | Y74: 7.9837865 | Z74: 8.0098296
A75: P Preliminar
A76: 1 Peso de animal vivo
A77: Fuente: Direcciones Regionales de Agricultura
A78: Elaboración: Ministerio de Desarrollo Agrario y Riego - DGESEP - DEIA

Sheet 2. POBLACION Y ...

Sheet C-4
A2: C.4 PERÚ: POBLACIÓN PECUARIA POR ESPECIE, SEGÚN REGIÓN, 2023P
A3: (Unidades)
A5: Región | B5: Ave | C5: Alpaca | D5: LLama | E5: Caprino | F5: Ovino | G5: Porcino | H5: Vacuno | I5: Vacas en Ordeño
A6: Total Nacional | B6: =(B8+B9+B10+B11+B12+B16+B17+B18+B19+B20+B21+B22+B23+B24+B25+B26+B27+B28+B31+B32+B33+B34+B35+B36) -> 191690902 | C6: =(C8+C9+C10+C11+C12+C16+C17+C18+C19+C20+C21+C22+C23+C24+C25+C26+C27+C28+C31+C32+C33+C34+C35+C36) -> 4483838 | D6: =(D8+D9+D10+D11+D12+D16+D17+D18+D19+D20+D21+D22+D23+D24+D25+D26+D27+D28+D31+D32+D33+D34+D35+D36) -> 1071971 | E6: =(E8+E9+E10+E11+E12+E16+E17+E18+E19+E20+E21+E22+E23+E24+E25+E26+E27+E28+E31+E32+E33+E34+E35+E36) -> 1764665 | F6: =(F8+F9+F10+F11+F12+F16+F17+F18+F19+F20+F21+F22+F23+F24+F25+F26+F27+F28+F31+F32+F33+F34+F35+F36) -> 11238432 | G6: =(G8+G9+G10+G11+G12+G16+G17+G18+G19+G20+G21+G22+G23+G24+G25+G26+G27+G28+G31+G32+G33+G34+G35+G36) -> 3465175 | H6: =(H8+H9+H10+H11+H12+H16+H17+H18+H19+H20+H21+H22+H23+H24+H25+H26+H27+H28+H31+H32+H33+H34+H35+H36) -> 5866167.5 | I6: =(I8+I9+I10+I11+I12+I16+I17+I18+I19+I20+I21+I22+I23+I24+I25+I26+I27+I28+I31+I32+I33+I34+I35+I36) -> 933432.9
A8: Tumbes | B8: 181330 | C8: 0 | D8: 0 | E8: 94086 | F8: 11437 | G8: 27921 | H8: 17720 | I8: 318.66667
A9: Piura | B9: 3987073 | C9: 105 | D9: 0 | E9: 296221 | F9: 243119 | G9: 173258 | H9: 268181 | I9: 25109.129
A10: Lambayeque | B10: 2591887 | C10: 0 | D10: 0 | E10: 105365 | F10: 71310 | G10: 65400 | H10: 109560 | I10: 17530.092
A11: La Libertad | B11: 25521509 | C11: 8015 | D11: 0 | E11: 84406 | F11: 369947 | G11: 103302 | H11: 235167 | I11: 55033
A12: Cajamarca | B12: =SUM(B13:B15) -> 889358 | C12: =SUM(C13:C15) -> 1193 | D12: =SUM(D13:D15) -> 0 | E12: =SUM(E13:E15) -> 105217 | F12: =SUM(F13:F15) -> 483579 | G12: =SUM(G13:G15) -> 291453 | H12: 656258 | I12: 169411.14
A13: Cajamarca | B13: 379163 | C13: 1193 | D13: 0 | E13: 65820 | F13: 344151 | G13: 77751 | H13: 264094.5 | I13: 98962.275
A14: Chota | B14: 211445 | C14: 0 | D14: 0 | E14: 20711 | F14: 103091 | G14: 103842 | H14: 273014 | I14: 64920.008
A15: Jaén | B15: 298750 | C15: 0 | D15: 0 | E15: 18686 | F15: 36337 | G15: 109860 | H15: 119149.5 | I15: 5528.8583
A16: Amazonas | B16: 1529745 | C16: 0 | D16: 0 | E16: 15271 | F16: 28499 | G16: 98622 | H16: 405051 | I16: 83168.333
A17: Ancash | B17: 2627008 | C17: 11119 | D17: 0 | E17: 168033 | F17: 671820 | G17: 185907 | H17: 307203 | I17: 18886.5
A18: LimaP | B18: 92164669 | C18: 46625 | D18: 18780 | E18: 159255 | F18: 321147 | G18: 503561 | H18: 268184 | I18: 72321.044
A19: Ica | B19: 19902381 | C19: 0 | D19: 0 | E19: 80874 | F19: 30121 | G19: 195225 | H19: 55524 | I19: 19217.917
A20: Huánuco | B20: 1756819 | C20: 6988 | D20: 3479 | E20: 101647 | F20: 527339 | G20: 404816 | H20: 285746 | I20: 41204.25
A21: Pasco | B21: 139453 | C21: 131076 | D21: 44377 | E21: 6396 | F21: 683544 | G21: 53110 | H21: 118477.5 | I21: 31278.583
A22: Junín | B22: 2568571 | C22: 121987 | D22: 74625 | E22: 17118 | F22: 1652072 | G22: 204941 | H22: 359952 | I22: 41790.917
A23: Huancavelica | B23: 388342 | C23: 269108 | D23: 129490 | E23: 186954 | F23: 623222 | G23: 156101 | H23: 178512 | I23: 12577.833
A24: Arequipa | B24: 16948124 | C24: 471885 | D24: 87938 | E24: 31937 | F24: 204621 | G24: 119024 | H24: 219346 | I24: 71265.583
... A27: Ayacucho | B27: 578129 | C27: 267415 | D27: 78579 | E27: 159445 | F27: 635108 | G27: 128976 | H27: 421401 | I27: 28184.167
A28: Apurímac | B28: =SUM(B29:B30) -> 306580 | C28: =SUM(C29:C30) -> 213848 | D28: =SUM(D29:D30) -> 72271 | E28: =SUM(E29:E30) -> 108213 | F28: =SUM(F29:F30) -> 454659 | G28: =SUM(G29:G30) -> 138421 | H28: 293901.5 | I28: 28762.242
A29: Abancay | B29: 188439 | C29: 192980 | D29: 54013 | E29: 55204 | F29: 311439 | G29: 49414 | H29: 188646.5 | I29: 17592.425
A30: Andahuaylas | B30: 118141 | C30: 20868 | D30: 18258 | E30: 53009 | F30: 143220 | G30: 89007 | H30: 105255 | I30: 11169.817
A31: Cusco | B31: 1203466 | C31: 672042 | D31: 138750 | E31: 18142 | F31: 1381440 | G31: 122270 | H31: 441440 | I31: 83432.75
A32: Puno | B32: 1556940 | C32: 2037185 | D32: 357075 | E32: 0 | F32: 2727605 | G32: 118775 | H32: 750570 | I32: 97251.667
A33: San Martín | B33: 4755028 | C33: 0 | D33: 0 | E33: 0 | F33: 9161 | G33: 189557 | H33: 213905 | I33: 20473.333
A34: Loreto | B34: 4190254 | C34: 0 | D34: 0 | E34: 296 | F34: 11255 | G34: 80560 | H34: 79468 | I34: 1170.5833
A35: Ucayali | B35: 6165923 | C35: 0 | D35: 0 | E35: 186 | F35: 8628 | G35: 43606 | H35: 73825 | I35: 2962.5
A36: Madre de Dios | B36: 488634 | C36: 0 | D36: 0 | E36: 220 | F36: 4860 | G36: 8689 | H36: 64923 | I36: 951.66667
A37: P Preliminar
A38: Fuente: Direcciones Regionales de Agricultura
A39: Elaboración: Ministerio de Desarrollo Agrario y Riego - DGESEP - DEIA

Sheet C 5
A2: C.5 PERÚ: EVOLUCIÓN DE LA POBLACIÓN, SACA, PRODUCCIÓN, RENDIMIENTO Y PRECIOS RECIBIDOS POR EL PRODUCTOR POR AÑO,
A3: SEGÚN ESPECIE Y PRODUCTO, 2007-2023 | S3: Continúa C.5
A5: Especie/ Producto | B5: Variable | C5: 2000 | D5: 2001 | E5: 2002 | F5: 2003 | G5: 2004 | H5: 2005 | I5: 2006 | J5: 2007 | K5: 2008 | L5: 2009 | M5: 2010 | N5: 2011 | O5: 2012 | P5: 2013 | Q5: 2014 | R5: 2015 | S5: Especie/ Producto | T5: Variable | U5: 2016 | V5: 2017 | W5: 2018 | X5: 2019 | Y5: 2020 | Z5: 2021 | AA5: 2022 | AB5: 2023 P
B6: Población (Miles) | C6: 88010358 | D6: 85621159 | E6: 90354182 | F6: 92846109 | G6: 97761003 | H6: 99278818 | I6: 117976702 | J6: 120227.6 | K6: 131179.1 | L6: 137838 | M6: 130779 | N6: 128943.5 | O6: 138554.1 | P6: 138179.8 | Q6: 144703.7 | R6: 151000.9 | T6: Población (Miles) | U6: 158263.2 | V6: 156637.7 | W6: 160959.32 | X6: 168172.6 | Y6: 178159.6 | Z6: 189374.8 | AA6: 190881.9 | AB6: 191690.9
B7: Saca (Miles) | C7: 283733046 | D7: 287860594 | E7: 307094298 | F7: 310943489 | G7: 308485309 | H7: 342073628 | I7: 368545799 | J7: 394749.6 | K7: 435909.3 | L7: 476340.3 | M7: 504986.8 | N7: 535421.1 | O7: 575566.4 | P7: 594004.2 | Q7: 621140.1 | R7: 645016.2 | T7: Saca (Miles) | U7: 690892.3 | V7: 709233 | W7: 755841.1 | X7: 786256.9 | Y7: 753602.3 | Z7: 776641.2 | AA7: 803595.9 | AB7: 789754.22
A8: Ave | B8: Produción carne (t) | C8: 510161 | D8: 518010 | E8: 556076 | F8: 577989 | G8: 578693 | H8: 650296 | I8: 710428 | J8: 770444 | K8: 877171 | L8: 964407 | M8: 1019935 | N8: 1108345 | O8: 1211140 | P8: 1254348 | Q8: 1317426 | R8: 1423586 | S8: Ave | T8: Produción carne (t) | U8: 1513950 | V8: 1569280 | W8: 1687636 | X8: 1762855.6 | Y8: 1723497.5 | Z8: 1751607.8 | AA8: 1801776.3 | AB8: 1781472.7
B9: Rendimiento (kg/Unidad) | C9: =(C8/C7)*1000 -> 1.7980317 | D9: =(D8/D7)*1000 -> 1.7995169 | E9: =(E8/E7)*1000 -> 1.8107663 | F9: =(F8/F7)*1000 -> 1.8588233 | G9: =(G8/G7)*1000 -> 1.8759175 | H9: =(H8/H7)*1000 -> 1.901041 | I9: =(I8/I7)*1000 -> 1.9276519 | J9: =(J8/J7) -> 1.9517284 | K9: =(K8/K7) -> 2.0122787 | L9: =(L8/L7) -> 2.0246177 | M9: =(M8/M7) -> 2.0197261 | N9: =(N8/N7) -> 2.0700436 | O9: =(O8/O7) -> 2.1042576 | P9: =(P8/P7) -> 2.111682 | Q9: =(Q8/Q7) -> 2.1209804 | R9: =(R8/R7) -> 2.2070546 | T9: Rendimiento (kg/Unidad) | U9: =(U8/U7) -> 2.1912967 | V9: =(V8/V7) -> 2.2126438 | W9: =(W8/W7) -> 2.2327921 | X9: =(X8/X7) -> 2.2420861 | Y9: =(Y8/Y7) -> 2.287012 | Z9: 2.2553631 | AA9: 2.2421422 | AB9: =AB8/AB7 -> 2.2557306
B10: Precio (S/ / kg) | C10: 3.06 | D10: 3.19 | E10: 3.07 | F10: 3.09 | G10: 3.48 | H10: 3.46 | I10: 3.6 | J10: 3.63 | K10: 4.18 | L10: 4.33 | M10: 4.64 | N10: 4.67 | O10: 4.7 | P10: 4.75 | Q10: 4.78 | R10: 4.82 | T10: Precio (S/ / kg) | U10: 4.84 | V10: 4.84 | W10: 4.86 | X10: 4.67 | Y10: 5.02 | Z10: 5.85 | AA10: 6.33 | AB10: 6.9938805
B11: Población (Unidades) | C11: 14800991 | D11: 14727155 | E11: 14690547 | F11: 14721243 | G11: 14696522 | H11: 14813786 | I11: 14675255 | J11: 14580166 | K11: 14509628 | L11: 14137690 | M11: 14159720 | N11: 14050173 | O11: 12184143 | P11: 11830977 | Q11: 11652272 | R11: 11982580 | T11: Población (Unidades) | U11: 11450657 | V11: 11338424 | W11: 11330908 | X11: 11371637 | Y11: 11071699 | Z11: 11266309 | AA11: 11210723 | AB11: 11238432
B12: Saca (Unidades) | C12: 2521661 | D12: 2571321 | E12: 2517896 | F12: 2535935 | G12: 2709847 | H12: 2685627 | I12: 2692776 | J12: 2681208 | K12: 2678241 | L12: 2753681 | M12: 2788507 | N12: 2844228 | O12: 2910166 | P12: 2832371 | Q12: 2788555 | R12: 2698887 | T12: Saca (Unidades) | U12: 2745951 | V12: 2699282 | W12: 2687624 | X12: 2682837 | Y12: 2544650.7 | Z12: 2576572 | AA12: 2599913.6 | AB12: 2594569.5
A13: Ovino | B13: Produción carne (t) | C13: 31068 | D13: 31868 | E13: 31437 | F13: 31926 | G13: 33698 | H13: 33686 | I13: 33904 | J13: 33839 | K13: 33350 | L13: 33458 | M13: 33669 | N13: 34256 | O13: 35304 | P13: 34906 | Q13: 34421 | R13: 33163 | S13: Ovino | T13: Produción carne (t) | U13: 33955 | V13: 33458 | W13: 33672 | X13: 33780.947 | Y13: 32310.988 | Z13: 33259.223 | AA13: 33599.716 | AB13: 33690.4
B14: Rendimiento (kg/Unidad) | C14: =(C13/C12)*1000 -> 12.320451 | D14: =(D13/D12)*1000 -> 12.39363 | E14: =(E13/E12)*1000 -> 12.485424 | F14: =(F13/F12)*1000 -> 12.589439 | G14: =(G13/G12)*1000 -> 12.435388 | H14: =(H13/H12)*1000 -> 12.543067 | I14: =(I13/I12)*1000 -> 12.590724 | J14: =(J13/J12)*1000 -> 12.620804 | ... R14: =(R13/R12)*1000 -> 12.287658 | T14: Rendimiento (kg/Unidad) | U14: =(U13/U12)*1000 -> 12.365479 | V14: =(V13/V12)*1000 -> 12.395148 | W14: =(W13/W12)*1000 -> 12.528538 | X14: =(X13/X12)*1000 -> 12.591502 | Y14: =(Y13/Y12)*1000 -> 12.697612 | Z14: 12.908325 | AA14: =AA13/AA12*1000 -> 12.923397 | AB14: =AB13/AB12*1000 -> 12.984967
B15: Precio (S/ / kg) | C15: 2.99 | D15: 3.13 | E15: 3.29 | F15: 3.29 | G15: 3.27 | H15: 3.31 | I15: 3.32 | J15: 3.49 | K15: 3.9 | L15: 4.13 | M15: 4.46 | N15: 4.52 | O15: 4.9 | P15: 5.04 | Q15: 5.72 | R15: 5.72 | T15: Precio (S/ / kg) | U15: 5.9 | V15: 5.6 | W15: 5.56 | X15: 5.58 | Y15: 5.43 | Z15: 5.584 | AA15: 5.605 | AB15: 5.642802
B16: Población (Unidades) | C16: 2845573 | D16: 2809888 | E16: 2941036 | F16: 2990499 | G16: 3000199 | H16: 3010724 | I16: 3073855 | J16: 3115772 | K16: 3151406 | L16: 3256809 | M16: 3254413 | N16: 3263254 | O16: 2987315 | P16: 3176115 | Q16: 3173015 | R16: 3200714 | T16: Población (Unidades) | U16: 3104911 | V16: 3217254 | W16: 3215742 | X16: 3269537.5 | Y16: 3270742 | Z16: 3372910 | AA16: 3455032 | AB16: 3465175
B17: Saca (Unidades) | C17: 1540534 | D17: 1650886 | E17: 1637129 | F17: 1670387 | G17: 1884573 | H17: 1991346 | I17: 2074715 | J17: 2153141 | K17: 2131518 | L17: 2213057 | M17: 2186978 | N17: 2298432 | O17: 2401634 | P17: 2499031 | Q17: 2629566 | R17: 2764884 | T17: Saca (Unidades) | U17: 2876803 | V17: 3073656 | W17: 3090907 | X17: 3284606.4 | Y17: 3191164.1 | Z17: 3314891 | AA17: 3458391.6 | AB17: 3775007.8
A18: Porcino | B18: Produción carne (t) | C18: 91554 | D18: 93313 | E18: 92530 | F18: 92738 | G18: 98880 | H18: 104254 | I18: 109010 | J18: 114520 | K18: 115196 | L18: 114719 | M18: 115655 | N18: 117588 | O18: 122353 | P18: 127684 | Q18: 135390 | R18: 142925 | S18: Porcino | T18: Produción carne (t) | U18: 149399 | V18: 157824 | W18: 162421 | X18: 173258.66 | Y18: 169804.68 | Z18: 176149.67 | AA18: 181404.63 | AB18: 200449.75
B19: Rendimiento (kg/Unidad) | C19: =(C18/C17)*1000 -> 59.430042 | D19: =(D18/D17)*1000 -> 56.522982 | E19: =(E18/E17)*1000 -> 56.519676 | F19: =(F18/F17)*1000 -> 55.518871 | G19: =(G18/G17)*1000 -> 52.468119 | H19: =(H18/H17)*1000 -> 52.353534 | I19: =(I18/I17)*1000 -> 52.542156 | J19: =(J18/J17)*1000 -> 53.187413 | ... R19: =(R18/R17)*1000 -> 51.692946 | T19: Rendimiento (kg/Unidad) | U19: =(U18/U17)*1000 -> 51.932301 | V19: =(V18/V17)*1000 -> 51.347321 | W19: =(W18/W17)*1000 -> 52.548006 | X19: =(X18/X17)*1000 -> 52.748683 | Y19: =(Y18/Y17)*1000 -> 53.21089 | Z19: 53.138911 | AA19: =AA18/AA17*1000 -> 52.453465 | AB19: =AB18/AB17*1000 -> 53.099162
B20: Precio (S/ / kg) | C20: 3.31 | D20: 3.34 | E20: 3.35 | F20: 3.39 | G20: 3.42 | H20: 3.43 | I20: 3.47 | J20: 3.5 | K20: 3.8 | L20: 4.12 | M20: 4.25 | N20: 5.05 | O20: 5.24 | P20: 5.91 | Q20: 6.07 | R20: 6.42 | T20: Precio (S/ / kg) | U20: 6.77 | V20: 6.96 | W20: 7.05 | X20: 6.94 | Y20: 6.72 | Z20: 6.954 | AA20: 7.049 | AB20: 7.191717
B21: Población (Unidades) | C21: 4980291 | D21: 5035612 | E21: 5163700 | F21: 5193414 | G21: 5184822 | H21: 5249783 | I21: 5241102 | J21: 5420865 | K21: 5442989 | L21: 5459435 | M21: 5520200 | N21: 5589173 | O21: 5660984 | P21: 5555988 | Q21: 5577959 | R21: 5553470 | T21: Población (Unidades) | U21: 5525454 | V21: 5535569 | W21: 5595483 | X21: 5599893 | Y21: 5688461 | Z21: 5853660 | AA21: 5862305 | AB21: 5866167.5
B22: Saca (Unidades) | C22: 875746 | D22: 920031 | E22: 951383 | F22: 986402 | G22: 1020294 | H22: 1074578 | I22: 1127321 | J22: 1138578 | K22: 1151906 | L22: 1168497 | M22: 1218723 | N22: 1266710 | O22: 1319404 | P22: 1375095 | Q22: 1376391 | R22: 1367797 | T22: Saca (Unidades) | U22: 1364230 | V22: 1331223 | W22: 1348165 | X22: 1357066.5 | Y22: 1250069 | Z22: 1303070 | AA22: 1316220.1 | AB22: 1344664.5
A23: Vacuno | B23: Produción carne (t) | C23: 130249 | D23: 130269 | E23: 134137 | F23: 137271 | G23: 143554 | H23: 152497 | I23: 161578 | J23: 163235 | K23: 163318 | L23: 164704 | M23: 171872 | N23: 179084 | O23: 186617 | P23: 193087 | Q23: 196232 | R23: 196015 | S23: Vacuno | T23: Produción carne (t) | U23: 192703 | V23: 188738 | W23: 189703 | X23: 192919.59 | Y23: 183941.13 | Z23: 189922.92 | AA23: 192718.4 | AB23: 198722.99
B24: Rendimiento (kg/Unidad) | C24: =(C23/C22)*1000 -> 148.7292 | D24: =(D23/D22)*1000 -> 141.59197 | E24: =(E23/E22)*1000 -> 140.99159 | F24: =(F23/F22)*1000 -> 139.16334 | G24: =(G23/G22)*1000 -> 140.69866 | H24: =(H23/H22)*1000 -> 141.91338 | I24: =(I23/I22)*1000 -> 143.32918 | J24: =(J23/J22)*1000 -> 143.36743 | ... R24: =(R23/R22)*1000 -> 143.30708 | T24: Rendimiento (kg/Unidad) | U24: =(U23/U22)*1000 -> 141.25404 | V24: =(V23/V22)*1000 -> 141.7779 | W24: =(W23/W22)*1000 -> 140.712 | X24: =(X23/X22)*1000 -> 142.15927 | Y24: =(Y23/Y22)*1000 -> 147.14478 | Z24: 145.7504 | AA24: =AA23/AA22*1000 -> 146.41807 | AB24: =AB23/AB22*1000 -> 147.78631
B25: Precio (S/ / kg) | C25: 3.34 | D25: 3.41 | E25: 3.29 | F25: 3.52 | G25: 3.33 | H25: 3.36 | I25: 3.4 | J25: 3.5 | K25: 3.77 | L25: 4.08 | M25: 4.1 | N25: 4.25 | O25: 4.69 | P25: 4.84 | Q25: 5.23 | R25: 5.41 | T25: Precio (S/ / kg) | U25: 5.45 | V25: 5.53 | W25: 5.64 | X25: 5.69 | Y25: 6.73 | Z25: 5.812 | AA25: 5.92 | AB25: 5.8597287
B26: Población (Unidades) | C26: 2034914 | D26: 2017808 | E26: 1983128 | F26: 1983302 | G26: 1971863 | H26: 1952956 | I26: 1936855 | J26: 1925912 | K26: 1904124 | L26: 1928678 | M26: 1968306 | N26: 1946117 | O26: 1949502 | P26: 1928631 | Q26: 1905462 | R26: 1882361 | T26: Población (Unidades) | U26: 1865047 | V26: 1814704 | W26: 1812530 | X26: 1801882 | Y26: 1784685 | Z26: 1754968 | AA26: 1767612 | AB26: 1764665
B27: Saca (Unidades) | C27: 451247 | D27: 468861 | E27: 476569 | F27: 523993 | G27: 524448 | H27: 527096 | I27: 518663 | J27: 506927 | K27: 496706 | L27: 505880 | M27: 499447 | N27: 489915 | O27: 496626 | P27: 505262 | Q27: 489956 | R27: 464018 | T27: Saca (Unidades) | U27: 458812 | V27: 444799 | W27: 410567 | X27: 411262.7 | Y27: 392865.58 | Z27: 390292 | AA27: 390293.71 | AB27: 388995.53
A28: Caprino | B28: Produción carne (t) | C28: 6268 | D28: 5912 | E28: 5793 | F28: 6294 | G28: 6476 | H28: 6618 | I28: 6772 | J28: 6686 | K28: 6419 | L28: 6153 | M28: 6131 | N28: 6150 | O28: 6247 | P28: 6439 | Q28: 6167 | R28: 5901 | S28: Caprino | T28: Produción carne (t) | U28: 5827 | V28: 5494 | W28: 4966 | X28: 5102.2518 | Y28: 4957.3536 | Z28: 4948.0032 | AA28: 4929.2538 | AB28: 4940.9882
B29: Rendimiento (kg/Unidad) | C29: =(C28/C27)*1000 -> 13.890397 | D29: =(D28/D27)*1000 -> 12.609281 | E29: =(E28/E27)*1000 -> 12.155637 | F29: =(F28/F27)*1000 -> 12.011611 | G29: =(G28/G27)*1000 -> 12.348221 | H29: =(H28/H27)*1000 -> 12.555588 | I29: =(I28/I27)*1000 -> 13.056648 | J29: =(J28/J27)*1000 -> 13.189276 | ... R29: =(R28/R27)*1000 -> 12.717179 | T29: Rendimiento (kg/Unidad) | U29: =(U28/U27)*1000 -> 12.700191 | V29: =(V28/V27)*1000 -> 12.351646 | W29: =(W28/W27)*1000 -> 12.095468 | X29: =(X28/X27)*1000 -> 12.406308 | Y29: =(Y28/Y27)*1000 -> 12.618447 | Z29: 12.677707 | AA29: 12.629601 | AB29: =AB28/AB27*1000 -> 12.701915
B30: Precio (S/ / kg) | C30: 3.33 | D30: 3.28 | E30: 3.31 | F30: 3.22 | G30: 3.27 | H30: 3.05 | I30: 3.01 | J30: 3.17 | K30: 3.41 | L30: 3.61 | M30: 3.38 | N30: 3.53 | O30: 3.68 | P30: 3.93 | Q30: 4.04 | R30: 4.28 | T30: Precio (S/ / kg) | U30: 4.66 | V30: 4.74 | W30: 4.79 | X30: 4.81 | Y30: 4.8 | Z30: 4.786 | AA30: 4.809 | AB30: 4.8108362
B31: Población (Unidades) | C31: 3078524 | D31: 3190373 | E31: 3335721 | F31: 3422557 | G31: 3429019 | H31: 3594515 | I31: 3625627 | J31: 3687340 | K31: 3780806 | L31: 4105582 | M31: 4177499 | N31: 4322258 | O31: 3927361 | P31: 4005315 | Q31: 4315793 | R31: 4318457 | T31: Población (Unidades) | U31: 4319228 | V31: 4330710 | W31: 4384846 | X31: 4456049 | Y31: 4450422 | Z31: 4484888 | AA31: 4533924 | AB31: 4483838
B32: Saca (Unidades) | C32: 269643 | D32: 288318 | E32: 313415 | F32: 304890 | G32: 312092 | H32: 321478 | I32: 330072 | J32: 355174 | K32: 365555 | L32: 387980 | M32: 410085 | N32: 424100 | O32: 455558 | P32: 463354 | Q32: 481847 | R32: 446199 | T32: Saca (Unidades) | U32: 474135 | V32: 479033 | W32: 470464 | X32: 473283 | Y32: 464229.43 | Z32: 469624 | AA32: 476209.91 | AB32: 483247.08
A33: Alpaca | B33: Produción carne (t) | C33: 7307 | D33: 7713 | E33: 8277 | F33: 8204 | G33: 8323 | H33: 8671 | I33: 8793 | J33: 9366 | K33: 9527 | L33: 10189 | M33: 10761 | N33: 11318 | O33: 11999 | P33: 12169 | Q33: 12594 | R33: 11917 | S33: Alpaca | T33: Produción carne (t) | U33: 12445 | V33: 12747 | W33: 12689 | X33: 12579.638 | Y33: 12362.63 | Z33: 12581.237 | AA33: 12753.737 | AB33: 12845.54
B34: Rendimiento (kg/Unidad) | C34: =(C33/C32)*1000 -> 27.098794 | D34: =(D33/D32)*1000 -> 26.751712 | E34: =(E33/E32)*1000 -> 26.409074 | F34: =(F33/F32)*1000 -> 26.908065 | G34: =(G33/G32)*1000 -> 26.668418 | H34: =(H33/H32)*1000 -> 26.972297 | I34: =(I33/I32)*1000 -> 26.639642 | J34: =(J33/J32)*1000 -> 26.370173 | ... R34: =(R33/R32)*1000 -> 26.707814 | T34: Rendimiento (kg/Unidad) | U34: =(U33/U32)*1000 -> 26.247799 | V34: =(V33/V32)*1000 -> 26.609858 | W34: =(W33/W32)*1000 -> 26.971245 | X34: =(X33/X32)*1000 -> 26.579527 | Y34: =(Y33/Y32)*1000 -> 26.630431 | Z34: 26.789999 | AA34: 26.781755 | AB34: =AB33/AB32*1000 -> 26.581723
B35: Precio (S/ / kg) | C35: 2.4 | D35: 2.57 | E35: 2.48 | F35: 2.53 | G35: 2.66 | H35: 2.61 | I35: 2.51 | J35: 2.5 | K35: 2.91 | L35: 3.13 | M35: 3.43 | N35: 3.65 | O35: 4.03 | P35: 4.43 | Q35: 4.77 | R35: 4.63 | T35: Precio (S/ / kg) | U35: 4.81 | V35: 4.91 | W35: 4.96 | X35: 4.94 | Y35: 5 | Z35: 4.88 | AA35: 4.843 | AB35: 4.7835597
B36: Población (Unidades) | C36: 1183908 | D36: 1179088 | E36: 1207275 | F36: 1230543 | G36: 1236984 | H36: 1269979 | I36: 1256101 | J36: 1274425 | K36: 1262782 | L36: 1237593 | M36: 1245169 | N36: 1226612 | O36: 1194404 | P36: 1234089 | Q36: 1211917 | R36: 1194708 | T36: Población (Unidades) | U36: 1105018 | V36: 1106201 | W36: 1093124 | X36: 1095920.5 | Y36: 1085549.7 | Z36: 1075425 | AA36: 1069411 | AB36: 1071971
B37: Saca (Unidades) | C37: 91890 | D37: 95157 | E37: 97389 | F37: 101826 | G37: 109330 | H37: 112106 | I37: 113801 | J37: 118399 | K37: 119237 | L37: 127316 | M37: 123384 | N37: 128346 | O37: 130530 | P37: 125729 | Q37: 123360 | R37: 119806 | T37: Saca (Unidades) | U37: 119195 | V37: 120748 | W37: 119726 | X37: 115790 | Y37: 113685.48 | Z37: 117682 | AA37: 118241.3 | AB37: 120200
A38: Llama | B38: Produción carne (t) | C38: 3194 | D38: 3232 | E38: 3242 | F38: 3496 | G38: 3699 | H38: 3863 | I38: 3839 | J38: 4053 | K38: 3971 | L38: 4175 | M38: 4075 | N38: 4235 | O38: 4350 | P38: 4179 | Q38: 4170 | R38: 3980 | S38: Llama | T38: Produción carne (t) | U38: 3977 | V38: 4009 | W38: 4003 | X38: 3847.5921 | Y38: 3818.352 | Z38: 3940.039 | AA38: 3971.3009 | AB38: 4021.2754
B39: Rendimiento (kg/Unidad) | C39: =(C38/C37)*1000 -> 34.758951 | D39: =(D38/D37)*1000 -> 33.964921 | E39: =(E38/E37)*1000 -> 33.289181 | F39: =(F38/F37)*1000 -> 34.333078 | G39: =(G38/G37)*1000 -> 33.833349 | H39: =(H38/H37)*1000 -> 34.458459 | I39: =(I38/I37)*1000 -> 33.734326 | J39: =(J38/J37)*1000 -> 34.231708 | ... R39: =(R38/R37)*1000 -> 33.220373 | T39: Rendimiento (kg/Unidad) | U39: =(U38/U37)*1000 -> 33.365494 | V39: =(V38/V37)*1000 -> 33.201378 | W39: =(W38/W37)*1000 -> 33.434676 | X39: =(X38/X37)*1000 -> 33.229053 | Y39: =(Y38/Y37)*1000 -> 33.58698 | Z39: 33.480303 | AA39: 33.586411 | AB39: =AB38/AB37*1000 -> 33.45487
B40: Precio (S/ / kg) | C40: 1.93 | D40: 2.18 | E40: 2.39 | F40: 2.4 | G40: 2.45 | H40: 2.49 | I40: 2.39 | J40: 2.31 | K40: 2.7 | L40: 2.88 | M40: 3.02 | N40: 3.4 | O40: 3.61 | P40: 3.87 | Q40: 4.25 | R40: 4.09 | T40: Precio (S/ / kg) | U40: 4.32 | V40: 4.25 | W40: 4.28 | X40: 4.27 | Y40: 4.13 | Z40: 3.967 | AA40: 3.863 | AB40: 3.8021183
B41: Gallinas (Unidades) | C41: 11899785 | D41: 12705402 | E41: 12651366 | F41: 13059118 | G41: 13362491 | H41: 13654721 | I41: 15842743 | J41: 16572273 | K41: 17048710 | L41: 17206413 | M41: 18156674 | N41: 19950695 | O41: 19846405 | P41: 21805630 | Q41: 22353253 | R41: 23883311 | T41: Gallinas (Unidades) | U41: 24752078 | V41: 25559765 | W41: 27705670 | X41: 29468986 | Y41: 29468986 | Z41: 28938922 | AA41: 29494581 | AB41: 28261110
A42: Huevo gallina | B42: Producción (t) | C42: 178686 | D42: 188391 | E42: 190915 | F42: 197839 | G42: 202357 | H42: 207086 | I42: 245451 | J42: 257621 | K42: 266541 | L42: 268707 | M42: 285102 | N42: 317654 | O42: 314024 | P42: 349791 | Q42: 358630 | R42: 386255 | S42: Huevo gallina | T42: Producción (t) | U42: 400980 | V42: 415336 | W42: 452234 | X42: 488484.4 | Y42: 497525.4 | Z42: 504112 | AA42: 510961.58 | AB42: 503080
B43: Rendimiento (kg/gallina) | C43: =(C42/C41)*1000 -> 15.015902 | D43: =(D42/D41)*1000 -> 14.82763 | E43: =(E42/E41)*1000 -> 15.090465 | F43: =(F42/F41)*1000 -> 15.149492 | G43: =(G42/G41)*1000 -> 15.143658 | H43: =(H42/H41)*1000 -> 15.16589 | I43: =(I42/I41)*1000 -> 15.492961 | J43: =(J42/J41)*1000 -> 15.545303 | ... R43: =(R42/R41)*1000 -> 16.17259 | T43: Rendimiento (kg/gallina) | U43: =(U42/U41)*1000 -> 16.199852 | V43: =(V42/V41)*1000 -> 16.249602 | W43: =(W42/W41)*1000 -> 16.322796 | X43: =(X42/X41)*1000 -> 16.57622 | Y43: =(Y42/Y41)*1000 -> 16.883017 | Z43: 17.419862 | AA43: =AA42/AA41*1000 -> 17.323914 | AB43: =AB42/AB41*1000 -> 17.801141
B44: Precio (S/ / kg) | C44: 2.74 | D44: 2.73 | E44: 2.91 | F44: 2.78 | G44: 3.07 | H44: 3.2 | I44: 3.07 | J44: 3.09 | K44: 3.81 | L44: 3.79 | M44: 3.73 | N44: 3.88 | O44: 4.15 | P44: 4.33 | Q44: 4.63 | R44: 4.66 | T44: Precio (S/ / kg) | U44: 4.72 | V44: 4.75 | W44: 4.67 | X44: 4.14 | Y44: 4.21 | Z44: 4.284 | AA44: 4.62 | AB44: 5.2925254
B45: Vacas (Unidades) | C45: 553872 | D45: 570399 | E45: 635516 | F45: 649791 | G45: 674830 | H45: 708120 | I45: 743671 | J45: 753189 | K45: 769581 | L45: 787007 | M45: 787604 | N45: 815393 | O45: 859630 | P45: 859468 | Q45: 874941 | R45: 886143 | T45: Vacas (Unidades) | U45: 895716 | V45: 890154 | W45: 896710 | X45: 905817.2 | Y45: 906688.6 | Z45: 932744.5 | AA45: 945549.1 | AB45: 933432.9
A46: Leche vaca | B46: Producción (t) | C46: 903216 | D46: 989706 | E46: 1051482 | F46: 1104820 | G46: 1164973 | H46: 1236836 | I46: 1346991 | J46: 1455815 | K46: 1565528 | L46: 1652112 | M46: 1678372 | N46: 1755529 | O46: 1790670 | P46: 1807806 | Q46: 1840226 | R46: 1903177 | S46: Leche vaca | T46: Producción (t) | U46: 1954232 | V46: 2013674 | W46: 2067143 | X46: 2121365.8 | Y46: 2135881.3 | Z46: 2184934.5 | AA46: 2246935.9 | AB46: 2201096.3
B47: Rdto. (kg/Vaca/Año) | C47: =(C46/C45)*1000 -> 1630.7306 | D47: =(D46/D45)*1000 -> 1735.1117 | E47: =(E46/E45)*1000 -> 1654.5327 | F47: =(F46/F45)*1000 -> 1700.2698 | G47: =(G46/G45)*1000 -> 1726.3207 | H47: =(H46/H45)*1000 -> 1746.6475 | I47: =(I46/I45)*1000 -> 1811.2727 | J47: =(J46/J45)*1000 -> 1932.8681 | ... R47: =(R46/R45)*1000 -> 2147.7087 | T47: Rdto. (kg/Vaca/Año) | U47: =(U46/U45)*1000 -> 2181.754 | V47: =(V46/V45)*1000 -> 2262.1636 | W47: =(W46/W45)*1000 -> 2305.2525 | X47: =(X46/X45)*1000 -> 2341.9359 | Y47: =(Y46/Y45)*1000 -> 2355.6944 | Z47: 2342.4789 | AA47: 2376.3291 | AB47: =AB46/AB45*1000 -> 2358.0659
B48: Precio (S/ / Litro) | C48: 0.78 | D48: 0.79 | E48: 0.8 | F48: 0.8 | G48: 0.83 | H48: 0.86 | I48: 0.86 | J48: 0.86 | K48: 0.92 | L48: 0.97 | M48: 0.98 | N48: 1.01 | O48: 1.07 | P48: 1.14 | Q48: 1.15 | R48: 1.21 | T48: Precio (S/ / Litro) | U48: 1.24 | V48: 1.29 | W48: 1.31 | X48: 1.34 | Y48: 1.37 | Z48: 1.442 | AA48: 1.497 | AB48: 1.5049791
B49: Esquilados (Unidades) | C49: 1825696 | D49: 1936439 | E49: 1784549 | F49: 1774369 | G49: 1831357 | H49: 1995906 | I49: 1980553 | J49: 2208305 | K49: 2325284 | L49: 2513106 | M49: 2481124 | N49: 2573193 | O49: 2636389 | P49: 2391039 | Q49: 2894758 | R49: 2372976 | T49: Esquilados (Unidades) | U49: 2420549 | V49: 2296839 | W49: 2365529 | X49: 2254979.6 | Y49: 2131029 | Z49: 2119402.2 | AA49: 2139190.2 | AB49: 2140341.2
A50: Fibra alpaca | B50: Producción (t) | C50: 3110 | D50: 3399 | E50: 3165 | F50: 3103 | G50: 3248 | H50: 3597 | I50: 3510 | J50: 3895 | K50: 4019 | L50: 4387 | M50: 4352 | N50: 4661 | O50: 4797 | P50: 4420 | Q50: 4485 | R50: 4438 | S50: Fibra alpaca | T50: Producción (t) | U50: 4508 | V50: 4314 | W50: 4575 | X50: 4453.0293 | Y50: 4351.6747 | Z50: 4403.3228 | AA50: 4421.9439 | AB50: 4466.3716
B51: Rdto. (kg/Alpaca) | C51: =(C50/C49)*1000 -> 1.7034599 | D51: =(D50/D49)*1000 -> 1.7552838 | E51: =(E50/E49)*1000 -> 1.7735574 | F51: =(F50/F49)*1000 -> 1.7487907 | G51: =(G50/G49)*1000 -> 1.7735482 | H51: =(H50/H49)*1000 -> 1.8021891 | I51: =(I50/I49)*1000 -> 1.7722323 | J51: =(J50/J49)*1000 -> 1.7637962 | ... R51: =(R50/R49)*1000 -> 1.8702254 | T51: Rdto. (kg/Alpaca) | U51: =(U50/U49)*1000 -> 1.8623874 | V51: =(V50/V49)*1000 -> 1.8782335 | W51: =(W50/W49)*1000 -> 1.9340283 | X51: =(X50/X49)*1000 -> 1.9747537 | Y51: =(Y50/Y49)*1000 -> 2.0420533 | Z51: 2.0776249 | AA51: 2.0672246 | AB51: =AB50/AB49*1000 -> 2.0867569
B52: Precio (S/ / Libra) | C52: 5.69 | D52: 4.95 | E52: 5.05 | F52: 4.78 | G52: 4.58 | H52: 5.21 | I52: 7.68 | J52: 8.33 | K52: 8.47 | L52: 5.51 | M52: 5.83 | N52: 6.65 | O52: 6.71 | P52: 7.28 | Q52: 7.75 | R52: 8.09 | T52: Precio (S/ / Libra) | U52: 7.59 | V52: 7.88 | W52: 7.92 | X52: 7.27 | Y52: 6.16 | Z52: 6.538 | AA52: 6.667 | AB52: 6.671
B53: Esquilados (Unidades) | C53: 484051 | D53: 519736 | E53: 402772 | F53: 413808 | G53: 399255 | H53: 388716 | I53: 400609 | J53: 452090 | K53: 444255 | L53: 447983 | M53: 403510 | N53: 434702 | O53: 449117 | P53: 415602 | Q53: 485141 | R53: 365636 | T53: Esquilados (Unidades) | U53: 374408 | V53: 373971 | W53: 356929 | X53: 340347.2 | Y53: 331804.37 | Z53: 338242.3 | AA53: 347563.8 | AB53: 339233.3
A54: Fibra llama | B54: Producción (t) | C54: 742 | D54: 760 | E54: 628 | F54: 634 | G54: 622 | H54: 604 | I54: 623 | J54: 740 | K54: 704 | L54: 696 | M54: 632 | N54: 677 | O54: 745 | P54: 726 | Q54: 745 | R54: 656 | S54: Fibra llama | T54: Producción (t) | U54: 670 | V54: 681 | W54: 660 | X54: 657.10991 | Y54: 664.55614 | Z54: 672.83795 | AA54: 695.69921 | AB54: 699.24636
B55: Rendimiento (kg/Llama) | C55: =(C54/C53)*1000 -> 1.5328963 | D55: =(D54/D53)*1000 -> 1.4622809 | E55: =(E54/E53)*1000 -> 1.5591948 | F55: =(F54/F53)*1000 -> 1.5321115 | G55: =(G54/G53)*1000 -> 1.5579016 | H55: =(H54/H53)*1000 -> 1.5538336 | I55: =(I54/I53)*1000 -> 1.5551323 | J55: =(J54/J53)*1000 -> 1.6368422 | ... R55: =(R54/R53)*1000 -> 1.7941341 | T55: Rendimiento (kg/Llama) | U55: =(U54/U53)*1000 -> 1.7894917 | V55: =(V54/V53)*1000 -> 1.8209968 | W55: =(W54/W53)*1000 -> 1.8491072 | X55: =(X54/X53)*1000 -> 1.9307046 | Y55: =(Y54/Y53)*1000 -> 2.0028553 | Z55: 1.9892188 | AA55: 2.0016446 | AB55: =AB54/AB53*1000 -> 2.0612551
B56: Precio (S/ / Libra) | C56: 2.68 | D56: 3.16 | E56: 2.86 | F56: 2.36 | G56: 1.98 | H56: 2.23 | I56: 2.38 | J56: 2.79 | K56: 2.92 | L56: 2.3 | M56: 2.59 | N56: 2.82 | O56: 2.84 | P56: 2.75 | Q56: 2.84 | R56: 3 | T56: Precio (S/ / Libra) | U56: 3.12 | V56: 3.1 | W56: 3.28 | X56: 3.13 | Y56: 3.18 | Z56: 2.916 | AA56: 2.924 | AB56: 2.9759839
B57: Esquilados (Unidades) | C57: 7371783 | D57: 7431849 | E57: 6658609 | F57: 6683557 | G57: 6645652 | H57: 6333240 | I57: 6054839 | J57: 6468169 | K57: 5869896 | L57: 6035367 | M57: 6004149 | N57: 5985893 | O57: 6618656 | P57: 6104258 | Q57: 5741017 | R57: 5162592 | T57: Esquilados (Unidades) | U57: 5575610 | V57: 4574331 | W57: 4559586 | X57: 4304514.7 | Y57: 4099800.6 | Z57: 4237001.4 | AA57: 4296344.5 | AB57: 4240780.7
A58: Lana ovino | B58: Producción (t) | C58: 12361 | D58: 12577 | E58: 11307 | F58: 11319 | G58: 11237 | H58: 10912 | I58: 10374 | J58: 10895 | K58: 10085 | L58: 10279 | M58: 10218 | N58: 10292 | O58: 11029 | P58: 10403 | Q58: 9975 | R58: 8954 | S58: Lana ovino | T58: Producción (t) | U58: 9352 | V58: 8138 | W58: 8056 | X58: 7750.1701 | Y58: 7466.402 | Z58: 7690.2524 | AA58: 7983.7865 | AB58: 8009.8296
B59: Rendimiento (kg/Ovino) | C59: =(C58/C57)*1000 -> 1.6767992 | D59: =(D58/D57)*1000 -> 1.692311 | E59: =(E58/E57)*1000 -> 1.6981024 | F59: =(F58/F57)*1000 -> 1.6935593 | G59: =(G58/G57)*1000 -> 1.69088 | H59: =(H58/H57)*1000 -> 1.7229728 | I59: =(I58/I57)*1000 -> 1.7133404 | J59: =(J58/J57)*1000 -> 1.6844025 | ... R59: =(R58/R57)*1000 -> 1.7344001 | T59: Rendimiento (kg/Ovino) | U59: =(U58/U57)*1000 -> 1.6773053 | V59: =(V58/V57)*1000 -> 1.779058 | W59: =(W58/W57)*1000 -> 1.7668271 | X59: =(X58/X57)*1000 -> 1.8004748 | Y59: =(Y58/Y57)*1000 -> 1.8211622 | Z59: 1.8150224 | AA59: 1.8582743 | AB59: =AB58/AB57*1000 -> 1.888763
B60: Precio (S/ / Libra) | C60: 1.49 | D60: 1.38 | E60: 1.38 | F60: 1.07 | G60: 1.63 | H60: 1.71 | I60: 1.72 | J60: 1.96 | K60: 2.08 | L60: 1.83 | M60: 2.03 | N60: 2.21 | O60: 2.34 | P60: 2.55 | Q60: 2.5 | R60: 2.47 | T60: Precio (S/ / Libra) | U60: 2.64 | V60: 2.8 | W60: 2.92 | X60: 3.14 | Y60: 3.02 | Z60: 3.105 | AA60: 3.126 | AB60: 3.0999779
D61: 1/ Precio en chacra de animales en pie. | R61: sigue... | S61: P Preliminar
S62: 1 Precio de animal vivo.
S63: Fuente: Direcciones Regionales de Agricultura
S64: Elaboración: Ministerio de Desarrollo Agrario y Riego - DGESEP - DEIA

Sheet C -6
A2: C.6 PERÚ: POBLACIÓN, SACA, PRODUCCIÓN, RENDIMIENTO Y PRECIOS RECIBIDOS POR EL PRODUCTOR POR MES, SEGÚN PRINCIPALES ESPECIES Y
A3: PRODUCTOS PECUARIOS, 2023P
A5: Especie/ Producto | B5: Variable | C5: Anual | D5: Ene | E5: Feb | F5: Mar | G5: Abr | H5: May | I5: Jun | J5: Jul | K5: Ago | L5: Set | M5: Oct | N5: Nov | O5: Dic
A6: Ave | B6: Población (Unidades) | C6: 191690.9
B7: Saca (Unidades) | C7: 7.8975422e+08 | D7: 62833822 | E7: 58681518 | F7: 66288495 | G7: 68182322 | H7: 67612549 | I7: 65443221 | J7: 68454567 | K7: 64815315 | L7: 64641405 | M7: 67173540 | N7: 65498928 | O7: 70128534
B8: Producción carne (t) | C8: 1781472.7 | D8: 143634.77 | E8: 130302.94 | F8: 146223.18 | G8: 150509.14 | H8: 150306.7 | I8: 149654.68 | J8: 155890.91 | K8: 149810.46 | L8: 149310.48 | M8: 152980.55 | N8: 146477.16 | O8: 156371.77
B9: Rendimiento (kg/Unidad) | C9: =C8/C7*1000 -> 2.2557306 | D9: =D8/D7*1000 -> 2.2859468 | E9: =E8/E7*1000 -> 2.2205107 | F9: =F8/F7*1000 -> 2.2058605 | G9: =G8/G7*1000 -> 2.207451 | H9: =H8/H7*1000 -> 2.2230592 | I9: =I8/I7*1000 -> 2.2867865 | J9: =J8/J7*1000 -> 2.2772901 | ... O9: =O8/O7*1000 -> 2.2297881
B10: Precio (S/ / kg) 1 | C10: 6.9938805 | D10: 6.6099321 | E10: 6.9046893 | F10: 6.9631512 | G10: 6.9934923 | H10: 7.0194092 | I10: 7.0298171 | J10: 7.0509455 | K10: 7.0549253 | L10: 7.0578041 | M10: 7.0590215 | N10: 7.0603622 | O10: 7.0886411
A11: Ovino | B11: Población (Unidades) | C11: 11238432
B12: Saca (Unidades) | C12: 2594569.5 | D12: 189743 | E12: 196785 | F12: 208223.67 | G12: 228552.77 | H12: 236478 | I12: 239220 | J12: 237550 | K12: 228756 | L12: 213618.57 | M12: 206261.47 | N12: 202187 | O12: 207194.04
B13: Producción carne (t) | C13: 33690.4 | D13: 2416.0898 | E13: 2553.1566 | F13: 2692.1018 | G13: 3007.1596 | H13: 3134.5723 | I13: 3172.7708 | J13: 3108.7384 | K13: 2999.0304 | L13: 2774.2841 | M13: 2625.719 | N13: 2570.9056 | O13: 2635.8715
B14: Rendimiento (kg/Unidad) | C14: =C13/C12*1000 -> 12.984967 | D14: =D13/D12*1000 -> 12.733486 | E14: =E13/E12*1000 -> 12.974346 | F14: =F13/F12*1000 -> 12.928894 | G14: =G13/G12*1000 -> 13.157397 | H14: =H13/H12*1000 -> 13.255238 | I14: =I13/I12*1000 -> 13.262983 | J14: =J13/J12*1000 -> 13.08667 | ... O14: =O13/O12*1000 -> 12.721753
B15: Precio (S/ / kg) 1 | C15: 5.642802 | D15: 5.6247761 | E15: 5.6344929 | F15: 5.6283328 | G15: 5.6442206 | H15: 5.6591496 | I15: 5.6525489 | J15: 5.6523702 | K15: 5.655711 | L15: 5.6484916 | M15: 5.6403649 | N15: 5.6276729 | O15: 5.6345836
A16: Porcino | B16: Población (Unidades) | C16: 3465175
B17: Saca (Unidades) | C17: 3775007.8 | D17: 288357 | E17: 287352 | F17: 286001.36 | G17: 286655 | H17: 300393.4 | I17: 296338 | J17: 351507 | K17: 341033 | L17: 327875.67 | M17: 321313.51 | N17: 325867 | O17: 362314.83
B18: Producción carne (t) | C18: 200449.75 | D18: 15115.624 | E18: 15219.905 | F18: 15117.892 | G18: 15145.956 | H18: 15655.419 | I18: 15694.879 | J18: 18647.015 | K18: 18457.165 | L18: 17434.331 | M18: 17090.398 | N18: 17395.944 | O18: 19475.221
B19: Rendimiento (kg/Unidad) | C19: =C18/C17*1000 -> 53.099162 | D19: =D18/D17*1000 -> 52.419827 | E19: =E18/E17*1000 -> 52.966067 | F19: =F18/F17*1000 -> 52.85951 | G19: =G18/G17*1000 -> 52.836882 | H19: =H18/H17*1000 -> 52.116389 | I19: =I18/I17*1000 -> 52.962761 | J19: =J18/J17*1000 -> 53.048774 | ... O19: =O18/O17*1000 -> 53.752205
B20: Precio (S/ / kg) 1 | C20: 7.191717 | D20: 7.0313978 | E20: 7.0866984 | F20: 7.1045109 | G20: 7.1418767 | H20: 7.1545774 | I20: 7.1764034 | J20: 7.2366341 | K20: 7.2412086 | L20: 7.2419794 | M20: 7.2486005 | N20: 7.2547963 | O20: 7.305703
A21: Vacuno | B21: Población (Unidades) | C21: 5866167.5
B22: Saca (Unidades) | C22: 1344664.5 | D22: 104446 | E22: 107096 | F22: 108528.09 | G22: 114969.3 | H22: 116998.14 | I22: 117929 | J22: 118989 | K22: 115593 | L22: 111689.19 | M22: 107336.41 | N22: 109281 | O22: 111809.32
B23: Producción carne (t) | C23: 198722.99 | D23: 15197.981 | E23: 15757.699 | F23: 16037.05 | G23: 17124.765 | H23: 17489.006 | I23: 17509.319 | J23: 17574.268 | K23: 17121.698 | L23: 16535.44 | M23: 15735.957 | N23: 16044.873 | O23: 16594.938
B24: Rendimiento (kg/Unidad) | C24: =C23/C22*1000 -> 147.78631 | D24: =D23/D22*1000 -> 145.51042 | E24: =E23/E22*1000 -> 147.1362 | F24: =F23/F22*1000 -> 147.76865 | G24: =G23/G22*1000 -> 148.95076 | H24: =H23/H22*1000 -> 149.48106 | I24: =I23/I22*1000 -> 148.4734 | J24: =J23/J22*1000 -> 147.69658 | ... O24: =O23/O22*1000 -> 148.42178
B25: Precio (S/ / kg) 1 | C25: 5.8597287 | D25: 5.8638497 | E25: 5.8705442 | F25: 5.8591164 | G25: 5.8536293 | H25: 5.8601761 | I25: 5.8554888 | J25: 5.8530359 | K25: 5.8621898 | L25: 5.866672 | M25: 5.8699931 | N25: 5.8569467 | O25: 5.8471594
A26: Caprino | B26: Población (Unidades) | C26: 1764665
B27: Saca (Unidades) | C27: 388995.53 | D27: 30905 | E27: 31139 | F27: 32056.91 | G27: 32096.47 | H27: 33792 | I27: 34733 | J27: 35313 | K27: 33744.7 | L27: 31546.462 | M27: 29943.014 | N27: 30848.126 | O27: 32877.85
B28: Producción carne (t) | C28: 4940.9882 | D28: 388.17734 | E28: 394.65632 | F28: 411.88325 | G28: 419.27067 | H28: 435.40445 | I28: 453.67245 | J28: 448.81376 | K28: 426.53956 | L28: 389.83701 | M28: 374.1607 | N28: 385.32629 | O28: 413.24644
B29: Rendimiento (kg/Unidad) | C29: =C28/C27*1000 -> 12.701915 | D29: =D28/D27*1000 -> 12.560341 | E29: =E28/E27*1000 -> 12.67402 | F29: =F28/F27*1000 -> 12.848501 | G29: =G28/G27*1000 -> 13.062828 | H29: =H28/H27*1000 -> 12.884838 | I29: =I28/I27*1000 -> 13.061712 | J29: =J28/J27*1000 -> 12.70959 | ... O29: =O28/O27*1000 -> 12.569144
B30: Precio (S/ / kg) 1 | C30: 4.8108362 | D30: 4.80914 | E30: 4.8347654 | F30: 4.8073188 | G30: 4.8026351 | H30: 4.8014883 | I30: 4.8054181 | J30: 4.8076731 | K30: 4.8133627 | L30: 4.8165249 | M30: 4.8099543 | N30: 4.8091431 | O30: 4.8150343
A31: Alpaca | B31: Población (Unidades) | C31: 4483838
B32: Saca (Unidades) | C32: 483247.08 | D32: 32670 | E32: 37990.91 | F32: 40377 | G32: 48071 | H32: 47906.02 | I32: 46714 | J32: 46958 | K32: 42906.15 | L32: 37859 | M32: 36333 | N32: 34265 | O32: 31197
B33: Producción carne (t) | C33: 12845.54 | D33: 854.43353 | E33: 1013.532 | F33: 1086.6222 | G33: 1308.3049 | H33: 1312.1878 | I33: 1267.5005 | J33: 1262.2828 | K33: 1121.547 | L33: 989.84311 | M33: 936.67214 | N33: 887.74573 | O33: 804.8685
B34: Rendimiento (kg/Unidad) | C34: =C33/C32*1000 -> 26.581723 | D34: =D33/D32*1000 -> 26.15346 | E34: =E33/E32*1000 -> 26.678277 | F34: =F33/F32*1000 -> 26.911911 | G34: =G33/G32*1000 -> 27.216095 | H34: =H33/H32*1000 -> 27.390874 | I34: =I33/I32*1000 -> 27.133204 | J34: =J33/J32*1000 -> 26.881102 | ... O34: =O33/O32*1000 -> 25.799548
B35: Precio (S/ / kg) 1 | C35: 4.7835597 | D35: 4.7484699 | E35: 4.8096089 | F35: 4.8137992 | G35: 4.8419665 | H35: 4.8234262 | I35: 4.7966743 | J35: 4.7897057 | K35: 4.785992 | L35: 4.7631911 | M35: 4.7457209 | N35: 4.7342501 | O35: 4.6770398
A36: Llama | B36: Población (Unidades) | C36: 1071971
B37: Saca (Unidades) | C37: 120200 | D37: 8816 | E37: 9419 | F37: 9773 | G37: 10947 | H37: 11002 | I37: 11616 | J37: 10860 | K37: 10359 | L37: 9623 | M37: 9248 | N37: 8909 | O37: 9628
B38: Producción carne (t) | C38: 4021.2754 | D38: 287.65027 | E38: 317.62567 | F38: 333.10303 | G38: 385.20438 | H38: 384.77203 | I38: 398.34695 | J38: 366.18107 | K38: 340.97814 | L38: 315.61311 | M38: 297.01907 | N38: 284.8951 | O38: 309.88655
B39: Rendimiento (kg/Unidad) | C39: =C38/C37*1000 -> 33.45487 | D39: =D38/D37*1000 -> 32.628206 | E39: =E38/E37*1000 -> 33.721804 | F39: =F38/F37*1000 -> 34.084011 | G39: =G38/G37*1000 -> 35.188123 | H39: =H38/H37*1000 -> 34.972917 | I39: =I38/I37*1000 -> 34.292954 | J39: =J38/J37*1000 -> 33.718331 | ... O39: =O38/O37*1000 -> 32.185973
B40: Precio (S/ / kg) 1 | C40: 3.8021183 | D40: 3.8013971 | E40: 3.8377807 | F40: 3.8347652 | G40: 3.8719856 | H40: 3.8510251 | I40: 3.8211705 | J40: 3.7964557 | K40: 3.7866606 | L40: 3.7796732 | M40: 3.7514742 | N40: 3.7282316 | O40: 3.7221065
A41: Huevo gallina | B41: Gallinas en producción | C41: 28261110 | D41: 28616644 | E41: 27544936 | F41: 27714392 | G41: 27922912 | H41: 28011840 | I41: 28146639 | J41: 28517563 | K41: 28491126 | L41: 28496515 | M41: 28563911 | N41: 28562021 | O41: 28544822
B42: Producción huevo (t) | C42: 503080 | D42: 41933.523 | E42: 40596.852 | F42: 40957.703 | G42: 41256.542 | H42: 41449.169 | I42: 41728.252 | J42: 41959.75 | K42: 42590.325 | L42: 42455.484 | M42: 42513.368 | N42: 42756.065 | O42: 42882.97
B43: Rendimiento (kg/gallina) | C43: =C42/C41*1000 -> 17.801141 | D43: =D42/D41*1000 -> 1.4653543 | E43: =E42/E41*1000 -> 1.4738408 | F43: =F42/F41*1000 -> 1.4778496 | G43: =G42/G41*1000 -> 1.4775158 | H43: =H42/H41*1000 -> 1.4797018 | I43: =I42/I41*1000 -> 1.4825305 | J43: =J42/J41*1000 -> 1.4713652 | ... O43: =O42/O41*1000 -> 1.502303
B44: Precio (S/ / kg) | C44: 5.2925254 | D44: 5.0613817 | E44: 5.2467946 | F44: 5.2842049 | G44: 5.2996285 | H44: 5.3288346 | I44: 5.3158552 | J44: 5.319472 | K44: 5.3260698 | L44: 5.3230163 | M44: 5.3220975 | N44: 5.3352397 | O44: 5.3433873
A45: Leche vaca | B45: Vacas en producción | C45: 933432.9 | D45: 932150.11 | E45: 959311.02 | F45: 968145.82 | G45: 975376.72 | H45: 971427.42 | I45: 961246.36 | J45: 935726.27 | K45: 920507.26 | L45: 895378.16 | M45: 889843.82 | N45: 890531.72 | O45: 901550.1
B46: Producción leche (t) | C46: 2201096.3 | D46: 186201.11 | E46: 178698.05 | F46: 190816.92 | G46: 192472.46 | H46: 195054.68 | I46: 189004.99 | J46: 186979.14 | K46: 183086.29 | L46: 173059.14 | M46: 176435.17 | N46: 172219.64 | O46: 177068.7
B47: Rendimiento (kg/vaca/día) | C47: =C46/C45*1000/366 -> 6.442803 | D47: =D46/D45*1000/31 -> 6.4436912 | E47: =E46/E45*1000/29 -> 6.4233619 | F47: =F46/F45*1000/31 -> 6.3579106 | G47: =G46/G45*1000/30 -> 6.5777137 | H47: =H46/H45*1000/31 -> 6.4771554 | I47: =I46/I45*1000/30 -> 6.5541639 | J47: =J46/J45*1000/31 -> 6.4458862 | K47: =K46/K45*1000/31 -> 6.4160378 | L47: =L46/L45*1000/30 -> 6.4426833 | M47: =M46/M45*1000/31 -> 6.396018 | N47: =N46/N45*1000/30 -> 6.4463224 | O47: =O46/O45*1000/31 -> 6.3356363
B48: Precio (S/ / kg) | C48: 1.5049791 | D48: 1.4819907 | E48: 1.497416 | F48: 1.5028636 | G48: 1.5074233 | H48: 1.5146816 | I48: 1.5099955 | J48: 1.5083453 | K48: 1.5068519 | L48: 1.5051635 | M48: 1.5053544 | N48: 1.5070401 | O48: 1.5123165
A49: Fibra alpaca | B49: Alpacas esquiladas | C49: 2140341.2 | D49: 210304 | E49: 311735.4 | F49: 299737 | G49: 27347 | H49: 35817.058 | I49: 21904 | J49: 2383.7 | K49: 296 | L49: 8663 | M49: 73773 | N49: 818899 | O49: 329482
B50: Producción fibra (t) | C50: 4466.3716 | D50: 434.55659 | E50: 632.25735 | F50: 587.90014 | G50: 47.207494 | H50: 65.63623 | I50: 42.322028 | J50: 4.2171764 | K50: 0.63436208 | L50: 25.406675 | M50: 198.35589 | N50: 1735.3697 | O50: 692.508
B51: Rendimiento (kg/alpaca) | C51: =C50/C49*1000 -> 2.0867569 | D51: =D50/D49*1000 -> 2.0663259 | E51: =E50/E49*1000 -> 2.0281859 | F51: =F50/F49*1000 -> 1.9613866 | G51: =G50/G49*1000 -> 1.7262403 | H51: =H50/H49*1000 -> 1.8325411 | I51: =I50/I49*1000 -> 1.9321598 | J51: =J50/J49*1000 -> 1.7691725 | ... O51: =O50/O49*1000 -> 2.1018083
B52: Precio (S/ / kg) | C52: 14.725817 | D52: 14.921447 | E52: 14.81075 | F52: 14.820717 | G52: 13.630233 | H52: 13.846025 | I52: 14.146962 | J52: 14.809992 | K52: 14.654149 | L52: 13.101277 | M52: 14.306932 | N52: 14.752315 | O52: 14.751132
A53: Fibra llama | B53: Llamas esquiladas | C53: 339233.3 | D53: 20513 | E53: 58641 | F53: 51547 | G53: 5935 | H53: 3667.3 | I53: 1542 | J53: 120 | K53: 0 | L53: 1983 | M53: 18587 | N53: 145862 | O53: 30836
B54: Producción fibra (t) | C54: 699.24636 | D54: 41.628184 | E54: 114.18029 | F54: 99.6793 | G54: 10.100052 | H54: 5.94831 | I54: 2.88219 | J54: 0.1579 | K54: 0 | L54: 6.118292 | M54: 50.822279 | N54: 304.73859 | O54: 62.990976
B55: Rendimiento (kg/llama) | C55: =C54/C53*1000 -> 2.0612551 | D55: =D54/D53*1000 -> 2.0293562 | E55: =E54/E53*1000 -> 1.9471068 | F55: =F54/F53*1000 -> 1.9337556 | G55: =G54/G53*1000 -> 1.7017779 | H55: =H54/H53*1000 -> 1.6219862 | I55: =I54/I53*1000 -> 1.8691245 | J55: =J54/J53*1000 -> 1.3158333 | K55: 0 | L55: =L54/L53*1000 -> 3.0853717 | M55: =M54/M53*1000 -> 2.7342917 | N55: =N54/N53*1000 -> 2.0892254 | O55: =O54/O53*1000 -> 2.0427739
B56: Precio (S/ / kg) | C56: 6.5695008 | D56: 6.5200585 | E56: 6.4562539 | F56: 6.4445482 | G56: 6.0004394 | H56: 6.432489 | I56: 7.1257995 | J56: 7.196468 | K56: 0 | L56: 6.8962072 | M56: 6.8672716 | N56: 6.5755057 | O56: 6.7813079
A57: Lana ovino | B57: Ovinos esquilados | C57: 4240780.7 | D57: 425085 | E57: 1436903 | F57: 1098162 | G57: 206834 | H57: 178162.27 | I57: 114126.4 | J57: 102556.24 | K57: 62063.8 | L57: 68077 | M57: 10513 | N57: 339049 | O57: 199249
B58: Producción lana (t) | C58: 8009.8296 | D58: 756.86377 | E58: 2624.4265 | F58: 2057.3053 | G58: 401.06301 | H58: 456.37953 | I58: 251.01878 | J58: 204.87573 | K58: 131.66279 | L58: 130.4601 | M58: 21.995617 | N58: 638.4862 | O58: 335.2922
B59: Rendimiento (kg/ovino) | C59: =C58/C57*1000 -> 1.888763 | D59: =D58/D57*1000 -> 1.7804998 | E59: =E58/E57*1000 -> 1.8264466 | F59: =F58/F57*1000 -> 1.8734079 | G59: =G58/G57*1000 -> 1.9390575 | H59: =H58/H57*1000 -> 2.5615947 | I59: =I58/I57*1000 -> 2.1994804 | J59: =J58/J57*1000 -> 1.9976916 | ... O59: =O58/O57*1000 -> 1.6827798
B60: Precio (S/ / kg) | C60: 6.8432183 | D60: 7.0138085 | E60: 6.8323008 | F60: 6.7576495 | G60: 6.8561791 | H60: 6.8543519 | I60: 7.0713012 | J60: 7.1005926 | K60: 7.0053183 | L60: 7.0158811 | M60: 7.0503215 | N60: 6.6874169 | O60: 6.8622195
A61: P Preliminar | F61: 1/ Precio de animal vivo
A62: Fuente: Direcciones Regionales de Agricultura
A63: Elaboración: Ministerio de Desarrollo Agrario y Riego - DGESEP - DEIA

Sheet C 7
A2: C.7 PERÚ: PRODUCCIÓN PECUARIA POR ESPECIE, SEGÚN REGIÓN, 2023P
A3: (Unidades)
A5: Región | B5: Ave | C5: Ovino | D5: Porcino | E5: Vacuno | F5: Caprino | G5: Alpaca | H5: Llama
A6: Nacional | B6: =(B8+B9+B10+B11+B12+B16+B17+B18+B19+B20+B21+B22+B23+B24+B25+B26+B27+B28+B31+B32+B33+B34+B35+B36) -> 7.8975422e+08 | C6: =(C8+C9+C10+C11+C12+C16+C17+C18+C19+C20+C21+C22+C23+C24+C25+C26+C27+C28+C31+C32+C33+C34+C35+C36) -> 2594569.5 | D6: =(D8+D9+D10+D11+D12+D16+D17+D18+D19+D20+D21+D22+D23+D24+D25+D26+D27+D28+D31+D32+D33+D34+D35+D36) -> 3775007.8 | E6: =(E8+E9+E10+E11+E12+E16+E17+E18+E19+E20+E21+E22+E23+E24+E25+E26+E27+E28+E31+E32+E33+E34+E35+E36) -> 1344664.5 | F6: =(F8+F9+F10+F11+F12+F16+F17+F18+F19+F20+F21+F22+F23+F24+F25+F26+F27+F28+F31+F32+F33+F34+F35+F36) -> 388995.53 | G6: =(G8+G9+G10+G11+G12+G16+G17+G18+G19+G20+G21+G22+G23+G24+G25+G26+G27+G28+G31+G32+G33+G34+G35+G36) -> 483247.08 | H6: =(H8+H9+H10+H11+H12+H16+H17+H18+H19+H20+H21+H22+H23+H24+H25+H26+H27+H28+H31+H32+H33+H34+H35+H36) -> 120200
A8: Tumbes | B8: =+'[2]AVE 04-99'!D1376 -> 91418.996 | C8: =+'[2]OVI 04-99'!D1376 -> 3168 | D8: =+'[2]POR 04-99'!D1376 -> 5883 | E8: =+'[2]VAC 04-99'!D1376 -> 3530 | F8: =+'[2]CAP 04-99'!D1376 -> 24128 | G8: =+'[2]ALP 04-99'!D1376 -> 0 | H8: =+'[2]LLA 04-99'!D1376 -> 0
A9: Piura | B9: =+'[2]AVE 04-99'!D1379 -> 13887145 | C9: =+'[2]OVI 04-99'!D1379 -> 110566.75 | D9: =+'[2]POR 04-99'!D1379 -> 114622.68 | E9: =+'[2]VAC 04-99'!D1379 -> 48982.013 | F9: =+'[2]CAP 04-99'!D1379 -> 93179.237 | G9: =+'[2]ALP 04-99'!D1379 -> 0 | H9: =+'[2]LLA 04-99'!D1379 -> 0
A10: Lambayeque | B10: =+'[2]AVE 04-99'!D1382 -> 11401956 | C10: =+'[2]OVI 04-99'!D1382 -> 24140 | D10: =+'[2]POR 04-99'!D1382 -> 29125 | E10: =+'[2]VAC 04-99'!D1382 -> 20075.4 | F10: =+'[2]CAP 04-99'!D1382 -> 19240 | G10: =+'[2]ALP 04-99'!D1382 -> 0 | H10: =+'[2]LLA 04-99'!D1382 -> 0
A11: La Libertad | B11: =+'[2]AVE 04-99'!D1385 -> 1.3772581e+08 | C11: =+'[2]OVI 04-99'!D1385 -> 215320 | D11: =+'[2]POR 04-99'!D1385 -> 354779 | E11: =+'[2]VAC 04-99'!D1385 -> 62771 | F11: =+'[2]CAP 04-99'!D1385 -> 35316 | G11: =+'[2]ALP 04-99'!D1385 -> 1403 | H11: =+'[2]LLA 04-99'!D1385 -> 0
A12: Cajamarca | B12: =SUM(B13:B15) -> 1594438.1 | C12: =SUM(C13:C15) -> 78516 | D12: =SUM(D13:D15) -> 139710.1 | E12: =SUM(E13:E15) -> 166375 | F12: =SUM(F13:F15) -> 21746.7 | G12: =SUM(G13:G15) -> 0 | H12: =SUM(H13:H15) -> 0
A13: Cajamarca | B13: =+'[2]AVE 04-99'!D1391 -> 1001577.7 | C13: =+'[2]OVI 04-99'!D1391 -> 54819 | D13: =+'[2]POR 04-99'!D1391 -> 55799.7 | E13: =+'[2]VAC 04-99'!D1391 -> 87734 | F13: =+'[2]CAP 04-99'!D1391 -> 12593.7 | G13: =+'[2]ALP 04-99'!D1391 -> 0 | H13: =+'[2]LLA 04-99'!D1391 -> 0
A14: Chota | B14: =+'[2]AVE 04-99'!D1394 -> 278360.37 | C14: =+'[2]OVI 04-99'!D1394 -> 20442 | D14: =+'[2]POR 04-99'!D1394 -> 44265.4 | E14: =+'[2]VAC 04-99'!D1394 -> 49504 | F14: =+'[2]CAP 04-99'!D1394 -> 1282 | G14: =+'[2]ALP 04-99'!D1394 -> 0 | H14: =+'[2]LLA 04-99'!D1394 -> 0
A15: Jaén | B15: =+'[2]AVE 04-99'!D1397 -> 314500.04 | C15: =+'[2]OVI 04-99'!D1397 -> 3255 | D15: =+'[2]POR 04-99'!D1397 -> 39645 | E15: =+'[2]VAC 04-99'!D1397 -> 29137 | F15: =+'[2]CAP 04-99'!D1397 -> 7871 | G15: =+'[2]ALP 04-99'!D1397 -> 0 | H15: =+'[2]LLA 04-99'!D1397 -> 0
A16: Amazonas | B16: =+'[2]AVE 04-99'!D1400 -> 357854.28 | C16: =+'[2]OVI 04-99'!D1400 -> 3480 | D16: =+'[2]POR 04-99'!D1400 -> 35262 | E16: =+'[2]VAC 04-99'!D1400 -> 63582 | F16: =+'[2]CAP 04-99'!D1400 -> 4775 | G16: =+'[2]ALP 04-99'!D1400 -> 0 | H16: =+'[2]LLA 04-99'!D1400 -> 0
A17: Ancash | B17: =+'[2]AVE 04-99'!D1403 -> 16615563 | C17: =+'[2]OVI 04-99'!D1403 -> 134036 | D17: =+'[2]POR 04-99'!D1403 -> 60603 | E17: =+'[2]VAC 04-99'!D1403 -> 62939 | F17: =+'[2]CAP 04-99'!D1403 -> 20958 | G17: =+'[2]ALP 04-99'!D1403 -> 523 | H17: =+'[2]LLA 04-99'!D1403 -> 0
A18: Lima | B18: =+'[2]AVE 04-99'!D1406 -> 4.3697113e+08 | C18: =+'[2]OVI 04-99'!D1406 -> 56794 | D18: =+'[2]POR 04-99'!D1406 -> 1474086.3 | E18: =+'[2]VAC 04-99'!D1406 -> 110685 | F18: =+'[2]CAP 04-99'!D1406 -> 36612 | G18: =+'[2]ALP 04-99'!D1406 -> 3449 | H18: =+'[2]LLA 04-99'!D1406 -> 2120
A19: Ica | B19: =+'[2]AVE 04-99'!D1409 -> 43644691 | C19: =+'[2]OVI 04-99'!D1409 -> 12129 | D19: =+'[2]POR 04-99'!D1409 -> 325151 | E19: =+'[2]VAC 04-99'!D1409 -> 35150 | F19: =+'[2]CAP 04-99'!D1409 -> 22475 | G19: =+'[2]ALP 04-99'!D1409 -> 0 | H19: =+'[2]LLA 04-99'!D1409 -> 0
A20: Huánuco | B20: =+'[2]AVE 04-99'!D1412 -> 583119.76 | C20: =+'[2]OVI 04-99'!D1412 -> 161862 | D20: =+'[2]POR 04-99'!D1412 -> 203305 | E20: =+'[2]VAC 04-99'!D1412 -> 159996 | F20: =+'[2]CAP 04-99'!D1412 -> 24868 | G20: =+'[2]ALP 04-99'!D1412 -> 1643 | H20: =+'[2]LLA 04-99'!D1412 -> 0
A21: Pasco | B21: =+'[2]AVE 04-99'!D1415 -> 249313.67 | C21: =+'[2]OVI 04-99'!D1415 -> 112278 | D21: =+'[2]POR 04-99'!D1415 -> 38740 | E21: =+'[2]VAC 04-99'!D1415 -> 23371 | F21: =+'[2]CAP 04-99'!D1415 -> 1160 | G21: =+'[2]ALP 04-99'!D1415 -> 18075 | H21: =+'[2]LLA 04-99'!D1415 -> 4437
A22: Junín | B22: =+'[2]AVE 04-99'!D1418 -> 4421884.1 | C22: =+'[2]OVI 04-99'!D1418 -> 304399 | D22: =+'[2]POR 04-99'!D1418 -> 127223 | E22: =+'[2]VAC 04-99'!D1418 -> 58979 | F22: =+'[2]CAP 04-99'!D1418 -> 3855 | G22: =+'[2]ALP 04-99'!D1418 -> 14741 | H22: =+'[2]LLA 04-99'!D1418 -> 9188
A23: Huancavelica | B23: =+'[2]AVE 04-99'!D1421 -> 439667.64 | C23: =+'[2]OVI 04-99'!D1421 -> 97296.77 | D23: =+'[2]POR 04-99'!D1421 -> 34887 | E23: =+'[2]VAC 04-99'!D1421 -> 23777 | F23: =+'[2]CAP 04-99'!D1421 -> 19096 | G23: =+'[2]ALP 04-99'!D1421 -> 20113.79 | H23: =+'[2]LLA 04-99'!D1421 -> 7834
A24: Arequipa | B24: =+'[2]AVE 04-99'!D1424 -> 70966379 | C24: =+'[2]OVI 04-99'!D1424 -> 128397 | D24: =+'[2]POR 04-99'!D1424 -> 218204 | E24: =+'[2]VAC 04-99'!D1424 -> 33219 | F24: =+'[2]CAP 04-99'!D1424 -> 10081 | G24: =+'[2]ALP 04-99'!D1424 -> 48628 | H24: =+'[2]LLA 04-99'!D1424 -> 13353
A25: Moquegua | B25: =+'[2]AVE 04-99'!D1427 -> 87262.749 | C25: =+'[2]OVI 04-99'!D1427 -> 3626 | D25: =+'[2]POR 04-99'!D1427 -> 27989 | E25: =+'[2]VAC 04-99'!D1427 -> 3695 | F25: =+'[2]CAP 04-99'!D1427 -> 966 | G25: =+'[2]ALP 04-99'!D1427 -> 4933 | H25: =+'[2]LLA 04-99'!D1427 -> 1905
A26: Tacna | B26: =+'[2]AVE 04-99'!D1430 -> 8297117.2 | C26: =+'[2]OVI 04-99'!D1430 -> 8681 | D26: =+'[2]POR 04-99'!D1430 -> 70781 | E26: =+'[2]VAC 04-99'!D1430 -> 5396 | F26: =+'[2]CAP 04-99'!D1430 -> 5960 | G26: =+'[2]ALP 04-99'!D1430 -> 9574 | H26: =+'[2]LLA 04-99'!D1430 -> 5408
A27: Ayacucho | B27: =+'[2]AVE 04-99'!D1433 -> 471428.04 | C27: =+'[2]OVI 04-99'!D1433 -> 142224 | D27: =+'[2]POR 04-99'!D1433 -> 67426 | E27: =+'[2]VAC 04-99'!D1433 -> 98128 | F27: =+'[2]CAP 04-99'!D1433 -> 24656 | G27: =+'[2]ALP 04-99'!D1433 -> 29405 | H27: =+'[2]LLA 04-99'!D1433 -> 5640
A28: Apurímac | B28: =SUM(B29:B30) -> 336504.22 | C28: =SUM(C29:C30) -> 69627 | D28: =SUM(D29:D30) -> 55581.7 | E28: =SUM(E29:E30) -> 35287.04 | F28: =SUM(F29:F30) -> 15736.47 | G28: =SUM(G29:G30) -> 20385.29 | H28: =SUM(H29:H30) -> 10090
A29: Abancay | B29: =+'[2]AVE 04-99'!D1439 -> 206162.93 | C29: =+'[2]OVI 04-99'!D1439 -> 35674 | D29: =+'[2]POR 04-99'!D1439 -> 21809 | E29: =+'[2]VAC 04-99'!D1439 -> 17699 | F29: =+'[2]CAP 04-99'!D1439 -> 4637 | G29: =+'[2]ALP 04-99'!D1439 -> 13823.02 | H29: =+'[2]LLA 04-99'!D1439 -> 5624
A30: Andahuaylas | B30: =+'[2]AVE 04-99'!D1442 -> 130341.29 | C30: =+'[2]OVI 04-99'!D1442 -> 33953 | D30: =+'[2]POR 04-99'!D1442 -> 33772.7 | E30: =+'[2]VAC 04-99'!D1442 -> 17588.04 | F30: =+'[2]CAP 04-99'!D1442 -> 11099.47 | G30: =+'[2]ALP 04-99'!D1442 -> 6562.27 | H30: =+'[2]LLA 04-99'!D1442 -> 4466
A31: Cusco | B31: =+'[2]AVE 04-99'!D1445 -> 1689771.6 | C31: =+'[2]OVI 04-99'!D1445 -> 309247 | D31: =+'[2]POR 04-99'!D1445 -> 148458 | E31: =+'[2]VAC 04-99'!D1445 -> 77093 | F31: =+'[2]CAP 04-99'!D1445 -> 4158 | G31: =+'[2]ALP 04-99'!D1445 -> 96769 | H31: =+'[2]LLA 04-99'!D1445 -> 20280
A32: Puno | B32: =+'[2]AVE 04-99'!D1448 -> 1239060.1 | C32: =+'[2]OVI 04-99'!D1448 -> 607205 | D32: =+'[2]POR 04-99'!D1448 -> 76790 | E32: =+'[2]VAC 04-99'!D1448 -> 156710 | F32: =+'[2]CAP 04-99'!D1448 -> 0 | G32: =+'[2]ALP 04-99'!D1448 -> 213605 | H32: =+'[2]LLA 04-99'!D1448 -> 39945
A33: San Martín | B33: =+'[2]AVE 04-99'!D1451 -> 16607362 | C33: =+'[2]OVI 04-99'!D1451 -> 5181 | D33: =+'[2]POR 04-99'!D1451 -> 77484 | E33: =+'[2]VAC 04-99'!D1451 -> 51424 | F33: =+'[2]CAP 04-99'!D1451 -> 0 | G33: =+'[2]ALP 04-99'!D1451 -> 0 | H33: =+'[2]LLA 04-99'!D1451 -> 0
A34: Loreto | B34: =+'[2]AVE 04-99'!D1454 -> 11458804 | C34: =+'[2]OVI 04-99'!D1454 -> 2195 | D34: =+'[2]POR 04-99'!D1454 -> 47114 | E34: =+'[2]VAC 04-99'!D1454 -> 10379 | F34: =+'[2]CAP 04-99'!D1454 -> 29.1256 | G34: =+'[2]ALP 04-99'!D1454 -> 0 | H34: =+'[2]LLA 04-99'!D1454 -> 0
A35: Ucayali | B35: =+'[2]AVE 04-99'!D1457 -> 6526572 | C35: =+'[2]OVI 04-99'!D1457 -> 2564 | D35: =+'[2]POR 04-99'!D1457 -> 20397 | E35: =+'[2]VAC 04-99'!D1457 -> 21472 | F35: =+'[2]CAP 04-99'!D1457 -> 0 | G35: =+'[2]ALP 04-99'!D1457 -> 0 | H35: =+'[2]LLA 04-99'!D1457 -> 0
A36: Madre de Dios | B36: =+'[2]AVE 04-99'!D1460 -> 4089963.7 | C36: =+'[2]OVI 04-99'!D1460 -> 1637 | D36: =+'[2]POR 04-99'!D1460 -> 21406 | E36: =+'[2]VAC 04-99'!D1460 -> 11649 | F36: =+'[2]CAP 04-99'!D1460 -> 0 | G36: =+'[2]ALP 04-99'!D1460 -> 0 | H36: =+'[2]LLA 04-99'!D1460 -> 0
A37: P Preliminar
A38: Fuente: Direcciones Regionales de Agricultura
A39: Elaboración: Ministerio de Desarrollo Agrario y Riego - DGESEP - DEIA

Sheet C 8
A2: C.8 PERÚ: PRODUCCIÓN DE CARNES POR ESPECIE, SEGÚN REGIÓN, 2023P
A3: (Toneladas)
A5: Región | B5: Ave | C5: Ovino | D5: Porcino | E5: Vacuno | F5: Caprino | G5: Alpaca | H5: Llama
A6: Nacional | B6: =(B8+B9+B10+B11+B12+B16+B17+B18+B19+B20+B21+B22+B23+B24+B25+B26+B27+B28+B31+B32+B33+B34+B35+B36) -> 1781472.7 | C6: =(C8+C9+C10+C11+C12+C16+C17+C18+C19+C20+C21+C22+C23+C24+C25+C26+C27+C28+C31+C32+C33+C34+C35+C36) -> 33690.4 | D6: =(D8+D9+D10+D11+D12+D16+D17+D18+D19+D20+D21+D22+D23+D24+D25+D26+D27+D28+D31+D32+D33+D34+D35+D36) -> 200449.75 | E6: =(E8+E9+E10+E11+E12+E16+E17+E18+E19+E20+E21+E22+E23+E24+E25+E26+E27+E28+E31+E32+E33+E34+E35+E36) -> 198722.99 | F6: =(F8+F9+F10+F11+F12+F16+F17+F18+F19+F20+F21+F22+F23+F24+F25+F26+F27+F28+F31+F32+F33+F34+F35+F36) -> 4940.9882 | G6: =(G8+G9+G10+G11+G12+G16+G17+G18+G19+G20+G21+G22+G23+G24+G25+G26+G27+G28+G31+G32+G33+G34+G35+G36) -> 12845.54 | H6: =(H8+H9+H10+H11+H12+H16+H17+H18+H19+H20+H21+H22+H23+H24+H25+H26+H27+H28+H31+H32+H33+H34+H35+H36) -> 4021.2754
A8: Tumbes | B8: =+'[2]AVE 04-99'!D1377 -> 232.05507 | C8: =+'[2]OVI 04-99'!D1377 -> 36.616 | D8: =+'[2]POR 04-99'!D1377 -> 339.86 | E8: =+'[2]VAC 04-99'!D1377 -> 495.6568 | F8: =+'[2]CAP 04-99'!D1377 -> 245.68 | G8: =+'[2]ALP 04-99'!D1377 -> 0 | H8: =+'[2]LLA 04-99'!D1377 -> 0
A9: Piura | B9: =+'[2]AVE 04-99'!D1380 -> 30965.582 | C9: =+'[2]OVI 04-99'!D1380 -> 1814.213 | D9: =+'[2]POR 04-99'!D1380 -> 6027.8862 | E9: =+'[2]VAC 04-99'!D1380 -> 7445.8715 | F9: =+'[2]CAP 04-99'!D1380 -> 1350.8056 | G9: =+'[2]ALP 04-99'!D1380 -> 0 | H9: =+'[2]LLA 04-99'!D1380 -> 0
A10: Lambayeque | B10: =+'[2]AVE 04-99'!D1383 -> 25362.574 | C10: =+'[2]OVI 04-99'!D1383 -> 397.16405 | D10: =+'[2]POR 04-99'!D1383 -> 1562.3037 | E10: =+'[2]VAC 04-99'!D1383 -> 2926.8526 | F10: =+'[2]CAP 04-99'!D1383 -> 275.60578 | G10: =+'[2]ALP 04-99'!D1383 -> 0 | H10: =+'[2]LLA 04-99'!D1383 -> 0
A11: La Libertad | B11: =+'[2]AVE 04-99'!D1386 -> 305971.63 | C11: =+'[2]OVI 04-99'!D1386 -> 2939.6689 | D11: =+'[2]POR 04-99'!D1386 -> 21036.275 | E11: =+'[2]VAC 04-99'!D1386 -> 8992.5858 | F11: =+'[2]CAP 04-99'!D1386 -> 465.71015 | G11: =+'[2]ALP 04-99'!D1386 -> 43.81431 | H11: =+'[2]LLA 04-99'!D1386 -> 0
A12: Cajamarca | B12: =SUM(B13:B15) -> 3494.9078 | C12: =SUM(C13:C15) -> 913.42691 | D12: =SUM(D13:D15) -> 5722.522 | E12: =SUM(E13:E15) -> 22449.999 | F12: =SUM(F13:F15) -> 239.55156 | G12: =SUM(G13:G15) -> 0 | H12: =SUM(H13:H15) -> 0
A13: Cajamarca | B13: =+'[2]AVE 04-99'!D1392 -> 2251.6038 | C13: =+'[2]OVI 04-99'!D1392 -> 624.60848 | D13: =+'[2]POR 04-99'!D1392 -> 2000.4718 | E13: =+'[2]VAC 04-99'!D1392 -> 11230.849 | F13: =+'[2]CAP 04-99'!D1392 -> 135.21925 | G13: =+'[2]ALP 04-99'!D1392 -> 0 | H13: =+'[2]LLA 04-99'!D1392 -> 0
A14: Chota | B14: =+'[2]AVE 04-99'!D1395 -> 575.33426 | C14: =+'[2]OVI 04-99'!D1395 -> 247.50559 | D14: =+'[2]POR 04-99'!D1395 -> 1894.6082 | E14: =+'[2]VAC 04-99'!D1395 -> 6678.5788 | F14: =+'[2]CAP 04-99'!D1395 -> 16.077612 | G14: =+'[2]ALP 04-99'!D1395 -> 0 | H14: =+'[2]LLA 04-99'!D1395 -> 0
A15: Jaén | B15: =+'[2]AVE 04-99'!D1398 -> 667.96973 | C15: =+'[2]OVI 04-99'!D1398 -> 41.31284 | D15: =+'[2]POR 04-99'!D1398 -> 1827.4419 | E15: =+'[2]VAC 04-99'!D1398 -> 4540.5719 | F15: =+'[2]CAP 04-99'!D1398 -> 88.2547 | G15: =+'[2]ALP 04-99'!D1398 -> 0 | H15: =+'[2]LLA 04-99'!D1398 -> 0
A16: Amazonas | B16: =+'[2]AVE 04-99'!D1401 -> 760.20497 | C16: =+'[2]OVI 04-99'!D1401 -> 55.2871 | D16: =+'[2]POR 04-99'!D1401 -> 1850.9601 | E16: =+'[2]VAC 04-99'!D1401 -> 9282.9457 | F16: =+'[2]CAP 04-99'!D1401 -> 60.2429 | G16: =+'[2]ALP 04-99'!D1401 -> 0 | H16: =+'[2]LLA 04-99'!D1401 -> 0
A17: Ancash | B17: =+'[2]AVE 04-99'!D1404 -> 37866.307 | C17: =+'[2]OVI 04-99'!D1404 -> 1436.8788 | D17: =+'[2]POR 04-99'!D1404 -> 1905.4248 | E17: =+'[2]VAC 04-99'!D1404 -> 8649.1145 | F17: =+'[2]CAP 04-99'!D1404 -> 207.69611 | G17: =+'[2]ALP 04-99'!D1404 -> 13.00708 | H17: =+'[2]LLA 04-99'!D1404 -> 0
A18: Lima | B18: =+'[2]AVE 04-99'!D1407 -> 992823.22 | C18: =+'[2]OVI 04-99'!D1407 -> 713.94452 | D18: =+'[2]POR 04-99'!D1407 -> 93275.56 | E18: =+'[2]VAC 04-99'!D1407 -> 21843.567 | F18: =+'[2]CAP 04-99'!D1407 -> 462.39849 | G18: =+'[2]ALP 04-99'!D1407 -> 100.17149 | H18: =+'[2]LLA 04-99'!D1407 -> 68.453325
A19: Ica | B19: =+'[2]AVE 04-99'!D1410 -> 95972.499 | C19: =+'[2]OVI 04-99'!D1410 -> 144.96376 | D19: =+'[2]POR 04-99'!D1410 -> 14410.951 | E19: =+'[2]VAC 04-99'!D1410 -> 4533.9536 | F19: =+'[2]CAP 04-99'!D1410 -> 307.73041 | G19: =+'[2]ALP 04-99'!D1410 -> 0 | H19: =+'[2]LLA 04-99'!D1410 -> 0
A20: Huánuco | B20: =+'[2]AVE 04-99'!D1413 -> 1242.6856 | C20: =+'[2]OVI 04-99'!D1413 -> 1801.7155 | D20: =+'[2]POR 04-99'!D1413 -> 7711.9101 | E20: =+'[2]VAC 04-99'!D1413 -> 26629.627 | F20: =+'[2]CAP 04-99'!D1413 -> 244.69148 | G20: =+'[2]ALP 04-99'!D1413 -> 43.445039 | H20: =+'[2]LLA 04-99'!D1413 -> 0
A21: Pasco | B21: =+'[2]AVE 04-99'!D1416 -> 549.71768 | C21: =+'[2]OVI 04-99'!D1416 -> 1333.9349 | D21: =+'[2]POR 04-99'!D1416 -> 1443.5935 | E21: =+'[2]VAC 04-99'!D1416 -> 3758.2692 | F21: =+'[2]CAP 04-99'!D1416 -> 12.948128 | G21: =+'[2]ALP 04-99'!D1416 -> 416.07406 | H21: =+'[2]LLA 04-99'!D1416 -> 129.99748
A22: Junín | B22: =+'[2]AVE 04-99'!D1419 -> 9835.5369 | C22: =+'[2]OVI 04-99'!D1419 -> 3508.6796 | D22: =+'[2]POR 04-99'!D1419 -> 5937.0713 | E22: =+'[2]VAC 04-99'!D1419 -> 8449.1363 | F22: =+'[2]CAP 04-99'!D1419 -> 40.0528 | G22: =+'[2]ALP 04-99'!D1419 -> 331.5429 | H22: =+'[2]LLA 04-99'!D1419 -> 256.8393
A23: Huancavelica | B23: =+'[2]AVE 04-99'!D1422 -> 940.7793 | C23: =+'[2]OVI 04-99'!D1422 -> 1249.1697 | D23: =+'[2]POR 04-99'!D1422 -> 1402.4117 | E23: =+'[2]VAC 04-99'!D1422 -> 2899.1984 | F23: =+'[2]CAP 04-99'!D1422 -> 278.35328 | G23: =+'[2]ALP 04-99'!D1422 -> 499.23944 | H23: =+'[2]LLA 04-99'!D1422 -> 248.48007
A24: Arequipa | B24: =+'[2]AVE 04-99'!D1425 -> 162115.31 | C24: =+'[2]OVI 04-99'!D1425 -> 1848.6866 | D24: =+'[2]POR 04-99'!D1425 -> 12237.725 | E24: =+'[2]VAC 04-99'!D1425 -> 5481.407 | F24: =+'[2]CAP 04-99'!D1425 -> 118.536 | G24: =+'[2]ALP 04-99'!D1425 -> 1192.7976 | H24: =+'[2]LLA 04-99'!D1425 -> 461.2183
A25: Moquegua | B25: =+'[2]AVE 04-99'!D1428 -> 183.20841 | C25: =+'[2]OVI 04-99'!D1428 -> 77.152846 | D25: =+'[2]POR 04-99'!D1428 -> 1317.935 | E25: =+'[2]VAC 04-99'!D1428 -> 747.84553 | F25: =+'[2]CAP 04-99'!D1428 -> 14.910489 | G25: =+'[2]ALP 04-99'!D1428 -> 136.76322 | H25: =+'[2]LLA 04-99'!D1428 -> 63.38168
A26: Tacna | B26: =+'[2]AVE 04-99'!D1431 -> 18512.862 | C26: =+'[2]OVI 04-99'!D1431 -> 209.16481 | D26: =+'[2]POR 04-99'!D1431 -> 3015.9881 | E26: =+'[2]VAC 04-99'!D1431 -> 1017.4038 | F26: =+'[2]CAP 04-99'!D1431 -> 89.340984 | G26: =+'[2]ALP 04-99'!D1431 -> 264.95162 | H26: =+'[2]LLA 04-99'!D1431 -> 153.44805
A27: Ayacucho | B27: =+'[2]AVE 04-99'!D1434 -> 1013.9557 | C27: =+'[2]OVI 04-99'!D1434 -> 1752.0372 | D27: =+'[2]POR 04-99'!D1434 -> 3060.8287 | E27: =+'[2]VAC 04-99'!D1434 -> 12583.076 | F27: =+'[2]CAP 04-99'!D1434 -> 298.3384 | G27: =+'[2]ALP 04-99'!D1434 -> 745.23915 | H27: =+'[2]LLA 04-99'!D1434 -> 158.01255
A28: Apurímac | B28: =SUM(B29:B30) -> 712.36977 | C28: =SUM(C29:C30) -> 791.72108 | D28: =SUM(D29:D30) -> 2396.2378 | E28: =SUM(E29:E30) -> 4072.6175 | F28: =SUM(F29:F30) -> 174.25475 | G28: =SUM(G29:G30) -> 501.92398 | H28: =SUM(H29:H30) -> 278.84901
A29: Abancay | B29: =+'[2]AVE 04-99'!D1440 -> 436.10644 | C29: =+'[2]OVI 04-99'!D1440 -> 423.79379 | D29: =+'[2]POR 04-99'!D1440 -> 858.82722 | E29: =+'[2]VAC 04-99'!D1440 -> 2058.5345 | F29: =+'[2]CAP 04-99'!D1440 -> 56.158444 | G29: =+'[2]ALP 04-99'!D1440 -> 342.16314 | H29: =+'[2]LLA 04-99'!D1440 -> 142.35718
A30: Andahuaylas | B30: =+'[2]AVE 04-99'!D1443 -> 276.26333 | C30: =+'[2]OVI 04-99'!D1443 -> 367.92729 | D30: =+'[2]POR 04-99'!D1443 -> 1537.4106 | E30: =+'[2]VAC 04-99'!D1443 -> 2014.083 | F30: =+'[2]CAP 04-99'!D1443 -> 118.09631 | G30: =+'[2]ALP 04-99'!D1443 -> 159.76084 | H30: =+'[2]LLA 04-99'!D1443 -> 136.49183
A31: Cusco | B31: =+'[2]AVE 04-99'!D1446 -> 3693.4558 | C31: =+'[2]OVI 04-99'!D1446 -> 4045.134 | D31: =+'[2]POR 04-99'!D1446 -> 5904.7283 | E31: =+'[2]VAC 04-99'!D1446 -> 11984.62 | F31: =+'[2]CAP 04-99'!D1446 -> 53.8272 | G31: =+'[2]ALP 04-99'!D1446 -> 2597.0751 | H31: =+'[2]LLA 04-99'!D1446 -> 619.4331
A32: Puno | B32: =+'[2]AVE 04-99'!D1449 -> 2552.1214 | C32: =+'[2]OVI 04-99'!D1449 -> 8477.459 | D32: =+'[2]POR 04-99'!D1449 -> 2632.25 | E32: =+'[2]VAC 04-99'!D1449 -> 22610.585 | F32: =+'[2]CAP 04-99'!D1449 -> 0 | G32: =+'[2]ALP 04-99'!D1449 -> 5959.4952 | H32: =+'[2]LLA 04-99'!D1449 -> 1583.1625
A33: San Martín | B33: =+'[2]AVE 04-99'!D1452 -> 37615.112 | C33: =+'[2]OVI 04-99'!D1452 -> 57.274016 | D33: =+'[2]POR 04-99'!D1452 -> 3055.5477 | E33: =+'[2]VAC 04-99'!D1452 -> 5698.226 | F33: =+'[2]CAP 04-99'!D1452 -> 0 | G33: =+'[2]ALP 04-99'!D1452 -> 0 | H33: =+'[2]LLA 04-99'!D1452 -> 0
A34: Loreto | B34: =+'[2]AVE 04-99'!D1455 -> 25394.198 | C34: =+'[2]OVI 04-99'!D1455 -> 29.5648 | D34: =+'[2]POR 04-99'!D1455 -> 1947.5077 | E34: =+'[2]VAC 04-99'!D1455 -> 1550.2587 | F34: =+'[2]CAP 04-99'!D1455 -> 0.31368 | G34: =+'[2]ALP 04-99'!D1455 -> 0 | H34: =+'[2]LLA 04-99'!D1455 -> 0
A35: Ucayali | B35: =+'[2]AVE 04-99'!D1458 -> 14646.529 | C35: =+'[2]OVI 04-99'!D1458 -> 30.11715 | D35: =+'[2]POR 04-99'!D1458 -> 917.85877 | E35: =+'[2]VAC 04-99'!D1458 -> 2732.7376 | F35: =+'[2]CAP 04-99'!D1458 -> 0 | G35: =+'[2]ALP 04-99'!D1458 -> 0 | H35: =+'[2]LLA 04-99'!D1458 -> 0
A36: Madre de Dios | B36: =+'[2]AVE 04-99'!D1461 -> 9015.899 | C36: =+'[2]OVI 04-99'!D1461 -> 26.425559 | D36: =+'[2]POR 04-99'!D1461 -> 1336.413 | E36: =+'[2]VAC 04-99'!D1461 -> 1887.4389 | F36: =+'[2]CAP 04-99'!D1461 -> 0 | G36: =+'[2]ALP 04-99'!D1461 -> 0 | H36: =+'[2]LLA 04-99'!D1461 -> 0
A37: P Preliminar
A38: Fuente: Direcciones Regionales de Agricultura
A39: Elaboración: Ministerio de Desarrollo Agrario y Riego - DGESEP - DEIA

Sheet C 9
A2: C.9 PERÚ: RENDIMIENTO DE CARNES POR ESPECIE, SEGÚN REGIÓN, 2023P
A3: (Kg/Unidad )
A5: Región | B5: Ave | C5: Ovino | D5: Porcino | E5: Vacuno | F5: Caprino | G5: Alpaca | H5: Llama
A6: Nacional | B6: =('C 8'!B6/'C 7'!B6)*1000 -> 2.2557306 | C6: =('C 8'!C6/'C 7'!C6)*1000 -> 12.984967 | D6: =('C 8'!D6/'C 7'!D6)*1000 -> 53.099162 | E6: =('C 8'!E6/'C 7'!E6)*1000 -> 147.78631 | F6: =('C 8'!F6/'C 7'!F6)*1000 -> 12.701915 | G6: =('C 8'!G6/'C 7'!G6)*1000 -> 26.581723 | H6: =('C 8'!H6/'C 7'!H6)*1000 -> 33.45487
A8: Tumbes | B8: ='C 8'!B8/'C 7'!B8*1000 -> 2.5383682 | C8: ='C 8'!C8/'C 7'!C8*1000 -> 11.558081 | D8: ='C 8'!D8/'C 7'!D8*1000 -> 57.769845 | E8: ='C 8'!E8/'C 7'!E8*1000 -> 140.41269 | F8: ='C 8'!F8/'C 7'!F8*1000 -> 10.182361 | G8: 0 | H8: 0 | I8: -
A9: Piura | B9: ='C 8'!B9/'C 7'!B9*1000 -> 2.229802 | C9: ='C 8'!C9/'C 7'!C9*1000 -> 16.408305 | D9: ='C 8'!D9/'C 7'!D9*1000 -> 52.58895 | E9: ='C 8'!E9/'C 7'!E9*1000 -> 152.01236 | F9: ='C 8'!F9/'C 7'!F9*1000 -> 14.496852 | G9: 0 | H9: 0
A10: Lambayeque | B10: ='C 8'!B10/'C 7'!B10*1000 -> 2.2244056 | C10: ='C 8'!C10/'C 7'!C10*1000 -> 16.452529 | D10: ='C 8'!D10/'C 7'!D10*1000 -> 53.64133 | E10: ='C 8'!E10/'C 7'!E10*1000 -> 145.79299 | F10: ='C 8'!F10/'C 7'!F10*1000 -> 14.324625 | G10: 0 | H10: 0
A11: La Libertad | B11: ='C 8'!B11/'C 7'!B11*1000 -> 2.2215999 | C11: ='C 8'!C11/'C 7'!C11*1000 -> 13.652558 | D11: ='C 8'!D11/'C 7'!D11*1000 -> 59.294025 | E11: ='C 8'!E11/'C 7'!E11*1000 -> 143.2602 | F11: ='C 8'!F11/'C 7'!F11*1000 -> 13.186945 | G11: ='C 8'!G11/'C 7'!G11*1000 -> 31.229016 | H11: 0
A12: Cajamarca | B12: ='C 8'!B12/'C 7'!B12*1000 -> 2.191937 | C12: ='C 8'!C12/'C 7'!C12*1000 -> 11.63364 | D12: ='C 8'!D12/'C 7'!D12*1000 -> 40.959973 | E12: ='C 8'!E12/'C 7'!E12*1000 -> 134.93613 | F12: ='C 8'!F12/'C 7'!F12*1000 -> 11.015536 | G12: 0 | H12: 0
A13: Cajamarca | B13: ='C 8'!B13/'C 7'!B13*1000 -> 2.2480571 | C13: ='C 8'!C13/'C 7'!C13*1000 -> 11.394014 | D13: ='C 8'!D13/'C 7'!D13*1000 -> 35.850942 | E13: ='C 8'!E13/'C 7'!E13*1000 -> 128.01022 | F13: ='C 8'!F13/'C 7'!F13*1000 -> 10.737055 | G13: 0 | H13: 0
A14: Chota | B14: ='C 8'!B14/'C 7'!B14*1000 -> 2.0668684 | C14: ='C 8'!C14/'C 7'!C14*1000 -> 12.107699 | D14: ='C 8'!D14/'C 7'!D14*1000 -> 42.80111 | E14: ='C 8'!E14/'C 7'!E14*1000 -> 134.90988 | F14: ='C 8'!F14/'C 7'!F14*1000 -> 12.541039 | G14: 0 | H14: 0
A15: Jaén | B15: ='C 8'!B15/'C 7'!B15*1000 -> 2.1239099 | C15: ='C 8'!C15/'C 7'!C15*1000 -> 12.692117 | D15: ='C 8'!D15/'C 7'!D15*1000 -> 46.095143 | E15: ='C 8'!E15/'C 7'!E15*1000 -> 155.83526 | F15: ='C 8'!F15/'C 7'!F15*1000 -> 11.212641 | G15: 0 | H15: 0
A16: Amazonas | B16: ='C 8'!B16/'C 7'!B16*1000 -> 2.1243423 | C16: ='C 8'!C16/'C 7'!C16*1000 -> 15.887098 | D16: ='C 8'!D16/'C 7'!D16*1000 -> 52.491636 | E16: ='C 8'!E16/'C 7'!E16*1000 -> 145.99959 | F16: ='C 8'!F16/'C 7'!F16*1000 -> 12.616314 | G16: 0 | H16: 0
A17: Ancash | B17: ='C 8'!B17/'C 7'!B17*1000 -> 2.2789662 | C17: ='C 8'!C17/'C 7'!C17*1000 -> 10.720096 | D17: ='C 8'!D17/'C 7'!D17*1000 -> 31.441097 | E17: ='C 8'!E17/'C 7'!E17*1000 -> 137.42059 | F17: ='C 8'!F17/'C 7'!F17*1000 -> 9.9101112 | G17: ='C 8'!G17/'C 7'!G17*1000 -> 24.870134 | H17: 0
A18: Lima | B18: ='C 8'!B18/'C 7'!B18*1000 -> 2.2720568 | C18: ='C 8'!C18/'C 7'!C18*1000 -> 12.570774 | D18: ='C 8'!D18/'C 7'!D18*1000 -> 63.276865 | E18: ='C 8'!E18/'C 7'!E18*1000 -> 197.34893 | F18: ='C 8'!F18/'C 7'!F18*1000 -> 12.629698 | G18: ='C 8'!G18/'C 7'!G18*1000 -> 29.043631 | H18: ='C 8'!H18/'C 7'!H18*1000 -> 32.289304
A19: Ica | B19: ='C 8'!B19/'C 7'!B19*1000 -> 2.1989501 | C19: ='C 8'!C19/'C 7'!C19*1000 -> 11.951831 | D19: ='C 8'!D19/'C 7'!D19*1000 -> 44.320797 | E19: ='C 8'!E19/'C 7'!E19*1000 -> 128.98872 | F19: ='C 8'!F19/'C 7'!F19*1000 -> 13.692121 | G19: 0 | H19: 0
A20: Huánuco | B20: ='C 8'!B20/'C 7'!B20*1000 -> 2.1310984 | C20: ='C 8'!C20/'C 7'!C20*1000 -> 11.131183 | D20: ='C 8'!D20/'C 7'!D20*1000 -> 37.932713 | E20: ='C 8'!E20/'C 7'!E20*1000 -> 166.43933 | F20: ='C 8'!F20/'C 7'!F20*1000 -> 9.8396125 | G20: ='C 8'!G20/'C 7'!G20*1000 -> 26.442507 | H20: 0
A21: Pasco | B21: ='C 8'!B21/'C 7'!B21*1000 -> 2.2049239 | C21: ='C 8'!C21/'C 7'!C21*1000 -> 11.880644 | D21: ='C 8'!D21/'C 7'!D21*1000 -> 37.263643 | E21: ='C 8'!E21/'C 7'!E21*1000 -> 160.80909 | F21: ='C 8'!F21/'C 7'!F21*1000 -> 11.162179 | G21: ='C 8'!G21/'C 7'!G21*1000 -> 23.019312 | H21: ='C 8'!H21/'C 7'!H21*1000 -> 29.298508
A22: Junín | B22: ='C 8'!B22/'C 7'!B22*1000 -> 2.2242864 | C22: ='C 8'!C22/'C 7'!C22*1000 -> 11.526581 | D22: ='C 8'!D22/'C 7'!D22*1000 -> 46.66665 | E22: ='C 8'!E22/'C 7'!E22*1000 -> 143.25669 | F22: ='C 8'!F22/'C 7'!F22*1000 -> 10.389831 | G22: ='C 8'!G22/'C 7'!G22*1000 -> 22.491208 | H22: ='C 8'!H22/'C 7'!H22*1000 -> 27.953777
A23: Huancavelica | B23: ='C 8'!B23/'C 7'!B23*1000 -> 2.1397511 | C23: ='C 8'!C23/'C 7'!C23*1000 -> 12.838758 | D23: ='C 8'!D23/'C 7'!D23*1000 -> 40.198691 | E23: ='C 8'!E23/'C 7'!E23*1000 -> 121.93289 | F23: ='C 8'!F23/'C 7'!F23*1000 -> 14.576523 | G23: ='C 8'!G23/'C 7'!G23*1000 -> 24.820754 | H23: ='C 8'!H23/'C 7'!H23*1000 -> 31.718161
A24: Arequipa | B24: ='C 8'!B24/'C 7'!B24*1000 -> 2.284396 | C24: ='C 8'!C24/'C 7'!C24*1000 -> 14.398207 | D24: ='C 8'!D24/'C 7'!D24*1000 -> 56.083871 | E24: ='C 8'!E24/'C 7'!E24*1000 -> 165.00819 | F24: ='C 8'!F24/'C 7'!F24*1000 -> 11.758357 | G24: ='C 8'!G24/'C 7'!G24*1000 -> 24.529029 | H24: ='C 8'!H24/'C 7'!H24*1000 -> 34.540425
A25: Moquegua | B25: ='C 8'!B25/'C 7'!B25*1000 -> 2.0995031 | C25: ='C 8'!C25/'C 7'!C25*1000 -> 21.277674 | D25: ='C 8'!D25/'C 7'!D25*1000 -> 47.087604 | E25: ='C 8'!E25/'C 7'!E25*1000 -> 202.39392 | F25: ='C 8'!F25/'C 7'!F25*1000 -> 15.435289 | G25: ='C 8'!G25/'C 7'!G25*1000 -> 27.724148 | H25: ='C 8'!H25/'C 7'!H25*1000 -> 33.271223
A26: Tacna | B26: ='C 8'!B26/'C 7'!B26*1000 -> 2.2312403 | C26: ='C 8'!C26/'C 7'!C26*1000 -> 24.094553 | D26: ='C 8'!D26/'C 7'!D26*1000 -> 42.610138 | E26: ='C 8'!E26/'C 7'!E26*1000 -> 188.54778 | F26: ='C 8'!F26/'C 7'!F26*1000 -> 14.990098 | G26: ='C 8'!G26/'C 7'!G26*1000 -> 27.674077 | H26: ='C 8'!H26/'C 7'!H26*1000 -> 28.37427
A27: Ayacucho | B27: ='C 8'!B27/'C 7'!B27*1000 -> 2.1508176 | C27: ='C 8'!C27/'C 7'!C27*1000 -> 12.318858 | D27: ='C 8'!D27/'C 7'!D27*1000 -> 45.395378 | E27: ='C 8'!E27/'C 7'!E27*1000 -> 128.23125 | F27: ='C 8'!F27/'C 7'!F27*1000 -> 12.100032 | G27: ='C 8'!G27/'C 7'!G27*1000 -> 25.34396 | H27: ='C 8'!H27/'C 7'!H27*1000 -> 28.01641
A28: Apurímac | B28: ='C 8'!B28/'C 7'!B28*1000 -> 2.1169713 | C28: ='C 8'!C28/'C 7'!C28*1000 -> 11.370892 | D28: ='C 8'!D28/'C 7'!D28*1000 -> 43.111993 | E28: ='C 8'!E28/'C 7'!E28*1000 -> 115.41397 | F28: ='C 8'!F28/'C 7'!F28*1000 -> 11.073306 | G28: ='C 8'!G28/'C 7'!G28*1000 -> 24.621871 | H28: ='C 8'!H28/'C 7'!H28*1000 -> 27.636175
A29: Abancay | B29: ='C 8'!B29/'C 7'!B29*1000 -> 2.1153485 | C29: ='C 8'!C29/'C 7'!C29*1000 -> 11.879626 | D29: ='C 8'!D29/'C 7'!D29*1000 -> 39.379486 | E29: ='C 8'!E29/'C 7'!E29*1000 -> 116.30796 | F29: ='C 8'!F29/'C 7'!F29*1000 -> 12.110943 | G29: ='C 8'!G29/'C 7'!G29*1000 -> 24.753139 | H29: ='C 8'!H29/'C 7'!H29*1000 -> 25.312443
A30: Andahuaylas | B30: ='C 8'!B30/'C 7'!B30*1000 -> 2.1195382 | C30: ='C 8'!C30/'C 7'!C30*1000 -> 10.836371 | D30: ='C 8'!D30/'C 7'!D30*1000 -> 45.522289 | E30: ='C 8'!E30/'C 7'!E30*1000 -> 114.51435 | F30: ='C 8'!F30/'C 7'!F30*1000 -> 10.639815 | G30: ='C 8'!G30/'C 7'!G30*1000 -> 24.345362 | H30: ='C 8'!H30/'C 7'!H30*1000 -> 30.562433
A31: Cusco | B31: ='C 8'!B31/'C 7'!B31*1000 -> 2.1857722 | C31: ='C 8'!C31/'C 7'!C31*1000 -> 13.080593 | D31: ='C 8'!D31/'C 7'!D31*1000 -> 39.773729 | E31: ='C 8'!E31/'C 7'!E31*1000 -> 155.45666 | F31: ='C 8'!F31/'C 7'!F31*1000 -> 12.945455 | G31: ='C 8'!G31/'C 7'!G31*1000 -> 26.837883 | H31: ='C 8'!H31/'C 7'!H31*1000 -> 30.544038
A32: Puno | B32: ='C 8'!B32/'C 7'!B32*1000 -> 2.0597236 | C32: ='C 8'!C32/'C 7'!C32*1000 -> 13.961445 | D32: ='C 8'!D32/'C 7'!D32*1000 -> 34.278552 | E32: ='C 8'!E32/'C 7'!E32*1000 -> 144.28297 | F32: 0 | G32: ='C 8'!G32/'C 7'!G32*1000 -> 27.899605 | H32: ='C 8'!H32/'C 7'!H32*1000 -> 39.633559
A33: San Martín | B33: ='C 8'!B33/'C 7'!B33*1000 -> 2.264966 | C33: ='C 8'!C33/'C 7'!C33*1000 -> 11.054626 | D33: ='C 8'!D33/'C 7'!D33*1000 -> 39.434563 | E33: ='C 8'!E33/'C 7'!E33*1000 -> 110.80869 | F33: 0 | G33: 0 | H33: 0
A34: Loreto | B34: ='C 8'!B34/'C 7'!B34*1000 -> 2.2161299 | C34: ='C 8'!C34/'C 7'!C34*1000 -> 13.469157 | D34: ='C 8'!D34/'C 7'!D34*1000 -> 41.336073 | E34: ='C 8'!E34/'C 7'!E34*1000 -> 149.36494 | F34: ='C 8'!F34/'C 7'!F34*1000 -> 10.769907 | G34: 0 | H34: 0
A35: Ucayali | B35: ='C 8'!B35/'C 7'!B35*1000 -> 2.2441382 | C35: ='C 8'!C35/'C 7'!C35*1000 -> 11.746158 | D35: ='C 8'!D35/'C 7'!D35*1000 -> 44.999695 | E35: ='C 8'!E35/'C 7'!E35*1000 -> 127.26982 | F35: 0 | G35: 0 | H35: 0
A36: Madre de Dios | B36: ='C 8'!B36/'C 7'!B36*1000 -> 2.2043958 | C36: ='C 8'!C36/'C 7'!C36*1000 -> 16.142675 | D36: ='C 8'!D36/'C 7'!D36*1000 -> 62.4317 | E36: ='C 8'!E36/'C 7'!E36*1000 -> 162.02583 | F36: 0 | G36: 0 | H36: 0
A37: P Preliminar
A38: Fuente: Direcciones Regionales de Agricultura
A39: Elaboración: Ministerio de Desarrollo Agrario y Riego - DGESEP - DEIA

Sheet C 10
A2: C.10 PERÚ: ESPECIES PECUARIAS EN PRODUCCIÓN Y ANIMALES ESQUILADOS POR ESPECIE, SEGÚN REGIÓN, 2023P
A3: (Unidades)
A5: Región | B5: Gallinas en Postura | C5: Vacas en Ordeño | D5: Alpacas Esquiladas | E5: Llamas Esquiladas | F5: Ovinos Esquilados
A6: Nacional | B6: =(B8+B9+B10+B11+B12+B16++B17+B18+B19+B20+B21+B22+B23+B24+B25+B26+B27+B28+B31+B32+B33+B34+B35+B36) -> 28261110 | C6: =(C8+C9+C10+C11+C12+C16++C17+C18+C19+C20+C21+C22+C23+C24+C25+C26+C27+C28+C31+C32+C33+C34+C35+C36) -> 933432.9 | D6: =(D8+D9+D10+D11+D12+D16++D17+D18+D19+D20+D21+D22+D23+D24+D25+D26+D27+D28+D31+D32+D33+D34+D35+D36) -> 2140341.2 | E6: =(E8+E9+E10+E11+E12+E16++E17+E18+E19+E20+E21+E22+E23+E24+E25+E26+E27+E28+E31+E32+E33+E34+E35+E36) -> 339233.3 | F6: =(F8+F9+F10+F11+F12+F16++F17+F18+F19+F20+F21+F22+F23+F24+F25+F26+F27+F28+F31+F32+F33+F34+F35+F36) -> 4240780.7
A8: Tumbes | B8: =+'[2]HUE 04-99'!D1376 -> 10302.328 | C8: =+'[2]VAC-LE 04-01'!D1388 -> 318.66667 | D8: =+'[2]F AL 04-99'!D1376 -> 0 | E8: =+'[2]F LL 04-99)'!D1376 -> 0 | F8: =+'[2]L OV 04-99)'!D1376 -> 0
A9: Piura | B9: =+'[2]HUE 04-99'!D1379 -> 362950.53 | C9: =+'[2]VAC-LE 04-01'!D1391 -> 25109.129 | D9: =+'[2]F AL 04-99'!D1379 -> 0 | E9: =+'[2]F LL 04-99)'!D1379 -> 0 | F9: =+'[2]L OV 04-99)'!D1379 -> 23198
A10: Lambayeque | B10: =+'[2]HUE 04-99'!D1382 -> 421132.5 | C10: =+'[2]VAC-LE 04-01'!D1394 -> 17530.092 | D10: =+'[2]F AL 04-99'!D1382 -> 0 | E10: =+'[2]F LL 04-99)'!D1382 -> 0 | F10: =+'[2]L OV 04-99)'!D1382 -> 0
A11: La Libertad | B11: =+'[2]HUE 04-99'!D1385 -> 4786627.6 | C11: =+'[2]VAC-LE 04-01'!D1397 -> 55033 | D11: =+'[2]F AL 04-99'!D1385 -> 4854 | E11: =+'[2]F LL 04-99)'!D1385 -> 0 | F11: =+'[2]L OV 04-99)'!D1385 -> 263458
A12: Cajamarca | B12: =SUM(B13:B15) -> 368438.4 | C12: =SUM(C13:C15) -> 169411.14 | D12: =SUM(D13:D15) -> 0 | E12: =SUM(E13:E15) -> 0 | F12: =SUM(F13:F15) -> 140112.34
A13: Cajamarca | B13: =+'[2]HUE 04-99'!D1391 -> 158856.75 | C13: =+'[2]VAC-LE 04-01'!D1403 -> 98962.275 | D13: =+'[2]F AL 04-99'!D1391 -> 0 | E13: =+'[2]F LL 04-99)'!D1391 -> 0 | F13: =+'[2]L OV 04-99)'!D1391 -> 109789.04
A14: Chota | B14: =+'[2]HUE 04-99'!D1394 -> 131676.41 | C14: =+'[2]VAC-LE 04-01'!D1406 -> 64920.008 | D14: =+'[2]F AL 04-99'!D1394 -> 0 | E14: =+'[2]F LL 04-99)'!D1394 -> 0 | F14: =+'[2]L OV 04-99)'!D1394 -> 30323.3
A15: Jaén | B15: =+'[2]HUE 04-99'!D1397 -> 77905.247 | C15: =+'[2]VAC-LE 04-01'!D1409 -> 5528.8583 | D15: =+'[2]F AL 04-99'!D1397 -> 0 | E15: =+'[2]F LL 04-99)'!D1397 -> 0 | F15: =+'[2]L OV 04-99)'!D1397 -> 0
A16: Amazonas | B16: =+'[2]HUE 04-99'!D1400 -> 131816.26 | C16: =+'[2]VAC-LE 04-01'!D1412 -> 83168.333 | D16: =+'[2]F AL 04-99'!D1400 -> 0 | E16: =+'[2]F LL 04-99)'!D1400 -> 0 | F16: =+'[2]L OV 04-99)'!D1400 -> 6054
A17: Ancash | B17: =+'[2]HUE 04-99'!D1403 -> 195481.02 | C17: =+'[2]VAC-LE 04-01'!D1415 -> 18886.5 | D17: =+'[2]F AL 04-99'!D1403 -> 0 | E17: =+'[2]F LL 04-99)'!D1403 -> 0 | F17: =+'[2]L OV 04-99)'!D1403 -> 10280
A18: Lima | B18: =+'[2]HUE 04-99'!D1406 -> 7491158.3 | C18: =+'[2]VAC-LE 04-01'!D1418 -> 72321.044 | D18: =+'[2]F AL 04-99'!D1406 -> 16577.7 | E18: =+'[2]F LL 04-99)'!D1406 -> 1436 | F18: =+'[2]L OV 04-99)'!D1406 -> 89625.368
A19: Ica | B19: =+'[2]HUE 04-99'!D1409 -> 10181756 | C19: =+'[2]VAC-LE 04-01'!D1421 -> 19217.917 | D19: =+'[2]F AL 04-99'!D1409 -> 0 | E19: =+'[2]F LL 04-99)'!D1409 -> 0 | F19: =+'[2]L OV 04-99)'!D1409 -> 0
A20: Huánuco | B20: =+'[2]HUE 04-99'!D1412 -> 163065.71 | C20: =+'[2]VAC-LE 04-01'!D1424 -> 41204.25 | D20: =+'[2]F AL 04-99'!D1412 -> 2435 | E20: =+'[2]F LL 04-99)'!D1412 -> 0 | F20: =+'[2]L OV 04-99)'!D1412 -> 78569
A21: Pasco | B21: =+'[2]HUE 04-99'!D1415 -> 27762.966 | C21: =+'[2]VAC-LE 04-01'!D1427 -> 31278.583 | D21: =+'[2]F AL 04-99'!D1415 -> 107008 | E21: =+'[2]F LL 04-99)'!D1415 -> 8561 | F21: =+'[2]L OV 04-99)'!D1415 -> 396539
A22: Junín | B22: =+'[2]HUE 04-99'!D1418 -> 132973.26 | C22: =+'[2]VAC-LE 04-01'!D1430 -> 41790.917 | D22: =+'[2]F AL 04-99'!D1418 -> 71413 | E22: =+'[2]F LL 04-99)'!D1418 -> 36710 | F22: =+'[2]L OV 04-99)'!D1418 -> 872873
A23: Huancavelica | B23: =+'[2]HUE 04-99'!D1421 -> 116634.46 | C23: =+'[2]VAC-LE 04-01'!D1433 -> 12577.833 | D23: =+'[2]F AL 04-99'!D1421 -> 51963.74 | E23: =+'[2]F LL 04-99)'!D1421 -> 6238 | F23: =+'[2]L OV 04-99)'!D1421 -> 127851
A24: Arequipa | B24: =+'[2]HUE 04-99'!D1424 -> 1136319.9 | C24: =+'[2]VAC-LE 04-01'!D1436 -> 71265.583 | D24: =+'[2]F AL 04-99'!D1424 -> 68485 | E24: =+'[2]F LL 04-99)'!D1424 -> 17359 | F24: =+'[2]L OV 04-99)'!D1424 -> 31615
A25: Moquegua | B25: =+'[2]HUE 04-99'!D1427 -> 33664.671 | C25: =+'[2]VAC-LE 04-01'!D1439 -> 5730.6667 | D25: =+'[2]F AL 04-99'!D1427 -> 26351 | E25: =+'[2]F LL 04-99)'!D1427 -> 4091 | F25: =+'[2]L OV 04-99)'!D1427 -> 2453
A26: Tacna | B26: =+'[2]HUE 04-99'!D1430 -> 305191.41 | C26: =+'[2]VAC-LE 04-01'!D1442 -> 5400.3333 | D26: =+'[2]F AL 04-99'!D1430 -> 38738 | E26: =+'[2]F LL 04-99)'!D1430 -> 0 | F26: =+'[2]L OV 04-99)'!D1430 -> 0
A27: Ayacucho | B27: =+'[2]HUE 04-99'!D1433 -> 111240.09 | C27: =+'[2]VAC-LE 04-01'!D1445 -> 28184.167 | D27: =+'[2]F AL 04-99'!D1433 -> 63250 | E27: =+'[2]F LL 04-99)'!D1433 -> 5795 | F27: =+'[2]L OV 04-99)'!D1433 -> 112360
A28: Apurímac | B28: =SUM(B29:B30) -> 90528.34 | C28: =SUM(C29:C30) -> 28762.242 | D28: =SUM(D29:D30) -> 37550.718 | E28: =SUM(E29:E30) -> 17393.3 | F28: =SUM(F29:F30) -> 67143
A29: Abancay | B29: =+'[2]HUE 04-99'!D1439 -> 42890.863 | C29: =+'[2]VAC-LE 04-01'!D1451 -> 17592.425 | D29: =+'[2]F AL 04-99'!D1439 -> 29208.4 | E29: =+'[2]F LL 04-99)'!D1439 -> 10930.3 | F29: =+'[2]L OV 04-99)'!D1439 -> 54634
A30: Andahuaylas | B30: =+'[2]HUE 04-99'!D1442 -> 47637.477 | C30: =+'[2]VAC-LE 04-01'!D1454 -> 11169.817 | D30: =+'[2]F AL 04-99'!D1442 -> 8342.318 | E30: =+'[2]F LL 04-99)'!D1442 -> 6463 | F30: =+'[2]L OV 04-99)'!D1442 -> 12509
A31: Cusco | B31: =+'[2]HUE 04-99'!D1445 -> 227433.42 | C31: =+'[2]VAC-LE 04-01'!D1457 -> 83432.75 | D31: =+'[2]F AL 04-99'!D1445 -> 353945 | E31: =+'[2]F LL 04-99)'!D1445 -> 21660 | F31: =+'[2]L OV 04-99)'!D1445 -> 465170
A32: Puno | B32: =+'[2]HUE 04-99'!D1448 -> 321757.06 | C32: =+'[2]VAC-LE 04-01'!D1460 -> 97251.667 | D32: =+'[2]F AL 04-99'!D1448 -> 1297770 | E32: =+'[2]F LL 04-99)'!D1448 -> 219990 | F32: =+'[2]L OV 04-99)'!D1448 -> 1553480
A33: San Martín | B33: =+'[2]HUE 04-99'!D1451 -> 865884.24 | C33: =+'[2]VAC-LE 04-01'!D1463 -> 20473.333 | D33: =+'[2]F AL 04-99'!D1451 -> 0 | E33: =+'[2]F LL 04-99)'!D1451 -> 0 | F33: =+'[2]L OV 04-99)'!D1451 -> 0
A34: Loreto | B34: =+'[2]HUE 04-99'!D1454 -> 354431.14 | C34: =+'[2]VAC-LE 04-01'!D1466 -> 1170.5833 | D34: =+'[2]F AL 04-99'!D1454 -> 0 | E34: =+'[2]F LL 04-99)'!D1454 -> 0 | F34: =+'[2]L OV 04-99)'!D1454 -> 0
A35: Ucayali | B35: =+'[2]HUE 04-99'!D1457 -> 226269.43 | C35: =+'[2]VAC-LE 04-01'!D1469 -> 2962.5 | D35: =+'[2]F AL 04-99'!D1457 -> 0 | E35: =+'[2]F LL 04-99)'!D1457 -> 0 | F35: =+'[2]L OV 04-99)'!D1457 -> 0
A36: Madre de Dios | B36: =+'[2]HUE 04-99'!D1460 -> 198291.16 | C36: =+'[2]VAC-LE 04-01'!D1472 -> 951.66667 | D36: =+'[2]F AL 04-99'!D1460 -> 0 | E36: =+'[2]F LL 04-99)'!D1460 -> 0 | F36: =+'[2]L OV 04-99)'!D1460 -> 0
A37: P Preliminar
A38: Fuente: Direcciones Regionales de Agricultura
A39: Elaboración: Ministerio de Desarrollo Agrario y Riego - DGESEP - DEIA

Sheet C 11
A2: C.11 PERÚ: PRODUCCIÓN DE PRINCIPALES PRODUCTOS PECUARIOS SEGÚN REGIÓN, 2023P
A3: (Toneladas)
A5: Región | B5: Huevo de gallina | C5: Leche fresca de vaca | D5: Fibra de alpaca | E5: Fibra de llama | F5: Lana de ovino
A6: Nacional | B6: =(B8+B9+B10+B11+B12+B16++B17+B18+B19+B20+B21+B22+B23+B24+B25+B26+B27+B28+B31+B32+B33+B34+B35+B36) -> 503080 | C6: =(C8+C9+C10+C11+C12+C16++C17+C18+C19+C20+C21+C22+C23+C24+C25+C26+C27+C28+C31+C32+C33+C34+C35+C36) -> 2201096.3 | D6: =(D8+D9+D10+D11+D12+D16++D17+D18+D19+D20+D21+D22+D23+D24+D25+D26+D27+D28+D31+D32+D33+D34+D35+D36) -> 4466.3716 | E6: =(E8+E9+E10+E11+E12+E16++E17+E18+E19+E20+E21+E22+E23+E24+E25+E26+E27+E28+E31+E32+E33+E34+E35+E36) -> 699.24636 | F6: =(F8+F9+F10+F11+F12+F16++F17+F18+F19+F20+F21+F22+F23+F24+F25+F26+F27+F28+F31+F32+F33+F34+F35+F36) -> 8009.8296
A8: Tumbes | B8: =+'[2]HUE 04-99'!D1377 -> 92.668475 | C8: =+'[2]VAC-LE 04-01'!D1389 -> 312.15886 | D8: =+'[2]F AL 04-99'!D1377 -> 0 | E8: =+'[2]F LL 04-99)'!D1377 -> 0 | F8: =+'[2]L OV 04-99)'!D1377 -> 0
A9: Piura | B9: =+'[2]HUE 04-99'!D1380 -> 4656.8228 | C9: =+'[2]VAC-LE 04-01'!D1392 -> 44385.582 | D9: =+'[2]F AL 04-99'!D1380 -> 0 | E9: =+'[2]F LL 04-99)'!D1380 -> 0 | F9: =+'[2]L OV 04-99)'!D1380 -> 25.515822
A10: Lambayeque | B10: =+'[2]HUE 04-99'!D1383 -> 7015.945 | C10: =+'[2]VAC-LE 04-01'!D1395 -> 44967.876 | D10: =+'[2]F AL 04-99'!D1383 -> 0 | E10: =+'[2]F LL 04-99)'!D1383 -> 0 | F10: =+'[2]L OV 04-99)'!D1383 -> 0
A11: La Libertad | B11: =+'[2]HUE 04-99'!D1386 -> 85696.811 | C11: =+'[2]VAC-LE 04-01'!D1398 -> 172973.26 | D11: =+'[2]F AL 04-99'!D1386 -> 16.731061 | E11: =+'[2]F LL 04-99)'!D1386 -> 0 | F11: =+'[2]L OV 04-99)'!D1386 -> 798.61762
A12: Cajamarca | B12: =SUM(B13:B15) -> 2087.4846 | C12: =SUM(C13:C15) -> 393592.68 | D12: =SUM(D13:D15) -> 0 | E12: =SUM(E13:E15) -> 0 | F12: =SUM(F13:F15) -> 218.56047
A13: Cajamarca | B13: =+'[2]HUE 04-99'!D1392 -> 1155.3611 | C13: =+'[2]VAC-LE 04-01'!D1404 -> 241949.29 | D13: =+'[2]F AL 04-99'!D1392 -> 0 | E13: =+'[2]F LL 04-99)'!D1392 -> 0 | F13: =+'[2]L OV 04-99)'!D1392 -> 179.77514
A14: Chota | B14: =+'[2]HUE 04-99'!D1395 -> 567.99452 | C14: =+'[2]VAC-LE 04-01'!D1407 -> 143670.14 | D14: =+'[2]F AL 04-99'!D1395 -> 0 | E14: =+'[2]F LL 04-99)'!D1395 -> 0 | F14: =+'[2]L OV 04-99)'!D1395 -> 38.785331
A15: Jaén | B15: =+'[2]HUE 04-99'!D1398 -> 364.12895 | C15: =+'[2]VAC-LE 04-01'!D1410 -> 7973.2458 | D15: =+'[2]F AL 04-99'!D1398 -> 0 | E15: =+'[2]F LL 04-99)'!D1398 -> 0 | F15: =+'[2]L OV 04-99)'!D1398 -> 0
A16: Amazonas | B16: =+'[2]HUE 04-99'!D1401 -> 1296.5494 | C16: =+'[2]VAC-LE 04-01'!D1413 -> 108888.06 | D16: =+'[2]F AL 04-99'!D1401 -> 0 | E16: =+'[2]F LL 04-99)'!D1401 -> 0 | F16: =+'[2]L OV 04-99)'!D1401 -> 3.7032329
A17: Ancash | B17: =+'[2]HUE 04-99'!D1404 -> 1225.2146 | C17: =+'[2]VAC-LE 04-01'!D1416 -> 22250.64 | D17: =+'[2]F AL 04-99'!D1404 -> 0 | E17: =+'[2]F LL 04-99)'!D1404 -> 0 | F17: =+'[2]L OV 04-99)'!D1404 -> 19.720188
A18: Lima | B18: =+'[2]HUE 04-99'!D1407 -> 139296.43 | C18: =+'[2]VAC-LE 04-01'!D1419 -> 354212.14 | D18: =+'[2]F AL 04-99'!D1407 -> 27.547697 | E18: =+'[2]F LL 04-99)'!D1407 -> 2.239488 | F18: =+'[2]L OV 04-99)'!D1407 -> 123.09311
A19: Ica | B19: =+'[2]HUE 04-99'!D1410 -> 207306.34 | C19: =+'[2]VAC-LE 04-01'!D1422 -> 101493.66 | D19: =+'[2]F AL 04-99'!D1410 -> 0 | E19: =+'[2]F LL 04-99)'!D1410 -> 0 | F19: =+'[2]L OV 04-99)'!D1410 -> 0
A20: Huánuco | B20: =+'[2]HUE 04-99'!D1413 -> 1160.2946 | C20: =+'[2]VAC-LE 04-01'!D1425 -> 63529.605 | D20: =+'[2]F AL 04-99'!D1413 -> 5.6456703 | E20: =+'[2]F LL 04-99)'!D1413 -> 0 | F20: =+'[2]L OV 04-99)'!D1413 -> 130.52778
A21: Pasco | B21: =+'[2]HUE 04-99'!D1416 -> 142.97724 | C21: =+'[2]VAC-LE 04-01'!D1428 -> 38856.149 | D21: =+'[2]F AL 04-99'!D1416 -> 209.04713 | E21: =+'[2]F LL 04-99)'!D1416 -> 14.461832 | F21: =+'[2]L OV 04-99)'!D1416 -> 736.45811
A22: Junín | B22: =+'[2]HUE 04-99'!D1419 -> 977.86286 | C22: =+'[2]VAC-LE 04-01'!D1431 -> 61123.461 | D22: =+'[2]F AL 04-99'!D1419 -> 203.87914 | E22: =+'[2]F LL 04-99)'!D1419 -> 98.025228 | F22: =+'[2]L OV 04-99)'!D1419 -> 1594.6476
A23: Huancavelica | B23: =+'[2]HUE 04-99'!D1422 -> 555.02738 | C23: =+'[2]VAC-LE 04-01'!D1434 -> 21782.804 | D23: =+'[2]F AL 04-99'!D1422 -> 95.287865 | E23: =+'[2]F LL 04-99)'!D1422 -> 11.534054 | F23: =+'[2]L OV 04-99)'!D1422 -> 197.29186
A24: Arequipa | B24: =+'[2]HUE 04-99'!D1425 -> 17769.918 | C24: =+'[2]VAC-LE 04-01'!D1437 -> 335873.74 | D24: =+'[2]F AL 04-99'!D1425 -> 135.0826 | E24: =+'[2]F LL 04-99)'!D1425 -> 36.75682 | F24: =+'[2]L OV 04-99)'!D1425 -> 47.642515
A25: Moquegua | B25: =+'[2]HUE 04-99'!D1428 -> 309.28972 | C25: =+'[2]VAC-LE 04-01'!D1440 -> 17867.513 | D25: =+'[2]F AL 04-99'!D1428 -> 55.948597 | E25: =+'[2]F LL 04-99)'!D1428 -> 7.8928367 | F25: =+'[2]L OV 04-99)'!D1428 -> 3.724131
A26: Tacna | B26: =+'[2]HUE 04-99'!D1431 -> 4951.872 | C26: =+'[2]VAC-LE 04-01'!D1443 -> 23228.665 | D26: =+'[2]F AL 04-99'!D1431 -> 108.11452 | E26: =+'[2]F LL 04-99)'!D1431 -> 0 | F26: =+'[2]L OV 04-99)'!D1431 -> 0
A27: Ayacucho | B27: =+'[2]HUE 04-99'!D1434 -> 725.87217 | C27: =+'[2]VAC-LE 04-01'!D1446 -> 46115.372 | D27: =+'[2]F AL 04-99'!D1434 -> 110.58165 | E27: =+'[2]F LL 04-99)'!D1434 -> 9.28305 | F27: =+'[2]L OV 04-99)'!D1434 -> 149.87475
A28: Apurímac | B28: =SUM(B29:B30) -> 440.21759 | C28: =SUM(C29:C30) -> 32252.753 | D28: =SUM(D29:D30) -> 72.868802 | E28: =SUM(E29:E30) -> 30.61449 | F28: =SUM(F29:F30) -> 120.80582
A29: Abancay | B29: =+'[2]HUE 04-99'!D1440 -> 227.61293 | C29: =+'[2]VAC-LE 04-01'!D1452 -> 17771.017 | D29: =+'[2]F AL 04-99'!D1440 -> 58.338454 | E29: =+'[2]F LL 04-99)'!D1440 -> 18.74134 | F29: =+'[2]L OV 04-99)'!D1440 -> 100.11752
A30: Andahuaylas | B30: =+'[2]HUE 04-99'!D1443 -> 212.60467 | C30: =+'[2]VAC-LE 04-01'!D1455 -> 14481.736 | D30: =+'[2]F AL 04-99'!D1443 -> 14.530348 | E30: =+'[2]F LL 04-99)'!D1443 -> 11.87315 | F30: =+'[2]L OV 04-99)'!D1443 -> 20.688305
A31: Cusco | B31: =+'[2]HUE 04-99'!D1446 -> 749.23626 | C31: =+'[2]VAC-LE 04-01'!D1458 -> 140381.99 | D31: =+'[2]F AL 04-99'!D1446 -> 709.42087 | E31: =+'[2]F LL 04-99)'!D1446 -> 41.613264 | F31: =+'[2]L OV 04-99)'!D1446 -> 742.78361
A32: Puno | B32: =+'[2]HUE 04-99'!D1449 -> 1525.5568 | C32: =+'[2]VAC-LE 04-01'!D1461 -> 136055.53 | D32: =+'[2]F AL 04-99'!D1449 -> 2716.216 | E32: =+'[2]F LL 04-99)'!D1449 -> 446.8253 | F32: =+'[2]L OV 04-99)'!D1449 -> 3096.863
A33: San Martín | B33: =+'[2]HUE 04-99'!D1452 -> 13975.591 | C33: =+'[2]VAC-LE 04-01'!D1464 -> 34447.256 | D33: =+'[2]F AL 04-99'!D1452 -> 0 | E33: =+'[2]F LL 04-99)'!D1452 -> 0 | F33: =+'[2]L OV 04-99)'!D1452 -> 0
A34: Loreto | B34: =+'[2]HUE 04-99'!D1455 -> 4643.7214 | C34: =+'[2]VAC-LE 04-01'!D1467 -> 1378.3332 | D34: =+'[2]F AL 04-99'!D1455 -> 0 | E34: =+'[2]F LL 04-99)'!D1455 -> 0 | F34: =+'[2]L OV 04-99)'!D1455 -> 0
A35: Ucayali | B35: =+'[2]HUE 04-99'!D1458 -> 3326.92 | C35: =+'[2]VAC-LE 04-01'!D1470 -> 3784.5999 | D35: =+'[2]F AL 04-99'!D1458 -> 0 | E35: =+'[2]F LL 04-99)'!D1458 -> 0 | F35: =+'[2]L OV 04-99)'!D1458 -> 0
A36: Madre de Dios | B36: =+'[2]HUE 04-99'!D1461 -> 3151.3853 | C36: =+'[2]VAC-LE 04-01'!D1473 -> 1342.4657 | D36: =+'[2]F AL 04-99'!D1461 -> 0 | E36: =+'[2]F LL 04-99)'!D1461 -> 0 | F36: =+'[2]L OV 04-99)'!D1461 -> 0
A37: P Preliminar
A38: Fuente: Direcciones Regionales de Agricultura
A39: Elaboración: Ministerio de Desarrollo Agrario y Riego - DGESEP - DEIA

Sheet C 12
A2: C.12 PERÚ: RENDIMIENTO PROMEDIO POR PRODUCTO, SEGÚN REGIÓN, 2023P
A3: (Kg/Unidad/Año)
A5: Región | B5: Huevo de gallina | C5: Leche fresca de vaca | D5: Fibra de alpaca | E5: Fibra de llama | F5: Lana de ovino
A6: Nacional | B6: =('C 11'!B6/'C 10'!B6)*1000 -> 17.801141 | C6: =('C 11'!C6/'C 10'!C6)*1000 -> 2358.0659 | D6: =('C 11'!D6/'C 10'!D6)*1000 -> 2.0867569 | E6: =('C 11'!E6/'C 10'!E6)*1000 -> 2.0612551 | F6: =('C 11'!F6/'C 10'!F6)*1000 -> 1.888763
A8: Tumbes | B8: ='C 11'!B8/'C 10'!B8*1000 -> 8.9949063 | C8: ='C 11'!C8/'C 10'!C8*1000 -> 979.57801 | D8: 0 | E8: 0 | F8: 0
A9: Piura | B9: ='C 11'!B9/'C 10'!B9*1000 -> 12.830462 | C9: ='C 11'!C9/'C 10'!C9*1000 -> 1767.7069 | D9: 0 | E9: 0 | F9: ='C 11'!F9/'C 10'!F9*1000 -> 1.0999147
A10: Lambayeque | B10: ='C 11'!B10/'C 10'!B10*1000 -> 16.659709 | C10: ='C 11'!C10/'C 10'!C10*1000 -> 2565.182 | D10: 0 | E10: 0 | F10: 0
A11: La Libertad | B11: ='C 11'!B11/'C 10'!B11*1000 -> 17.90338 | C11: ='C 11'!C11/'C 10'!C11*1000 -> 3143.0825 | D11: ='C 11'!D11/'C 10'!D11*1000 -> 3.4468605 | E11: 0 | F11: ='C 11'!F11/'C 10'!F11*1000 -> 3.0312901
A12: Cajamarca | B12: ='C 11'!B12/'C 10'!B12*1000 -> 5.6657628 | C12: ='C 11'!C12/'C 10'!C12*1000 -> 2323.2986 | D12: 0 | E12: 0 | F12: ='C 11'!F12/'C 10'!F12*1000 -> 1.5598945
A13: Cajamarca | B13: ='C 11'!B13/'C 10'!B13*1000 -> 7.2729748 | C13: ='C 11'!C13/'C 10'!C13*1000 -> 2444.8639 | D13: 0 | E13: 0 | F13: ='C 11'!F13/'C 10'!F13*1000 -> 1.6374598
A14: Chota | B14: ='C 11'!B14/'C 10'!B14*1000 -> 4.3135633 | C14: ='C 11'!C14/'C 10'!C14*1000 -> 2213.0332 | D14: 0 | E14: 0 | F14: ='C 11'!F14/'C 10'!F14*1000 -> 1.2790604
A15: Jaén | B15: ='C 11'!B15/'C 10'!B15*1000 -> 4.6739977 | C15: ='C 11'!C15/'C 10'!C15*1000 -> 1442.1143 | D15: 0 | E15: 0 | F15: 0
A16: Amazonas | B16: ='C 11'!B16/'C 10'!B16*1000 -> 9.8360353 | C16: ='C 11'!C16/'C 10'!C16*1000 -> 1309.249 | D16: 0 | E16: 0 | F16: ='C 11'!F16/'C 10'!F16*1000 -> 0.61170019
A17: Ancash | B17: ='C 11'!B17/'C 10'!B17*1000 -> 6.2676908 | C17: ='C 11'!C17/'C 10'!C17*1000 -> 1178.124 | D17: 0 | E17: 0 | F17: ='C 11'!F17/'C 10'!F17*1000 -> 1.9183063
A18: Lima | B18: ='C 11'!B18/'C 10'!B18*1000 -> 18.594778 | C18: ='C 11'!C18/'C 10'!C18*1000 -> 4897.7742 | D18: ='C 11'!D18/'C 10'!D18*1000 -> 1.6617321 | E18: ='C 11'!E18/'C 10'!E18*1000 -> 1.559532 | F18: ='C 11'!F18/'C 10'!F18*1000 -> 1.3734181
A19: Ica | B19: ='C 11'!B19/'C 10'!B19*1000 -> 20.360568 | C19: ='C 11'!C19/'C 10'!C19*1000 -> 5281.2001 | D19: 0 | E19: 0 | F19: 0
A20: Huánuco | B20: ='C 11'!B20/'C 10'!B20*1000 -> 7.1155034 | C20: ='C 11'!C20/'C 10'!C20*1000 -> 1541.8217 | D20: ='C 11'!D20/'C 10'!D20*1000 -> 2.3185504 | E20: 0 | F20: ='C 11'!F20/'C 10'!F20*1000 -> 1.661314
A21: Pasco | B21: ='C 11'!B21/'C 10'!B21*1000 -> 5.1499266 | C21: ='C 11'!C21/'C 10'!C21*1000 -> 1242.2605 | D21: ='C 11'!D21/'C 10'!D21*1000 -> 1.9535654 | E21: ='C 11'!E21/'C 10'!E21*1000 -> 1.6892691 | F21: ='C 11'!F21/'C 10'!F21*1000 -> 1.8572148
A22: Junín | B22: ='C 11'!B22/'C 10'!B22*1000 -> 7.3538307 | C22: ='C 11'!C22/'C 10'!C22*1000 -> 1462.6016 | D22: ='C 11'!D22/'C 10'!D22*1000 -> 2.8549303 | E22: ='C 11'!E22/'C 10'!E22*1000 -> 2.6702595 | F22: ='C 11'!F22/'C 10'!F22*1000 -> 1.8268953
A23: Huancavelica | B23: ='C 11'!B23/'C 10'!B23*1000 -> 4.7586913 | C23: ='C 11'!C23/'C 10'!C23*1000 -> 1731.8407 | D23: ='C 11'!D23/'C 10'!D23*1000 -> 1.8337376 | E23: ='C 11'!E23/'C 10'!E23*1000 -> 1.8489987 | F23: ='C 11'!F23/'C 10'!F23*1000 -> 1.543139
A24: Arequipa | B24: ='C 11'!B24/'C 10'!B24*1000 -> 15.63813 | C24: ='C 11'!C24/'C 10'!C24*1000 -> 4712.9865 | D24: ='C 11'!D24/'C 10'!D24*1000 -> 1.9724407 | E24: ='C 11'!E24/'C 10'!E24*1000 -> 2.1174503 | F24: ='C 11'!F24/'C 10'!F24*1000 -> 1.5069592
A25: Moquegua | B25: ='C 11'!B25/'C 10'!B25*1000 -> 9.1873681 | C25: ='C 11'!C25/'C 10'!C25*1000 -> 3117.8768 | D25: ='C 11'!D25/'C 10'!D25*1000 -> 2.1232058 | E25: ='C 11'!E25/'C 10'!E25*1000 -> 1.9293172 | F25: ='C 11'!F25/'C 10'!F25*1000 -> 1.5181945
A26: Tacna | B26: ='C 11'!B26/'C 10'!B26*1000 -> 16.225463 | C26: ='C 11'!C26/'C 10'!C26*1000 -> 4301.3391 | D26: ='C 11'!D26/'C 10'!D26*1000 -> 2.7909164 | E26: 0 | F26: 0
A27: Ayacucho | B27: ='C 11'!B27/'C 10'!B27*1000 -> 6.5252749 | C27: ='C 11'!C27/'C 10'!C27*1000 -> 1636.2156 | D27: ='C 11'!D27/'C 10'!D27*1000 -> 1.7483265 | E27: ='C 11'!E27/'C 10'!E27*1000 -> 1.6019068 | F27: ='C 11'!F27/'C 10'!F27*1000 -> 1.3338799
A28: Apurímac | B28: ='C 11'!B28/'C 10'!B28*1000 -> 4.8627601 | C28: ='C 11'!C28/'C 10'!C28*1000 -> 1121.3574 | D28: ='C 11'!D28/'C 10'!D28*1000 -> 1.9405435 | E28: ='C 11'!E28/'C 10'!E28*1000 -> 1.7601312 | F28: ='C 11'!F28/'C 10'!F28*1000 -> 1.7992318
A29: Abancay | B29: ='C 11'!B29/'C 10'!B29*1000 -> 5.3067929 | C29: ='C 11'!C29/'C 10'!C29*1000 -> 1010.1516 | D29: ='C 11'!D29/'C 10'!D29*1000 -> 1.9973177 | E29: ='C 11'!E29/'C 10'!E29*1000 -> 1.7146227 | F29: ='C 11'!F29/'C 10'!F29*1000 -> 1.832513
A30: Andahuaylas | B30: ='C 11'!B30/'C 10'!B30*1000 -> 4.4629708 | C30: ='C 11'!C30/'C 10'!C30*1000 -> 1296.5061 | D30: ='C 11'!D30/'C 10'!D30*1000 -> 1.7417639 | E30: ='C 11'!E30/'C 10'!E30*1000 -> 1.8370958 | F30: ='C 11'!F30/'C 10'!F30*1000 -> 1.6538736
A31: Cusco | B31: ='C 11'!B31/'C 10'!B31*1000 -> 3.2943103 | C31: ='C 11'!C31/'C 10'!C31*1000 -> 1682.5766 | D31: ='C 11'!D31/'C 10'!D31*1000 -> 2.0043252 | E31: ='C 11'!E31/'C 10'!E31*1000 -> 1.9212033 | F31: ='C 11'!F31/'C 10'!F31*1000 -> 1.5968003
A32: Puno | B32: ='C 11'!B32/'C 10'!B32*1000 -> 4.7413313 | C32: ='C 11'!C32/'C 10'!C32*1000 -> 1399.0046 | D32: ='C 11'!D32/'C 10'!D32*1000 -> 2.0929872 | E32: ='C 11'!E32/'C 10'!E32*1000 -> 2.0311164 | F32: ='C 11'!F32/'C 10'!F32*1000 -> 1.9935004
A33: San Martín | B33: ='C 11'!B33/'C 10'!B33*1000 -> 16.140253 | C33: ='C 11'!C33/'C 10'!C33*1000 -> 1682.5426 | D33: 0 | E33: 0 | F33: 0
A34: Loreto | B34: ='C 11'!B34/'C 10'!B34*1000 -> 13.1019 | C34: ='C 11'!C34/'C 10'!C34*1000 -> 1177.4755 | D34: 0 | E34: 0 | F34: 0
A35: Ucayali | B35: ='C 11'!B35/'C 10'!B35*1000 -> 14.703356 | C35: ='C 11'!C35/'C 10'!C35*1000 -> 1277.5021 | D35: 0 | E35: 0 | F35: 0
A36: Madre de Dios | B36: ='C 11'!B36/'C 10'!B36*1000 -> 15.892717 | C36: ='C 11'!C36/'C 10'!C36*1000 -> 1410.647 | D36: 0 | E36: 0 | F36: 0
A37: P Preliminar
A38: Fuente: Direcciones Regionales de Agricultura
A39: Elaboración: Ministerio de Desarrollo Agrario y Riego - DGESEP - DEIA

Sheet C 13
A2: C.13 PERÚ: PRODUCCIÓN PECUARIA POR MES, SEGÚN PRODUCTO, 2023P
A3: (Toneladas)
A5: Producto | C5: Anual | D5: Ene | E5: Feb | F5: Mar | G5: Abr | H5: May | I5: Jun | J5: Jul | K5: Ago | L5: Set | M5: Oct | N5: Nov | O5: Dic
A7: Carne
B8: Ave | C8: =SUM(D8:O8) -> 1781472.7 | D8: 143634.77 | E8: 130302.94 | F8: 146223.18 | G8: 150509.14 | H8: 150306.7 | I8: 149654.68 | J8: 155890.91 | K8: 149810.46 | L8: 149310.48 | M8: 152980.55 | N8: 146477.16 | O8: 156371.77
B9: Ovino | C9: =SUM(D9:O9) -> 33690.4 | D9: 2416.0898 | E9: 2553.1566 | F9: 2692.1018 | G9: 3007.1596 | H9: 3134.5723 | I9: 3172.7708 | J9: 3108.7384 | K9: 2999.0304 | L9: 2774.2841 | M9: 2625.719 | N9: 2570.9056 | O9: 2635.8715
B10: Porcino | C10: =SUM(D10:O10) -> 200449.75 | D10: 15115.624 | E10: 15219.905 | F10: 15117.892 | G10: 15145.956 | H10: 15655.419 | I10: 15694.879 | J10: 18647.015 | K10: 18457.165 | L10: 17434.331 | M10: 17090.398 | N10: 17395.944 | O10: 19475.221
B11: Vacuno | C11: =SUM(D11:O11) -> 198722.99 | D11: 15197.981 | E11: 15757.699 | F11: 16037.05 | G11: 17124.765 | H11: 17489.006 | I11: 17509.319 | J11: 17574.268 | K11: 17121.698 | L11: 16535.44 | M11: 15735.957 | N11: 16044.873 | O11: 16594.938
B12: Caprino | C12: =SUM(D12:O12) -> 4940.9882 | D12: 388.17734 | E12: 394.65632 | F12: 411.88325 | G12: 419.27067 | H12: 435.40445 | I12: 453.67245 | J12: 448.81376 | K12: 426.53956 | L12: 389.83701 | M12: 374.1607 | N12: 385.32629 | O12: 413.24644
B13: Alpaca | C13: =SUM(D13:O13) -> 12845.54 | D13: 854.43353 | E13: 1013.532 | F13: 1086.6222 | G13: 1308.3049 | H13: 1312.1878 | I13: 1267.5005 | J13: 1262.2828 | K13: 1121.547 | L13: 989.84311 | M13: 936.67214 | N13: 887.74573 | O13: 804.8685
B14: Llama | C14: =SUM(D14:O14) -> 4021.2754 | D14: 287.65027 | E14: 317.62567 | F14: 333.10303 | G14: 385.20438 | H14: 384.77203 | I14: 398.34695 | J14: 366.18107 | K14: 340.97814 | L14: 315.61311 | M14: 297.01907 | N14: 284.8951 | O14: 309.88655
A16: Menudencia
B17: Ovino | C17: =SUM(D17:O17) -> 25267.8 | D17: 1812.0674 | E17: 1914.8675 | F17: 2019.0763 | G17: 2255.3697 | H17: 2350.9292 | I17: 2379.5781 | J17: 2331.5538 | K17: 2249.2728 | L17: 2080.713 | M17: 1969.2892 | N17: 1928.1792 | O17: 1976.9037
B18: Porcino | C18: =SUM(D18:O18) -> 40089.95 | D18: 3023.1248 | E18: 3043.981 | F18: 3023.5783 | G18: 3029.1913 | H18: 3131.0838 | I18: 3138.9757 | J18: 3729.4031 | K18: 3691.433 | L18: 3486.8662 | M18: 3418.0796 | N18: 3479.1889 | O18: 3895.0442
B19: Vacuno | C19: =SUM(D19:O19) -> 89425.348 | D19: 6839.0914 | E19: 7090.9645 | F19: 7216.6723 | G19: 7706.1442 | H19: 7870.0528 | I19: 7879.1937 | J19: 7908.4208 | K19: 7704.7643 | L19: 7440.9482 | M19: 7081.1806 | N19: 7220.1929 | O19: 7467.7219
B20: Caprino | C20: =SUM(D20:O20) -> 3705.7412 | D20: 291.13301 | E20: 295.99224 | F20: 308.91243 | G20: 314.45301 | H20: 326.55334 | I20: 340.25434 | J20: 336.61032 | K20: 319.90467 | L20: 292.37776 | M20: 280.62052 | N20: 288.99471 | O20: 309.93483
A22: Huevo de gallina | C22: =SUM(D22:O22) -> 503080 | D22: 41933.523 | E22: 40596.852 | F22: 40957.703 | G22: 41256.542 | H22: 41449.169 | I22: 41728.252 | J22: 41959.75 | K22: 42590.325 | L22: 42455.484 | M22: 42513.368 | N22: 42756.065 | O22: 42882.97
A24: Leche fresca de vaca | C24: =SUM(D24:O24) -> 2201096.3 | D24: 186201.11 | E24: 178698.05 | F24: 190816.92 | G24: 192472.46 | H24: 195054.68 | I24: 189004.99 | J24: 186979.14 | K24: 183086.29 | L24: 173059.14 | M24: 176435.17 | N24: 172219.64 | O24: 177068.7
A26: Fibra alpaca | C26: =SUM(D26:O26) -> 4466.3716 | D26: 434.55659 | E26: 632.25735 | F26: 587.90014 | G26: 47.207494 | H26: 65.63623 | I26: 42.322028 | J26: 4.2171764 | K26: 0.63436208 | L26: 25.406675 | M26: 198.35589 | N26: 1735.3697 | O26: 692.508
A28: Fibra llama | C28: =SUM(D28:O28) -> 699.24636 | D28: 41.628184 | E28: 114.18029 | F28: 99.6793 | G28: 10.100052 | H28: 5.94831 | I28: 2.88219 | J28: 0.1579 | K28: 0 | L28: 6.118292 | M28: 50.822279 | N28: 304.73859 | O28: 62.990976
A30: Lana Ovino | C30: =SUM(D30:O30) -> 8009.8296 | D30: 756.86377 | E30: 2624.4265 | F30: 2057.3053 | G30: 401.06301 | H30: 456.37953 | I30: 251.01878 | J30: 204.87573 | K30: 131.66279 | L30: 130.4601 | M30: 21.995617 | N30: 638.4862 | O30: 335.2922
A31: P Preliminar
A32: Fuente: Direcciones Regionales de Agricultura
A33: Elaboración: Ministerio de Desarrollo Agrario y Riego - DGESEP - DEIA

Sheet C 14
A2: C.14 PERÚ: POBLACIÓN DE VACUNOS POR AÑO, SEGÚN REGIÓN, 2007-2023
A3: (Unidades)
A5: Región | C5: 2005 | D5: 2006 | E5: 2007 | F5: 2008 | G5: 2009 | H5: 2010 | I5: 2011 | J5: 2012 | K5: 2013 | L5: 2014 | M5: 2015 | N5: 2016 | O5: 2017 | P5: 2018 | Q5: 2019 | R5: 2020 | S5: 2021 | T5: 2022 P | U5: 2023 P
A6: Total Nacional | C6: =(C8+C9+C10+C11+C12+C13+C14+C15+C16+C17+C18+C19+C20+C21+C22+C23+C24+C25+C26+C27+C28+C29+C30+C31) -> 5249783 | D6: =(D8+D9+D10+D11+D12+D13+D14+D15+D16+D17+D18+D19+D20+D21+D22+D23+D24+D25+D26+D27+D28+D29+D30+D31) -> 5241101 | E6: =(E8+E9+E10+E11+E12+E13+E14+E15+E16+E17+E18+E19+E20+E21+E22+E23+E24+E25+E26+E27+E28+E29+E30+E31) -> 5420865 | F6: =(F8+F9+F10+F11+F12+F13+F14+F15+F16+F17+F18+F19+F20+F21+F22+F23+F24+F25+F26+F27+F28+F29+F30+F31) -> 5442989 | G6: =(G8+G9+G10+G11+G12+G13+G14+G15+G16+G17+G18+G19+G20+G21+G22+G23+G24+G25+G26+G27+G28+G29+G30+G31) -> 5459435 | H6: =(H8+H9+H10+H11+H12+H13+H14+H15+H16+H17+H18+H19+H20+H21+H22+H23+H24+H25+H26+H27+H28+H29+H30+H31) -> 5520198 | I6: =(I8+I9+I10+I11+I12+I13+I14+I15+I16+I17+I18+I19+I20+I21+I22+I23+I24+I25+I26+I27+I28+I29+I30+I31) -> 5589173 | J6: =(J8+J9+J10+J11+J12+J13+J14+J15+J16+J17+J18+J19+J20+J21+J22+J23+J24+J25+J26+J27+J28+J29+J30+J31) -> 5660984 | ... U6: =(U8+U9+U10+U11+U12+U13+U14+U15+U16+U17+U18+U19+U20+U21+U22+U23+U24+U25+U26+U27+U28+U29+U30+U31) -> 5866167.5
B8: Tumbes | C8: 13800 | D8: 14000 | E8: 13890 | F8: 17461 | G8: 17100 | H8: 13729 | I8: 14447 | J8: 18070 | K8: 18447 | L8: 19414 | M8: 21346 | N8: 22427 | O8: 22350 | P8: 22050 | Q8: 22200 | R8: 19258 | S8: 20732 | T8: 19995 | U8: 17720
B9: Piura | C9: 234260 | D9: 234260 | E9: 237774 | F9: 227803 | G9: 230765 | H9: 302158 | I9: 310158 | J9: 324960 | K9: 308181 | L9: 301926 | M9: 298200 | N9: 290882 | O9: 276247 | P9: 268181 | Q9: 258181 | R9: 248181 | S9: 292935.98 | T9: 280558.49 | U9: 268181
B10: Lambayeque | C10: 86000 | D10: 87500 | E10: 96479 | F10: 113725 | G10: 114210 | H10: 110583 | I10: 109540 | J10: 89795 | K10: 89530 | L10: 85995 | M10: 86120 | N10: 86344 | O10: 113514 | P10: 112040 | Q10: 113602 | R10: 114530 | S10: 114053 | T10: 111810 | U10: 109560
B11: La Libertad | C11: 253482 | D11: 253925 | E11: 254014 | F11: 253872 | G11: 253917 | H11: 254699 | I11: 259557 | J11: 262771 | K11: 262017 | L11: 259231 | M11: 246630 | N11: 245857 | O11: 237501 | P11: 233412 | Q11: 235457 | R11: 234083 | S11: 233679 | T11: 233020 | U11: 235167
B12: Cajamarca | C12: 567252 | D12: 585191 | E12: 647924 | F12: 663444 | G12: 668400 | H12: 661441 | I12: 664574 | J12: 645466 | K12: 654160 | L12: 661156 | M12: 663500 | N12: 657561 | O12: 645182 | P12: 648080 | Q12: 655840 | R12: 657166 | S12: 658353 | T12: 654162 | U12: 656258
B13: Amazonas | C13: 201868 | D13: 203000 | E13: 232617 | F13: 239911 | G13: 238500 | H13: 231680 | I13: 230526 | J13: 230190 | K13: 231874 | L13: 240121 | M13: 250584 | N13: 246360 | O13: 247610 | P13: 268100 | Q13: 247855 | R13: 375751 | S13: 382797 | T13: 390157 | U13: 405051
B14: Ancash | C14: 342051 | D14: 301166 | E14: 301783 | F14: 302411 | G14: 305711 | H14: 307624 | I14: 304367 | J14: 300992 | K14: 294294 | L14: 304127 | M14: 304262 | N14: 309475 | O14: 305720 | P14: 306410 | Q14: 306065 | R14: 308564 | S14: 307349 | T14: 307056.5 | U14: 307203
B15: Lima | C15: 263480 | D15: 258000 | E15: 254986 | F15: 228844 | G15: 226800 | H15: 230422 | I15: 232109 | J15: 225265 | K15: 226410 | L15: 232070 | M15: 265104 | N15: 257939 | O15: 245851 | P15: 255851 | Q15: 250851 | R15: 261406 | S15: 269325 | T15: 267365.5 | U15: 268184
B16: Ica | C16: 36448 | D16: 36595 | E16: 36877 | F16: 37296 | G16: 38100 | H16: 37063 | I16: 38362 | J16: 43823 | K16: 45315 | L16: 46324 | M16: 47838 | N16: 47321 | O16: 50124 | P16: 49144 | Q16: 50530 | R16: 48558 | S16: 48306 | T16: 52771 | U16: 55524
B17: Huánuco | C17: 269149 | D17: 293273 | E17: 324363 | F17: 323160 | G17: 324200 | H17: 319829 | I17: 305300 | J17: 246716 | K17: 273992 | L17: 295422 | M17: 290997 | N17: 290400 | O17: 292412 | P17: 293320 | Q17: 292866 | R17: 290125 | S17: 289367 | T17: 285746 | U17: 285746
B18: Pasco | C18: 101588 | D18: 124095 | E18: 125933 | F18: 127193 | G18: 127367 | H18: 121506 | I18: 123433 | J18: 139412 | K18: 104710 | L18: 105754 | M18: 116831 | N18: 118002 | O18: 119663 | P18: 119420 | Q18: 119542 | R18: 118658 | S18: 119084 | T18: 117871 | U18: 118477.5
B19: Junín | C19: 222660 | D19: 221770 | E19: 222660 | F19: 234727 | G19: 230300 | H19: 225423 | I19: 226527 | J19: 308233 | K19: 312227 | L19: 288385 | M19: 298924 | N19: 296450 | O19: 321586 | P19: 331426 | Q19: 326506 | R19: 320443 | S19: 340566 | T19: 338504.5 | U19: 359952
... B31: Madre de Dios | C31: 44200 | D31: 45228 | E31: 46908 | F31: 48256 | G31: 53006 | H31: 52261 | I31: 51070 | J31: 51665 | K31: 54380 | L31: 54460 | M31: 54983 | N31: 57732 | O31: 56420 | P31: 57340 | Q31: 56880 | R31: 60377 | S31: 60875 | T31: 63298 | U31: 64923
A32: P Preliminar
A33: Fuente: Direcciones Regionales de Agricultura
A34: Elaboración: Ministerio de Desarrollo Agrario y Riego - DGESEP - DEIA

Sheet C 15
A2: C.15 PERÚ: PRODUCCIÓN DE VACUNOS POR AÑO, SEGÚN REGIÓN, 2007-2023
A3: (Unidades)
A5: Región | C5: 2005 | D5: 2006 | E5: 2007 | F5: 2008 | G5: 2009 | H5: 2010 | I5: 2011 | J5: 2012 | K5: 2013 | L5: 2014 | M5: 2015 | N5: 2016 | O5: 2017 | P5: 2018 | Q5: 2019 | R5: 2020 | S5: 2021 | T5: 2022 | U5: 2023 P
A6: Total Nacional | C6: =(C8+C9+C10+C11+C12+C13+C14+C15+C16+C17+C18+C19+C20+C21+C22+C23+C24+C25+C26+C27+C28+C29+C30+C31) -> 1074578 | D6: =(D8+D9+D10+D11+D12+D13+D14+D15+D16+D17+D18+D19+D20+D21+D22+D23+D24+D25+D26+D27+D28+D29+D30+D31) -> 1127320 | E6: =(E8+E9+E10+E11+E12+E13+E14+E15+E16+E17+E18+E19+E20+E21+E22+E23+E24+E25+E26+E27+E28+E29+E30+E31) -> 1138578 | F6: =(F8+F9+F10+F11+F12+F13+F14+F15+F16+F17+F18+F19+F20+F21+F22+F23+F24+F25+F26+F27+F28+F29+F30+F31) -> 1151906 | G6: =(G8+G9+G10+G11+G12+G13+G14+G15+G16+G17+G18+G19+G20+G21+G22+G23+G24+G25+G26+G27+G28+G29+G30+G31) -> 1168497 | H6: =(H8+H9+H10+H11+H12+H13+H14+H15+H16+H17+H18+H19+H20+H21+H22+H23+H24+H25+H26+H27+H28+H29+H30+H31) -> 1218722 | I6: =(I8+I9+I10+I11+I12+I13+I14+I15+I16+I17+I18+I19+I20+I21+I22+I23+I24+I25+I26+I27+I28+I29+I30+I31) -> 1266710 | J6: =(J8+J9+J10+J11+J12+J13+J14+J15+J16+J17+J18+J19+J20+J21+J22+J23+J24+J25+J26+J27+J28+J29+J30+J31) -> 1319404 | ... U6: =(U8+U9+U10+U11+U12+U13+U14+U15+U16+U17+U18+U19+U20+U21+U22+U23+U24+U25+U26+U27+U28+U29+U30+U31) -> 1344664.5
B8: Tumbes | C8: 2573 | D8: 2418 | E8: 2930 | F8: 3894 | G8: 5335 | H8: 5461 | I8: 5844 | J8: 6574 | K8: 7212 | L8: 8084 | M8: 7723 | N8: 3812 | O8: 5673 | P8: 4958 | Q8: 4510 | R8: 4115.21 | S8: 3668 | T8: 3329 | U8: 3530
B9: Piura | C9: 67649 | D9: 70283 | E9: 65745 | F9: 65730 | G9: 59431 | H9: 58172 | I9: 55889 | J9: 60264 | K9: 56967 | L9: 51654 | M9: 48938 | N9: 47065 | O9: 45661 | P9: 45440 | Q9: 47805 | R9: 47306.123 | S9: 47401.125 | T9: 47003.857 | U9: 48982.013
B10: Lambayeque | C10: 22582 | D10: 22280 | E10: 22069 | F10: 19767 | G10: 19385 | H10: 18682 | I10: 17423 | J10: 18996 | K10: 20641 | L10: 23846 | M10: 23209 | N10: 23032 | O10: 22198 | P10: 22165 | Q10: 21454 | R10: 19737.6 | S10: 20429.627 | T10: 20895 | U10: 20075.4
B11: La Libertad | C11: 38590 | D11: 39984 | E11: 41125 | F11: 42224 | G11: 42848 | H11: 43307 | I11: 45452 | J11: 45649 | K11: 48278 | L11: 49237 | M11: 50755 | N11: 51726 | O11: 54880 | P11: 55173 | Q11: 58195 | R11: 60576 | S11: 60986 | T11: 63890 | U11: 62771
B12: Cajamarca | C12: 137225 | D12: 159044 | E12: 173505 | F12: 168102 | G12: 172901 | H12: 192200 | I12: 204853 | J12: 200959 | K12: 215540 | L12: 223400 | M12: 217543 | N12: 214187 | O12: 210048 | P12: 192900 | Q12: 196668 | R12: 165617 | S12: 184568.4 | T12: 179786 | U12: 166375
B13: Amazonas | C13: 38436 | D13: 41714 | E13: 41250 | F13: 48751 | G13: 46747 | H13: 52759 | I13: 51187 | J13: 56188 | K13: 56942 | L13: 57637 | M13: 57779 | N13: 58697 | O13: 59675 | P13: 61709 | Q13: 62118 | R13: 54126 | S13: 50960 | T13: 56392 | U13: 63582
B14: Ancash | C14: 50607 | D14: 52411 | E14: 52497 | F14: 55602 | G14: 56224 | H14: 56350 | I14: 61256 | J14: 63253 | K14: 65763 | L14: 67129 | M14: 69381 | N14: 72348 | O14: 70685 | P14: 71244 | Q14: 72763 | R14: 68633 | S14: 62644 | T14: 62463 | U14: 62939
B15: Lima | C15: 106742 | D15: 110598 | E15: 111846 | F15: 106946 | G15: 106932 | H15: 110315 | I15: 112788 | J15: 114785 | K15: 113303 | L15: 113750 | M15: 113823 | N15: 114444 | O15: 116208 | P15: 115837 | Q15: 113481 | R15: 106805 | S15: 109767 | T15: 109623.84 | U15: 110685
B16: Ica | C16: 7578 | D16: 7754 | E16: 8014 | F16: 8724 | G16: 9240 | H16: 10332 | I16: 11597 | J16: 11731 | K16: 12686 | L16: 13112 | M16: 12407 | N16: 13999 | O16: 12350 | P16: 11880 | Q16: 13058 | R16: 15834 | S16: 20410 | T16: 21179 | U16: 35150
B17: Huánuco | C17: 59649 | D17: 63816 | E17: 72114 | F17: 76355 | G17: 79585 | H17: 85815 | I17: 94930 | J17: 114520 | K17: 140057 | L17: 141250 | M17: 144125 | N17: 144071 | O17: 120539 | P17: 146932 | Q17: 149251 | R17: 148059 | S17: 150369 | T17: 151838 | U17: 159996
B18: Pasco | C18: 24789 | D18: 21165 | E18: 21528 | F18: 21968 | G18: 22677 | H18: 23684 | I18: 23161 | J18: 23312 | K18: 24007 | L18: 22792 | M18: 22998 | N18: 21400 | O18: 21814 | P18: 22594 | Q18: 23223 | R18: 22902 | S18: 23722 | T18: 23734 | U18: 23371
B19: Junín | C19: 38200 | D19: 37880 | E19: 39227 | F19: 39152 | G19: 44461 | H19: 49775 | I19: 53811 | J19: 58536 | K19: 61110 | L19: 63524 | M19: 71403 | N19: 72302 | O19: 77250 | P19: 75790 | Q19: 61103 | R19: 49952 | S19: 55007 | T19: 59365 | U19: 58979
... B31: Madre de Dios | C31: 6836 | D31: 7770 | E31: 8030 | F31: 9887 | G31: 10167 | H31: 10508 | I31: 10214 | J31: 10276 | K31: 10012 | L31: 10601 | M31: 12103 | N31: 14299 | O31: 14409 | P31: 13908 | Q31: 14653 | R31: 12717 | S31: 13775 | T31: 13622 | U31: 11649
A32: P Preliminar
A33: Fuente: Direcciones Regionales de Agricultura
A34: Elaboración: Ministerio de Desarrollo Agrario y Riego - DGESEP - DEIA

Sheet C 16
A2: C.16 PERÚ: PRODUCCIÓN DE CARNE DE VACUNO POR AÑO, SEGÚN REGIÓN, 2007-2023
A3: (Toneladas)
A5: Región | C5: 2005 | D5: 2006 | E5: 2007 | F5: 2008 | G5: 2009 | H5: 2010 | I5: 2011 | J5: 2012 | K5: 2013 | L5: 2014 | M5: 2015 | N5: 2016 | O5: 2017 | P5: 2018 | Q5: 2019 | R5: 2020 | S5: 2021 | T5: 2022 | U5: 2023 P
A6: Total Nacional | C6: =(C8+C9+C10+C11+C12+C13+C14+C15+C16+C17+C18+C19+C20+C21+C22+C23+C24+C25+C26+C27+C28+C29+C30+C31) -> 152496 | D6: =(D8+D9+D10+D11+D12+D13+D14+D15+D16+D17+D18+D19+D20+D21+D22+D23+D24+D25+D26+D27+D28+D29+D30+D31) -> 161580 | E6: =(E8+E9+E10+E11+E12+E13+E14+E15+E16+E17+E18+E19+E20+E21+E22+E23+E24+E25+E26+E27+E28+E29+E30+E31) -> 163237 | F6: =(F8+F9+F10+F11+F12+F13+F14+F15+F16+F17+F18+F19+F20+F21+F22+F23+F24+F25+F26+F27+F28+F29+F30+F31) -> 163316 | G6: =(G8+G9+G10+G11+G12+G13+G14+G15+G16+G17+G18+G19+G20+G21+G22+G23+G24+G25+G26+G27+G28+G29+G30+G31) -> 164701 | H6: =(H8+H9+H10+H11+H12+H13+H14+H15+H16+H17+H18+H19+H20+H21+H22+H23+H24+H25+H26+H27+H28+H29+H30+H31) -> 171872 | I6: =(I8+I9+I10+I11+I12+I13+I14+I15+I16+I17+I18+I19+I20+I21+I22+I23+I24+I25+I26+I27+I28+I29+I30+I31) -> 179086 | J6: =(J8+J9+J10+J11+J12+J13+J14+J15+J16+J17+J18+J19+J20+J21+J22+J23+J24+J25+J26+J27+J28+J29+J30+J31) -> 186619 | ... U6: =(U8+U9+U10+U11+U12+U13+U14+U15+U16+U17+U18+U19+U20+U21+U22+U23+U24+U25+U26+U27+U28+U29+U30+U31) -> 198722.99
B8: Tumbes | C8: 356 | D8: 336 | E8: 414 | F8: 602 | G8: 761 | H8: 844 | I8: 903 | J8: 1034 | K8: 1082 | L8: 1205 | M8: 1154 | N8: 590 | O8: 880 | P8: 766 | Q8: 685 | R8: 627 | S8: 555.2 | T8: 494.4 | U8: 495.6568
B9: Piura | C9: 10238 | D9: 10778 | E9: 9985 | F9: 9473 | G9: 8744 | H9: 8810 | I9: 8666 | J9: 9323 | K9: 8970 | L9: 9053 | M9: 8958 | N9: 8460 | O9: 7680 | P9: 7147 | Q9: 7217 | R9: 7051.2 | S9: 7283.2 | T9: 7206.8 | U9: 7445.8715
B10: Lambayeque | C10: 2939 | D10: 3172 | E10: 3172 | F10: 2833 | G10: 2782 | H10: 2689 | I10: 2326 | J10: 2504 | K10: 2716 | L10: 3246 | M10: 3220 | N10: 3134 | O10: 3078 | P10: 3130 | Q10: 3101 | R10: 2873 | S10: 3002.9 | T10: 2995.2 | U10: 2926.8526
B11: La Libertad | C11: 5255 | D11: 5492 | E11: 5648 | F11: 5783 | G11: 5901 | H11: 5963 | I11: 6233 | J11: 6309 | K11: 6715 | L11: 6893 | M11: 7093 | N11: 7246 | O11: 7718 | P11: 7798 | Q11: 8227 | R11: 8574.3 | S11: 8647.1 | T11: 9165.8 | U11: 8992.5858
B12: Cajamarca | C12: 20836 | D12: 24037 | E12: 25896 | F12: 23904 | G12: 24466 | H12: 27368 | I12: 29302 | J12: 28012 | K12: 29741 | L12: 31983 | M12: 31499 | N12: 28488 | O12: 26794 | P12: 24002 | Q12: 24659 | R12: 21897.8 | S12: 24252.7 | T12: 23679.3 | U12: 22449.999
B13: Amazonas | C13: 5682 | D13: 6278 | E13: 6442 | F13: 7343 | G13: 7030 | H13: 7988 | I13: 7584 | J13: 8320 | K13: 8354 | L13: 8431 | M13: 8486 | N13: 8616 | O13: 8885 | P13: 9087 | Q13: 9172 | R13: 8181.5 | S13: 7369.1 | T13: 8002.2 | U13: 9282.9457
B14: Ancash | C14: 6599 | D14: 6835 | E14: 6846 | F14: 7238 | G14: 7285 | H14: 7189 | I14: 7608 | J14: 7847 | K14: 8176 | L14: 8321 | M14: 8600 | N14: 8975 | O14: 9019 | P14: 9598 | Q14: 9831 | R14: 9773 | S14: 8650.8 | T14: 8641 | U14: 8649.1145
B15: Lima | C15: 19359 | D15: 20479 | E15: 20915 | F15: 19931 | G15: 20243 | H15: 20937 | I15: 21509 | J15: 21696 | K15: 21295 | L15: 21390 | M15: 21553 | N15: 21548 | O15: 21842 | P15: 21736 | Q15: 21608 | R15: 20562.9 | S15: 21186.8 | T15: 21447.5 | U15: 21843.567
B16: Ica | C16: 1092 | D16: 1134 | E16: 1181 | F16: 1339 | G16: 1387 | H16: 1640 | I16: 1764 | J16: 1765 | K16: 1979 | L16: 2023 | M16: 2027 | N16: 2203 | O16: 2006 | P16: 1820 | Q16: 1992 | R16: 2158.7 | S16: 2694.5 | T16: 2796.5 | U16: 4533.9536
B17: Huánuco | C17: 9010 | D17: 10026 | E17: 11491 | F17: 11902 | G17: 11645 | H17: 11851 | I17: 13732 | J17: 16459 | K17: 19399 | L17: 19575 | M17: 20069 | N17: 20246 | O17: 18495 | P17: 21638 | Q17: 22966 | R17: 24853.6 | S17: 25066.7 | T17: 25252.6 | U17: 26629.627
B18: Pasco | C18: 3372 | D18: 3040 | E18: 3054 | F18: 3394 | G18: 3435 | H18: 3704 | I18: 3789 | J18: 3753 | K18: 3966 | L18: 3588 | M18: 3565 | N18: 3417 | O18: 3407 | P18: 3520 | Q18: 3680 | R18: 3676 | S18: 3787.9 | T18: 3803.1 | U18: 3758.2692
B19: Junín | C19: 4781 | D19: 4782 | E19: 4957 | F19: 5005 | G19: 5730 | H19: 6441 | I19: 6782 | J19: 7435 | K19: 7701 | L19: 8058 | M19: 9117 | N19: 8937 | O19: 9511 | P19: 9437 | Q19: 7969 | R19: 6555.9 | S19: 7169.4 | T19: 7787 | U19: 8449.1363
... B31: Madre de Dios | C31: 1093 | D31: 1265 | E31: 1288 | F31: 1629 | G31: 1636 | H31: 1675 | I31: 1720 | J31: 1707 | K31: 1666 | L31: 1724 | M31: 1929 | N31: 2373 | O31: 2389 | P31: 2256 | Q31: 2373 | R31: 2061.5 | S31: 2221.8 | T31: 2190 | U31: 1887.4389
A32: P Preliminar
A33: Fuente: Direcciones Regionales de Agricultura
A34: Elaboración: Ministerio de Desarrollo Agrario y Riego - DGESEP - DEIA

Sheet C 17
A2: C.17 PERÚ: PRECIO RECIBIDO POR EL PRODUCTOR DE VACUNO POR AÑO, SEGÚN REGIÓN, 2007-2023
A3: (Soles / kg)
A5: Región | C5: 2005 | D5: 2006 | E5: 2007 | F5: 2008 | G5: 2009 | H5: 2010 | I5: 2011 | J5: 2012 | K5: 2013 | L5: 2014 | M5: 2015 | N5: 2016 | O5: 2017 | P5: 2018 | Q5: 2019 | R5: 2020 | S5: 2021 | T5: 2022 | U5: 2023 P
A6: Promedio | C6: 3.36 | D6: 3.4 | E6: 3.5 | F6: 3.77 | G6: 4.08 | H6: 4.1 | I6: 4.25 | J6: 4.69 | K6: 4.84 | L6: 5.23 | M6: 5.42 | N6: 5.63 | O6: 5.53 | P6: 5.64 | Q6: 5.68 | R6: 5.7252429 | S6: 5.8129741 | T6: 5.9201285 | U6: 5.8597287
B8: Tumbes | C8: 3.57 | D8: 3.39 | E8: 3.62 | F8: 3.66 | G8: 3.69 | H8: 3.5 | I8: 3.58 | J8: 3.62 | K8: 3.51 | L8: 4.47 | M8: 5.74 | N8: 5.67 | O8: 5.41 | P8: 5.42 | Q8: 5.58 | R8: 5.64 | S8: 5.87 | T8: 5.93 | U8: 5.9422445
B9: Piura | C9: 3.4 | D9: 3.4 | E9: 3.75 | F9: 3.82 | G9: 4.02 | H9: 3.92 | I9: 3.76 | J9: 4.01 | K9: 4.55 | L9: 4.77 | M9: 5.06 | N9: 5.56 | O9: 5.49 | P9: 5.65 | Q9: 5.67 | R9: 5.74 | S9: 5.89 | T9: 5.95 | U9: 5.9568331
B10: Lambayeque | C10: 3.31 | D10: 3.54 | E10: 3.43 | F10: 3.62 | G10: 4.23 | H10: 4.03 | I10: 3.97 | J10: 4.07 | K10: 4.34 | L10: 4.88 | M10: 5.18 | N10: 5.62 | O10: 5.52 | P10: 5.72 | Q10: 5.8 | R10: 5.87 | S10: 5.95 | T10: 6 | U10: 6.0501602
B11: La Libertad | C11: 3.1 | D11: 3.13 | E11: 3.67 | F11: 3.78 | G11: 4.44 | H11: 4.23 | I11: 4.05 | J11: 3.86 | K11: 4.05 | L11: 4.05 | M11: 5.98 | N11: 6.87 | O11: 6.11 | P11: 6.07 | Q11: 6.12 | R11: 6.2 | S11: 6.29 | T11: 6.38 | U11: 6.4599774
B12: Cajamarca | C12: 3.81 | D12: 3.94 | E12: 3.7 | F12: 3.85 | G12: 4.14 | H12: 4.1 | I12: 4.06 | J12: 5.21 | K12: 4.74 | L12: 5.16 | M12: 4.93 | N12: 5.08 | O12: 5.48 | P12: 5.4 | Q12: 5.6 | R12: 5.71 | S12: 6.01 | T12: 6.13 | U12: 6.1737102
B13: Amazonas | C13: 3.42 | D13: 3.55 | E13: 3.86 | F13: 3.82 | G13: 4 | H13: 4.08 | I13: 4.53 | J13: 4.56 | K13: 5.58 | L13: 5.89 | M13: 5.04 | N13: 5.61 | O13: 5.47 | P13: 5.53 | Q13: 5.52 | R13: 5.55 | S13: 5.64 | T13: 5.77 | U13: 5.7346933
B14: Ancash | C14: 3.88 | D14: 3.53 | E14: 3.55 | F14: 3.81 | G14: 4.1 | H14: 3.43 | I14: 4.09 | J14: 4.21 | K14: 4.46 | L14: 5.24 | M14: 5.62 | N14: 5.57 | O14: 5 | P14: 5.16 | Q14: 5.11 | R14: 5.22 | S14: 5.44 | T14: 5.56 | U14: 5.5276459
B15: Lima | C15: 3.4 | D15: 3.49 | E15: 3.46 | F15: 4 | G15: 4.34 | H15: 3.66 | I15: 3.73 | J15: 4.05 | K15: 4.26 | L15: 4.59 | M15: 4.85 | N15: 5.65 | O15: 5.78 | P15: 5.72 | Q15: 5.9 | R15: 5.98 | S15: 6.1 | T15: 6.3 | U15: 5.8489227
B16: Ica | C16: 2.83 | D16: 3.05 | E16: 3.24 | F16: 3.84 | G16: 4.23 | H16: 4.39 | I16: 4.74 | J16: 4.98 | K16: 5.11 | L16: 5.57 | M16: 5.68 | N16: 5.18 | O16: 5.16 | P16: 5.28 | Q16: 5.23 | R16: 5.35 | S16: 5.55 | T16: 5.69 | U16: 5.7368504
B17: Huánuco | C17: 3.51 | D17: 3.54 | E17: 3.56 | F17: 3.65 | G17: 4.04 | H17: 4.44 | I17: 4.6 | J17: 4.47 | K17: 5.15 | L17: 5.09 | M17: 5.58 | N17: 5.42 | O17: 5.47 | P17: 5.6 | Q17: 5.56 | R17: 5.66 | S17: 5.66 | T17: 5.72 | U17: 5.5949449
B18: Pasco | C18: 2.65 | D18: 2.84 | E18: 3.41 | F18: 3.66 | G18: 3.7 | H18: 4.12 | I18: 4.39 | J18: 4.5 | K18: 4.79 | L18: 4.66 | M18: 4.79 | N18: 5.12 | O18: 5.01 | P18: 5.18 | Q18: 5.61 | R18: 5.57 | S18: 5.53 | T18: 5.56 | U18: 5.5499966
B19: Junín | C19: 3.15 | D19: 3.11 | E19: 3.12 | F19: 3.68 | G19: 3.74 | H19: 4.9 | I19: 5.11 | J19: 5.25 | K19: 5.49 | L19: 5.69 | M19: 6.1 | N19: 6.47 | O19: 6.05 | P19: 6.26 | Q19: 6.15 | R19: 6.18 | S19: 6.24 | T19: 6.38 | U19: 6.3692641
... B31: Madre de Dios | C31: 3.28 | D31: 3.1 | E31: 3.25 | F31: 3.42 | G31: 3.93 | H31: 4.43 | I31: 4.81 | J31: 4.25 | K31: 4.21 | L31: 5.2 | M31: 4.46 | N31: 4.57 | O31: 5.61 | P31: 5.52 | Q31: 5.57 | R31: 5.6 | S31: 5.65 | T31: 5.76 | U31: 5.7663216
A32: P Preliminar | H32: 1 Precio de animal vivo
A33: Fuente: Direcciones Regionales de Agricultura
A34: Elaboración: Ministerio de Desarrollo Agrario y Riego - DGESEP - DEIA

Sheet C 18
A2: C.18 PERÚ: VACAS EN ORDEÑO POR AÑO, SEGÚN REGIÓN, 2007-2023
B3: (Unidades)
A5: Región | C5: 2005 | D5: 2006 | E5: 2007 | F5: 2008 | G5: 2009 | H5: 2010 | I5: 2011 | J5: 2012 | K5: 2013 | L5: 2014 | M5: 2015 | N5: 2016 | O5: 2017 | P5: 2018 | Q5: 2019 | R5: 2020 | S5: 2021 | T5: 2022 | U5: 2023 P
A6: Total Nacional | C6: =(C8+C9+C10+C11+C12+C13+C14+C15+C16+C17+C18+C19+C20+C21+C22+C23+C24+C25+C26+C27+C28+C29+C30+C31) -> 708119 | D6: =(D8+D9+D10+D11+D12+D13+D14+D15+D16+D17+D18+D19+D20+D21+D22+D23+D24+D25+D26+D27+D28+D29+D30+D31) -> 743672 | E6: =(E8+E9+E10+E11+E12+E13+E14+E15+E16+E17+E18+E19+E20+E21+E22+E23+E24+E25+E26+E27+E28+E29+E30+E31) -> 753192 | F6: =(F8+F9+F10+F11+F12+F13+F14+F15+F16+F17+F18+F19+F20+F21+F22+F23+F24+F25+F26+F27+F28+F29+F30+F31) -> 769582 | G6: =(G8+G9+G10+G11+G12+G13+G14+G15+G16+G17+G18+G19+G20+G21+G22+G23+G24+G25+G26+G27+G28+G29+G30+G31) -> 787010 | H6: =(H8+H9+H10+H11+H12+H13+H14+H15+H16+H17+H18+H19+H20+H21+H22+H23+H24+H25+H26+H27+H28+H29+H30+H31) -> 787601 | I6: =(I8+I9+I10+I11+I12+I13+I14+I15+I16+I17+I18+I19+I20+I21+I22+I23+I24+I25+I26+I27+I28+I29+I30+I31) -> 815395 | J6: =(J8+J9+J10+J11+J12+J13+J14+J15+J16+J17+J18+J19+J20+J21+J22+J23+J24+J25+J26+J27+J28+J29+J30+J31) -> 859630 | ... U6: =(U8+U9+U10+U11+U12+U13+U14+U15+U16+U17+U18+U19+U20+U21+U22+U23+U24+U25+U26+U27+U28+U29+U30+U31) -> 933432.9
B8: Tumbes | C8: 205 | D8: 274 | E8: 312 | F8: 386 | G8: 468 | H8: 503 | I8: 513 | J8: 548 | K8: 618 | L8: 638 | M8: 607 | N8: 422 | O8: 389 | P8: 373 | Q8: 361.5 | R8: 310.5 | S8: 299.8 | T8: 334.7 | U8: 318.66667
B9: Piura | C9: 30800 | D9: 35139 | E9: 34728 | F9: 33772 | G9: 34191 | H9: 30208 | I9: 35419 | J9: 38995 | K9: 34915 | L9: 34685 | M9: 31861 | N9: 30915 | O9: 24275 | P9: 23642 | Q9: 24072.1 | R9: 24007.7 | S9: 24341 | T9: 24773.6 | U9: 25109.129
B10: Lambayeque | C10: 11495 | D10: 13733 | E10: 11917 | F10: 12100 | G10: 12432 | H10: 13419 | I10: 15349 | J10: 16016 | K10: 15929 | L10: 18394 | M10: 18602 | N10: 20306 | O10: 18913 | P10: 18456 | Q10: 17837.2 | R10: 17819.7 | S10: 18100.9 | T10: 18212.7 | U10: 17530.092
B11: La Libertad | C11: 31910 | D11: 33386 | E11: 34127 | F11: 34893 | G11: 35121 | H11: 35989 | I11: 37489 | J11: 38090 | K11: 38786 | L11: 39057 | M11: 41974 | N11: 43042 | O11: 44082 | P11: 45118 | Q11: 48823.3 | R11: 49775 | S11: 52129.3 | T11: 57217 | U11: 55033
B12: Cajamarca | C12: 110070 | D12: 111986 | E12: 122855 | F12: 123702 | G12: 133538 | H12: 131082 | I12: 136630 | J12: 140044 | K12: 142803 | L12: 146401 | M12: 152976 | N12: 159826 | O12: 162289 | P12: 162487 | Q12: 164222.1 | R12: 164025.3 | S12: 169643.5 | T12: 173516.6 | U12: 169411.14
B13: Amazonas | C13: 57182 | D13: 55010 | E13: 54898 | F13: 58893 | G13: 59729 | H13: 60701 | I13: 59696 | J13: 60572 | K13: 63081 | L13: 64800 | M13: 67566 | N13: 71212 | O13: 74885 | P13: 78673 | Q13: 79622.7 | R13: 79621.8 | S13: 80864.3 | T13: 82253.6 | U13: 83168.333
B14: Ancash | C14: 15138 | D14: 15084 | E14: 15428 | F14: 15207 | G14: 14076 | H14: 14449 | I14: 14358 | J14: 14592 | K14: 13862 | L14: 14497 | M14: 12680 | N14: 13073 | O14: 13463 | P14: 14783 | Q14: 14846.7 | R14: 14894.1 | S14: 16461.5 | T14: 18406 | U14: 18886.5
B15: Lima | C15: 72396 | D15: 73854 | E15: 74318 | F15: 73291 | G15: 74109 | H15: 75086 | I15: 75684 | J15: 75347 | K15: 75768 | L15: 78501 | M15: 79149 | N15: 77763 | O15: 76070 | P15: 74764 | Q15: 71091.6 | R15: 71842.3 | S15: 74209 | T15: 72827.5 | U15: 72321.044
B16: Ica | C16: 6635 | D16: 6646 | E16: 6730 | F16: 7086 | G16: 7588 | H16: 7724 | I16: 7811 | J16: 8270 | K16: 8929 | L16: 9578 | M16: 9480 | N16: 10349 | O16: 11507 | P16: 11962 | Q16: 12537.2 | R16: 14028.1 | S16: 15390.1 | T16: 15845.8 | U16: 19217.917
B17: Huánuco | C17: 25270 | D17: 28936 | E17: 29011 | F17: 30504 | G17: 32688 | H17: 33823 | I17: 32902 | J17: 31689 | K17: 29252 | L17: 28250 | M17: 31466 | N17: 31905 | O17: 32349 | P17: 32464 | Q17: 34915.6 | R17: 37713.4 | S17: 39351.8 | T17: 40990.5 | U17: 41204.25
B18: Pasco | C18: 21448 | D18: 28867 | E18: 28841 | F18: 24494 | G18: 25378 | H18: 25471 | I18: 24424 | J18: 25984 | K18: 25040 | L18: 24350 | M18: 26278 | N18: 26348 | O18: 28427 | P18: 29170 | Q18: 29614.2 | R18: 29894 | S18: 30414.5 | T18: 30993.9 | U18: 31278.583
B19: Junín | C19: 23080 | D19: 23360 | E19: 22937 | F19: 23588 | G19: 22699 | H19: 22013 | I19: 28327 | J19: 29927 | K19: 30607 | L19: 31721 | M19: 32903 | N19: 36691 | O19: 37386 | P19: 38296 | Q19: 40669.5 | R19: 41323.9 | S19: 41667.3 | T19: 42039.2 | U19: 41790.917
... B31: Madre de Dios | C31: 1358 | D31: 1460 | E31: 1549 | F31: 1963 | G31: 2088 | H31: 2018 | I31: 2664 | J31: 2838 | K31: 3474 | L31: 3400 | M31: 2935 | N31: 1610 | O31: 1352 | P31: 1329 | Q31: 1354 | R31: 1005.7 | S31: 999.6 | T31: 946.3 | U31: 951.66667
A32: P Preliminar
A33: Fuente: Direcciones Regionales de Agricultura
A34: Elaboración: Ministerio de Desarrollo Agrario y Riego - DGESEP - DEIA

Sheet C 19
A2: C.19 PERÚ: PRODUCCIÓN DE LECHE FRESCA DE VACA POR AÑO, SEGÚN REGIÓN, 2007-2023
A3: (Toneladas)
A5: Región | C5: 2005 | D5: 2006 | E5: 2007 | F5: 2008 | G5: 2009 | H5: 2010 | I5: 2011 | J5: 2012 | K5: 2013 | L5: 2014 | M5: 2015 | N5: 2016 | O5: 2017 | P5: 2018 | Q5: 2019 | R5: 2020 | S5: 2021 | T5: 2022 | U5: 2023 P
A6: Total Nacional | C6: =(C8+C9+C10+C11+C12+C13+C14+C15+C16+C17+C18+C19+C20+C21+C22+C23+C24+C25+C26+C27+C28+C29+C30+C31) -> 1236833 | D6: =(D8+D9+D10+D11+D12+D13+D14+D15+D16+D17+D18+D19+D20+D21+D22+D23+D24+D25+D26+D27+D28+D29+D30+D31) -> 1346991 | E6: =(E8+E9+E10+E11+E12+E13+E14+E15+E16+E17+E18+E19+E20+E21+E22+E23+E24+E25+E26+E27+E28+E29+E30+E31) -> 1455814 | F6: =(F8+F9+F10+F11+F12+F13+F14+F15+F16+F17+F18+F19+F20+F21+F22+F23+F24+F25+F26+F27+F28+F29+F30+F31) -> 1565531 | G6: =(G8+G9+G10+G11+G12+G13+G14+G15+G16+G17+G18+G19+G20+G21+G22+G23+G24+G25+G26+G27+G28+G29+G30+G31) -> 1652112 | H6: =(H8+H9+H10+H11+H12+H13+H14+H15+H16+H17+H18+H19+H20+H21+H22+H23+H24+H25+H26+H27+H28+H29+H30+H31) -> 1678373 | I6: =(I8+I9+I10+I11+I12+I13+I14+I15+I16+I17+I18+I19+I20+I21+I22+I23+I24+I25+I26+I27+I28+I29+I30+I31) -> 1755528 | J6: =(J8+J9+J10+J11+J12+J13+J14+J15+J16+J17+J18+J19+J20+J21+J22+J23+J24+J25+J26+J27+J28+J29+J30+J31) -> 1790672 | ... U6: =(U8+U9+U10+U11+U12+U13+U14+U15+U16+U17+U18+U19+U20+U21+U22+U23+U24+U25+U26+U27+U28+U29+U30+U31) -> 2201096.3
B8: Tumbes | C8: 362 | D8: 397 | E8: 421 | F8: 460 | G8: 517 | H8: 568 | I8: 601 | J8: 651 | K8: 790 | L8: 692 | M8: 659 | N8: 409 | O8: 412 | P8: 385 | Q8: 374.32 | R8: 343.13 | S8: 324.47 | T8: 305.63 | U8: 312.15886
B9: Piura | C9: 29012 | D9: 33615 | E9: 35006 | F9: 36402 | G9: 37152 | H9: 31497 | I9: 43867 | J9: 47125 | K9: 47581 | L9: 50081 | M9: 41556 | N9: 42578 | O9: 37240 | P9: 41416 | Q9: 42121.71 | R9: 42903.99 | S9: 43392.22 | T9: 44291.74 | U9: 44385.582
B10: Lambayeque | C10: 29656 | D10: 28602 | E10: 30980 | F10: 33397 | G10: 36814 | H10: 39517 | I10: 37262 | J10: 39291 | K10: 45080 | L10: 49837 | M10: 53136 | N10: 59215 | O10: 55426 | P10: 56242 | Q10: 56664.95 | R10: 54175.98 | S10: 48054.66 | T10: 46487.96 | U10: 44967.876
B11: La Libertad | C11: 79695 | D11: 90775 | E11: 94476 | F11: 99405 | G11: 98524 | H11: 100618 | I11: 113502 | J11: 116710 | K11: 118937 | L11: 121501 | M11: 125366 | N11: 129501 | O11: 132475 | P11: 135964 | Q11: 151171.36 | R11: 157622.84 | S11: 160701.34 | T11: 182784.37 | U11: 172973.26
B12: Cajamarca | C12: 225648 | D12: 239969 | E12: 262632 | F12: 277900 | G12: 304884 | H12: 303449 | I12: 310629 | J12: 318594 | K12: 324862 | L12: 323687 | M12: 345029 | N12: 352076 | O12: 360200 | P12: 367092 | Q12: 383135.7 | R12: 367230.59 | S12: 380550.04 | T12: 401009.95 | U12: 393592.68
B13: Amazonas | C13: 58117 | D13: 59002 | E13: 62315 | F13: 65354 | G13: 75111 | H13: 75125 | I13: 74369 | J13: 76184 | K13: 80358 | L13: 76093 | M13: 79208 | N13: 83366 | O13: 93894 | P13: 97640 | Q13: 98574.15 | R13: 100570.05 | S13: 103409.71 | T13: 105355.68 | U13: 108888.06
B14: Ancash | C14: 17683 | D14: 17603 | E14: 18003 | F14: 17748 | G14: 16439 | H14: 16921 | I14: 16803 | J14: 17356 | K14: 16635 | L14: 17456 | M14: 15271 | N14: 15749 | O14: 16107 | P14: 18170 | Q14: 18180.57 | R14: 18261.06 | S14: 20090.65 | T14: 21212.59 | U14: 22250.64
B15: Lima | C15: 222553 | D15: 238193 | E15: 245491 | F15: 272994 | G15: 286719 | H15: 306876 | I15: 322678 | J15: 318263 | K15: 329311 | L15: 335970 | M15: 342846 | N15: 348518 | O15: 354148 | P15: 362066 | Q15: 352867.93 | R15: 362239.61 | S15: 364677.18 | T15: 365855.4 | U15: 354212.14
B16: Ica | C16: 17112 | D16: 18626 | E16: 20790 | F16: 23872 | G16: 27723 | H16: 30278 | I16: 32109 | J16: 35909 | K16: 43361 | L16: 48046 | M16: 51005 | N16: 57139 | O16: 64979 | P16: 66143 | Q16: 68271.03 | R16: 78920.45 | S16: 85602.64 | T16: 89716.36 | U16: 101493.66
B17: Huánuco | C17: 21338 | D17: 25715 | E17: 30707 | F17: 35193 | G17: 35814 | H17: 39413 | I17: 40474 | J17: 44517 | K17: 39187 | L17: 38576 | M17: 42249 | N17: 44955 | O17: 48243 | P17: 49492 | Q17: 54681.51 | R17: 58774.76 | S17: 60173.61 | T17: 61400.32 | U17: 63529.605
B18: Pasco | C18: 18055 | D18: 18298 | E18: 18532 | F18: 18672 | G18: 18021 | H18: 18178 | I18: 18249 | J18: 25461 | K18: 24602 | L18: 24127 | M18: 26339 | N18: 25296 | O18: 32145 | P18: 31232 | Q18: 34999.07 | R18: 38241.54 | S18: 38819.7 | T18: 39030.91 | U18: 38856.149
B19: Junín | C19: 18612 | D19: 19206 | E19: 20850 | F19: 23613 | G19: 27223 | H19: 31111 | I19: 39435 | J19: 42385 | K19: 46276 | L19: 46710 | M19: 47870 | N19: 51250 | O19: 52094 | P19: 53135 | Q19: 57189.62 | R19: 58617.82 | S19: 59726.24 | T19: 60562.35 | U19: 61123.461
... B31: Madre de Dios | C31: 2191 | D31: 2421 | E31: 2828 | F31: 3080 | G31: 3054 | H31: 3063 | I31: 3726 | J31: 4214 | K31: 4839 | L31: 4210 | M31: 3653 | N31: 1808 | O31: 1522 | P31: 1526 | Q31: 1687.47 | R31: 1465.87 | S31: 1369.54 | T31: 1221.85 | U31: 1342.4657
A32: P Preliminar
A33: Fuente: Direcciones Regionales de Agricultura
A34: Elaboración: Ministerio de Desarrollo Agrario y Riego - DGESEP - DEIA

Sheet C 20
A2: C.20 PERÚ: PRECIO RECIBIDO POR EL PRODUCTOR DE LECHE FRESCA DE VACA POR AÑO, SEGÚN REGIÓN, 2007-2023
A3: (Soles / kg)
A5: Región | C5: 2005 | D5: 2006 | E5: 2007 | F5: 2008 | G5: 2009 | H5: 2010 | I5: 2011 | J5: 2012 | K5: 2013 | L5: 2014 | M5: 2015 | N5: 2016 | O5: 2017 | P5: 2018 | Q5: 2019 | R5: 2020 | S5: 2021 | T5: 2022 | U5: 2023 P
A6: Promedio | C6: 0.84 | D6: 0.84 | E6: 0.83 | F6: 0.89 | G6: 0.94 | H6: 0.95 | I6: 0.98 | J6: 1.04 | K6: 1.1 | L6: 1.15 | M6: 1.18 | N6: 1.2 | O6: 1.24 | P6: 1.27 | Q6: 1.3 | R6: 1.33 | S6: 1.4 | T6: 1.45 | U6: 1.5049791
B8: Tumbes | C8: 1.41 | D8: 1.46 | E8: 1.56 | F8: 1.54 | G8: 1.53 | H8: 1.26 | I8: 1.25 | J8: 1.3 | K8: 1.61 | L8: 1.77 | M8: 1.87 | N8: 1.88 | O8: 1.75 | P8: 1.84 | Q8: 1.94 | R8: 1.94 | S8: 2 | T8: 2.04 | U8: 2.0946747
B9: Piura | C9: 1.03 | D9: 1.05 | E9: 1.03 | F9: 1.07 | G9: 1.18 | H9: 1.09 | I9: 1.05 | J9: 1.27 | K9: 1.4 | L9: 1.46 | M9: 1.44 | N9: 1.54 | O9: 1.58 | P9: 1.64 | Q9: 1.74 | R9: 1.79 | S9: 1.8 | T9: 1.84 | U9: 1.8946049
B10: Lambayeque | C10: 0.77 | D10: 0.7 | E10: 0.73 | F10: 0.9 | G10: 0.94 | H10: 0.94 | I10: 0.96 | J10: 1.01 | K10: 1.16 | L10: 1.31 | M10: 1.19 | N10: 1.21 | O10: 1.19 | P10: 1.26 | Q10: 1.29 | R10: 1.3 | S10: 1.33 | T10: 1.39 | U10: 1.4452509
B11: La Libertad | C11: 0.88 | D11: 0.89 | E11: 0.82 | F11: 0.84 | G11: 0.83 | H11: 0.82 | I11: 0.84 | J11: 0.88 | K11: 1.14 | L11: 1.14 | M11: 1.14 | N11: 1.11 | O11: 1.12 | P11: 1.15 | Q11: 1.2 | R11: 1.38 | S11: 1.49 | T11: 1.54 | U11: 1.5282219
B12: Cajamarca | C12: 0.69 | D12: 0.71 | E12: 0.71 | F12: 0.74 | G12: 0.81 | H12: 0.79 | I12: 0.84 | J12: 0.87 | K12: 0.91 | L12: 0.97 | M12: 1.02 | N12: 1.08 | O12: 1.2 | P12: 1.21 | Q12: 1.23 | R12: 1.25 | S12: 1.3 | T12: 1.34 | U12: 1.3800135
B13: Amazonas | C13: 0.92 | D13: 0.89 | E13: 0.86 | F13: 0.75 | G13: 0.8 | H13: 0.82 | I13: 0.99 | J13: 0.99 | K13: 1 | L13: 0.92 | M13: 0.97 | N13: 1.04 | O13: 1.14 | P13: 1.19 | Q13: 1.29 | R13: 1.3 | S13: 1.33 | T13: 1.42 | U13: 1.4421733
B14: Ancash | C14: 1.02 | D14: 1.08 | E14: 1 | F14: 0.96 | G14: 0.98 | H14: 1.01 | I14: 1 | J14: 1.02 | K14: 1.24 | L14: 1.3 | M14: 1.36 | N14: 1.45 | O14: 1.16 | P14: 1.15 | Q14: 1.26 | R14: 1.29 | S14: 1.38 | T14: 1.43 | U14: 1.4167937
B15: Lima | C15: 0.9 | D15: 0.89 | E15: 0.87 | F15: 0.9 | G15: 0.94 | H15: 1.01 | I15: 1.06 | J15: 1.09 | K15: 1.17 | L15: 1.22 | M15: 1.26 | N15: 1.27 | O15: 1.3 | P15: 1.36 | Q15: 1.39 | R15: 1.43 | S15: 1.51 | T15: 1.56 | U15: 1.5853475
B16: Ica | C16: 0.92 | D16: 0.81 | E16: 0.74 | F16: 0.81 | G16: 0.89 | H16: 0.92 | I16: 0.89 | J16: 0.91 | K16: 1.05 | L16: 1.04 | M16: 1.09 | N16: 1.18 | O16: 1.14 | P16: 1.19 | Q16: 1.26 | R16: 1.3 | S16: 1.46 | T16: 1.53 | U16: 1.57459
B17: Huánuco | C17: 1.29 | D17: 1.3 | E17: 1.28 | F17: 1.26 | G17: 1.26 | H17: 1.28 | I17: 1.13 | J17: 1.14 | K17: 1.57 | L17: 1.42 | M17: 1.33 | N17: 1.4 | O17: 1.41 | P17: 1.44 | Q17: 1.48 | R17: 1.49 | S17: 1.53 | T17: 1.58 | U17: 1.6008853
B18: Pasco | C18: 1.19 | D18: 0.84 | E18: 1.24 | F18: 1.03 | G18: 1.07 | H18: 1.09 | I18: 1.11 | J18: 1.15 | K18: 1.19 | L18: 1.18 | M18: 1.25 | N18: 1.29 | O18: 1.38 | P18: 1.45 | Q18: 1.46 | R18: 1.5 | S18: 1.52 | T18: 1.52 | U18: 1.5535404
B19: Junín | C19: 0.93 | D19: 0.96 | E19: 0.99 | F19: 1.05 | G19: 1.12 | H19: 1.11 | I19: 1.1 | J19: 1.12 | K19: 1.22 | L19: 1.25 | M19: 1.31 | N19: 1.29 | O19: 1.35 | P19: 1.37 | Q19: 1.31 | R19: 1.34 | S19: 1.5 | T19: 1.58 | U19: 1.6192147
... B31: Madre de Dios | C31: 1.41 | D31: 1.41 | E31: 1.38 | F31: 1.5 | G31: 1.58 | H31: 1.56 | I31: 1.44 | J31: 1.45 | K31: 1.63 | L31: 1.81 | M31: 1.5 | N31: 1.62 | O31: 1.53 | P31: 1.6 | Q31: 1.54 | R31: 1.55 | S31: 1.59 | T31: 1.62 | U31: 1.6740158
A32: P Preliminar
A33: Fuente: Direcciones Regionales de Agricultura
A34: Elaboración: Ministerio de Desarrollo Agrario y Riego - DGESEP - DEIA

Sheet C 21
A2: C.21 PERÚ: POBLACIÓN DE CAPRINOS POR AÑO, SEGÚN REGIÓN, 2007-2023
A3: (Unidades)
A5: Región | C5: 2005 | D5: 2006 | E5: 2007 | F5: 2008 | G5: 2009 | H5: 2010 | I5: 2011 | J5: 2012 | K5: 2013 | L5: 2014 | M5: 2015 | N5: 2016 | O5: 2017 | P5: 2018 | Q5: 2019 | R5: 2020 | S5: 2021 | T5: 2022 | U5: 2023 P
A6: Total Nacional | C6: =(C8+C9+C10+C11+C12+C13+C14+C15+C16+C17+C18+C19+C20+C21+C22+C23+C24+C25+C26+C27+C28+C29+C30+C31) -> 1946984 | D6: =(D8+D9+D10+D11+D12+D13+D14+D15+D16+D17+D18+D19+D20+D21+D22+D23+D24+D25+D26+D27+D28+D29+D30+D31) -> 1930625 | E6: =(E8+E9+E10+E11+E12+E13+E14+E15+E16+E17+E18+E19+E20+E21+E22+E23+E24+E25+E26+E27+E28+E29+E30+E31) -> 1925912 | F6: =(F8+F9+F10+F11+F12+F13+F14+F15+F16+F17+F18+F19+F20+F21+F22+F23+F24+F25+F26+F27+F28+F29+F30+F31) -> 1904124 | G6: =(G8+G9+G10+G11+G12+G13+G14+G15+G16+G17+G18+G19+G20+G21+G22+G23+G24+G25+G26+G27+G28+G29+G30+G31) -> 1928678 | H6: =(H8+H9+H10+H11+H12+H13+H14+H15+H16+H17+H18+H19+H20+H21+H22+H23+H24+H25+H26+H27+H28+H29+H30+H31) -> 1968305 | I6: =(I8+I9+I10+I11+I12+I13+I14+I15+I16+I17+I18+I19+I20+I21+I22+I23+I24+I25+I26+I27+I28+I29+I30+I31) -> 1946117 | J6: =(J8+J9+J10+J11+J12+J13+J14+J15+J16+J17+J18+J19+J20+J21+J22+J23+J24+J25+J26+J27+J28+J29+J30+J31) -> 1949502 | ... U6: =(U8+U9+U10+U11+U12+U13+U14+U15+U16+U17+U18+U19+U20+U21+U22+U23+U24+U25+U26+U27+U28+U29+U30+U31) -> 1764665
B8: Tumbes | C8: 101220 | D8: 101000 | E8: 99100 | F8: 87027 | G8: 89050 | H8: 87290 | I8: 81400 | J8: 78900 | K8: 75000 | L8: 62600 | M8: 71620 | N8: 60648 | O8: 62430 | P8: 68210 | Q8: 65320 | R8: 63823 | S8: 63678 | T8: 63750.5 | U8: 94086
B9: Piura | C9: 335100 | D9: 341333 | E9: 342698 | F9: 343180 | G9: 359416 | H9: 415459 | I9: 412459 | J9: 417121 | K9: 395221 | L9: 396861 | M9: 391887 | N9: 382545 | O9: 345496 | P9: 346221 | Q9: 330221 | R9: 330308 | S9: 305413.09 | T9: 317860.5 | U9: 296221
B10: Lambayeque | C10: 60000 | D10: 72700 | E10: 66341 | F10: 74724 | G10: 78420 | H10: 75437 | I10: 77230 | J10: 78198 | K10: 78098 | L10: 75598 | M10: 77150 | N10: 83968 | O10: 91548 | P10: 90560 | Q10: 106151 | R10: 105050 | S10: 105680 | T10: 104500 | U10: 105365
B11: La Libertad | C11: 130433 | D11: 130173 | E11: 130243 | F11: 130423 | G11: 130953 | H11: 131492 | I11: 131643 | J11: 131719 | K11: 128495 | L11: 116803 | M11: 103065 | N11: 100605 | O11: 98187 | P11: 84588 | Q11: 82812 | R11: 92017 | S11: 86812 | T11: 85926 | U11: 84406
B12: Cajamarca | C12: 96690 | D12: 98238 | E12: 97950 | F12: 91315 | G12: 93900 | H12: 95518 | I12: 87325 | J12: 82835 | K12: 82206 | L12: 82910 | M12: 81616 | N12: 96193 | O12: 99202 | P12: 103252 | Q12: 107350 | R12: 106138 | S12: 106195 | T12: 104166.5 | U12: 105217
B13: Amazonas | C13: 7205 | D13: 7800 | E13: 10218 | F13: 9850 | G13: 9900 | H13: 8252 | I13: 9006 | J13: 11206 | K13: 12106 | L13: 12310 | M13: 12327 | N13: 12572 | O13: 12640 | P13: 12510 | Q13: 13975 | R13: 13975 | S13: 14397 | T13: 14827 | U13: 15271
B14: Ancash | C14: 190443 | D14: 182297 | E14: 178521 | F14: 183422 | G14: 176458 | H14: 175228 | I14: 167112 | J14: 166175 | K14: 168200 | L14: 170142 | M14: 169145 | N14: 170602 | O14: 169610 | P14: 169785 | Q14: 169697.5 | R14: 168457 | S14: 167891 | T14: 168174 | U14: 168033
B15: Lima | C15: 183469 | D15: 187600 | E15: 186019 | F15: 187188 | G15: 188100 | H15: 186475 | I15: 189053 | J15: 187765 | K15: 180470 | L15: 184982 | M15: 185186 | N15: 175075 | O15: 167335 | P15: 165431 | Q15: 169383 | R15: 168458 | S15: 158415 | T15: 163436.5 | U15: 159255
B16: Ica | C16: 65037 | D16: 66362 | E16: 68978 | F16: 68172 | G16: 67350 | H16: 67180 | I16: 66788 | J16: 67724 | K16: 72324 | L16: 76527 | M16: 80148 | N16: 78936 | O16: 78925 | P16: 77013 | Q16: 75880 | R16: 74971 | S16: 75606 | T16: 79847 | U16: 80874
B17: Huánuco | C17: 72984 | D17: 79774 | E17: 78338 | F17: 81567 | G17: 80200 | H17: 78573 | I17: 85480 | J17: 97911 | K17: 101640 | L17: 101762 | M17: 102840 | N17: 102064 | O17: 102170 | P17: 102350 | Q17: 102260 | R17: 101568 | S17: 101673 | T17: 101620.5 | U17: 101647
B18: Pasco | C18: 25049 | D18: 22586 | E18: 18694 | F18: 13049 | G18: 12271 | H18: 10520 | I18: 9471 | J18: 9626 | K18: 7543 | L18: 7547 | M18: 7168 | N18: 6810 | O18: 6173 | P18: 6517 | Q18: 6345 | R18: 6430 | S18: 6384 | T18: 6407 | U18: 6396
B19: Junín | C19: 8980 | D19: 8910 | E19: 8980 | F19: 8944 | G19: 8860 | H19: 8035 | I19: 7454 | J19: 9431 | K19: 10205 | L19: 9558 | M19: 9818 | N19: 10187 | O19: 10680 | P19: 11985 | Q19: 12015 | R19: 13304 | S19: 14890 | T19: 14570 | U19: 17118
... B31: Madre de Dios | C31: 0 | D31: 0 | E31: 0 | F31: 0 | G31: 0 | H31: 0 | I31: 0 | J31: 0 | K31: 0 | L31: 175 | M31: 179 | N31: 186 | O31: 195 | P31: 200 | Q31: 220 | R31: 210 | S31: 220 | T31: 215 | U31: 220
A32: P Preliminar
A33: Fuente: Direcciones Regionales de Agricultura
A34: Elaboración: Ministerio de Desarrollo Agrario y Riego - DGESEP - DEIA

Sheet C 22
A2: C.22 PERÚ: PRODUCCIÓN DE CAPRINOS POR AÑO, SEGÚN REGIÓN, 2007-2023
A3: (Unidades)
A5: Región | C5: 2005 | D5: 2006 | E5: 2007 | F5: 2008 | G5: 2009 | H5: 2010 | I5: 2011 | J5: 2012 | K5: 2013 | L5: 2014 | M5: 2015 | N5: 2016 | O5: 2017 | P5: 2018 | Q5: 2019 | R5: 2020 | S5: 2021 | T5: 2022 | U5: 2023 P
A6: Total Nacional | C6: =(C8+C9+C10+C11+C12+C13+C14+C15+C16+C17+C18+C19+C20+C21+C22+C23+C24+C25+C26+C27+C28+C29+C30+C31) -> 527096 | D6: =(D8+D9+D10+D11+D12+D13+D14+D15+D16+D17+D18+D19+D20+D21+D22+D23+D24+D25+D26+D27+D28+D29+D30+D31) -> 518663 | E6: =(E8+E9+E10+E11+E12+E13+E14+E15+E16+E17+E18+E19+E20+E21+E22+E23+E24+E25+E26+E27+E28+E29+E30+E31) -> 506927 | F6: =(F8+F9+F10+F11+F12+F13+F14+F15+F16+F17+F18+F19+F20+F21+F22+F23+F24+F25+F26+F27+F28+F29+F30+F31) -> 496706 | G6: =(G8+G9+G10+G11+G12+G13+G14+G15+G16+G17+G18+G19+G20+G21+G22+G23+G24+G25+G26+G27+G28+G29+G30+G31) -> 505880 | H6: =(H8+H9+H10+H11+H12+H13+H14+H15+H16+H17+H18+H19+H20+H21+H22+H23+H24+H25+H26+H27+H28+H29+H30+H31) -> 499447 | I6: =(I8+I9+I10+I11+I12+I13+I14+I15+I16+I17+I18+I19+I20+I21+I22+I23+I24+I25+I26+I27+I28+I29+I30+I31) -> 489915 | J6: =(J8+J9+J10+J11+J12+J13+J14+J15+J16+J17+J18+J19+J20+J21+J22+J23+J24+J25+J26+J27+J28+J29+J30+J31) -> 496626 | ... U6: =(U8+U9+U10+U11+U12+U13+U14+U15+U16+U17+U18+U19+U20+U21+U22+U23+U24+U25+U26+U27+U28+U29+U30+U31) -> 388995.53
B8: Tumbes | C8: 22914 | D8: 20617 | E8: 17664 | F8: 16080 | G8: 19470 | H8: 20921 | I8: 21074 | J8: 21403 | K8: 21022 | L8: 25563 | M8: 21596 | N8: 18127 | O8: 32867 | P8: 25750 | Q8: 22337 | R8: 18938.32 | S8: 18005 | T8: 18318 | U8: 24128
B9: Piura | C9: 149460 | D9: 159867 | E9: 145635 | F9: 149857 | G9: 139553 | H9: 137022 | I9: 129182 | J9: 134568 | K9: 127787 | L9: 124725 | M9: 117178 | N9: 110964 | O9: 94622 | P9: 86591 | Q9: 93286 | R9: 95060 | S9: 91624.251 | T9: 96548.1 | U9: 93179.237
B10: Lambayeque | C10: 41274 | D10: 38081 | E10: 38353 | F10: 32319 | G10: 39267 | H10: 34248 | I10: 32953 | J10: 24637 | K10: 24143 | L10: 26199 | M10: 20821 | N10: 19370 | O10: 30600 | P10: 27998 | Q10: 26996 | R10: 22921.44 | S10: 20843.36 | T10: 17887 | U10: 19240
B11: La Libertad | C11: 41250 | D11: 42572 | E11: 42758 | F11: 43874 | G11: 44198 | H11: 44529 | I11: 44768 | J11: 44998 | K11: 45374 | L11: 45895 | M11: 47182 | N11: 47693 | O11: 37209 | P11: 36726 | Q11: 35654 | R11: 37143 | S11: 37305 | T11: 34765 | U11: 35316
B12: Cajamarca | C12: 27525 | D12: 28734 | E12: 29177 | F12: 27350 | G12: 27705 | H12: 29810 | I12: 30574 | J12: 28576 | K12: 28313 | L12: 27139 | M12: 28125 | N12: 32585 | O12: 28609 | P12: 28894 | Q12: 29102 | R12: 23891.62 | S12: 23407 | T12: 24415 | U12: 21746.7
B13: Amazonas | C13: 2346 | D13: 2380 | E13: 2699 | F13: 2298 | G13: 2738 | H13: 3728 | I13: 3946 | J13: 4013 | K13: 3917 | L13: 4230 | M13: 4631 | N13: 4630 | O13: 4507 | P13: 4572 | Q13: 4816 | R13: 4182 | S13: 4290 | T13: 4582 | U13: 4775
B14: Ancash | C14: 19563 | D14: 19014 | E14: 16693 | F14: 16955 | G14: 13600 | H14: 15129 | I14: 13930 | J14: 14469 | K14: 14919 | L14: 14869 | M14: 16739 | N14: 20343 | O14: 20432 | P14: 20565 | Q14: 20509 | R14: 19925 | S14: 20114 | T14: 20332 | U14: 20958
B15: Lima | C15: 55950 | D15: 54403 | E15: 53532 | F15: 53005 | G15: 53710 | H15: 52654 | I15: 55445 | J15: 57039 | K15: 59796 | L15: 60713 | M15: 56179 | N15: 52628 | O15: 48379 | P15: 40586 | Q15: 40739 | R15: 37543 | S15: 35830 | T15: 35626 | U15: 36612
B16: Ica | C16: 17350 | D16: 17706 | E16: 17125 | F16: 16342 | G16: 15674 | H16: 15049 | I16: 14840 | J16: 15978 | K16: 16498 | L16: 17691 | M16: 16592 | N16: 16670 | O16: 14913 | P16: 14133 | Q16: 17363 | R16: 19360 | S16: 23824.424 | T16: 23441 | U16: 22475
B17: Huánuco | C17: 15218 | D17: 16580 | E17: 19147 | F17: 20484 | G17: 24021 | H17: 23936 | I17: 22276 | J17: 22265 | K17: 23407 | L17: 25115 | M17: 23243 | N17: 24427 | O17: 26502 | P17: 25971 | Q17: 23327 | R17: 23261 | S17: 24055 | T17: 24833 | U17: 24868
B18: Pasco | C18: 1054 | D18: 1389 | E18: 2906 | F18: 2403 | G18: 2225 | H18: 2348 | I18: 2561 | J18: 2932 | K18: 1867 | L18: 1771 | M18: 1485 | N18: 1281 | O18: 1189 | P18: 1109 | Q18: 1059 | R18: 955 | S18: 1037 | T18: 1038 | U18: 1160
B19: Junín | C19: 1420 | D19: 1280 | E19: 1373 | F19: 1501 | G19: 1351 | H19: 1619 | I19: 1894 | J19: 2373 | K19: 2418 | L19: 2938 | M19: 3651 | N19: 3905 | O19: 4659 | P19: 5357 | Q19: 3585 | R19: 3158 | S19: 3716 | T19: 4040 | U19: 3855
... B31: Madre de Dios | C31: 0 | D31: 0 | E31: 0 | F31: 0 | G31: 0 | H31: 0 | I31: 0 | J31: 0 | K31: 0 | L31: 0 | M31: 0 | N31: 0 | O31: 0 | P31: 0 | Q31: 0 | R31: 0 | S31: 0 | T31: 0 | U31: 0
A32: P Preliminar
A33: Fuente: Direcciones Regionales de Agricultura
A34: Elaboración: Ministerio de Desarrollo Agrario y Riego - DGESEP - DEIA

Sheet C 23
A2: C.23 PERÚ: PRODUCCIÓN DE CARNE DE CAPRINO POR AÑO, SEGÚN REGIÓN, 2007-2023
A3: (Toneladas)
A5: Región | C5: 2005 | D5: 2006 | E5: 2007 | F5: 2008 | G5: 2009 | H5: 2010 | I5: 2011 | J5: 2012 | K5: 2013 | L5: 2014 | M5: 2015 | N5: 2016 | O5: 2017 | P5: 2018 | Q5: 2019 | R5: 2020 | S5: 2021 | T5: 2022 | U5: 2023 P
A6: Total Nacional | C6: =(C8+C9+C10+C11+C12+C13+C14+C15+C16+C17+C18+C19+C20+C21+C22+C23+C24+C25+C26+C27+C28+C29+C30+C31) -> 6617 | D6: =(D8+D9+D10+D11+D12+D13+D14+D15+D16+D17+D18+D19+D20+D21+D22+D23+D24+D25+D26+D27+D28+D29+D30+D31) -> 6771 | E6: =(E8+E9+E10+E11+E12+E13+E14+E15+E16+E17+E18+E19+E20+E21+E22+E23+E24+E25+E26+E27+E28+E29+E30+E31) -> 6684 | F6: =(F8+F9+F10+F11+F12+F13+F14+F15+F16+F17+F18+F19+F20+F21+F22+F23+F24+F25+F26+F27+F28+F29+F30+F31) -> 6420 | G6: =(G8+G9+G10+G11+G12+G13+G14+G15+G16+G17+G18+G19+G20+G21+G22+G23+G24+G25+G26+G27+G28+G29+G30+G31) -> 6152 | H6: =(H8+H9+H10+H11+H12+H13+H14+H15+H16+H17+H18+H19+H20+H21+H22+H23+H24+H25+H26+H27+H28+H29+H30+H31) -> 6133 | I6: =(I8+I9+I10+I11+I12+I13+I14+I15+I16+I17+I18+I19+I20+I21+I22+I23+I24+I25+I26+I27+I28+I29+I30+I31) -> 6151 | J6: =(J8+J9+J10+J11+J12+J13+J14+J15+J16+J17+J18+J19+J20+J21+J22+J23+J24+J25+J26+J27+J28+J29+J30+J31) -> 6245 | ... U6: =(U8+U9+U10+U11+U12+U13+U14+U15+U16+U17+U18+U19+U20+U21+U22+U23+U24+U25+U26+U27+U28+U29+U30+U31) -> 4940.9882
B8: Tumbes | C8: 274 | D8: 261 | E8: 226 | F8: 215 | G8: 260 | H8: 283 | I8: 256 | J8: 266 | K8: 258 | L8: 292 | M8: 252 | N8: 205 | O8: 378 | P8: 273 | Q8: 220 | R8: 203.9 | S8: 189 | T8: 191.5 | U8: 245.68
B9: Piura | C9: 1970 | D9: 2250 | E9: 2114 | F9: 2190 | G9: 1819 | H9: 1854 | I9: 1833 | J9: 1923 | K9: 1990 | L9: 1895 | M9: 1781 | N9: 1666 | O9: 1377 | P9: 1128 | Q9: 1283 | R9: 1306.8 | S9: 1330.4 | T9: 1350.5 | U9: 1350.8056
B10: Lambayeque | C10: 569 | D10: 536 | E10: 564 | F10: 473 | G10: 481 | H10: 434 | I10: 491 | J10: 384 | K10: 353 | L10: 365 | M10: 310 | N10: 385 | O10: 456 | P10: 416 | Q10: 375 | R10: 344.7 | S10: 312.4 | T10: 295.1 | U10: 275.60578
B11: La Libertad | C11: 496 | D11: 516 | E11: 519 | F11: 531 | G11: 538 | H11: 543 | I11: 546 | J11: 548 | K11: 554 | L11: 560 | M11: 573 | N11: 579 | O11: 453 | P11: 451 | Q11: 437 | R11: 455.7 | S11: 472.1 | T11: 460.1 | U11: 465.71015
B12: Cajamarca | C12: 339 | D12: 359 | E12: 366 | F12: 333 | G12: 333 | H12: 329 | I12: 324 | J12: 305 | K12: 323 | L12: 308 | M12: 299 | N12: 328 | O12: 234 | P12: 250 | Q12: 296 | R12: 256.9 | S12: 248.7 | T12: 250 | U12: 239.55156
B13: Amazonas | C13: 27 | D13: 27 | E13: 32 | F13: 25 | G13: 29 | H13: 39 | I13: 40 | J13: 46 | K13: 45 | L13: 54 | M13: 59 | N13: 58 | O13: 57 | P13: 57 | Q13: 60 | R13: 52.9 | S13: 54.1 | T13: 57.7 | U13: 60.2429
B14: Ancash | C14: 198 | D14: 207 | E14: 171 | F14: 174 | G14: 140 | H14: 155 | I14: 144 | J14: 145 | K14: 153 | L14: 154 | M14: 174 | N14: 210 | O14: 214 | P14: 218 | Q14: 219 | R14: 214 | S14: 205.3 | T14: 205.7 | U14: 207.69611
B15: Lima | C15: 785 | D15: 769 | E15: 755 | F15: 743 | G15: 751 | H15: 709 | I15: 731 | J15: 719 | K15: 747 | L15: 758 | M15: 725 | N15: 659 | O15: 603 | P15: 533 | Q15: 533 | R15: 498.6 | S15: 473 | T15: 457.3 | U15: 462.39849
B16: Ica | C16: 229 | D16: 235 | E16: 231 | F16: 203 | G16: 186 | H16: 189 | I16: 196 | J16: 216 | K16: 231 | L16: 228 | M16: 223 | N16: 228 | O16: 211 | P16: 198 | Q16: 247 | R16: 280.4 | S16: 294.1 | T16: 306.5 | U16: 307.73041
B17: Huánuco | C17: 214 | D17: 233 | E17: 267 | F17: 246 | G17: 250 | H17: 240 | I17: 221 | J17: 211 | K17: 213 | L17: 232 | M17: 218 | N17: 222 | O17: 242 | P17: 251 | Q17: 237 | R17: 239.2 | S17: 248.2 | T17: 244 | U17: 244.69148
B18: Pasco | C18: 11 | D18: 15 | E18: 30 | F18: 25 | G18: 21 | H18: 23 | I18: 27 | J18: 33 | K18: 21 | L18: 20 | M18: 18 | N18: 14 | O18: 14 | P18: 13 | Q18: 12 | R18: 11 | S18: 11.9 | T18: 12.3 | U18: 12.948128
B19: Junín | C19: 14 | D19: 13 | E19: 14 | F19: 15 | G19: 14 | H19: 18 | I19: 21 | J19: 26 | K19: 27 | L19: 33 | M19: 42 | N19: 41 | O19: 48 | P19: 56 | Q19: 44 | R19: 35.8 | S19: 38.1 | T19: 41.9 | U19: 40.0528
... B31: Madre de Dios | C31: 0 | D31: 0 | E31: 0 | F31: 0 | G31: 0 | H31: 0 | I31: 0 | J31: 0 | K31: 0 | L31: 0 | M31: 0 | N31: 0 | O31: 0 | P31: 0 | Q31: 0 | R31: 0 | S31: 0 | T31: 0 | U31: 0
A32: P Preliminar
A33: Fuente: Direcciones Regionales de Agricultura
A34: Elaboración: Ministerio de Desarrollo Agrario y Riego - DGESEP - DEIA

Sheet C 24
A2: C.24 PERÚ: PRECIO RECIBIDO POR EL PRODUCTOR DE CAPRINOS POR AÑO, SEGÚN REGIÓN, 2007-2023
A3: (Soles / Kg)
A5: Región | C5: 2005 | D5: 2006 | E5: 2007 | F5: 2008 | G5: 2009 | H5: 2010 | I5: 2011 | J5: 2012 | K5: 2013 | L5: 2014 | M5: 2015 | N5: 2016 | O5: 2017 | P5: 2018 | Q5: 2019 | R5: 2020 | S5: 2021 | T5: 2022 | U5: 2023 P
A6: Promedio | C6: 3.05 | D6: 3.01 | E6: 3.17 | F6: 3.41 | G6: 3.61 | H6: 3.38 | I6: 3.53 | J6: 3.68 | K6: 3.93 | L6: 4.04 | M6: 4.28 | N6: 4.66 | O6: 4.74 | P6: 4.79 | Q6: 4.81 | R6: 4.8 | S6: 4.79 | T6: 4.81 | U6: 4.8108362
B8: Tumbes | C8: 3.01 | D8: 3.25 | E8: 3.2 | F8: 3.22 | G8: 3.35 | H8: 3.42 | I8: 3.43 | J8: 3.38 | K8: 3.6 | L8: 3.63 | M8: 4.45 | N8: 4.45 | O8: 4.47 | P8: 4.6 | Q8: 4.58 | R8: 4.57 | S8: 4.54 | T8: 4.57 | U8: 4.5479237
B9: Piura | C9: 2.91 | D9: 2.95 | E9: 3.22 | F9: 3.3 | G9: 3.46 | H9: 3.27 | I9: 3.49 | J9: 3.52 | K9: 3.68 | L9: 3.73 | M9: 3.93 | N9: 4.53 | O9: 4.77 | P9: 4.88 | Q9: 4.85 | R9: 4.84 | S9: 4.82 | T9: 4.86 | U9: 4.8649688
B10: Lambayeque | C10: 3.7 | D10: 3.49 | E10: 3.73 | F10: 3.77 | G10: 3.69 | H10: 3.47 | I10: 3.46 | J10: 3.55 | K10: 3.74 | L10: 3.9 | M10: 3.94 | N10: 4.66 | O10: 4.83 | P10: 4.63 | Q10: 4.6 | R10: 4.66 | S10: 4.7 | T10: 4.76 | U10: 4.7386934
B11: La Libertad | C11: 3.1 | D11: 2.95 | E11: 3.23 | F11: 3.56 | G11: 3.68 | H11: 3.16 | I11: 3.16 | J11: 3.67 | K11: 5.11 | L11: 5.11 | M11: 5.59 | N11: 5.42 | O11: 5.43 | P11: 5.62 | Q11: 5.72 | R11: 5.49 | S11: 5.49 | T11: 5.58 | U11: 5.6237701
B12: Cajamarca | C12: 3.64 | D12: 3.59 | E12: 3.33 | F12: 3.58 | G12: 3.84 | H12: 3.21 | I12: 3.46 | J12: 3.51 | K12: 3.55 | L12: 4.31 | M12: 3.91 | N12: 3.99 | O12: 4.25 | P12: 4.42 | Q12: 4.45 | R12: 4.44 | S12: 4.39 | T12: 4.38 | U12: 4.3640434
B13: Amazonas | C13: 3.34 | D13: 3.39 | E13: 3.66 | F13: 3.77 | G13: 3.81 | H13: 3.55 | I13: 3.25 | J13: 3.18 | K13: 3.34 | L13: 3.92 | M13: 4.09 | N13: 4.46 | O13: 4.55 | P13: 4.68 | Q13: 4.71 | R13: 4.67 | S13: 4.61 | T13: 4.58 | U13: 4.5154915
B14: Ancash | C14: 3.49 | D14: 3.33 | E14: 3.15 | F14: 3.78 | G14: 4.01 | H14: 3.13 | I14: 3.96 | J14: 3.65 | K14: 3.97 | L14: 4.02 | M14: 4.18 | N14: 4.46 | O14: 4.23 | P14: 4.3 | Q14: 4.54 | R14: 4.47 | S14: 4.45 | T14: 4.44 | U14: 4.4183496
B15: Lima | C15: 3.05 | D15: 3.14 | E15: 3.24 | F15: 3.88 | G15: 4.07 | H15: 3.34 | I15: 3.42 | J15: 3.54 | K15: 3.64 | L15: 3.82 | M15: 4.37 | N15: 5.2 | O15: 5.32 | P15: 5.12 | Q15: 5.26 | R15: 5.35 | S15: 5.5 | T15: 5.62 | U15: 5.6537997
B16: Ica | C16: 2.37 | D16: 2.55 | E16: 2.98 | F16: 3.12 | G16: 3.68 | H16: 3.79 | I16: 3.96 | J16: 4.49 | K16: 3.62 | L16: 4.62 | M16: 4.37 | N16: 4.76 | O16: 5.08 | P16: 5.22 | Q16: 5.15 | R16: 5.19 | S16: 5.22 | T16: 5.23 | U16: 5.205181
B17: Huánuco | C17: 2.89 | D17: 2.9 | E17: 2.99 | F17: 3.07 | G17: 3.78 | H17: 3.88 | I17: 4.09 | J17: 4.23 | K17: 5.12 | L17: 4.6 | M17: 4.85 | N17: 5.08 | O17: 4.78 | P17: 4.88 | Q17: 4.94 | R17: 4.94 | S17: 4.94 | T17: 4.9 | U17: 4.8675027
B18: Pasco | C18: 2.19 | D18: 2.5 | E18: 2.81 | F18: 3.14 | G18: 3.7 | H18: 3.5 | I18: 3.59 | J18: 4.08 | K18: 4.25 | L18: 4.18 | M18: 4.12 | N18: 3.98 | O18: 4.02 | P18: 4.12 | Q18: 4.03 | R18: 4.02 | S18: 4.01 | T18: 4.02 | U18: 4.0128793
B19: Junín | C19: 3.13 | D19: 3.1 | E19: 3.07 | F19: 3.35 | G19: 3.74 | H19: 4.03 | I19: 3.86 | J19: 4.44 | K19: 4.36 | L19: 4.35 | M19: 4.7 | N19: 4.99 | O19: 4.82 | P19: 4.98 | Q19: 4.95 | R19: 4.92 | S19: 4.79 | T19: 4.73 | U19: 4.7150914
... B26: Cusco | C26: 2.84 | D26: 2.71 | E26: 3.1 | F26: 3.72 | G26: 3.84 | H26: 3.51 | I26: 4.11 | J26: 4.29 | K26: 4.55 | L26: 4.1 | M26: 3.99 | N26: 4.99 | O26: 4.95 | P26: 4.95 | Q26: 4.98 | R26: 4.92 | S26: 4.96 | T26: 4.94 | U26: 4.9355167
B27: Puno | C27: - | D27: - | E27: - | F27: - | G27: - | H27: - | I27: - | J27: - | K27: - | L27: - | M27: - | N27: - | O27: - | P27: - | Q27: - | R27: - | S27: - | T27: - | U27: -
B28: San Martín | C28: - | D28: - | E28: - | F28: - | G28: - | H28: - | I28: - | J28: - | K28: - | L28: - | M28: - | N28: - | O28: - | P28: - | Q28: - | R28: - | S28: - | T28: - | U28: -
B29: Loreto | C29: - | D29: - | E29: - | F29: - | G29: - | H29: - | I29: - | J29: - | K29: - | L29: - | M29: - | N29: - | O29: - | P29: - | Q29: - | R29: 4.94 | S29: 4.91 | T29: 4.84 | U29: 4.7945656
B30: Ucayali | C30: - | D30: - | E30: - | F30: - | G30: - | H30: - | I30: - | J30: - | K30: - | L30: - | M30: - | N30: - | O30: - | P30: - | Q30: - | R30: - | S30: - | T30: - | U30: -
B31: Madre de Dios | C31: - | D31: - | E31: - | F31: - | G31: - | H31: - | I31: - | J31: - | K31: - | L31: - | M31: - | N31: - | O31: - | P31: - | Q31: - | R31: - | S31: - | T31: - | U31: -
A32: P Preliminar | H32: 1 Precio de animal vivo
A33: Fuente: Direcciones Regionales de Agricultura
A34: Elaboración: Ministerio de Desarrollo Agrario y Riego - DGESEP - DEIA

Sheet C 25
A2: C.25 PERÚ: POBLACIÓN DE OVINOS POR AÑO, SEGÚN REGIÓN, 2007-2023
A3: (Unidades)
A5: Región | C5: 2005 | D5: 2006 | E5: 2007 | F5: 2008 | G5: 2009 | H5: 2010 | I5: 2011 | J5: 2012 | K5: 2013 | L5: 2014 | M5: 2015 | N5: 2016 | O5: 2017 | P5: 2018 | Q5: 2019 | R5: 2020 | S5: 2021 | T5: 2022 | U5: 2023 P
A6: Total Nacional | C6: =(C8+C9+C10+C11+C12+C13+C14+C15+C16+C17+C18+C19+C20+C21+C22+C23+C24+C25+C26+C27+C28+C29+C30+C31) -> 14813786 | D6: =(D8+D9+D10+D11+D12+D13+D14+D15+D16+D17+D18+D19+D20+D21+D22+D23+D24+D25+D26+D27+D28+D29+D30+D31) -> 14675255 | E6: =(E8+E9+E10+E11+E12+E13+E14+E15+E16+E17+E18+E19+E20+E21+E22+E23+E24+E25+E26+E27+E28+E29+E30+E31) -> 14580166 | F6: =(F8+F9+F10+F11+F12+F13+F14+F15+F16+F17+F18+F19+F20+F21+F22+F23+F24+F25+F26+F27+F28+F29+F30+F31) -> 14509628 | G6: =(G8+G9+G10+G11+G12+G13+G14+G15+G16+G17+G18+G19+G20+G21+G22+G23+G24+G25+G26+G27+G28+G29+G30+G31) -> 14137690 | H6: =(H8+H9+H10+H11+H12+H13+H14+H15+H16+H17+H18+H19+H20+H21+H22+H23+H24+H25+H26+H27+H28+H29+H30+H31) -> 14159719 | I6: =(I8+I9+I10+I11+I12+I13+I14+I15+I16+I17+I18+I19+I20+I21+I22+I23+I24+I25+I26+I27+I28+I29+I30+I31) -> 14050173 | J6: =(J8+J9+J10+J11+J12+J13+J14+J15+J16+J17+J18+J19+J20+J21+J22+J23+J24+J25+J26+J27+J28+J29+J30+J31) -> 12184143 | ... U6: =(U8+U9+U10+U11+U12+U13+U14+U15+U16+U17+U18+U19+U20+U21+U22+U23+U24+U25+U26+U27+U28+U29+U30+U31) -> 11238432
B8: Tumbes | C8: 10010 | D8: 8700 | E8: 8750 | F8: 7352 | G8: 7460 | H8: 8230 | I8: 9430 | J8: 8950 | K8: 8700 | L8: 7410 | M8: 8468 | N8: 6290 | O8: 7580 | P8: 7450 | Q8: 7515 | R8: 10210 | S8: 9063 | T8: 9636.5 | U8: 11437
B9: Piura | C9: 278876 | D9: 275000 | E9: 263896 | F9: 248203 | G9: 256830 | H9: 338970 | I9: 338702 | J9: 344798 | K9: 313119 | L9: 292109 | M9: 309339 | N9: 302540 | O9: 341213 | P9: 293119 | Q9: 274350 | R9: 243119 | S9: 266289.4 | T9: 254704.2 | U9: 243119
B10: Lambayeque | C10: 72000 | D10: 70100 | E10: 77846 | F10: 95249 | G10: 93100 | H10: 87659 | I10: 86180 | J10: 77386 | K10: 85246 | L10: 84377 | M10: 84240 | N10: 82685 | O10: 68810 | P10: 67840 | Q10: 68325 | R10: 72859 | S10: 73368 | T10: 74798 | U10: 71310
B11: La Libertad | C11: 402413 | D11: 420429 | E11: 413495 | F11: 412886 | G11: 412338 | H11: 412672 | I11: 412407 | J11: 402621 | K11: 356517 | L11: 365201 | M11: 356682 | N11: 357814 | O11: 356486 | P11: 333412 | Q11: 360982 | R11: 360882 | S11: 36171 | T11: 361175 | U11: 369947
B12: Cajamarca | C12: 375069 | D12: 391715 | E12: 426561 | F12: 434653 | G12: 441100 | H12: 413819 | I12: 434278 | J12: 421175 | K12: 417560 | L12: 411297 | M12: 409942 | N12: 465641 | O12: 455567 | P12: 484116 | Q12: 480071.52 | R12: 484440 | S12: 484087 | T12: 469462 | U12: 483579
B13: Amazonas | C13: 37993 | D13: 38000 | E13: 39571 | F13: 39215 | G13: 40120 | H13: 41072 | I13: 42510 | J13: 31131 | K13: 40939 | L13: 40606 | M13: 38822 | N13: 29054 | O13: 21744 | P13: 24350 | Q13: 23046.863 | R13: 27519 | S13: 27990 | T13: 28229 | U13: 28499
B14: Ancash | C14: 847298 | D14: 807840 | E14: 793399 | F14: 814814 | G14: 806982 | H14: 814067 | I14: 808502 | J14: 650284 | K14: 640242 | L14: 602944 | M14: 694111 | N14: 672817 | O14: 672175 | P14: 671482 | Q14: 671828.69 | R14: 670125 | S14: 672384 | T14: 671254.5 | U14: 671820
B15: Lima | C15: 352067 | D15: 340000 | E15: 324238 | F15: 310789 | G15: 309200 | H15: 312259 | I15: 330004 | J15: 321131 | K15: 319450 | L15: 327436 | M15: 342802 | N15: 319535 | O15: 305462 | P15: 326462 | Q15: 315962 | R15: 312547 | S15: 294505 | T15: 303526 | U15: 321147
B16: Ica | C16: 20606 | D16: 21051 | E16: 21815 | F16: 23124 | G16: 22680 | H16: 21855 | I16: 23226 | J16: 27078 | K16: 28397 | L16: 25990 | M16: 26132 | N16: 28131 | O16: 29996 | P16: 27535 | Q16: 26695 | R16: 26771 | S16: 26813 | T16: 28666 | U16: 30121
B17: Huánuco | C17: 1147657 | D17: 1170866 | E17: 1054504 | F17: 1021725 | G17: 998000 | H17: 987550 | I17: 839260 | J17: 702282 | K17: 760617 | L17: 761384 | M17: 759953 | N17: 634318 | O17: 529453 | P17: 530212 | Q17: 529832.45 | R17: 526457 | S17: 527633 | T17: 527045 | U17: 527339
B18: Pasco | C18: 947800 | D18: 934944 | E18: 950105 | F18: 955224 | G18: 957700 | H18: 964060 | I18: 969245 | J18: 726314 | K18: 662425 | L18: 669260 | M18: 675939 | N18: 682688 | O18: 698536 | P18: 685310 | Q18: 691923 | R18: 680129 | S18: 684682 | T18: 682405.5 | U18: 683544
B19: Junín | C19: 1214210 | D19: 1216000 | E19: 1214210 | F19: 1151903 | G19: 1160000 | H19: 1080265 | I19: 1020168 | J19: 1304933 | K19: 1358604 | L19: 1345874 | M19: 1416083 | N19: 1234318 | O19: 1478438 | P19: 1554849 | Q19: 1614094 | R19: 1547309 | S19: 1611208 | T19: 1579258.5 | U19: 1652072
... B31: Madre de Dios | C31: 6112 | D31: 5901 | E31: 6245 | F31: 6585 | G31: 7067 | H31: 7231 | I31: 7750 | J31: 8490 | K31: 8765 | L31: 8742 | M31: 8670 | N31: 9104 | O31: 9559 | P31: 8430 | Q31: 8287 | R31: 5287 | S31: 4669 | T31: 5148 | U31: 4860
A32: P Preliminar
A33: Fuente: Direcciones Regionales de Agricultura
A34: Elaboración: Ministerio de Desarrollo Agrario y Riego - DGESEP - DEIA

Sheet C 26
A2: C.26 PERÚ: PRODUCCIÓN DE OVINOS POR AÑO, SEGÚN REGIÓN, 2007-2023
A3: (Unidades)
A5: Región | C5: 2005 | D5: 2006 | E5: 2007 | F5: 2008 | G5: 2009 | H5: 2010 | I5: 2011 | J5: 2012 | K5: 2013 | L5: 2014 | M5: 2015 | N5: 2016 | O5: 2017 | P5: 2018 | Q5: 2019 | R5: 2020 | S5: 2021 | T5: 2022 | U5: 2023 P
A6: Total Nacional | C6: =(C8+C9+C10+C11+C12+C13+C14+C15+C16+C17+C18+C19+C20+C21+C22+C23+C24+C25+C26+C27+C28+C29+C30+C31) -> 2685627 | D6: =(D8+D9+D10+D11+D12+D13+D14+D15+D16+D17+D18+D19+D20+D21+D22+D23+D24+D25+D26+D27+D28+D29+D30+D31) -> 2692776 | E6: =(E8+E9+E10+E11+E12+E13+E14+E15+E16+E17+E18+E19+E20+E21+E22+E23+E24+E25+E26+E27+E28+E29+E30+E31) -> 2681208 | F6: =(F8+F9+F10+F11+F12+F13+F14+F15+F16+F17+F18+F19+F20+F21+F22+F23+F24+F25+F26+F27+F28+F29+F30+F31) -> 2678241 | G6: =(G8+G9+G10+G11+G12+G13+G14+G15+G16+G17+G18+G19+G20+G21+G22+G23+G24+G25+G26+G27+G28+G29+G30+G31) -> 2753681 | H6: =(H8+H9+H10+H11+H12+H13+H14+H15+H16+H17+H18+H19+H20+H21+H22+H23+H24+H25+H26+H27+H28+H29+H30+H31) -> 2788507 | I6: =(I8+I9+I10+I11+I12+I13+I14+I15+I16+I17+I18+I19+I20+I21+I22+I23+I24+I25+I26+I27+I28+I29+I30+I31) -> 2844229 | J6: =(J8+J9+J10+J11+J12+J13+J14+J15+J16+J17+J18+J19+J20+J21+J22+J23+J24+J25+J26+J27+J28+J29+J30+J31) -> 2910166 | ... U6: =(U8+U9+U10+U11+U12+U13+U14+U15+U16+U17+U18+U19+U20+U21+U22+U23+U24+U25+U26+U27+U28+U29+U30+U31) -> 2594569.5
B8: Tumbes | C8: 2703 | D8: 3076 | E8: 3433 | F8: 4421 | G8: 6291 | H8: 6996 | I8: 7361 | J8: 7432 | K8: 7725 | L8: 8875 | M8: 7991 | N8: 1879 | O8: 3096 | P8: 2975 | Q8: 2941 | R8: 2585 | S8: 2324 | T8: 2156 | U8: 3168
B9: Piura | C9: 52122 | D9: 43913 | E9: 44550 | F9: 46959 | G9: 54726 | H9: 65733 | I9: 79684 | J9: 95356 | K9: 72692 | L9: 72390 | M9: 85817 | N9: 99029 | O9: 115853 | P9: 129317 | Q9: 120555 | R9: 115546.3 | S9: 110536.1 | T9: 112641.2 | U9: 110566.75
B10: Lambayeque | C10: 26905 | D10: 29137 | E10: 31065 | F10: 25846 | G10: 35149 | H10: 32645 | I10: 36796 | J10: 35311 | K10: 35422 | L10: 35542 | M10: 35260 | N10: 32775 | O10: 28880 | P10: 30784 | Q10: 31831 | R10: 29877.52 | S10: 27955.2 | T10: 26248 | U10: 24140
B11: La Libertad | C11: 137393 | D11: 141565 | E11: 152225 | F11: 154640 | G11: 158275 | H11: 161162 | I11: 162672 | J11: 162879 | K11: 170126 | L11: 176679 | M11: 181041 | N11: 183692 | O11: 184042 | P11: 185193 | Q11: 188941 | R11: 192047 | S11: 196709 | T11: 210806 | U11: 215320
B12: Cajamarca | C12: 108972 | D12: 113573 | E12: 121021 | F12: 112691 | G12: 117786 | H12: 125077 | I12: 124019 | J12: 119968 | K12: 135140 | L12: 135958 | M12: 125572 | N12: 114756 | O12: 102957 | P12: 100940 | Q12: 99840 | R12: 79719 | S12: 83113.3 | T12: 84819 | U12: 78516
B13: Amazonas | C13: 5246 | D13: 5085 | E13: 4657 | F13: 4766 | G13: 5695 | H13: 6359 | I13: 5956 | J13: 5867 | K13: 5781 | L13: 5379 | M13: 4964 | N13: 3787 | O13: 3305 | P13: 3378 | Q13: 3532 | R13: 2948 | S13: 3190 | T13: 3395 | U13: 3480
B14: Ancash | C14: 90154 | D14: 94659 | E14: 94586 | F14: 100636 | G14: 110962 | H14: 111240 | I14: 114956 | J14: 116068 | K14: 118809 | L14: 119287 | M14: 123464 | N14: 131065 | O14: 132419 | P14: 132674 | Q14: 132633 | R14: 132083 | S14: 131663 | T14: 132582 | U14: 134036
B15: Lima | C15: 87092 | D15: 95279 | E15: 94118 | F15: 94240 | G15: 97188 | H15: 101604 | I15: 101333 | J15: 105155 | K15: 103765 | L15: 104922 | M15: 90814 | N15: 85474 | O15: 80867 | P15: 67076 | Q15: 64093 | R15: 57495 | S15: 57729 | T15: 54211 | U15: 56794
B16: Ica | C16: 5864 | D16: 6126 | E16: 6424 | F16: 6911 | G16: 7141 | H16: 7031 | I16: 7376 | J16: 6206 | K16: 6540 | L16: 8272 | M16: 7686 | N16: 6486 | O16: 5024 | P16: 5913 | Q16: 9044 | R16: 10985 | S16: 13489 | T16: 13345 | U16: 12129
B17: Huánuco | C17: 194639 | D17: 179809 | E17: 162884 | F17: 159205 | G17: 160629 | H17: 158801 | I17: 152512 | J17: 151092 | K17: 152415 | L17: 148519 | M17: 156605 | N17: 160596 | O17: 163418 | P17: 165231 | Q17: 157449 | R17: 154904 | S17: 154407 | T17: 158066 | U17: 161862
B18: Pasco | C18: 135889 | D18: 136366 | E18: 150422 | F18: 177084 | G18: 170768 | H18: 157791 | I18: 165574 | J18: 149715 | K18: 150456 | L18: 125549 | M18: 117367 | N18: 97275 | O18: 99700 | P18: 104294 | Q18: 107119 | R18: 108235 | S18: 110795 | T18: 112599 | U18: 112278
B19: Junín | C19: 210220 | D19: 204520 | E19: 207310 | F19: 177719 | G19: 188486 | H19: 197568 | I19: 207597 | J19: 216734 | K19: 232178 | L19: 242652 | M19: 274679 | N19: 281037 | O19: 304545 | P19: 314170 | Q19: 303867 | R19: 265903 | S19: 288554 | T19: 300729 | U19: 304399
... B31: Madre de Dios | C31: 2331 | D31: 2059 | E31: 2146 | F31: 2867 | G31: 2997 | H31: 2839 | I31: 2988 | J31: 2712 | K31: 2919 | L31: 2907 | M31: 2518 | N31: 2524 | O31: 2549 | P31: 2225 | Q31: 2072 | R31: 2043 | S31: 1676 | T31: 1610 | U31: 1637
A32: P Preliminar
A33: Fuente: Direcciones Regionales de Agricultura
A34: Elaboración: Ministerio de Desarrollo Agrario y Riego - DGESEP - DEIA

Sheet C 27
A2: C.27 PERÚ: PRODUCCIÓN DE CARNE DE OVINO POR AÑO, SEGÚN REGIÓN, 2007-2023
A3: (Toneladas)
A5: Región | C5: 2005 | D5: 2006 | E5: 2007 | F5: 2008 | G5: 2009 | H5: 2010 | I5: 2011 | J5: 2012 | K5: 2013 | L5: 2014 | M5: 2015 | N5: 2016 | O5: 2017 | P5: 2018 | Q5: 2019 | R5: 2020 | S5: 2021 | T5: 2022 | U5: 2023 P
A6: Total Nacional | C6: =(C8+C9+C10+C11+C12+C13+C14+C15+C16+C17+C18+C19+C20+C21+C22+C23+C24+C25+C26+C27+C28+C29+C30+C31) -> 33686 | D6: =(D8+D9+D10+D11+D12+D13+D14+D15+D16+D17+D18+D19+D20+D21+D22+D23+D24+D25+D26+D27+D28+D29+D30+D31) -> 33903 | E6: =(E8+E9+E10+E11+E12+E13+E14+E15+E16+E17+E18+E19+E20+E21+E22+E23+E24+E25+E26+E27+E28+E29+E30+E31) -> 33839 | F6: =(F8+F9+F10+F11+F12+F13+F14+F15+F16+F17+F18+F19+F20+F21+F22+F23+F24+F25+F26+F27+F28+F29+F30+F31) -> 33349 | G6: =(G8+G9+G10+G11+G12+G13+G14+G15+G16+G17+G18+G19+G20+G21+G22+G23+G24+G25+G26+G27+G28+G29+G30+G31) -> 33457 | H6: =(H8+H9+H10+H11+H12+H13+H14+H15+H16+H17+H18+H19+H20+H21+H22+H23+H24+H25+H26+H27+H28+H29+H30+H31) -> 33672 | I6: =(I8+I9+I10+I11+I12+I13+I14+I15+I16+I17+I18+I19+I20+I21+I22+I23+I24+I25+I26+I27+I28+I29+I30+I31) -> 34253 | J6: =(J8+J9+J10+J11+J12+J13+J14+J15+J16+J17+J18+J19+J20+J21+J22+J23+J24+J25+J26+J27+J28+J29+J30+J31) -> 35304 | ... U6: =(U8+U9+U10+U11+U12+U13+U14+U15+U16+U17+U18+U19+U20+U21+U22+U23+U24+U25+U26+U27+U28+U29+U30+U31) -> 33690.4
B8: Tumbes | C8: 37 | D8: 43 | E8: 49 | F8: 57 | G8: 79 | H8: 96 | I8: 101 | J8: 95 | K8: 98 | L8: 102 | M8: 96 | N8: 21 | O8: 37 | P8: 34 | Q8: 33 | R8: 29.79 | S8: 28.37 | T8: 27.47 | U8: 36.616
B9: Piura | C9: 717 | D9: 650 | E9: 641 | F9: 669 | G9: 716 | H9: 756 | I9: 900 | J9: 1309 | K9: 1257 | L9: 1092 | M9: 1222 | N9: 1205 | O9: 1360 | P9: 1478 | Q9: 1493 | R9: 1615.81 | S9: 1767.71 | T9: 1771.24 | U9: 1814.213
B10: Lambayeque | C10: 390 | D10: 411 | E10: 464 | F10: 392 | G10: 439 | H10: 398 | I10: 454 | J10: 553 | K10: 583 | L10: 605 | M10: 577 | N10: 641 | O10: 539 | P10: 536 | Q10: 529 | R10: 476.24 | S10: 448.5 | T10: 428.85 | U10: 397.16405
B11: La Libertad | C11: 1793 | D11: 1846 | E11: 1994 | F11: 2023 | G11: 2075 | H11: 2111 | I11: 2132 | J11: 2135 | K11: 2231 | L11: 2316 | M11: 2370 | N11: 2406 | O11: 2422 | P11: 2453 | Q11: 2504 | R11: 2545.53 | S11: 2608.03 | T11: 2850.39 | U11: 2939.6689
B12: Cajamarca | C12: 1511 | D12: 1597 | E12: 1709 | F12: 1546 | G12: 1618 | H12: 1631 | I12: 1601 | J12: 1547 | K12: 1771 | L12: 1834 | M12: 1556 | N12: 1467 | O12: 1219 | P12: 1185 | Q12: 1211 | R12: 907.52 | S12: 953.62 | T12: 954.97 | U12: 913.42691
B13: Amazonas | C13: 69 | D13: 68 | E13: 60 | F13: 58 | G13: 72 | H13: 80 | I13: 78 | J13: 88 | K13: 87 | L13: 82 | M13: 76 | N13: 57 | O13: 51 | P13: 54 | Q13: 56 | R13: 46.85 | S13: 50.71 | T13: 53.85 | U13: 55.2871
B14: Ancash | C14: 948 | D14: 986 | E14: 985 | F14: 1048 | G14: 1155 | H14: 1158 | I14: 1197 | J14: 1210 | K14: 1228 | L14: 1242 | M14: 1304 | N14: 1365 | O14: 1376 | P14: 1398 | Q14: 1403 | R14: 1275.29 | S14: 1421.53 | T14: 1428.87 | U14: 1436.8788
B15: Lima | C15: 1149 | D15: 1244 | E15: 1230 | F15: 1220 | G15: 1287 | H15: 1321 | I15: 1355 | J15: 1371 | K15: 1327 | L15: 1308 | M15: 1110 | N15: 1036 | O15: 976 | P15: 821 | Q15: 793 | R15: 705.27 | S15: 707.65 | T15: 663.59 | U15: 713.94452
B16: Ica | C16: 69 | D16: 70 | E16: 73 | F16: 72 | G16: 73 | H16: 84 | I16: 89 | J16: 75 | K16: 80 | L16: 91 | M16: 90 | N16: 80 | O16: 61 | P16: 77 | Q16: 128 | R16: 130.75 | S16: 138.29 | T16: 143.54 | U16: 144.96376
B17: Huánuco | C17: 2504 | D17: 2336 | E17: 2095 | F17: 1928 | G17: 1810 | H17: 1707 | I17: 1466 | J17: 1454 | K17: 1528 | L17: 1478 | M17: 1629 | N17: 1693 | O17: 1751 | P17: 1871 | Q17: 1799 | R17: 1740.21 | S17: 1760.98 | T17: 1776.52 | U17: 1801.7155
B18: Pasco | C18: 1744 | D18: 1784 | E18: 1887 | F18: 2262 | G18: 2064 | H18: 1859 | I18: 2101 | J18: 1897 | K18: 1901 | L18: 1693 | M18: 1560 | N18: 1307 | O18: 1381 | P18: 1319 | Q18: 1338 | R18: 1351.31 | S18: 1366.2 | T18: 1364.19 | U18: 1333.9349
B19: Junín | C19: 2597 | D19: 2575 | E19: 2640 | F19: 2307 | G19: 2013 | H19: 2113 | I19: 2224 | J19: 2327 | K19: 2526 | L19: 2605 | M19: 2964 | N19: 2951 | O19: 3300 | P19: 3325 | Q19: 3285 | R19: 2856.1 | S19: 3204.15 | T19: 3400.46 | U19: 3508.6796
... B31: Madre de Dios | C31: 41 | D31: 36 | E31: 38 | F31: 51 | G31: 54 | H31: 50 | I31: 54 | J31: 50 | K31: 49 | L31: 52 | M31: 42 | N31: 45 | O31: 46 | P31: 39 | Q31: 36 | R31: 32.74 | S31: 28.89 | T31: 28.21 | U31: 26.425559
A32: P Preliminar
A33: Fuente: Direcciones Regionales de Agricultura
A34: Elaboración: Ministerio de Desarrollo Agrario y Riego - DGESEP - DEIA

Sheet C 28
A2: C.28 PERÚ: PRECIO RECIBIDO POR EL PRODUCTOR DE OVINOS POR AÑO, SEGÚN REGIÓN, 2007-2023
A3: (Soles / kg)
A5: Región | C5: 2005 | D5: 2006 | E5: 2007 | F5: 2008 | G5: 2009 | H5: 2010 | I5: 2011 | J5: 2012 | K5: 2013 | L5: 2014 | M5: 2015 | N5: 2016 | O5: 2017 | P5: 2018 | Q5: 2019 | R5: 2020 | S5: 2021 | T5: 2022 | U5: 2023 P
A6: Promedio | C6: 3.31 | D6: 3.32 | E6: 3.49 | F6: 3.9 | G6: 4.13 | H6: 4.46 | I6: 4.52 | J6: 4.9 | K6: 5.04 | L6: 5.73 | M6: 5.79 | N6: 5.91 | O6: 5.6 | P6: 5.56 | Q6: 5.6 | R6: 5.43 | S6: 5.58 | T6: 5.61 | U6: 5.642802
B8: Tumbes | C8: 4.01 | D8: 3.68 | E8: 3.73 | F8: 3.76 | G8: 3.85 | H8: 3.55 | I8: 4.01 | J8: 4.01 | K8: 4.54 | L8: 4.51 | M8: 5.62 | N8: 5.5 | O8: 5.49 | P8: 5.56 | Q8: 5.5 | R8: 5.45 | S8: 5.74 | T8: 5.75 | U8: 5.7420188
B9: Piura | C9: 2.99 | D9: 3.07 | E9: 3.32 | F9: 3.87 | G9: 4.1 | H9: 4.23 | I9: 4.14 | J9: 4.18 | K9: 4.25 | L9: 4.45 | M9: 5.39 | N9: 5.8 | O9: 5.68 | P9: 5.62 | Q9: 5.61 | R9: 5.54 | S9: 5.86 | T9: 5.92 | U9: 5.9648137
B10: Lambayeque | C10: 3.44 | D10: 3.27 | E10: 3.64 | F10: 3.83 | G10: 4.21 | H10: 4.17 | I10: 4.15 | J10: 4.35 | K10: 4.46 | L10: 4.86 | M10: 5.31 | N10: 5.81 | O10: 5.78 | P10: 5.73 | Q10: 5.77 | R10: 5.75 | S10: 5.95 | T10: 5.95 | U10: 5.9713845
B11: La Libertad | C11: 3.36 | D11: 3.43 | E11: 3.65 | F11: 3.9 | G11: 3.72 | H11: 3.24 | I11: 4 | J11: 4.62 | K11: 4.91 | L11: 4.91 | M11: 5.05 | N11: 5.3 | O11: 5.55 | P11: 5.68 | Q11: 5.75 | R11: 5.65 | S11: 5.97 | T11: 5.93 | U11: 5.9729733
B12: Cajamarca | C12: 3.9 | D12: 3.63 | E12: 3.53 | F12: 3.87 | G12: 3.96 | H12: 3.94 | I12: 4.08 | J12: 4.59 | K12: 4.64 | L12: 4.9 | M12: 4.94 | N12: 4.94 | O12: 4.85 | P12: 4.8 | Q12: 4.76 | R12: 4.71 | S12: 4.84 | T12: 4.84 | U12: 4.8348227
B13: Amazonas | C13: 3.87 | D13: 3.81 | E13: 3.75 | F13: 3.67 | G13: 3.98 | H13: 4.06 | I13: 4.6 | J13: 4.4 | K13: 4.36 | L13: 6.42 | M13: 5.4 | N13: 5.49 | O13: 5.47 | P13: 5.33 | Q13: 5.24 | R13: 5.23 | S13: 5.41 | T13: 5.43 | U13: 5.4669311
B14: Ancash | C14: 3.32 | D14: 3.75 | E14: 4.03 | F14: 4.32 | G14: 4.14 | H14: 3.66 | I14: 3.78 | J14: 4.66 | K14: 4.97 | L14: 4.71 | M14: 4.81 | N14: 4.94 | O14: 4.78 | P14: 4.83 | Q14: 4.77 | R14: 4.92 | S14: 4.82 | T14: 4.83 | U14: 4.8798376
B15: Lima | C15: 3.43 | D15: 3.49 | E15: 3.4 | F15: 4.11 | G15: 4.41 | H15: 3.8 | I15: 4.73 | J15: 3.99 | K15: 4.32 | L15: 4.34 | M15: 4.88 | N15: 5.53 | O15: 5.76 | P15: 5.7 | Q15: 5.69 | R15: 5.5 | S15: 5.9 | T15: 6.01 | U15: 6.1458825
B16: Ica | C16: 2.44 | D16: 2.56 | E16: 2.93 | F16: 3.36 | G16: 4 | H16: 4.27 | I16: 4.46 | J16: 4.79 | K16: 5.42 | L16: 5.7 | M16: 5.43 | N16: 4.96 | O16: 5.27 | P16: 5.2 | Q16: 5.3 | R16: 5.3 | S16: 5.54 | T16: 5.59 | U16: 5.6016871
B17: Huánuco | C17: 3.47 | D17: 3.49 | E17: 3.53 | F17: 3.64 | G17: 4.71 | H17: 3.81 | I17: 4.66 | J17: 4.6 | K17: 4.59 | L17: 4.71 | M17: 5.59 | N17: 5.5 | O17: 5.45 | P17: 5.55 | Q17: 5.54 | R17: 5.48 | S17: 5.48 | T17: 5.49 | U17: 5.5186152
B18: Pasco | C18: 2.87 | D18: 2.94 | E18: 3.41 | F18: 3.94 | G18: 3.97 | H18: 4.14 | I18: 4.94 | J18: 5.37 | K18: 4.46 | L18: 5.73 | M18: 6.09 | N18: 5.66 | O18: 5.48 | P18: 5.52 | Q18: 5.46 | R18: 5.39 | S18: 5.44 | T18: 5.43 | U18: 5.4309489
B19: Junín | C19: 3.52 | D19: 3.48 | E19: 3.43 | F19: 4.43 | G19: 4.19 | H19: 4.85 | I19: 5.06 | J19: 5.84 | K19: 5.62 | L19: 5.88 | M19: 6.3 | N19: 6.53 | O19: 6.47 | P19: 6.21 | Q19: 6.07 | R19: 5.95 | S19: 5.97 | T19: 5.95 | U19: 5.9626272
... B31: Madre de Dios | C31: 4.02 | D31: 3.91 | E31: 3.84 | F31: 3.87 | G31: 4.04 | H31: 4.2 | I31: 5.03 | J31: 5.14 | K31: 4.91 | L31: 5.42 | M31: 4.9 | N31: 5.03 | O31: 5.47 | P31: 5.22 | Q31: 5.15 | R31: 5.15 | S31: 5.13 | T31: 5.11 | U31: 5.1133904
A32: P Preliminar | H32: 1 Precio de animal vivo
A33: Fuente: Direcciones Regionales de Agricultura
A34: Elaboración: Ministerio de Desarrollo Agrario y Riego - DGESEP - DEIA

Sheet C 29
A2: C.29 PERÚ: OVINOS ESQUILADOS POR AÑO, SEGÚN REGIÓN, 2007-2023
A3: (Unidades)
A5: Región | C5: 2005 | D5: 2006 | E5: 2007 | F5: 2008 | G5: 2009 | H5: 2010 | I5: 2011 | J5: 2012 | K5: 2013 | L5: 2014 | M5: 2015 | N5: 2016 | O5: 2017 | P5: 2018 | Q5: 2019 | R5: 2020 | S5: 2021 | T5: 2022 | U5: 2023 P
A6: Total Nacional | C6: =(C8+C9+C10+C11+C12+C13+C14+C15+C16+C17+C18+C19+C20+C21+C22+C23+C24+C25+C26+C27+C28+C29+C30+C31) -> 6333240 | D6: =(D8+D9+D10+D11+D12+D13+D14+D15+D16+D17+D18+D19+D20+D21+D22+D23+D24+D25+D26+D27+D28+D29+D30+D31) -> 6054839 | E6: =(E8+E9+E10+E11+E12+E13+E14+E15+E16+E17+E18+E19+E20+E21+E22+E23+E24+E25+E26+E27+E28+E29+E30+E31) -> 6468169 | F6: =(F8+F9+F10+F11+F12+F13+F14+F15+F16+F17+F18+F19+F20+F21+F22+F23+F24+F25+F26+F27+F28+F29+F30+F31) -> 5869896 | G6: =(G8+G9+G10+G11+G12+G13+G14+G15+G16+G17+G18+G19+G20+G21+G22+G23+G24+G25+G26+G27+G28+G29+G30+G31) -> 6035367 | H6: =(H8+H9+H10+H11+H12+H13+H14+H15+H16+H17+H18+H19+H20+H21+H22+H23+H24+H25+H26+H27+H28+H29+H30+H31) -> 6004149 | I6: =(I8+I9+I10+I11+I12+I13+I14+I15+I16+I17+I18+I19+I20+I21+I22+I23+I24+I25+I26+I27+I28+I29+I30+I31) -> 5985893 | J6: =(J8+J9+J10+J11+J12+J13+J14+J15+J16+J17+J18+J19+J20+J21+J22+J23+J24+J25+J26+J27+J28+J29+J30+J31) -> 6618656 | ... U6: =(U8+U9+U10+U11+U12+U13+U14+U15+U16+U17+U18+U19+U20+U21+U22+U23+U24+U25+U26+U27+U28+U29+U30+U31) -> 4240780.7
B8: Tumbes | C8: 0 | D8: 0 | E8: 0 | F8: 0 | G8: 0 | H8: 0 | I8: 0 | J8: 0 | K8: 0 | L8: 0 | M8: 0 | N8: 0 | O8: 0 | P8: 0 | Q8: 0 | R8: 0 | S8: 0 | T8: 0 | U8: 0
B9: Piura | C9: 0 | D9: 0 | E9: 0 | F9: 0 | G9: 0 | H9: 107736 | I9: 97404 | J9: 53488 | K9: 29541 | L9: 29537 | M9: 40324 | N9: 40651 | O9: 33100 | P9: 17665 | Q9: 18515 | R9: 23964 | S9: 23982 | T9: 23737.363 | U9: 23198
B10: Lambayeque | C10: 0 | D10: 0 | E10: 0 | F10: 0 | G10: 0 | H10: 0 | I10: 0 | J10: 0 | K10: 0 | L10: 0 | M10: 0 | N10: 0 | O10: 0 | P10: 0 | Q10: 0 | R10: 0 | S10: 0 | T10: 0 | U10: 0
B11: La Libertad | C11: 281748 | D11: 286802 | E11: 279649 | F11: 283207 | G11: 283873 | H11: 289844 | I11: 290743 | J11: 292769 | K11: 291404 | L11: 291951 | M11: 260787 | N11: 245858 | O11: 245396 | P11: 247738 | Q11: 249612 | R11: 252084 | S11: 254269 | T11: 260004 | U11: 263458
B12: Cajamarca | C12: 215929 | D12: 210011 | E12: 211100 | F12: 177507 | G12: 130630 | H12: 96513 | I12: 119101 | J12: 156318 | K12: 168682 | L12: 142168 | M12: 156231 | N12: 220329 | O12: 219313 | P12: 194266 | Q12: 165750 | R12: 158054 | S12: 159350.13 | T12: 146799.8 | U12: 140112.34
B13: Amazonas | C13: 16207 | D13: 16605 | E13: 20165 | F13: 7590 | G13: 18463 | H13: 18399 | I13: 12411 | J13: 16445 | K13: 15240 | L13: 15696 | M13: 11420 | N13: 6911 | O13: 6474 | P13: 6209 | Q13: 5255 | R13: 6041 | S13: 6224 | T13: 6395 | U13: 6054
B14: Ancash | C14: 48636 | D14: 44644 | E14: 36892 | F14: 34713 | G14: 7537 | H14: 7597 | I14: 38529 | J14: 13552 | K14: 5569 | L14: 4170 | M14: 9018 | N14: 11954 | O14: 7689 | P14: 7229 | Q14: 7076 | R14: 6515 | S14: 6488 | T14: 7363.25 | U14: 10280
B15: Lima | C15: 51382 | D15: 53479 | E15: 69851 | F15: 68198 | G15: 83497 | H15: 79799 | I15: 78888 | J15: 71441 | K15: 48547 | L15: 82242 | M15: 92565 | N15: 111905 | O15: 69508 | P15: 103820 | Q15: 91432 | R15: 84125 | S15: 115395.7 | T15: 104213.47 | U15: 89625.368
B16: Ica | C16: 0 | D16: 0 | E16: 0 | F16: 0 | G16: 0 | H16: 0 | I16: 0 | J16: 0 | K16: 0 | L16: 0 | M16: 0 | N16: 0 | O16: 0 | P16: 0 | Q16: 0 | R16: 0 | S16: 0 | T16: 0 | U16: 0
B17: Huánuco | C17: 373540 | D17: 283894 | E17: 207959 | F17: 140552 | G17: 142079 | H17: 121870 | I17: 62310 | J17: 146950 | K17: 221464 | L17: 214127 | M17: 193576 | N17: 173587 | O17: 164539 | P17: 162255 | Q17: 140446 | R17: 109744 | S17: 98449 | T17: 83172 | U17: 78569
B18: Pasco | C18: 522839 | D18: 559070 | E18: 561105 | F18: 565575 | G18: 569138 | H18: 676896 | I18: 493852 | J18: 660319 | K18: 609890 | L18: 402146 | M18: 420519 | N18: 333733 | O18: 349285 | P18: 370620 | Q18: 367427 | R18: 370762 | S18: 386152 | T18: 365091 | U18: 396539
B19: Junín | C19: 601360 | D19: 609680 | E19: 439697 | F19: 510031 | G19: 621211 | H19: 645082 | I19: 635182 | J19: 687908 | K19: 666029 | L19: 691762 | M19: 714025 | N19: 744843 | O19: 789102 | P19: 795972 | Q19: 723937 | R19: 643434 | S19: 701476 | T19: 871890 | U19: 872873
... B31: Madre de Dios | C31: 0 | D31: 0 | E31: 0 | F31: 0 | G31: 0 | H31: 0 | I31: 0 | J31: 0 | K31: 0 | L31: 0 | M31: 0 | N31: 0 | O31: 0 | P31: 0 | Q31: 0 | R31: 0 | S31: 0 | T31: 0 | U31: 0
A32: P Preliminar
A33: Fuente: Direcciones Regionales de Agricultura
A34: Elaboración: Ministerio de Desarrollo Agrario y Riego - DGESEP - DEIA

Sheet C 30
