Workbook
Name \c: #REF!
Name \x: 'C 5'!$AD$2
Name \x: #REF!
Name A: 'C 5'!$U$25:$DA$25
Name A: #REF!
Name A_IMPRESION_IM: 'C 91 - 99'!#REF!
Name A_IMPRESION_IM: #REF!
Name A_impresión_IM: 'C 100 - 101'!$A$1:$L$48
Name A_impresión_IM: 'C 102 - 103'!$A$1:$H$49
Name A_impresión_IM: 'C 104-105'!$A$1:$J$52
Name A_impresión_IM: 'C 106 - 107'!$A$1:$H$50
Name A_impresión_IM: 'C 108 - 109 '!$A$1:$J$32
Name A_IMPRESIÓN_IM: [1]CYPPOLLO!#REF!
Name A_IMPRESIÓN_IM: [1]CYPPOLLO!#REF!
Name A_IMPRESIÓN_IM: [1]CYPPOLLO!#REF!
Name A_impresión_IM: #REF!
Name A_impresión_IM: 'C 90'!$A$1:$D$43
Name A_IMPRESIÓN_IM: 'C 91 - 99'!$A$3:$DO$41
Name A_IMPRESIÓN_IM: [1]CYPPOLLO!#REF!
Name A_impresión_IM: #REF!
Name A_impresión_IM: 'C-88'!$A$1:$D$43
Name A_impresión_IM: 'C-89'!$A$1:$D$43
Name A_impresión_IM: #REF!
Name agricode: #REF!
Name agriVar: #REF!
Name ajiC: #REF!
Name ajiR: #REF!
Name ajiS: #REF!
Name algodonC: #REF!
Name algodonP: #REF!
Name algodonPr: #REF!
Name algodonR: #REF!
Name algodonS: #REF!
Name amilaceo: #REF!
Name amilaceoC: #REF!
Name amilaceoP: #REF!
Name amilaceoPr: #REF!
Name amilaceoR: #REF!
Name amilaceoS: #REF!
Name apioC: #REF!
Name apioR: #REF!
Name apioS: #REF!
Name arrozC: #REF!
Name arrozP: #REF!
Name arrozPr: #REF!
Name arrozR: #REF!
Name arrozS: #REF!
Name arvejagsC: #REF!
Name arvejagsP: #REF!
Name arvejagsPr: #REF!
Name arvejagsR: #REF!
Name arvejagsS: #REF!
Name betarragaC: #REF!
Name betarragaR: #REF!
Name betarragaS: #REF!
Name cafeC: #REF!
Name cafeP: #REF!
Name cafePr: #REF!
Name cafeR: #REF!
Name cafeS: #REF!

Sheet C 1 - C 2 - C 3
A2: C. 1 PERÚ: EVOLUCIÓN DEL VALOR BRUTO DE LA PRODUCCIÓN (VBP) AGROPECUARIA SEGÚN SUBSECTORES | AL2: Tasa
A3: Y PRINCIPALES ESPECIES Y PRODUCTOS, 2007-17.
A4: (Millones de soles a precios 2007) | AL4: Crec.
A6: Sector/Producto | C6: 2000 | D6: 2001 | E6: 2002 | F6: 2003 | G6: 2004 | H6: 2005 | I6: 2006 | J6: 2007 | K6: 2008 | L6: 2009 | M6: 2010 | N6: 2011 | O6: 2012 | P6: 2013 | Q6: 2014 | R6: 2015 | S6: 2016 | T6: 2017P | U6: Var. % 17/16
A7: Sector agropecuario | C7: 17474.288 | D7: 17601.774 | E7: 18603.601 | F7: 18969.264 | G7: 19095.964 | H7: 20511.888 | I7: 22151.698 | J7: 22808.223 | K7: 24741.782 | L7: 25379.112 | M7: 26407.393 | N7: 27861.221 | O7: 29538.057 | P7: 30131.892 | Q7: 30698.162 | R7: 31894.031 | S7: 32587.912 | T7: 33488.077 | U7: =((T7/S7)-1)*100 -> 2.7622675 | AL7: 3.9003718
A8: Subsector agrícola | C8: 11577.106 | D8: 11537.321 | E8: 12282.801 | F8: 12444.853 | G8: 12391.673 | H8: 13289.257 | I8: 14340.694 | J8: 14533.213 | K8: 15862.117 | L8: 15991.201 | M8: 16616.027 | N8: 17377.315 | O8: 18471.343 | P8: 18672.774 | Q8: 18833.452 | R8: 19407.908 | S8: 19596.629 | T8: 20137.025 | U8: =((T8/S8)-1)*100 -> 2.7576003 | AL8: 3.3096524
A9: Subsector pecuario | C9: 5897.1819 | D9: 6064.4534 | E9: 6320.7995 | F9: 6524.4111 | G9: 6704.2911 | H9: 7222.6312 | I9: 7811.0043 | J9: 8275.0106 | K9: 8879.6649 | L9: 9387.9104 | M9: 9791.3659 | N9: 10483.906 | O9: 11066.714 | P9: 11459.118 | Q9: 11864.71 | R9: 12486.123 | S9: 12991.283 | T9: 13351.052 | U9: =((T9/S9)-1)*100 -> 2.7693078 | AL9: 4.9239817
B11: Industria avícola1 | C11: =SUM(C12:C13) -> 2892.5467 | D11: =SUM(D12:D13) -> 2958.5398 | E11: =SUM(E12:E13) -> 3140.9777 | F11: =SUM(F12:F13) -> 3262.9052 | G11: =SUM(G12:G13) -> 3280.0884 | H11: =SUM(H12:H13) -> 3623.208 | I11: =SUM(I12:I13) -> 4017.5993 | J11: =SUM(J12:J13) -> 4330.5457 | ... T11: =SUM(T12:T13) -> 8482.7392 | U11: =((T11/S11)-1)*100 -> 3.6434732 | AL11: 6.5333618
A12: 1 | B12: Ave | C12: 2340.5868 | D12: 2376.5995 | E12: 2551.2419 | F12: 2651.7805 | G12: 2655.0091 | H12: 2983.5192 | I12: 3259.4009 | J12: 3534.754 | K12: 4024.4096 | L12: 4424.6415 | M12: 4679.4037 | N12: 5111.6331 | O12: 5556.6377 | P12: 5754.8754 | Q12: 6044.2721 | R12: 6531.3279 | S12: 6945.9118 | T12: 7199.7648 | U12: =((T12/S12)-1)*100 -> 3.6547112 | AL12: 6.8330194
B13: Huevo | C13: 551.95981 | D13: 581.94033 | E13: 589.73586 | F13: 611.1247 | G13: 625.0793 | H13: 639.68874 | I13: 758.19836 | J13: 795.79163 | K13: 823.34367 | L13: 830.03573 | M13: 880.67898 | N13: 981.23448 | O13: 970.01986 | P13: 1080.5037 | Q13: 1107.8079 | R13: 1193.1406 | S13: 1238.626 | T13: 1282.9744 | U13: =((T13/S13)-1)*100 -> 3.5804534 | AL13: 5.0866818
A14: 2 | B14: Ovino | C14: 378.69666 | D14: 388.44706 | E14: 383.19881 | F14: 389.15451 | G14: 410.75815 | H14: 410.6108 | I14: 413.26362 | J14: 412.47568 | K14: 406.50953 | L14: 407.83262 | M14: 410.40566 | N14: 417.55629 | O14: 430.33906 | P14: 425.4783 | Q14: 419.56517 | R14: 404.24186 | S14: 413.88606 | T14: 407.71942 | U14: =((T14/S14)-1)*100 -> -1.4899363 | AL14: 0.43531962
A15: 3 | B15: Porcino | C15: 433.84159 | D15: 442.17786 | E15: 438.46552 | F15: 439.45495 | G15: 468.55959 | H15: 494.02564 | I15: 516.56285 | J15: 542.67087 | K15: 545.87427 | L15: 543.61273 | M15: 548.0505 | N15: 557.20936 | O15: 579.78834 | P15: 605.04946 | Q15: 641.56592 | R15: 677.27371 | S15: 707.95125 | T15: 747.47961 | U15: =((T15/S15)-1)*100 -> 5.5834871 | AL15: 3.2519179
A16: 4 | B16: Vacuno | C16: 1114.1376 | D16: 1114.3101 | E16: 1147.3964 | F16: 1174.1982 | G16: 1227.9462 | H16: 1304.4442 | I16: 1382.1225 | J16: 1396.2936 | K16: 1397.0031 | L16: 1408.8557 | M16: 1470.1708 | N16: 1531.8679 | O16: 1596.2999 | P16: 1651.6467 | Q16: 1678.5449 | R16: 1676.6898 | S16: 1648.3585 | T16: 1613.9496 | U16: =((T16/S16)-1)*100 -> -2.0874613 | AL16: 2.203958
A17: 5 | B17: Caprino | C17: 57.628638 | D17: 54.358612 | E17: 53.2678 | F17: 57.86649 | G17: 59.540999 | H17: 60.849631 | I17: 62.265599 | J17: 61.471099 | K17: 59.023487 | L17: 56.575765 | M17: 56.372629 | N17: 56.547053 | O17: 57.436365 | P17: 59.205135 | Q17: 56.705957 | R17: 54.255777 | S17: 53.577298 | T17: 51.003394 | U17: =((T17/S17)-1)*100 -> -4.8040955 | AL17: -0.71582249
A18: 6 | B18: Alpaca | C18: 130.07052 | D18: 137.29939 | E18: 147.34252 | F18: 146.03742 | G18: 148.15292 | H18: 154.35973 | I18: 156.52136 | J18: 166.73576 | K18: 169.59754 | L18: 181.37009 | M18: 191.55737 | N18: 201.48255 | O18: 213.60321 | P18: 216.62584 | Q18: 224.19339 | R18: 212.14603 | S18: 221.52934 | T18: 226.94761 | U18: =((T18/S18)-1)*100 -> 2.4458458 | AL18: 3.3285644
A19: 7 | B19: Llama | C19: 25.164873 | D19: 25.469187 | E19: 25.548012 | F19: 27.548992 | G19: 29.147221 | H19: 30.438379 | I19: 30.250894 | J19: 31.936406 | K19: 31.293959 | L19: 32.901268 | M19: 32.110595 | N19: 33.368022 | O19: 34.277477 | P19: 32.926864 | Q19: 32.858649 | R19: 31.361264 | S19: 31.335787 | T19: 31.588459 | U19: =((T19/S19)-1)*100 -> 0.80633648 | AL19: 1.3462922
A20: 9 | B20: Leche fresca vaca | C20: 750.57252 | D20: 822.44563 | E20: 873.78151 | F20: 918.10562 | G20: 968.0926 | H20: 1027.8104 | I20: 1119.3499 | J20: 1209.7822 | K20: 1300.9539 | L20: 1372.9053 | M20: 1394.7272 | N20: 1458.8443 | O20: 1488.0465 | P20: 1502.2867 | Q20: 1529.2278 | R20: 1581.5399 | S20: 1623.9666 | T20: 1671.1284 | U20: =((T20/S20)-1)*100 -> 2.9041126 | AL20: 4.8209443
A21: 10 | B21: Fibra Alpaca | C21: 57.028737 | D21: 62.315145 | E21: 58.038526 | F21: 56.889792 | G21: 59.561545 | H21: 65.957002 | I21: 64.34826 | J21: 71.411913 | K21: 73.692373 | L21: 80.42743 | M21: 79.790848 | N21: 85.468012 | O21: 87.961213 | P21: 81.046434 | Q21: 82.232222 | R21: 81.371677 | S21: 82.663974 | T21: 79.102304 | U21: =((T21/S21)-1)*100 -> -4.308612 | AL21: 1.943268
A22: 11 | B22: Fibra Llama | C22: 4.5501732 | D22: 4.655693 | E22: 3.8465935 | F22: 3.8834236 | G22: 3.8107969 | H22: 3.7007886 | I22: 3.8203699 | J22: 4.5360321 | K22: 4.3141416 | L22: 4.2647455 | M22: 3.8739118 | N22: 4.151652 | O22: 4.5686388 | P22: 4.4488663 | Q22: 4.5651464 | R22: 4.0206913 | S22: 4.103786 | T22: 4.1711851 | U22: =((T22/S22)-1)*100 -> 1.6423648 | AL22: -0.51025319
A23: 12 | B23: Lana | C23: 53.498434 | D23: 54.434896 | E23: 48.936127 | F23: 48.988537 | G23: 48.632604 | H23: 47.226607 | I23: 44.899717 | J23: 47.151471 | K23: 43.649349 | L23: 44.487539 | M23: 44.223758 | N23: 44.543176 | O23: 47.735271 | P23: 45.024505 | Q23: 43.170807 | R23: 38.753922 | S23: 40.476489 | T23: 35.222878 | U23: =((T23/S23)-1)*100 -> -12.979415 | AL23: -2.4285914
A24: P Preliminar.
A25: 1 Considera ave y huevo.
A26: Fuente:Direcciones Regionales de Agricultura.
A27: Elaboración: MInisterio de Agricultura y Riego-DGESEP-DEA.
A31: C. 2 PERÚ: PARTICIPACIÓN SEGÚN SUBSECTORES Y PRINCIPALES ESPECIES Y PRODUCTOS
A32: EN EL VALOR BRUTO DE LA PRODUCCIÓN AGROPECUARIA, 2007-17.
A33: (%)
A35: Sector/Producto | C35: 2000 | D35: 2001 | E35: 2002 | F35: 2003 | G35: 2004 | H35: 2005 | I35: 2006 | J35: 2007 | K35: 2008 | L35: 2009 | M35: 2010 | N35: 2011 | O35: 2012 | P35: 2013 | Q35: 2014 | R35: 2015 | S35: 2016 | T35: 2017P
A36: Sector agropecuario | C36: =C7/$C$7*100 -> 100 | D36: =D7/$D$7*100 -> 100 | E36: =E7/$E$7*100 -> 100 | F36: =F7/$F$7*100 -> 100 | G36: =G7/$G$7*100 -> 100 | H36: =H7/$H$7*100 -> 100 | I36: =I7/$I$7*100 -> 100 | J36: =J7/$J$7*100 -> 100 | K36: =K7/$K$7*100 -> 100 | L36: =L7/$L$7*100 -> 100 | M36: =M7/$M$7*100 -> 100 | N36: =N7/$N$7*100 -> 100 | O36: =O7/$O$7*100 -> 100 | P36: =P7/$P$7*100 -> 100 | Q36: =Q7/$Q$7*100 -> 100 | R36: =R7/$R$7*100 -> 100 | S36: =S7/$S$7*100 -> 100 | T36: =T7/$T$7*100 -> 100
A37: Subsector agrícola | C37: =C8/$C$7*100 -> 66.252234 | D37: =D8/$D$7*100 -> 65.546351 | E37: =E8/$E$7*100 -> 66.023784 | F37: =F8/$F$7*100 -> 65.605355 | G37: =G8/$G$7*100 -> 64.89158 | H37: =H8/$H$7*100 -> 64.788072 | I37: =I8/$I$7*100 -> 64.738575 | J37: =J8/$J$7*100 -> 63.719179 | K37: =K8/$K$7*100 -> 64.11065 | L37: =L8/$L$7*100 -> 63.009303 | M37: =M8/$M$7*100 -> 62.921875 | N37: =N8/$N$7*100 -> 62.370974 | O37: =O8/$O$7*100 -> 62.53405 | P37: =P8/$P$7*100 -> 61.970135 | Q37: =Q8/$Q$7*100 -> 61.350422 | R37: =R8/$R$7*100 -> 60.851223 | S37: =S8/$S$7*100 -> 60.134655 | T37: =T8/$T$7*100 -> 60.131924
A38: Subsector pecuario | C38: =C9/$C$7*100 -> 33.747766 | D38: =D9/$D$7*100 -> 34.453649 | E38: =E9/$E$7*100 -> 33.976216 | F38: =F9/$F$7*100 -> 34.394645 | G38: =G9/$G$7*100 -> 35.10842 | H38: =H9/$H$7*100 -> 35.211928 | I38: =I9/$I$7*100 -> 35.261425 | J38: =J9/$J$7*100 -> 36.280821 | K38: =K9/$K$7*100 -> 35.88935 | L38: =L9/$L$7*100 -> 36.990697 | M38: =M9/$M$7*100 -> 37.078125 | N38: =N9/$N$7*100 -> 37.629026 | O38: =O9/$O$7*100 -> 37.46595 | P38: =P9/$P$7*100 -> 38.029865 | Q38: =Q9/$Q$7*100 -> 38.649578 | R38: =R9/$R$7*100 -> 39.148777 | S38: =S9/$S$7*100 -> 39.865345 | T38: =T9/$T$7*100 -> 39.868076
B40: Industria avícola1 | C40: =C11/$C$7*100 -> 16.553159 | D40: =D11/$D$7*100 -> 16.808191 | E40: =E11/$E$7*100 -> 16.883709 | F40: =F11/$F$7*100 -> 17.201011 | G40: =G11/$G$7*100 -> 17.176868 | H40: =H11/$H$7*100 -> 17.663942 | I40: =I11/$I$7*100 -> 18.136756 | J40: =J11/$J$7*100 -> 18.986773 | K40: =K11/$K$7*100 -> 19.593387 | L40: =L11/$L$7*100 -> 20.704733 | M40: =M11/$M$7*100 -> 21.055023 | N40: =N11/$N$7*100 -> 21.868631 | O40: =O11/$O$7*100 -> 22.095758 | P40: =P11/$P$7*100 -> 22.684865 | Q40: =Q11/$Q$7*100 -> 23.298072 | R40: =R11/$R$7*100 -> 24.219166 | S40: =S11/$S$7*100 -> 25.115257 | T40: =T11/$T$7*100 -> 25.330625
B41: Ave | C41: =C12/$C$7*100 -> 13.394462 | D41: =D12/$D$7*100 -> 13.502045 | E41: =E12/$E$7*100 -> 13.7137 | F41: =F12/$F$7*100 -> 13.979353 | G41: =G12/$G$7*100 -> 13.903509 | H41: =H12/$H$7*100 -> 14.545318 | I41: =I12/$I$7*100 -> 14.714 | J41: =J12/$J$7*100 -> 15.497718 | K41: =K12/$K$7*100 -> 16.265641 | L41: =L12/$L$7*100 -> 17.434186 | M41: =M12/$M$7*100 -> 17.720052 | N41: =N12/$N$7*100 -> 18.346766 | O41: =O12/$O$7*100 -> 18.811792 | P41: =P12/$P$7*100 -> 19.098951 | Q41: =Q12/$Q$7*100 -> 19.689362 | R41: =R12/$R$7*100 -> 20.478214 | S41: =S12/$S$7*100 -> 21.314381 | T41: =T12/$T$7*100 -> 21.499487
A42: 1 | B42: Huevo | C42: =C13/$C$7*100 -> 3.158697 | D42: =D13/$D$7*100 -> 3.3061459 | E42: =E13/$E$7*100 -> 3.1700093 | F42: =F13/$F$7*100 -> 3.2216574 | G42: =G13/$G$7*100 -> 3.2733582 | H42: =H13/$H$7*100 -> 3.1186244 | I42: =I13/$I$7*100 -> 3.4227551 | J42: =J13/$J$7*100 -> 3.4890557 | K42: =K13/$K$7*100 -> 3.327746 | L42: =L13/$L$7*100 -> 3.2705468 | M42: =M13/$M$7*100 -> 3.3349713 | N42: =N13/$N$7*100 -> 3.5218646 | O42: =O13/$O$7*100 -> 3.2839664 | P42: =P13/$P$7*100 -> 3.585914 | Q42: =Q13/$Q$7*100 -> 3.6087107 | R42: =R13/$R$7*100 -> 3.7409525 | S42: =S13/$S$7*100 -> 3.8008756 | T42: =T13/$T$7*100 -> 3.8311379
B43: Ovino | C43: =C14/$C$7*100 -> 2.1671651 | D43: =D14/$D$7*100 -> 2.2068631 | E43: =E14/$E$7*100 -> 2.0598099 | F43: =F14/$F$7*100 -> 2.0515003 | G43: =G14/$G$7*100 -> 2.1510208 | H43: =H14/$H$7*100 -> 2.0018187 | I43: =I14/$I$7*100 -> 1.865607 | J43: =J14/$J$7*100 -> 1.8084516 | K43: =K14/$K$7*100 -> 1.6430083 | L43: =L14/$L$7*100 -> 1.6069618 | M43: =M14/$M$7*100 -> 1.5541317 | N43: =N14/$N$7*100 -> 1.4987006 | O43: =O14/$O$7*100 -> 1.456897 | P43: =P14/$P$7*100 -> 1.412053 | Q43: =Q14/$Q$7*100 -> 1.3667436 | R43: =R14/$R$7*100 -> 1.267453 | S43: =S14/$S$7*100 -> 1.2700601 | T43: =T14/$T$7*100 -> 1.2175062
B44: Porcino | C44: =C15/$C$7*100 -> 2.4827426 | D44: =D15/$D$7*100 -> 2.512121 | E44: =E15/$E$7*100 -> 2.3568853 | F44: =F15/$F$7*100 -> 2.3166684 | G44: =G15/$G$7*100 -> 2.4537101 | H44: =H15/$H$7*100 -> 2.4084845 | I44: =I15/$I$7*100 -> 2.3319334 | J44: =J15/$J$7*100 -> 2.3792773 | K44: =K15/$K$7*100 -> 2.2062851 | L44: =L15/$L$7*100 -> 2.1419691 | M44: =M15/$M$7*100 -> 2.0753677 | N44: =N15/$N$7*100 -> 1.999946 | O44: =O15/$O$7*100 -> 1.962852 | P44: =P15/$P$7*100 -> 2.0080035 | Q44: =Q15/$Q$7*100 -> 2.0899164 | R44: =R15/$R$7*100 -> 2.1235124 | S44: =S15/$S$7*100 -> 2.1724351 | T44: =T15/$T$7*100 -> 2.2320768
B45: Vacuno | C45: =C16/$C$7*100 -> 6.3758683 | D45: =D16/$D$7*100 -> 6.3306693 | E45: =E16/$E$7*100 -> 6.1676038 | F45: =F16/$F$7*100 -> 6.1900041 | G45: =G16/$G$7*100 -> 6.4303968 | H45: =H16/$H$7*100 -> 6.3594546 | I45: =I16/$I$7*100 -> 6.2393523 | J45: =J16/$J$7*100 -> 6.1218865 | K45: =K16/$K$7*100 -> 5.6463316 | L45: =L16/$L$7*100 -> 5.551241 | M45: =M16/$M$7*100 -> 5.5672698 | N45: =N16/$N$7*100 -> 5.4982083 | O45: =O16/$O$7*100 -> 5.4042145 | P45: =P16/$P$7*100 -> 5.4813906 | Q45: =Q16/$Q$7*100 -> 5.4679004 | R45: =R16/$R$7*100 -> 5.2570645 | S45: =S16/$S$7*100 -> 5.0581899 | T45: =T16/$T$7*100 -> 4.8194753
B46: Caprino | C46: =C17/$C$7*100 -> 0.32979105 | D46: =D17/$D$7*100 -> 0.30882462 | E46: =E17/$E$7*100 -> 0.28633059 | F46: =F17/$F$7*100 -> 0.30505395 | G46: =G17/$G$7*100 -> 0.31179887 | H46: =H17/$H$7*100 -> 0.29665544 | I46: =I17/$I$7*100 -> 0.28108725 | J46: =J17/$J$7*100 -> 0.26951288 | K46: =K17/$K$7*100 -> 0.23855794 | L46: =L17/$L$7*100 -> 0.22292256 | M46: =M17/$M$7*100 -> 0.21347291 | N46: =N17/$N$7*100 -> 0.20295971 | O46: =O17/$O$7*100 -> 0.19444869 | P46: =P17/$P$7*100 -> 0.19648661 | Q46: =Q17/$Q$7*100 -> 0.18472102 | R46: =R17/$R$7*100 -> 0.17011263 | S46: =S17/$S$7*100 -> 0.1644085 | T46: =T17/$T$7*100 -> 0.15230314
B47: Alpaca | C47: =C18/$C$7*100 -> 0.74435378 | D47: =D18/$D$7*100 -> 0.78003155 | E47: =E18/$E$7*100 -> 0.79201076 | F47: =F18/$F$7*100 -> 0.76986338 | G47: =G18/$G$7*100 -> 0.77583367 | H47: =H18/$H$7*100 -> 0.75253788 | I47: =I18/$I$7*100 -> 0.70658853 | J47: =J18/$J$7*100 -> 0.73103351 | K47: =K18/$K$7*100 -> 0.68547018 | L47: =L18/$L$7*100 -> 0.7146432 | M47: =M18/$M$7*100 -> 0.72539295 | N47: =N18/$N$7*100 -> 0.72316481 | O47: =O18/$O$7*100 -> 0.7231458 | P47: =P18/$P$7*100 -> 0.71892546 | Q47: =Q18/$Q$7*100 -> 0.73031535 | R47: =R18/$R$7*100 -> 0.66515904 | S47: =S18/$S$7*100 -> 0.67978992 | T47: =T18/$T$7*100 -> 0.67769674
B48: Llama | C48: =C19/$C$7*100 -> 0.14401087 | D48: =D19/$D$7*100 -> 0.1446967 | E48: =E19/$E$7*100 -> 0.13732832 | F48: =F19/$F$7*100 -> 0.14522963 | G48: =G19/$G$7*100 -> 0.15263551 | H48: =H19/$H$7*100 -> 0.14839385 | I48: =I19/$I$7*100 -> 0.13656242 | J48: =J19/$J$7*100 -> 0.14002146 | K48: =K19/$K$7*100 -> 0.12648223 | L48: =L19/$L$7*100 -> 0.12963917 | M48: =M19/$M$7*100 -> 0.12159699 | N48: =N19/$N$7*100 -> 0.11976511 | O48: =O19/$O$7*100 -> 0.11604513 | P48: =P19/$P$7*100 -> 0.10927579 | Q48: =Q19/$Q$7*100 -> 0.10703784 | R48: =R19/$R$7*100 -> 0.09832957 | S48: =S19/$S$7*100 -> 0.096157701 | T48: =T19/$T$7*100 -> 0.094327478
B49: Leche fresca vaca | C49: =C20/$C$7*100 -> 4.2952968 | D49: =D20/$D$7*100 -> 4.6725156 | E49: =E20/$E$7*100 -> 4.6968408 | F49: =F20/$F$7*100 -> 4.8399643 | G49: =G20/$G$7*100 -> 5.069619 | H49: =H20/$H$7*100 -> 5.0108035 | I49: =I20/$I$7*100 -> 5.0531111 | J49: =J20/$J$7*100 -> 5.3041492 | K49: =K20/$K$7*100 -> 5.2581254 | L49: =L20/$L$7*100 -> 5.4095879 | M49: =M20/$M$7*100 -> 5.2815786 | N49: =N20/$N$7*100 -> 5.2361105 | O49: =O20/$O$7*100 -> 5.0377264 | P49: =P20/$P$7*100 -> 4.9857032 | Q49: =Q20/$Q$7*100 -> 4.9814963 | R49: =R20/$R$7*100 -> 4.958733 | S49: =S20/$S$7*100 -> 4.9833404 | T49: =T20/$T$7*100 -> 4.990219
B50: Fibra Alpaca | C50: =C21/$C$7*100 -> 0.326358 | D50: =D21/$D$7*100 -> 0.35402764 | E50: =E21/$E$7*100 -> 0.3119747 | F50: =F21/$F$7*100 -> 0.29990511 | G50: =G21/$G$7*100 -> 0.31190646 | H50: =H21/$H$7*100 -> 0.32155501 | I50: =I21/$I$7*100 -> 0.29048907 | J50: =J21/$J$7*100 -> 0.31309722 | K50: =K21/$K$7*100 -> 0.29784586 | L50: =L21/$L$7*100 -> 0.31690404 | M50: =M21/$M$7*100 -> 0.30215345 | N50: =N21/$N$7*100 -> 0.30676334 | O50: =O21/$O$7*100 -> 0.29778944 | P50: =P21/$P$7*100 -> 0.26897227 | Q50: =Q21/$Q$7*100 -> 0.26787344 | R50: =R21/$R$7*100 -> 0.25513136 | S50: =S21/$S$7*100 -> 0.25366453 | T50: =T21/$T$7*100 -> 0.23621035
B51: Fibra Llama | C51: =C22/$C$7*100 -> 0.026039248 | D51: =D22/$D$7*100 -> 0.026450135 | E51: =E22/$E$7*100 -> 0.020676608 | F51: =F22/$F$7*100 -> 0.020472189 | G51: =G22/$G$7*100 -> 0.019956034 | H51: =H22/$H$7*100 -> 0.018042165 | I51: =I22/$I$7*100 -> 0.017246398 | J51: =J22/$J$7*100 -> 0.019887705 | K51: =K22/$K$7*100 -> 0.017436664 | L51: =L22/$L$7*100 -> 0.016804156 | M51: =M22/$M$7*100 -> 0.0146698 | N51: =N22/$N$7*100 -> 0.014901185 | O51: =O22/$O$7*100 -> 0.015466958 | P51: =P22/$P$7*100 -> 0.014764643 | Q51: =Q22/$Q$7*100 -> 0.014871074 | R51: =R22/$R$7*100 -> 0.012606407 | S51: =S22/$S$7*100 -> 0.01259297 | T51: =T22/$T$7*100 -> 0.012455732
A52: 3 | B52: Lana | C52: =C23/$C$7*100 -> 0.30615516 | D52: =D23/$D$7*100 -> 0.30925801 | E52: =E23/$E$7*100 -> 0.26304654 | F52: =F23/$F$7*100 -> 0.25825217 | G52: =G23/$G$7*100 -> 0.25467478 | H52: =H23/$H$7*100 -> 0.23024018 | I52: =I23/$I$7*100 -> 0.20269199 | J52: =J23/$J$7*100 -> 0.20673014 | K52: =K23/$K$7*100 -> 0.17641958 | L52: =L23/$L$7*100 -> 0.17529195 | M52: =M23/$M$7*100 -> 0.16746734 | N52: =N23/$N$7*100 -> 0.15987517 | O52: =O23/$O$7*100 -> 0.161606 | P52: =P23/$P$7*100 -> 0.14942475 | Q52: =Q23/$Q$7*100 -> 0.14062994 | R52: =R23/$R$7*100 -> 0.12150838 | S52: =S23/$S$7*100 -> 0.12420707 | T52: =T23/$T$7*100 -> 0.10518035
A53: P Preliminar.
A54: 1 Considera ave y huevo.
A55: Fuente:Direcciones Regionales de Agricultura.
A56: Elaboración: MInisterio de Agricultura y Riego-DGESEP-DEA.
A61: C. 3 PERÚ: EVOLUCIÓN DE LA PRODUCCIÓN PECUARIA SEGÚN PEINCIPALES ESPECIES Y PRODUCTOS, 2007-17.
A62: (Miles de toneladas)
A64: Especie/Producto | C64: 2000 | D64: 2001 | E64: 2002 | F64: 2003 | G64: 2004 | H64: 2005 | I64: 2006 | J64: 2007 | K64: 2008 | L64: 2009 | M64: 2010 | N64: 2011 | O64: 2012 | P64: 2013 | Q64: 2014 | R64: 2015 | S64: 2016 | T64: 2017P
B66: Subsector pecuario
B67: Ave1 | C67: 622.14707 | D67: 631.71953 | E67: 678.1409 | F67: 704.86487 | G67: 705.72308 | H67: 793.04375 | I67: 866.37535 | J67: 939.56645 | K67: 1069.7209 | L67: 1176.1058 | M67: 1243.8237 | N67: 1358.7138 | O67: 1476.9996 | P67: 1529.6928 | Q67: 1606.6168 | R67: 1736.0802 | S67: 1846.28 | T67: 1913.7562
B68: Ovino1 | C68: 77.669502 | D68: 79.669277 | E68: 78.592879 | F68: 79.814373 | G68: 84.245212 | H68: 84.214993 | I68: 84.759077 | J68: 84.597473 | K68: 83.373835 | L68: 83.645196 | M68: 84.172918 | N68: 85.639491 | O68: 88.261197 | P68: 87.26427 | Q68: 86.051505 | R68: 82.908743 | S68: 84.904414 | T68: 83.62198
B69: Porcino1 | C69: 122.07166 | D69: 124.41726 | E69: 123.37271 | F69: 123.65111 | G69: 131.84039 | H69: 139.00587 | I69: 145.34725 | J69: 152.69337 | K69: 153.59472 | L69: 152.95838 | M69: 154.20705 | N69: 156.78412 | O69: 163.13725 | P69: 170.24507 | Q69: 180.51984 | R69: 190.56708 | S69: 199.19893 | T69: 210.32118
B70: Vacuno1 | C70: 255.39069 | D70: 255.43024 | E70: 263.01451 | F70: 269.15823 | G70: 281.47873 | H70: 299.01415 | I70: 316.82013 | J70: 320.06852 | K70: 320.23116 | L70: 322.9481 | M70: 337.0032 | N70: 351.14587 | O70: 365.91544 | P70: 378.60242 | Q70: 384.76823 | R70: 384.34298 | S70: 372.99145 | T70: 369.96122
B71: Caprino1 | C71: 15.518362 | D71: 14.780022 | E71: 14.483432 | F71: 15.733809 | G71: 16.189105 | H71: 16.544921 | I71: 16.92992 | J71: 16.713897 | K71: 16.048395 | L71: 15.382863 | M71: 15.327631 | N71: 15.375056 | O71: 15.616859 | P71: 16.097785 | Q71: 15.418262 | R71: 14.752062 | S71: 14.567585 | T71: 13.867744
B72: Alpaca1 | C72: 16.237267 | D72: 17.139678 | E72: 18.393405 | F72: 18.152839 | G72: 18.49457 | H72: 19.269393 | I72: 19.539239 | J72: 20.814347 | K72: 21.171596 | L72: 22.641215 | M72: 23.912936 | N72: 25.151939 | O72: 26.665014 | P72: 27.042343 | Q72: 27.987032 | R72: 26.483108 | S72: 27.654467 | T72: 28.330853
B73: Llama1 | C73: 7.0969778 | D73: 7.1828 | E73: 7.2050302 | F73: 7.7693451 | G73: 8.2200764 | H73: 8.5842079 | I73: 8.5313333 | J73: 9.0066802 | K73: 8.8254976 | L73: 9.2787899 | M73: 9.0558047 | N73: 9.4104232 | O73: 9.6669071 | P73: 9.2860082 | Q73: 9.2667704 | R73: 8.844479 | S73: 8.8372941 | T73: 8.9085524
B74: Huevo | C74: 178.6856 | D74: 188.39117 | E74: 190.91481 | F74: 197.83901 | G74: 202.35652 | H74: 207.08603 | I74: 245.45107 | J74: 257.62112 | K74: 266.54052 | L74: 268.70694 | M74: 285.10164 | N74: 317.65441 | O74: 314.02391 | P74: 349.79078 | Q74: 358.62994 | R74: 386.25464 | S74: 400.9796 | T74: 415.33649
B75: Leche fresca vaca | C75: 903.21603 | D75: 989.70594 | E75: 1051.482 | F75: 1104.8202 | G75: 1164.973 | H75: 1236.8356 | I75: 1346.9915 | J75: 1455.8149 | K75: 1565.5282 | L75: 1652.1123 | M75: 1678.3721 | N75: 1755.5287 | O75: 1790.6697 | P75: 1807.8059 | Q75: 1840.226 | R75: 1903.1767 | S75: 1954.2317 | T75: 2010.9848
B76: Fibra Alpaca | C76: 3.11034 | D76: 3.39866 | E76: 3.1654138 | F76: 3.102762 | G76: 3.248479 | H76: 3.5972864 | I76: 3.5095459 | J76: 3.8947965 | K76: 4.0191726 | L76: 4.3865017 | M76: 4.3517826 | N76: 4.6614144 | O76: 4.7973933 | P76: 4.4202621 | Q76: 4.4849348 | R76: 4.4380008 | S76: 4.5084826 | T76: 4.3142295
B77: Fibra Llama | C77: 0.74238 | D77: 0.759596 | E77: 0.627588 | F77: 0.63359697 | G77: 0.62174763 | H77: 0.60379931 | I77: 0.6233095 | J77: 0.74007282 | K77: 0.70387044 | L77: 0.69581127 | M77: 0.63204509 | N77: 0.67735958 | O77: 0.74539274 | P77: 0.72585135 | Q77: 0.74482294 | R77: 0.65599279 | S77: 0.66955004 | T77: 0.68054649
B78: Lana | C78: 12.361006 | D78: 12.577379 | E78: 11.306868 | F78: 11.318978 | G78: 11.236738 | H78: 10.911878 | I78: 10.374241 | J78: 10.894517 | K78: 10.085339 | L78: 10.279006 | M78: 10.218059 | N78: 10.291861 | O78: 11.029406 | P78: 10.403074 | Q78: 9.9747705 | R78: 8.9542334 | S78: 9.3522388 | T78: 8.1383729
A79: P Preliminar.
A80: 1 Peso de animal vivo.
A81: Fuente:Direcciones Regionales de Agricultura.
A82: Elaboración: MInisterio de Agricultura y Riego-DGESEP-DEA.

Sheet C-4
A2: C. 4 PERÚ: POBLACIÓN PECUARIA POR ESPECIE SEGÚN REGIÓN, 2017P.
A3: (Unidades)
A5: Región | B5: Ave | C5: Alpaca | D5: LLama | E5: Caprino | F5: Ovino | G5: Porcino | H5: Vacuno | I5: Vacas en ordeño
A6: TOTAL NACIONAL | B6: =(B8+B9+B10+B11+B12+B16+B17+B18+B19+B20+B21+B22+B23+B24+B25+B26+B27+B28+B31+B32+B33+B34+B35+B36) -> 1.566377e+08 | C6: =(C8+C9+C10+C11+C12+C16+C17+C18+C19+C20+C21+C22+C23+C24+C25+C26+C27+C28+C31+C32+C33+C34+C35+C36) -> 4330710 | D6: =(D8+D9+D10+D11+D12+D16+D17+D18+D19+D20+D21+D22+D23+D24+D25+D26+D27+D28+D31+D32+D33+D34+D35+D36) -> 1106201 | E6: =(E8+E9+E10+E11+E12+E16+E17+E18+E19+E20+E21+E22+E23+E24+E25+E26+E27+E28+E31+E32+E33+E34+E35+E36) -> 1814359 | F6: =(F8+F9+F10+F11+F12+F16+F17+F18+F19+F20+F21+F22+F23+F24+F25+F26+F27+F28+F31+F32+F33+F34+F35+F36) -> 11338424 | G6: =(G8+G9+G10+G11+G12+G16+G17+G18+G19+G20+G21+G22+G23+G24+G25+G26+G27+G28+G31+G32+G33+G34+G35+G36) -> 3187254 | H6: =(H8+H9+H10+H11+H12+H16+H17+H18+H19+H20+H21+H22+H23+H24+H25+H26+H27+H28+H31+H32+H33+H34+H35+H36) -> 5535569 | I6: =(I8+I9+I10+I11+I12+I16+I17+I18+I19+I20+I21+I22+I23+I24+I25+I26+I27+I28+I31+I32+I33+I34+I35+I36) -> 889113.94
A8: Tumbes | B8: 154270 | C8: 0 | D8: 0 | E8: 62430 | F8: 7580 | G8: 30480 | H8: 22350 | I8: 388.75
A9: Piura | B9: 6138251 | C9: 79 | D9: 0 | E9: 345496 | F9: 341213 | G9: 169531 | H9: 276247 | I9: 24275.355
A10: Lambayeque | B10: 1868521 | C10: 0 | D10: 0 | E10: 91548 | F10: 68810 | G10: 68810 | H10: 113514 | I10: 18912.667
A11: La Libertad | B11: 25241243 | C11: 7851 | D11: 0 | E11: 98187 | F11: 356486 | G11: 113018 | H11: 237501 | I11: 43041.5
A12: Cajamarca | B12: 839388.71 | C12: 1180 | D12: 0 | E12: =SUM(E13:E15) -> 99202 | F12: 455567.04 | G12: 297734 | H12: 645182 | I12: 162288.83
A13: Cajamarca | B13: 344734.08 | C13: 1180 | D13: 0 | E13: 66334 | F13: 343654 | G13: 89450 | H13: 262247 | I13: 97808.417
A14: Chota | B14: 201456.67 | C14: 0 | D14: 0 | E14: 20460 | F14: 103320.04 | G14: 104650 | H14: 276310 | I14: 59049
A15: Jaén | B15: 293197.96 | C15: 0 | D15: 0 | E15: 12408 | F15: 8592.7585 | G15: 103634 | H15: 106625 | I15: 5431.4167
A16: Amazonas | B16: 1521527 | C16: 0 | D16: 0 | E16: 12640 | F16: 21743.726 | G16: 85690 | H16: 247610 | I16: 74885
A17: Ancash | B17: 2640335.6 | C17: 10320 | D17: 0 | E17: 169610 | F17: 672175.39 | G17: 170334 | H17: 305720 | I17: 13462.833
A18: Lima | B18: 58064430 | C18: 46625 | D18: 21904 | E18: 167335 | F18: 305462 | G18: 460253 | H18: 245851 | I18: 76069.839
A19: Ica | B19: 14767142 | C19: 0 | D19: 0 | E19: 78925 | F19: 29996 | G19: 54124 | H19: 50124 | I19: 11507.333
A20: Huánuco | B20: 1763394.8 | C20: 6850 | D20: 3530 | E20: 102170 | F20: 529452.91 | G20: 405230 | H20: 292412 | I20: 32348.833
A21: Pasco | B21: 141529.7 | C21: 133225 | D21: 44169 | E21: 6173 | F21: 698536 | G21: 51993 | H21: 119663 | I21: 28427
A22: Junín | B22: 3554425.6 | C22: 91678 | D22: 59605 | E22: 10680 | F22: 1478438 | G22: 168586 | H22: 321586 | I22: 37385.917
A23: Huancavelica | B23: 392876.17 | C23: 252713 | D23: 127731 | E23: 171566 | F23: 620737 | G23: 174439 | H23: 174439 | I23: 12803
A24: Arequipa | B24: 19046592 | C24: 421292 | D24: 87181 | E24: 20736 | F24: 187138 | G24: 95391 | H24: 205693 | I24: 75027.083
... A36: Madre de Dios | B36: 485976.32 | C36: 0 | D36: 0 | E36: 0 | F36: 9558.675 | G36: 13750 | H36: 56420 | I36: 1352.1667
A37: P Preliminar.
A38: Fuente:Direcciones Regionales de Agricultura.
A39: Elaboración: MInisterio de Agricultura y Riego-DGESEP-DEA.

Sheet C 5
A2: C. 5 PERÚ: EVOLUCIÓN DE LA POBLACIÓN, SACA, PRODUCCIÓN, RENDIMIENTO Y PRECIOS RECIBIDOS
A3: POR EL PRODUCTOR POR AÑO, SEGÚN PRINCIPALES ESPECIES Y PRODUCTOS PECUARIOS, 2007-17.
A5: Especie/ Producto | B5: Variable | C5: 2000 | D5: 2001 | E5: 2002 | F5: 2003 | G5: 2004 | H5: 2005 | I5: 2006 | J5: 2007 | K5: 2008 | L5: 2009 | M5: 2010 | N5: 2011 | O5: 2012 | P5: 2013 | Q5: 2014 | R5: 2015 | S5: 2016 | T5: 2017 P
A7: Ave | B7: Población (miles) | C7: 88010358 | D7: 85621159 | E7: 90354182 | F7: 92846109 | G7: 97761003 | H7: 99278818 | I7: 1.179767e+08 | J7: 120227.62 | K7: 131179.1 | L7: 137837.98 | M7: 130779.05 | N7: 128943.46 | O7: 138554.11 | P7: 138179.77 | Q7: 144703.73 | R7: 151000.91 | S7: 158263.25 | T7: 156637.7
B8: Saca (miles) | C8: 2.8373305e+08 | D8: 2.8786059e+08 | E8: 3.070943e+08 | F8: 3.1094349e+08 | G8: 3.0848531e+08 | H8: 3.4207363e+08 | I8: 3.685458e+08 | J8: 394749.63 | K8: 435909.32 | L8: 476340.31 | M8: 504986.76 | N8: 535421.14 | O8: 575566.45 | P8: 594004.19 | Q8: 621140.12 | R8: 645016.18 | S8: 690892.31 | T8: 707599.54
B9: Producción carne (t) | C9: 510160.6 | D9: 518010.01 | E9: 556075.54 | F9: 577989.19 | G9: 578692.93 | H9: 650295.87 | I9: 710427.79 | J9: 770444.49 | K9: 877171.13 | L9: 964406.75 | M9: 1019935.4 | N9: 1108345.3 | O9: 1211139.7 | P9: 1254348.1 | Q9: 1317425.8 | R9: 1423585.8 | S9: 1513949.6 | T9: 1569280.1
B10: Rendimiento (kg/unidad) | C10: =(C9/C8)*1000 -> 1.7980302 | D10: =(D9/D8)*1000 -> 1.7995169 | E10: =(E9/E8)*1000 -> 1.8107648 | F10: =(F9/F8)*1000 -> 1.8588239 | G10: =(G9/G8)*1000 -> 1.8759173 | H10: =(H9/H8)*1000 -> 1.9010407 | I10: =(I9/I8)*1000 -> 1.9276513 | J10: =(J9/J8)*1000 -> 1951.7295 | ... T10: =(T9/T8)*1000 -> 2217.7517
B11: Precio (S/. x kg) | C11: 3.0623519 | D11: 3.1873748 | E11: 3.0703652 | F11: 3.0858923 | G11: 3.4803615 | H11: 3.4599896 | I11: 3.5960549 | J11: 3.6294643 | K11: 4.1812821 | L11: 4.3262276 | M11: 4.6350228 | N11: 4.674095 | O11: 4.6970699 | P11: 4.7513647 | Q11: 4.7752413 | R11: 4.8227353 | S11: 4.8421853 | T11: 4.8364133
A13: Ovino | B13: Población (unidades) | C13: 14800991 | D13: 14727155 | E13: 14690547 | F13: 14721243 | G13: 14696522 | H13: 14813786 | I13: 14675255 | J13: 14580166 | K13: 14509628 | L13: 14137690 | M13: 14159720 | N13: 14050173 | O13: 12184143 | P13: 11830977 | Q13: 11652272 | R13: 11973040 | S13: 11441603 | T13: 11338424
B14: Saca (unidades) | C14: 2521661 | D14: 2571321 | E14: 2517896.1 | F14: 2535935.1 | G14: 2709847.1 | H14: 2685627 | I14: 2692775.8 | J14: 2681207.6 | K14: 2678240.6 | L14: 2753680.5 | M14: 2788507.3 | N14: 2844228.5 | O14: 2910165.9 | P14: 2832370.8 | Q14: 2788554.6 | R14: 2698887 | S14: 2745950.6 | T14: 2699041.6
B15: Producción carne (t) | C15: 31067.801 | D15: 31867.711 | E15: 31437.152 | F15: 31925.749 | G15: 33698.085 | H15: 33685.997 | I15: 33903.631 | J15: 33838.989 | K15: 33349.534 | L15: 33458.078 | M15: 33669.167 | N15: 34255.797 | O15: 35304.479 | P15: 34905.708 | Q15: 34420.602 | R15: 33163.497 | S15: 33954.695 | T15: 33448.792
B16: Rendimiento (kg/unidad) | C16: =(C15/C14)*1000 -> 12.320372 | D16: =(D15/D14)*1000 -> 12.393517 | E16: =(E15/E14)*1000 -> 12.485484 | F16: =(F15/F14)*1000 -> 12.58934 | G16: =(G15/G14)*1000 -> 12.435419 | H16: =(H15/H14)*1000 -> 12.543066 | I16: =(I15/I14)*1000 -> 12.590588 | J16: =(J15/J14)*1000 -> 12.620802 | ... T16: =(T15/T14)*1000 -> 12.392841
B17: Precio (S/. x kg) | C17: 2.9883567 | D17: 3.1322603 | E17: 3.2947699 | F17: 3.2854617 | G17: 3.2731932 | H17: 3.312026 | I17: 3.3163458 | J17: 3.4872158 | K17: 3.8994542 | L17: 4.1349665 | M17: 4.4612302 | N17: 4.5239693 | O17: 4.8957108 | P17: 5.0375223 | Q17: 5.7214855 | R17: 5.718746 | S17: 5.8967419 | T17: 5.597156
A19: Porcino | B19: Población (unidades) | C19: 2845573 | D19: 2809888 | E19: 2941036 | F19: 2990499 | G19: 3000199 | H19: 3010724.2 | I19: 3073854.7 | J19: 3115772 | K19: 3151405.9 | L19: 3256809 | M19: 3254413.2 | N19: 3263254 | O19: 2987315 | P19: 3176115 | Q19: 3173014.8 | R19: 3200714.1 | S19: 3104910.5 | T19: 3187254
B20: Saca (unidades) | C20: 1540534 | D20: 1650886 | E20: 1637129 | F20: 1670386.7 | G20: 1884572.9 | H20: 1991345.5 | I20: 2074714.9 | J20: 2153140.7 | K20: 2131518 | L20: 2213056.6 | M20: 2186978.4 | N20: 2298432.4 | O20: 2401633.6 | P20: 2499030.7 | Q20: 2629565.6 | R20: 2764884.4 | S20: 2876803.1 | T20: 3072555.8
B21: Producción carne (t) | C21: 91553.744 | D21: 93312.948 | E21: 92529.532 | F21: 92738.333 | G21: 98880.295 | H21: 104254.4 | I21: 109010.44 | J21: 114520.02 | K21: 115196.04 | L21: 114718.78 | M21: 115655.29 | N21: 117588.09 | O21: 122352.94 | P21: 127683.8 | Q21: 135389.88 | R21: 142925.31 | S21: 149399.2 | T21: 157740.89
B22: Rendimiento (kg/unidad) | C22: =(C21/C20)*1000 -> 59.429876 | D22: =(D21/D20)*1000 -> 56.522951 | E22: =(E21/E20)*1000 -> 56.51939 | F22: =(F21/F20)*1000 -> 55.519079 | G22: =(G21/G20)*1000 -> 52.468277 | H22: =(H21/H20)*1000 -> 52.35375 | I22: =(I21/I20)*1000 -> 52.542371 | J22: =(J21/J20)*1000 -> 53.187433 | ... T22: =(T21/T20)*1000 -> 51.338656
B23: Precio (S/. x kg) | C23: 3.305678 | D23: 3.3422812 | E23: 3.3510876 | F23: 3.3920961 | G23: 3.4214913 | H23: 3.4321061 | I23: 3.4669191 | J23: 3.4954268 | K23: 3.8031874 | L23: 4.1160683 | M23: 4.2507882 | N23: 5.0540967 | O23: 5.2362093 | P23: 5.9095403 | Q23: 6.0691638 | R23: 6.4175362 | S23: 6.7727417 | T23: 6.96375
A25: Vacuno | B25: Población (unidades) | C25: 4980291 | D25: 5035612 | E25: 5163700 | F25: 5193414 | G25: 5184822 | H25: 5249783.1 | I25: 5241101.5 | J25: 5420865 | K25: 5442988.7 | L25: 5459435 | M25: 5520199.7 | N25: 5589173.1 | O25: 5660984 | P25: 5555988 | Q25: 5577958.8 | R25: 5553469.5 | S25: 5525454.3 | T25: 5535569
B26: Saca (unidades) | C26: 875746 | D26: 920031 | E26: 951383.1 | F26: 986401.51 | G26: 1020294 | H26: 1074578 | I26: 1127320.8 | J26: 1138577.9 | K26: 1151905.9 | L26: 1168496.7 | M26: 1218722.5 | N26: 1266709.7 | O26: 1319403.9 | P26: 1375094.6 | Q26: 1376390.8 | R26: 1367797.1 | S26: 1364230.4 | T26: 1330763.1
B27: Producción carne (t) | C27: 130249.25 | D27: 130269.42 | E27: 134137.4 | F27: 137270.7 | G27: 143554.15 | H27: 152497.22 | I27: 161578.26 | J27: 163234.95 | K27: 163317.89 | L27: 164703.53 | M27: 171871.63 | N27: 179084.39 | O27: 186616.87 | P27: 193087.24 | Q27: 196231.8 | R27: 196014.92 | S27: 192702.82 | T27: 188680.22
B28: Rendimiento (kg/unidad) | C28: =(C27/C26)*1000 -> 148.72948 | D28: =(D27/D26)*1000 -> 141.59243 | E28: =(E27/E26)*1000 -> 140.99199 | F28: =(F27/F26)*1000 -> 139.1631 | G28: =(G27/G26)*1000 -> 140.69881 | H28: =(H27/H26)*1000 -> 141.91358 | I28: =(I27/I26)*1000 -> 143.32944 | J28: =(J27/J26)*1000 -> 143.36739 | ... T28: =(T27/T26)*1000 -> 141.78348
B29: Precio (S/. x kg) | C29: 3.3390775 | D29: 3.4125664 | E29: 3.2942235 | F29: 3.5184737 | G29: 3.3325097 | H29: 3.3633941 | I29: 3.3971701 | J29: 3.5046243 | K29: 3.7709002 | L29: 4.0826893 | M29: 4.0971722 | N29: 4.2457162 | O29: 4.6922639 | P29: 4.8381645 | Q29: 5.2315176 | R29: 5.4142252 | S29: 5.4510834 | T29: 5.5319915
A31: Caprino | B31: Población (unidades) | C31: 2034914 | D31: 2017808 | E31: 1983128 | F31: 1983302 | G31: 1971863 | H31: 1952956.2 | I31: 1936854.9 | J31: 1925912 | K31: 1904124 | L31: 1928677.6 | M31: 1968305.5 | N31: 1946117 | O31: 1949502 | P31: 1928630.9 | Q31: 1905153.3 | R31: 1882042.4 | S31: 1864712.8 | T31: 1814359
B32: Saca (unidades) | C32: 451247 | D32: 468861 | E32: 476569.07 | F32: 523992.55 | G32: 524448.18 | H32: 527096.3 | I32: 518662.97 | J32: 506927 | K32: 496705.92 | L32: 505880.15 | M32: 499447.5 | N32: 489915.18 | O32: 496625.69 | P32: 505261.55 | Q32: 489955.69 | R32: 464017.77 | S32: 458811.95 | T32: 444799.26
B33: Producción carne (t) | C33: 6267.655 | D33: 5912.009 | E33: 5793.3729 | F33: 6293.5236 | G33: 6475.6422 | H33: 6617.9682 | I33: 6771.968 | J33: 6685.5586 | K33: 6419.3579 | L33: 6153.1452 | M33: 6131.0522 | N33: 6150.0225 | O33: 6246.7435 | P33: 6439.1138 | Q33: 6167.3048 | R33: 5900.8247 | S33: 5827.0338 | T33: 5547.0975
B34: Rendimiento (kg/unidad) | C34: =(C33/C32)*1000 -> 13.889633 | D34: =(D33/D32)*1000 -> 12.6093 | E34: =(E33/E32)*1000 -> 12.156418 | F34: =(F33/F32)*1000 -> 12.010712 | G34: =(G33/G32)*1000 -> 12.347535 | H34: =(H33/H32)*1000 -> 12.55552 | I34: =(I33/I32)*1000 -> 13.056587 | J34: =(J33/J32)*1000 -> 13.188405 | ... T34: =(T33/T32)*1000 -> 12.471013
B35: Precio (S/. x kg) | C35: 3.3315645 | D35: 3.2776518 | E35: 3.3131776 | F35: 3.2156136 | G35: 3.2673527 | H35: 3.0527814 | I35: 3.0056297 | J35: 3.1702418 | K35: 3.4120634 | L35: 3.6114162 | M35: 3.3793338 | N35: 3.5334883 | O35: 3.6803789 | P35: 3.9319271 | Q35: 4.0373212 | R35: 4.2799914 | S35: 4.6632557 | T35: 4.7398272
A37: Alpaca | B37: Población (unidades) | C37: 3078524 | D37: 3190373 | E37: 3335721 | F37: 3422557 | G37: 3429019 | H37: 3594514.8 | I37: 3625627 | J37: 3687340 | K37: 3780806.1 | L37: 4105581.8 | M37: 4177498.6 | N37: 4322258.4 | O37: 3927361 | P37: 4005315 | Q37: 4315792.5 | R37: 4318457.1 | S37: 4319227.8 | T37: 4330710
B38: Saca (unidades) | C38: 269643 | D38: 288318 | E38: 313415 | F38: 304890 | G38: 312092 | H38: 321478 | I38: 330071.5 | J38: 355174 | K38: 365555 | L38: 387980 | M38: 410085 | N38: 424100.05 | O38: 455558 | P38: 463354 | Q38: 481847 | R38: 446198.97 | S38: 474135 | T38: 479063
B39: Producción carne (t) | C39: 7306.77 | D39: 7712.855 | E39: 8277.0321 | F39: 8203.7176 | G39: 8322.5566 | H39: 8671.2269 | I39: 8792.6575 | J39: 9366.456 | K39: 9527.2181 | L39: 10188.547 | M39: 10760.821 | N39: 11318.373 | O39: 11999.257 | P39: 12169.054 | Q39: 12594.164 | R39: 11917.399 | S39: 12444.51 | T39: 12748.884
B40: Rendimiento (kg/unidad) | C40: =(C39/C38)*1000 -> 27.097941 | D40: =(D39/D38)*1000 -> 26.751209 | E40: =(E39/E38)*1000 -> 26.409177 | F40: =(F39/F38)*1000 -> 26.907139 | G40: =(G39/G38)*1000 -> 26.666998 | H40: =(H39/H38)*1000 -> 26.973003 | I40: =(I39/I38)*1000 -> 26.638645 | J40: =(J39/J38)*1000 -> 26.371457 | ... T40: =(T39/T38)*1000 -> 26.612124
B41: Precio (S/. x kg) | C41: 2.4034135 | D41: 2.5716504 | E41: 2.4840721 | F41: 2.530806 | G41: 2.6582433 | H41: 2.6149934 | I41: 2.5076534 | J41: 2.4956294 | K41: 2.9148449 | L41: 3.1337591 | M41: 3.4254103 | N41: 3.6541767 | O41: 4.0305761 | P41: 4.4273199 | Q41: 4.7714252 | R41: 4.6321369 | S41: 4.8140747 | T41: 4.9143385
A43: Llama | B43: Población (unidades) | C43: 1183908 | D43: 1179088 | E43: 1207275 | F43: 1230543 | G43: 1236984 | H43: 1269979 | I43: 1256101 | J43: 1274425 | K43: 1262782.2 | L43: 1237593 | M43: 1245169.2 | N43: 1226612 | O43: 1194404 | P43: 1234089 | Q43: 1211917.2 | R43: 1194708 | S43: 1105017.5 | T43: 1106201
B44: Saca (unidades) | C44: 91890 | D44: 95157 | E44: 97389 | F44: 101826 | G44: 109330 | H44: 112106 | I44: 113801 | J44: 118399 | K44: 119237 | L44: 127316 | M44: 123384 | N44: 128346 | O44: 130530 | P44: 125729 | Q44: 123360 | R44: 119806 | S44: 119195.31 | T44: 120748
B45: Producción carne (t) | C45: 3193.64 | D45: 3232.26 | E45: 3242.2636 | F45: 3496.2053 | G45: 3699.0344 | H45: 3862.8935 | I45: 3839.1 | J45: 4053.0061 | K45: 3971.4739 | L45: 4175.4554 | M45: 4075.1121 | N45: 4234.6905 | O45: 4350.1082 | P45: 4178.7037 | Q45: 4170.0467 | R45: 3980.0156 | S45: 3976.7823 | T45: 4008.8486
B46: Rendimiento (kg/unidad) | C46: =(C45/C44)*1000 -> 34.755033 | D46: =(D45/D44)*1000 -> 33.967653 | E46: =(E45/E44)*1000 -> 33.291887 | F46: =(F45/F44)*1000 -> 34.335094 | G46: =(G45/G44)*1000 -> 33.833663 | H46: =(H45/H44)*1000 -> 34.457509 | I46: =(I45/I44)*1000 -> 33.735204 | J46: =(J45/J44)*1000 -> 34.23176 | ... T46: =(T45/T44)*1000 -> 33.200124
B47: Precio (S/. x kg) | C47: 1.9254907 | D47: 2.176594 | E47: 2.3888563 | F47: 2.404597 | G47: 2.4543537 | H47: 2.4866738 | I47: 2.3899286 | J47: 2.3057938 | K47: 2.7041353 | L47: 2.8765651 | M47: 3.0247426 | N47: 3.3952692 | O47: 3.6145209 | P47: 3.8743497 | Q47: 4.2451014 | R47: 4.0899611 | S47: 4.3180239 | T47: 4.2514853
A49: Huevo | B49: Gallinas (unidades) | C49: 11899785 | D49: 12705402 | E49: 12651366 | F49: 13059118 | G49: 13362491 | H49: 13654721 | I49: 15842743 | J49: 16572273 | K49: 17048710 | L49: 17206413 | M49: 18156674 | N49: 19950695 | O49: 19846405 | P49: 21805630 | Q49: 22353253 | R49: 23883311 | S49: 24752078 | T49: 25559765
A50: Gallina | B50: Producción (t) | C50: 178685.6 | D50: 188391.17 | E50: 190914.81 | F50: 197839.01 | G50: 202356.52 | H50: 207086.03 | I50: 245451.07 | J50: 257621.12 | K50: 266540.52 | L50: 268706.94 | M50: 285101.64 | N50: 317654.41 | O50: 314023.91 | P50: 349790.78 | Q50: 358629.94 | R50: 386254.64 | S50: 400979.6 | T50: 415336.49
B51: Rendimiento (kg/gallina) | C51: =(C50/C49)*1000 -> 15.015867 | D51: =(D50/D49)*1000 -> 14.827644 | E51: =(E50/E49)*1000 -> 15.090451 | F51: =(F50/F49)*1000 -> 15.149493 | G51: =(G50/G49)*1000 -> 15.143623 | H51: =(H50/H49)*1000 -> 15.165892 | I51: =(I50/I49)*1000 -> 15.492965 | J51: =(J50/J49)*1000 -> 15.54531 | ... T51: =(T50/T49)*1000 -> 16.249621
B52: Precio (S/. x kg) | C52: 2.7448065 | D52: 2.7316087 | E52: 2.9136215 | F52: 2.7817413 | G52: 3.0661556 | H52: 3.1982878 | I52: 3.0667068 | J52: 3.0886857 | K52: 3.814835 | L52: 3.7947222 | M52: 3.7333232 | N52: 3.8760763 | O52: 4.1487035 | P52: 4.3254854 | Q52: 4.6292739 | R52: 4.6604724 | S52: 4.718287 | T52: 4.7531058
A54: Leche | B54: Vacas (unidades) | C54: 553872.13 | D54: 570398.53 | E54: 635516.05 | F54: 649791.38 | G54: 674829.72 | H54: 708119.7 | I54: 743670.99 | J54: 753189.42 | K54: 769580.51 | L54: 787006.7 | M54: 787603.74 | N54: 815393.09 | O54: 859630.25 | P54: 859467.68 | Q54: 874940.93 | R54: 886143.03 | S54: 895716.22 | T54: 889113.94
A55: Vaca | B55: Producción (t) | C55: 903216.03 | D55: 989705.94 | E55: 1051482 | F55: 1104820.2 | G55: 1164973 | H55: 1236835.6 | I55: 1346991.5 | J55: 1455814.9 | K55: 1565528.2 | L55: 1652112.3 | M55: 1678372.1 | N55: 1755528.7 | O55: 1790669.7 | P55: 1807805.9 | Q55: 1840226 | R55: 1903176.7 | S55: 1954231.7 | T55: 2010984.8
B56: Rendimiento (kg/vaca/año) | C56: =(C55/C54)*1000 -> 1630.7303 | D56: =(D55/D54)*1000 -> 1735.1131 | E56: =(E55/E54)*1000 -> 1654.5325 | F56: =(F55/F54)*1000 -> 1700.2692 | G56: =(G55/G54)*1000 -> 1726.3215 | H56: =(H55/H54)*1000 -> 1746.6477 | I56: =(I55/I54)*1000 -> 1811.2734 | J56: =(J55/J54)*1000 -> 1932.8669 | ... T56: =(T55/T54)*1000 -> 2261.7853
B57: Precio (S./ litro) | C57: 0.78324472 | D57: 0.78629048 | E57: 0.79556368 | F57: 0.80234635 | G57: 0.83204686 | H57: 0.86075365 | I57: 0.864355 | J57: 0.85807905 | K57: 0.92079927 | L57: 0.9698005 | M57: 0.98148877 | N57: 1.0095443 | O57: 1.0667545 | P57: 1.1354869 | Q57: 1.1467967 | R57: 1.2128974 | S57: 1.2409919 | T57: 1.2850422
A59: Fibra | B59: Esquilados (unidad) | C59: 1825696 | D59: 1936439 | E59: 1784548.7 | F59: 1774369.1 | G59: 1831357.1 | H59: 1995906 | I59: 1980553 | J59: 2208305 | K59: 2325284 | L59: 2513105.9 | M59: 2481124 | N59: 2573193 | O59: 2636389 | P59: 2391039 | Q59: 2894758 | R59: 2372976.2 | S59: 2420549.1 | T59: 2296839.4
A60: Alpaca | B60: Producción (t) | C60: 3110.34 | D60: 3398.66 | E60: 3165.4138 | F60: 3102.762 | G60: 3248.479 | H60: 3597.2864 | I60: 3509.5459 | J60: 3894.7965 | K60: 4019.1726 | L60: 4386.5017 | M60: 4351.7826 | N60: 4661.4144 | O60: 4797.3933 | P60: 4420.2621 | Q60: 4484.9348 | R60: 4438.0008 | S60: 4508.4826 | T60: 4314.2295
B61: Rendimiento (kg/alpaca) | C61: =(C60/C59)*1000 -> 1.7036462 | D61: =(D60/D59)*1000 -> 1.7551082 | E61: =(E60/E59)*1000 -> 1.7737895 | F61: =(F60/F59)*1000 -> 1.7486565 | G61: =(G60/G59)*1000 -> 1.7738097 | H61: =(H60/H59)*1000 -> 1.8023326 | I61: =(I60/I59)*1000 -> 1.772003 | J61: =(J60/J59)*1000 -> 1.7637041 | ... T61: =(T60/T59)*1000 -> 1.8783332
B62: Precio (S/. libra) | C62: 5.6933106 | D62: 4.947834 | E62: 5.0458149 | F62: 4.779894 | G62: 4.57685 | H62: 5.2072246 | I62: 7.6803793 | J62: 8.3276028 | K62: 8.4702598 | L62: 5.5128476 | M62: 5.8254573 | N62: 6.6542032 | O62: 6.706175 | P62: 7.2779556 | Q62: 7.747241 | R62: 8.0882698 | S62: 7.5886794 | T62: 7.8753531
A64: Fibra | B64: Esquilados (unidades) | C64: 484051 | D64: 519736 | E64: 402772 | F64: 413808.19 | G64: 399255 | H64: 388716 | I64: 400609.02 | J64: 452090.26 | K64: 444255.42 | L64: 447983.44 | M64: 403510.24 | N64: 434702.11 | O64: 449117.08 | P64: 415601.69 | Q64: 485140.8 | R64: 365636 | S64: 374407.76 | T64: 373971
A65: Llama | B65: Producción (t) | C65: 742.38 | D65: 759.596 | E65: 627.588 | F65: 633.59697 | G65: 621.74763 | H65: 603.79931 | I65: 623.3095 | J65: 740.07282 | K65: 703.87044 | L65: 695.81127 | M65: 632.04509 | N65: 677.35958 | O65: 745.39274 | P65: 725.85135 | Q65: 744.82294 | R65: 655.99279 | S65: 669.55004 | T65: 680.54649
B66: Rendimiento (kg/llama) | C66: =(C65/C64)*1000 -> 1.5336814 | D66: =(D65/D64)*1000 -> 1.4615035 | E66: =(E65/E64)*1000 -> 1.5581719 | F66: =(F65/F64)*1000 -> 1.5311369 | G66: =(G65/G64)*1000 -> 1.5572695 | H66: =(H65/H64)*1000 -> 1.5533173 | I66: =(I65/I64)*1000 -> 1.5559048 | J66: =(J65/J64)*1000 -> 1.6370023 | ... T66: =(T65/T64)*1000 -> 1.8197841
B67: Precio (S/. libra) | C67: 2.6770058 | D67: 3.1555903 | E67: 2.8573243 | F67: 2.3594707 | G67: 1.9762413 | H67: 2.2263901 | I67: 2.3810804 | J67: 2.7942464 | K67: 2.9221677 | L67: 2.303985 | M67: 2.5941369 | N67: 2.8174396 | O67: 2.8405044 | P67: 2.7507846 | Q67: 2.8386537 | R67: 3.0011458 | S67: 3.1214062 | T67: 3.0963513
A69: Lana | B69: Esquilados (unidades) | C69: 7371783 | D69: 7431849 | E69: 6658608.5 | F69: 6683557 | G69: 6645652 | H69: 6333239.8 | I69: 6054838.6 | J69: 6468169 | K69: 5869896 | L69: 6035367 | M69: 6004149.1 | N69: 5985892.7 | O69: 6618656.4 | P69: 6104258.3 | Q69: 5741016.5 | R69: 5162592.4 | S69: 5575610.3 | T69: 4574331.2
A70: Ovino | B70: Producción (t) | C70: 12361.006 | D70: 12577.379 | E70: 11306.868 | F70: 11318.978 | G70: 11236.738 | H70: 10911.878 | I70: 10374.241 | J70: 10894.517 | K70: 10085.339 | L70: 10279.006 | M70: 10218.059 | N70: 10291.861 | O70: 11029.406 | P70: 10403.074 | Q70: 9974.7705 | R70: 8954.2334 | S70: 9352.2388 | T70: 8138.3729
B71: Rendimiento (kg/ovino) | C71: =(C70/C69)*1000 -> 1.6768 | D71: =(D70/D69)*1000 -> 1.692362 | E71: =(E70/E69)*1000 -> 1.6980828 | F71: =(F70/F69)*1000 -> 1.693556 | G71: =(G70/G69)*1000 -> 1.6908406 | H71: =(H70/H69)*1000 -> 1.7229535 | I71: =(I70/I69)*1000 -> 1.7133803 | J71: =(J70/J69)*1000 -> 1.6843279 | ... T71: =(T70/T69)*1000 -> 1.7791394
B72: Precio (S/. libra) | C72: 1.4857802 | D72: 1.3756273 | E72: 1.3831179 | F72: 1.0708188 | G72: 1.6256671 | H72: 1.7130864 | I72: 1.7177299 | J72: 1.9635215 | K72: 2.0784851 | L72: 1.8263582 | M72: 2.0313387 | N72: 2.2105292 | O72: 2.337243 | P72: 2.5479493 | Q72: 2.4959752 | R72: 2.469734 | S72: 2.6421119 | T72: 2.7996927
A73: P Preliminar. | H73: 1/ Precio en chacra de animales en pie.
A74: Fuente:Direcciones Regionales de Agricultura.
A75: Elaboración: MInisterio de Agricultura y Riego-DGESEP-DEA.

Sheet C -6
A2: C. 6 PERÚ: POBLACIÓN, SACA, PRODUCCIÓN, RENDIMIENTO Y PRECIOS RECIBIDOS POR EL PRODUCTOR,
A3: SEGÚN PRINCIPALES ESPECIES Y PRODUCTOS PECUARIOS, 2017P.
A5: Especie/ Producto | B5: Variable | C5: ANUAL | D5: Ene | E5: Feb | F5: Mar | G5: Abr | H5: May | I5: Jun | J5: Jul | K5: Ago | L5: Set | M5: Oct | N5: Nov | O5: Dic
A7: Ave | B7: Población | C7: 1.566377e+08
B8: Saca (unidades) | C8: =SUM(D8:O8) -> 7.0923295e+08 | D8: 58872047 | E8: 53666132 | F8: 58753072 | G8: 56127884 | H8: 57657420 | I8: 58647510 | J8: 62191077 | K8: 61989535 | L8: 59951959 | M8: 61255285 | N8: 58709005 | O8: 61412026
B9: Producción carne (t) | C9: =SUM(D9:O9) -> 1569280.1 | D9: 130327.09 | E9: 116051.85 | F9: 122369.14 | G9: 125228.11 | H9: 122838.16 | I9: 127477.74 | J9: 141940.39 | K9: 139782.72 | L9: 136754.46 | M9: 136370.21 | N9: 132364.07 | O9: 137776.13
B10: Rendimiento (kg/unidad) | C10: =(C9/C8)*1000 -> 2.2126441 | D10: =D9/D8*1000 -> 2.2137346 | E10: =E9/E8*1000 -> 2.1624784 | F10: =F9/F8*1000 -> 2.08277 | G10: =G9/G8*1000 -> 2.2311212 | H10: =H9/H8*1000 -> 2.130483 | I10: =I9/I8*1000 -> 2.1736259 | J10: =J9/J8*1000 -> 2.2823273 | K10: =K9/K8*1000 -> 2.2549406 | ... O10: =O9/O8*1000 -> 2.2434716
B11: Precio (S/. kg)1/ | C11: 4.8378666 | D11: 4.7755039 | E11: 4.7804654 | F11: 4.8321221 | G11: 4.820011 | H11: 4.8036073 | I11: 4.8248217 | J11: 4.8261245 | K11: 4.8501431 | L11: 4.8785483 | M11: 4.8506303 | N11: 4.8718005 | O11: 4.9231817
A13: Ovino | B13: Población | C13: 11338424
B14: Saca (unidades) | C14: =SUM(D14:O14) -> 2699041.6 | D14: 194010.14 | E14: 205440.45 | F14: 212969.53 | G14: 241307.57 | H14: 251694.61 | I14: 251067.59 | J14: 254406.87 | K14: 241231.79 | L14: 222990.67 | M14: 207911.27 | N14: 204200.07 | O14: 211811
B15: Producción carne (t) | C15: =SUM(D15:O15) -> 33448.792 | D15: 2353.4567 | E15: 2513.8674 | F15: 2638.5038 | G15: 3043.518 | H15: 3177.3601 | I15: 3144.7926 | J15: 3184.0548 | K15: 2961.4004 | L15: 2819.0868 | M15: 2538.8593 | N15: 2487.087 | O15: 2586.805
B16: Rendimiento (kg/unidad) | C16: =(C15/C14)*1000 -> 12.392841 | D16: =D15/D14*1000 -> 12.130586 | E16: =E15/E14*1000 -> 12.236477 | F16: =F15/F14*1000 -> 12.389114 | G16: =G15/G14*1000 -> 12.612609 | H16: =H15/H14*1000 -> 12.62387 | I16: =I15/I14*1000 -> 12.525681 | J16: =J15/J14*1000 -> 12.515601 | K16: =K15/K14*1000 -> 12.276161 | ... O16: =O15/O14*1000 -> 12.212798
B17: Precio (S/. kg)1/ | C17: 5.595888 | D17: 5.6613325 | E17: 5.6765488 | F17: 5.71777 | G17: 5.7109238 | H17: 5.7151464 | I17: 5.5091694 | J17: 5.4749557 | K17: 5.5287885 | L17: 5.5253174 | M17: 5.5048068 | N17: 5.4925947 | O17: 5.6485183
A19: Porcino | B19: Población | C19: 3187254
B20: Saca (unidades) | C20: =SUM(D20:O20) -> 3072555.8 | D20: 243902.2 | E20: 240067.65 | F20: 247258.55 | G20: 252028.43 | H20: 260171.86 | I20: 258102.51 | J20: 273496.05 | K20: 259211.74 | L20: 252002.43 | M20: 250090.02 | N20: 248358.49 | O20: 287865.86
B21: Producción carne (t) | C21: =SUM(D21:O21) -> 157740.89 | D21: 12652.517 | E21: 12271.043 | F21: 12651.95 | G21: 12879.992 | H21: 13336.126 | I21: 13256.582 | J21: 14132.6 | K21: 13257.596 | L21: 12901.375 | M21: 12805.044 | N21: 12660.92 | O21: 14935.14
B22: Rendimiento (kg/unidad) | C22: =(C21/C20)*1000 -> 51.338656 | D22: =D21/D20*1000 -> 51.87537 | E22: =E21/E20*1000 -> 51.114936 | F22: =F21/F20*1000 -> 51.168908 | G22: =G21/G20*1000 -> 51.105312 | H22: =H21/H20*1000 -> 51.258912 | I22: =I21/I20*1000 -> 51.361694 | J22: =J21/J20*1000 -> 51.673873 | K22: =K21/K20*1000 -> 51.145818 | ... O22: =O21/O20*1000 -> 51.88229
B23: Precio (S/. kg)1/ | C23: 6.967564 | D23: 6.8940905 | E23: 6.8068748 | F23: 6.8800104 | G23: 6.9139756 | H23: 7.0623846 | I23: 6.9178101 | J23: 6.9817207 | K23: 7.0223425 | L23: 6.987179 | M23: 7.0343975 | N23: 6.9098178 | O23: 7.1543964
A25: Vacuno | B25: Población | C25: 5535569
B26: Saca (unidades) | C26: =SUM(D26:O26) -> 1330763.1 | D26: 101326.71 | E26: 103395.99 | F26: 108642.44 | G26: 116585.32 | H26: 118444.44 | I26: 115668.57 | J26: 118008.19 | K26: 114142.45 | L26: 109149.95 | M26: 106539 | N26: 106252.94 | O26: 112607.08
B27: Producción carne (t) | C27: =SUM(D27:O27) -> 188680.22 | D27: 14419.351 | E27: 14690.408 | F27: 15371.431 | G27: 16572.879 | H27: 17020.947 | I27: 16625.222 | J27: 16796.884 | K27: 16045.332 | L27: 15322.948 | M27: 15005.442 | N27: 14895.507 | O27: 15913.875
B28: Rendimiento (kg/unidad) | C28: =(C27/C26)*1000 -> 141.78348 | D28: =D27/D26*1000 -> 142.30552 | E28: =E27/E26*1000 -> 142.07909 | F28: =F27/F26*1000 -> 141.48643 | G28: =G27/G26*1000 -> 142.15236 | H28: =H27/H26*1000 -> 143.70406 | I28: =I27/I26*1000 -> 143.73155 | J28: =J27/J26*1000 -> 142.33659 | K28: =K27/K26*1000 -> 140.57288 | ... O28: =O27/O26*1000 -> 141.32215
B29: Precio (S/. kg)1/ | C29: 5.5319245 | D29: 5.5475455 | E29: 5.5578437 | F29: 5.5796274 | G29: 5.5922305 | H29: 5.5798771 | I29: 5.4661524 | J29: 5.498531 | K29: 5.5076821 | L29: 5.5020442 | M29: 5.5109984 | N29: 5.5141379 | O29: 5.5272277
A31: Caprino | B31: Población | C31: 1885990
B32: Saca (unidades) | C32: =SUM(D32:O32) -> 444799.26 | D32: 34357.129 | E32: 35244.306 | F32: 33522.798 | G32: 35899.291 | H32: 38826.783 | I32: 39177.26 | J32: 39728.767 | K32: 38468.275 | L32: 37402.654 | M32: 36735 | N32: 36530 | O32: 38907
B33: Producción carne (t) | C33: =SUM(D33:O33) -> 5547.0975 | D33: 430.05728 | E33: 424.58485 | F33: 414.07835 | G33: 448.96574 | H33: 475.96517 | I33: 475.38385 | J33: 496.3798 | K33: 489.29941 | L33: 475.12019 | M33: 503.31964 | N33: 436.10077 | O33: 477.84249
B34: Rendimiento (kg/unidad) | C34: =(C33/C32)*1000 -> 12.471013 | D34: =D33/D32*1000 -> 12.517265 | E34: =E33/E32*1000 -> 12.046906 | F34: =F33/F32*1000 -> 12.352142 | G34: =G33/G32*1000 -> 12.506256 | H34: =H33/H32*1000 -> 12.258682 | I34: =I33/I32*1000 -> 12.134178 | J34: =J33/J32*1000 -> 12.494216 | K34: =K33/K32*1000 -> 12.719557 | ... O34: =O33/O32*1000 -> 12.281659
B35: Precio (S/. kg)1/ | C35: 4.7411779 | D35: 4.6869494 | E35: 4.7381075 | F35: 4.7105545 | G35: 4.7558179 | H35: 4.7593452 | I35: 4.7659947 | J35: 4.7685371 | K35: 4.7776329 | L35: 4.7303703 | M35: 4.807967 | N35: 4.7196257 | O35: 4.6570242
A37: Alpaca | B37: Población | C37: 4330710
B38: Saca (unidades) | C38: =SUM(D38:O38) -> 479063 | D38: 34327 | E38: 37327 | F38: 40917 | G38: 49129 | H38: 46726 | I38: 46896 | J38: 46273 | K38: 41934 | L38: 36717 | M38: 34904 | N38: 32844 | O38: 31069
B39: Producción carne (t) | C39: =SUM(D39:O39) -> 12748.884 | D39: 880.07213 | E39: 989.16847 | F39: 1092.3799 | G39: 1326.5954 | H39: 1261.7389 | I39: 1264.4702 | J39: 1240.8573 | K39: 1120.4726 | L39: 973.41241 | M39: 922.10936 | N39: 862.60914 | O39: 814.99795
B40: Rendimiento (kg/unidad) | C40: =(C39/C38)*1000 -> 26.612124 | D40: =D39/D38*1000 -> 25.637898 | E40: =E39/E38*1000 -> 26.50008 | F40: =F39/F38*1000 -> 26.697459 | G40: =G39/G38*1000 -> 27.002287 | H40: =H39/H38*1000 -> 27.00293 | I40: =I39/I38*1000 -> 26.963285 | J40: =J39/J38*1000 -> 26.816012 | K40: =K39/K38*1000 -> 26.719908 | ... O40: =O39/O38*1000 -> 26.231869
B41: Precio (S/. kg)1/ | C41: 4.9215836 | D41: 4.8521257 | E41: 4.9150339 | F41: 4.9250596 | G41: 5.0082894 | H41: 4.9524051 | I41: 4.9494555 | J41: 4.963313 | K41: 4.9265866 | L41: 4.8816971 | M41: 4.8551886 | N41: 4.9012043 | O41: 4.8417025
A43: Llama | B43: Población | C43: 1106201
B44: Saca (unidades) | C44: =SUM(D44:O44) -> 120765 | D44: 8531 | E44: 9230 | F44: 9826 | G44: 11524 | H44: 11412 | I44: 11831 | J44: 11140 | K44: 10491 | L44: 9684 | M44: 8785 | N44: 8748 | O44: 9563
B45: Producción carne (t) | C45: =SUM(D45:O45) -> 4008.8486 | D45: 281.2529 | E45: 309.17065 | F45: 326.05546 | G45: 392.81079 | H45: 385.96921 | I45: 397.02864 | J45: 364.92154 | K45: 340.89843 | L45: 314.46536 | M45: 291.22507 | N45: 287.23549 | O45: 317.81504
B46: Rendimiento (kg/unidad) | C46: =(C45/C44)*1000 -> 33.19545 | D46: =D45/D44*1000 -> 32.968339 | E46: =E45/E44*1000 -> 33.496278 | F46: =F45/F44*1000 -> 33.182929 | G46: =G45/G44*1000 -> 34.086323 | H46: =H45/H44*1000 -> 33.821347 | I46: =I45/I44*1000 -> 33.558333 | J46: =J45/J44*1000 -> 32.757769 | K46: =K45/K44*1000 -> 32.494369 | ... O46: =O45/O44*1000 -> 33.233822
B47: Precio (S/. kg)1/ | C47: 4.2540549 | D47: 4.2701159 | E47: 4.2726112 | F47: 4.2782449 | G47: 4.3119107 | H47: 4.3339401 | I47: 4.2846988 | J47: 4.1692662 | K47: 4.1680491 | L47: 4.1868443 | M47: 4.186044 | N47: 4.185929 | O47: 4.3701697
A49: Huevo | B49: Gallinas en producción3/ | C49: =AVERAGE(D49:O49) -> 25559765 | D49: 25410815 | E49: 25468568 | F49: 25744535 | G49: 25538765 | H49: 25542275 | I49: 25558564 | J49: 25411769 | K49: 25426575 | L49: 25517110 | M49: 25646002 | N49: 25667608 | O49: 25784590
A50: Gallina | B50: Producción huevo (t) | C50: =SUM(D50:O50) -> 415336.49 | D50: 34513.37 | E50: 34585.257 | F50: 34774.231 | G50: 34581.329 | H50: 34510.133 | I50: 34490.312 | J50: 34487.699 | K50: 34374.816 | L50: 34414.115 | M50: 34726.144 | N50: 34886.884 | O50: 34992.201
B51: Rdto. (kg/gallina) | C51: =(C50/C49)*1000 -> 16.249621 | D51: =D50/D49*1000 -> 1.3582158 | E51: =E50/E49*1000 -> 1.3579584 | F51: =F50/F49*1000 -> 1.3507422 | G51: =G50/G49*1000 -> 1.3540721 | H51: =H50/H49*1000 -> 1.3510986 | I51: =I50/I49*1000 -> 1.349462 | J51: =J50/J49*1000 -> 1.3571546 | K51: =K50/K49*1000 -> 1.3519248 | ... O51: =O50/O49*1000 -> 1.3570975
B52: Precio (S/. kg)1/ | C52: 4.753002 | D52: 4.6592087 | E52: 4.7096821 | F52: 4.7445037 | G52: 4.7934615 | H52: 4.7798435 | I52: 4.7873586 | J52: 4.8255321 | K52: 4.8076841 | L52: 4.7587833 | M52: 4.7213735 | N52: 4.7140607 | O52: 4.7357785
A54: Leche | B54: Vacas en producción3/ | C54: =AVERAGE(D54:O54) -> 889113.94 | D54: 885689.67 | E54: 913432.07 | F54: 932205.32 | G54: 939601.74 | H54: 935882.72 | I54: 916417.76 | J54: 886690.33 | K54: 866362.44 | L54: 848192.25 | M54: 846305.25 | N54: 839520.93 | O54: 859066.83
A55: Vaca | B55: Producción leche (t) | C55: =SUM(D55:O55) -> 2012536.6 | D55: 163428.84 | E55: 160589.78 | F55: 175840.54 | G55: 178005.01 | H55: 183218.39 | I55: 175455.86 | J55: 169759.64 | K55: 165158.3 | L55: 159633.36 | M55: 160016.47 | N55: 159111.87 | O55: 162318.54
B56: Rdto. (kg/vaca/día) | C56: =(C55/C54)*1000/305 -> 7.4214117 | D56: =(D55/D54)*1000/31 -> 5.9523083 | E56: =(E55/E54)*1000/28 -> 6.2789007 | F56: =(F55/F54)*1000/31 -> 6.0847919 | G56: =(G55/G54)*1000/30 -> 6.3149098 | H56: =(H55/H54)*1000/31 -> 6.3151831 | I56: =(I55/I54)*1000/30 -> 6.3819458 | J56: =(J55/J54)*1000/31 -> 6.1759074 | K56: =(K55/K54)*1000/31 -> 6.1494899 | L56: =(L55/L54)*1000/30 -> 6.2734738 | M56: =(M55/M54)*1000/31 -> 6.0992432 | N56: =(N55/N54)*1000/30 -> 6.3175663 | O56: =(O55/O54)*1000/31 -> 6.095081
B57: Precio (S/. litro) | C57: 1.2850422 | D57: 1.2417305 | E57: 1.2567053 | F57: 1.2679081 | G57: 1.2737979 | H57: 1.2918025 | I57: 1.2910875 | J57: 1.2955573 | K57: 1.2922751 | L57: 1.2941661 | M57: 1.3016752 | N57: 1.3060877 | O57: 1.3091521
A59: Fibra | B59: Alpacas esquiladas | C59: =SUM(D59:O59) -> 2296839.4 | D59: 185856 | E59: 357564 | F59: 325171 | G59: 38058.388 | H59: 39463.807 | I59: 10910 | J59: 3493 | K59: 4611 | L59: 9455 | M59: 39244 | N59: 877069.11 | O59: 405944.05
A60: Alpaca | B60: Producción fibra (t) | C60: =SUM(D60:O60) -> 4314.2295 | D60: 350.85362 | E60: 657.59807 | F60: 589.61414 | G60: 75.462565 | H60: 80.230503 | I60: 22.266745 | J60: 5.8023574 | K60: 4.9737394 | L60: 21.41627 | M60: 97.943781 | N60: 1652.7412 | O60: 755.32652
B61: Rdto. (kg/alpaca) | C61: =C60/C59*1000 -> 1.8783332 | D61: =D60/D59*1000 -> 1.8877713 | E61: =E60/E59*1000 -> 1.8391059 | F61: =F60/F59*1000 -> 1.8132433 | G61: =G60/G59*1000 -> 1.9828103 | H61: =H60/H59*1000 -> 2.0330148 | I61: =I60/I59*1000 -> 2.0409482 | J61: =J60/J59*1000 -> 1.6611387 | ... O61: =O60/O59*1000 -> 1.8606665
B62: Precio (S/ libra) | C62: 7.8754805 | D62: 6.9562094 | E62: 7.2169056 | F62: 7.250826 | G62: 6.700447 | H62: 7.0606376 | I62: 6.8017633 | J62: 5.3422958 | K62: 6.2131933 | L62: 7.4334096 | M62: 7.1973286 | N62: 8.8550269 | O62: 7.5865784
A64: Fibra | B64: Llamas esquiladas | C64: =SUM(D64:O64) -> 373971 | D64: 19578 | E64: 63898 | F64: 54293 | G64: 15284 | H64: 11407 | I64: 1702 | J64: 168 | K64: 21 | L64: 1717 | M64: 16067 | N64: 158730 | O64: 31106
A65: Llama | B65: Producción fibra (t) | C65: =SUM(D65:O65) -> 680.54649 | D65: 34.008094 | E65: 113.02613 | F65: 95.664629 | G65: 25.396315 | H65: 19.194999 | I65: 3.7628479 | J65: 0.35038332 | K65: 0.027216 | L65: 3.9362392 | M65: 33.694328 | N65: 292.33101 | O65: 59.154302
B66: Rdto. (kg/llama) | C66: =C65/C64*1000 -> 1.8197841 | D66: =D65/D64*1000 -> 1.7370566 | E66: =E65/E64*1000 -> 1.7688523 | F66: =F65/F64*1000 -> 1.7620067 | G66: =G65/G64*1000 -> 1.6616275 | H66: =H65/H64*1000 -> 1.6827386 | I66: =I65/I64*1000 -> 2.2108389 | J66: =J65/J64*1000 -> 2.085615 | K66: 0 | L66: =L65/L64*1000 -> 2.2925097 | M66: =M65/M64*1000 -> 2.0971138 | N66: =N65/N64*1000 -> 1.8416872 | O66: =O65/O64*1000 -> 1.9017007
B67: Precio (S/. libra) | C67: 3.0963513 | D67: 2.4688975 | E67: 2.9501733 | F67: 2.9695231 | G67: 2.4682071 | H67: 2.5072618 | I67: 2.5379784 | J67: 2.7211315 | K67: 2.54 | L67: 2.5914795 | M67: 3.5523212 | N67: 3.2735487 | O67: 3.3385086
A69: Lana | B69: Ovinos esquilados | C69: =SUM(D69:O69) -> 4574331.2 | D69: 352048 | E69: 1473575 | F69: 1174558 | G69: 283224.5 | H69: 213268.94 | I69: 136902 | J69: 114928 | K69: 86720 | L69: 102246 | M69: 30757 | N69: 313599 | O69: 292504.72
A70: Ovino | B70: Producción lana (t) | C70: =SUM(D70:O70) -> 8138.3729 | D70: 606.04166 | E70: 2535.4644 | F70: 1995.231 | G70: 464.1909 | H70: 532.17618 | I70: 300.56601 | J70: 260.6299 | K70: 192.7546 | L70: 157.34434 | M70: 44.019221 | N70: 567.36007 | O70: 482.59466
B71: Rdto. (kg/ovino) | C71: =C70/C69*1000 -> 1.7791394 | D71: =D70/D69*1000 -> 1.7214745 | E71: =E70/E69*1000 -> 1.7206212 | F71: =F70/F69*1000 -> 1.6987079 | G71: =G70/G69*1000 -> 1.6389504 | H71: =H70/H69*1000 -> 2.4953291 | I71: =I70/I69*1000 -> 2.195483 | J71: =J70/J69*1000 -> 2.2677667 | ... O71: =O70/O69*1000 -> 1.6498697
B72: Precio (S/. libra) | C72: 2.7996927 | D72: 2.6074267 | E72: 2.6689437 | F72: 2.6788277 | G72: 2.7347689 | H72: 3.2405862 | I72: 3.3308861 | J72: 3.1566919 | K72: 3.1391387 | L72: 3.1567165 | M72: 3.2066116 | N72: 3.013122 | O72: 2.7403809
A73: P Preliminar. | I73: 1/ Precio de animal vivo.
A74: Fuente:Direcciones Regionales de Agricultura.
A75: Elaboración: MInisterio de Agricultura y Riego-DGESEP-DEA.

Sheet C 7
A2: C. 7 PERÚ: PRODUCCIÓN PECUARIA POR ESPECIE SEGÚN REGIÓN, 2017P.
A3: (Unidades)
A5: Región | B5: Ave | C5: Ovino | D5: Porcino | E5: Vacuno | F5: Caprino | G5: Alpaca | H5: Llama
A6: NACIONAL | B6: =(B8+B9+B10+B11+B12+B16+B17+B18+B19+B20+B21+B22+B23+B24+B25+B26+B27+B28+B31+B32+B33+B34+B35+B36) -> 7.0923295e+08 | C6: =(C8+C9+C10+C11+C12+C16+C17+C18+C19+C20+C21+C22+C23+C24+C25+C26+C27+C28+C31+C32+C33+C34+C35+C36) -> 2699041.6 | D6: =(D8+D9+D10+D11+D12+D16+D17+D18+D19+D20+D21+D22+D23+D24+D25+D26+D27+D28+D31+D32+D33+D34+D35+D36) -> 3072555.8 | E6: =(E8+E9+E10+E11+E12+E16+E17+E18+E19+E20+E21+E22+E23+E24+E25+E26+E27+E28+E31+E32+E33+E34+E35+E36) -> 1331223.1 | F6: =(F8+F9+F10+F11+F12+F16+F17+F18+F19+F20+F21+F22+F23+F24+F25+F26+F27+F28+F31+F32+F33+F34+F35+F36) -> 444799.26 | G6: =(G8+G9+G10+G11+G12+G16+G17+G18+G19+G20+G21+G22+G23+G24+G25+G26+G27+G28+G31+G32+G33+G34+G35+G36) -> 479063 | H6: =(H8+H9+H10+H11+H12+H16+H17+H18+H19+H20+H21+H22+H23+H24+H25+H26+H27+H28+H31+H32+H33+H34+H35+H36) -> 120748
A8: Tumbes | B8: =[3]AVE!T10 -> 71935.695 | C8: =+[3]OVINO!T10 -> 3096 | D8: =+[3]PORCINO!T10 -> 7991 | E8: 5673 | F8: =+[3]CAPRINO!T10 -> 32867 | G8: =+[3]ALPACA!T10 -> 0 | H8: =+[3]LLAMA!T10 -> 0
A9: Piura | B9: =[3]AVE!T11 -> 13281847 | C9: =+[3]OVINO!T11 -> 115852.64 | D9: =+[3]PORCINO!T11 -> 110733.79 | E9: 45661.078 | F9: =+[3]CAPRINO!T11 -> 94622.264 | G9: =+[3]ALPACA!T11 -> 0 | H9: =+[3]LLAMA!T11 -> 0
A10: Lambayeque | B10: =[3]AVE!T12 -> 10413791 | C10: =+[3]OVINO!T12 -> 28880 | D10: =+[3]PORCINO!T12 -> 29483 | E10: 22198 | F10: =+[3]CAPRINO!T12 -> 30600 | G10: =+[3]ALPACA!T12 -> 0 | H10: =+[3]LLAMA!T12 -> 0
A11: La Libertad | B11: =[3]AVE!T13 -> 1.2337786e+08 | C11: =+[3]OVINO!T13 -> 184002 | D11: =+[3]PORCINO!T13 -> 298028 | E11: 54880 | F11: =+[3]CAPRINO!T13 -> 37209 | G11: =+[3]ALPACA!T13 -> 1174 | H11: =+[3]LLAMA!T13 -> 0
A12: Cajamarca | B12: =[3]AVE!T14 -> 1833960.6 | C12: =+[3]OVINO!T14 -> 102957 | D12: =+[3]PORCINO!T14 -> 147970 | E12: 210048 | F12: =+[3]CAPRINO!T14 -> 28609 | G12: =+[3]ALPACA!T14 -> 0 | H12: =+[3]LLAMA!T14 -> 0
A13: Cajamarca | B13: =[3]AVE!T15 -> 1008678.3 | C13: =+[3]OVINO!T15 -> 76306 | D13: =+[3]PORCINO!T15 -> 62722 | E13: 119143 | F13: =+[3]CAPRINO!T15 -> 16975 | G13: =+[3]ALPACA!T15 -> 0 | H13: =+[3]LLAMA!T15 -> 0
A14: Chota | B14: =[3]AVE!T16 -> 403471.33 | C14: =+[3]OVINO!T16 -> 19897 | D14: =+[3]PORCINO!T16 -> 49315 | E14: 60316 | F14: =+[3]CAPRINO!T16 -> 1057 | G14: =+[3]ALPACA!T16 -> 0 | H14: =+[3]LLAMA!T16 -> 0
A15: Jaén | B15: =[3]AVE!T17 -> 421810.93 | C15: =+[3]OVINO!T17 -> 6754 | D15: =+[3]PORCINO!T17 -> 35933 | E15: 30589 | F15: =+[3]CAPRINO!T17 -> 10577 | G15: =+[3]ALPACA!T17 -> 0 | H15: =+[3]LLAMA!T17 -> 0
A16: Amazonas | B16: 1736237.4 | C16: =+[3]OVINO!T18 -> 3305 | D16: =+[3]PORCINO!T18 -> 33563 | E16: 59675 | F16: =+[3]CAPRINO!T18 -> 4507 | G16: =+[3]ALPACA!T18 -> 0 | H16: =+[3]LLAMA!T18 -> 0
A17: Ancash | B17: =[3]AVE!T19 -> 17683179 | C17: =+[3]OVINO!T19 -> 132418.92 | D17: =+[3]PORCINO!T19 -> 42272 | E17: 70685 | F17: =+[3]CAPRINO!T19 -> 20432 | G17: =+[3]ALPACA!T19 -> 348 | H17: =+[3]LLAMA!T19 -> 0
A18: Lima | B18: =[3]AVE!T20 -> 3.775188e+08 | C18: =+[3]OVINO!T20 -> 80867 | D18: =+[3]PORCINO!T20 -> 1132149 | E18: 116208 | F18: =+[3]CAPRINO!T20 -> 48379 | G18: =+[3]ALPACA!T20 -> 2939 | H18: =+[3]LLAMA!T20 -> 1597
A19: Ica | B19: =[3]AVE!T21 -> 34888755 | C19: =+[3]OVINO!T21 -> 5024 | D19: =+[3]PORCINO!T21 -> 93401 | E19: 12350 | F19: =+[3]CAPRINO!T21 -> 14913 | G19: =+[3]ALPACA!T21 -> 0 | H19: =+[3]LLAMA!T21 -> 0
A20: Huánuco | B20: =[3]AVE!T22 -> 637988.01 | C20: =+[3]OVINO!T22 -> 163418 | D20: =+[3]PORCINO!T22 -> 207816 | E20: 120539 | F20: =+[3]CAPRINO!T22 -> 26502 | G20: =+[3]ALPACA!T22 -> 978 | H20: =+[3]LLAMA!T22 -> 45
A21: Pasco | B21: =[3]AVE!T23 -> 205633.28 | C21: =+[3]OVINO!T23 -> 99700 | D21: =+[3]PORCINO!T23 -> 34316 | E21: 21814 | F21: =+[3]CAPRINO!T23 -> 1189 | G21: =+[3]ALPACA!T23 -> 13273 | H21: =+[3]LLAMA!T23 -> 3896
A22: Junín | B22: =[3]AVE!T24 -> 5570881.6 | C22: =+[3]OVINO!T24 -> 304545 | D22: =+[3]PORCINO!T24 -> 106651 | E22: 77250 | F22: =+[3]CAPRINO!T24 -> 4659 | G22: =+[3]ALPACA!T24 -> 14982 | H22: =+[3]LLAMA!T24 -> 9563
A23: Huancavelica | B23: =[3]AVE!T25 -> 505939.05 | C23: =+[3]OVINO!T25 -> 126716 | D23: =+[3]PORCINO!T25 -> 42772 | E23: 33790 | F23: =+[3]CAPRINO!T25 -> 28698 | G23: =+[3]ALPACA!T25 -> 30246 | H23: =+[3]LLAMA!T25 -> 11023
A24: Arequipa | B24: =[3]AVE!T26 -> 69740819 | C24: =+[3]OVINO!T26 -> 136584 | D24: =+[3]PORCINO!T26 -> 202875 | E24: 34053 | F24: =+[3]CAPRINO!T26 -> 15642 | G24: =+[3]ALPACA!T26 -> 47101 | H24: =+[3]LLAMA!T26 -> 11994
A25: Moquegua | B25: =[3]AVE!T27 -> 86126.851 | C25: =+[3]OVINO!T27 -> 3991 | D25: =+[3]PORCINO!T27 -> 21597 | E25: 4227 | F25: =+[3]CAPRINO!T27 -> 861 | G25: =+[3]ALPACA!T27 -> 4653 | H25: =+[3]LLAMA!T27 -> 1788
A26: Tacna | B26: =[3]AVE!T28 -> 9438792.5 | C26: =+[3]OVINO!T28 -> 7851 | D26: =+[3]PORCINO!T28 -> 66586 | E26: 5042 | F26: =+[3]CAPRINO!T28 -> 5022 | G26: =+[3]ALPACA!T28 -> 6322 | H26: =+[3]LLAMA!T28 -> 4418
A27: Ayacucho | B27: =[3]AVE!T29 -> 549179.57 | C27: =+[3]OVINO!T29 -> 154484 | D27: =+[3]PORCINO!T29 -> 52959 | E27: 88827 | F27: =+[3]CAPRINO!T29 -> 28342 | G27: =+[3]ALPACA!T29 -> 42540 | H27: =+[3]LLAMA!T29 -> 8586
A28: Apurímac | B28: =[3]AVE!T30 -> 406961.94 | C28: =+[3]OVINO!T30 -> 83655 | D28: =+[3]PORCINO!T30 -> 70374 | E28: 42914 | F28: =+[3]CAPRINO!T30 -> 18043 | G28: =+[3]ALPACA!T30 -> 22936 | H28: =+[3]LLAMA!T30 -> 9871
... A36: Madre de Dios | B36: =[3]AVE!T38 -> 3865818.4 | C36: =+[3]OVINO!T38 -> 2349 | D36: =+[3]PORCINO!T38 -> 13055 | E36: 14409 | F36: =+[3]CAPRINO!T38 -> 0 | G36: =+[3]ALPACA!T38 -> 0 | H36: =+[3]LLAMA!T38 -> 0
A37: P Preliminar.
A38: Fuente:Direcciones Regionales de Agricultura.
A39: Elaboración: MInisterio de Agricultura y Riego-DGESEP-DEA.

Sheet C 8
A2: C. 8 PERÚ: PRODUCCIÓN DE CARNE POR ESPECIE SEGÚN REGIÓN, 2017P.
A3: (Toneladas)
A5: Región | B5: Ave | C5: Ovino | D5: Porcino | E5: Vacuno | F5: Caprino | G5: Alpaca | H5: Llama
A6: NACIONAL | B6: =(B8+B9+B10+B11+B12+B16+B17+B18+B19+B20+B21+B22+B23+B24+B25+B26+B27+B28+B31+B32+B33+B34+B35+B36) -> 1569280.1 | C6: =(C8+C9+C10+C11+C12+C16+C17+C18+C19+C20+C21+C22+C23+C24+C25+C26+C27+C28+C31+C32+C33+C34+C35+C36) -> 33448.792 | D6: =(D8+D9+D10+D11+D12+D16+D17+D18+D19+D20+D21+D22+D23+D24+D25+D26+D27+D28+D31+D32+D33+D34+D35+D36) -> 157740.89 | E6: =(E8+E9+E10+E11+E12+E16+E17+E18+E19+E20+E21+E22+E23+E24+E25+E26+E27+E28+E31+E32+E33+E34+E35+E36) -> 188680.22 | F6: =(F8+F9+F10+F11+F12+F16+F17+F18+F19+F20+F21+F22+F23+F24+F25+F26+F27+F28+F31+F32+F33+F34+F35+F36) -> 5547.0975 | G6: =(G8+G9+G10+G11+G12+G16+G17+G18+G19+G20+G21+G22+G23+G24+G25+G26+G27+G28+G31+G32+G33+G34+G35+G36) -> 12748.884 | H6: =(H8+H9+H10+H11+H12+H16+H17+H18+H19+H20+H21+H22+H23+H24+H25+H26+H27+H28+H31+H32+H33+H34+H35+H36) -> 4008.8486
A8: Tumbes | B8: =+[3]AVE!T50 -> 163.70602 | C8: =+[3]OVINO!T50 -> 36.9308 | D8: =+[3]PORCINO!T50 -> 398.3565 | E8: =+[3]VACUNO!T50 -> 880.46808 | F8: =+[3]CAPRINO!T50 -> 378.4136 | G8: =+[3]ALPACA!T50 -> 0 | H8: =+[3]LLAMA!T50 -> 0
A9: Piura | B9: =+[3]AVE!T51 -> 28902.433 | C9: =+[3]OVINO!T51 -> 1359.7008 | D9: =+[3]PORCINO!T51 -> 4739.3321 | E9: =+[3]VACUNO!T51 -> 7680.1689 | F9: =+[3]CAPRINO!T51 -> 1376.5339 | G9: =+[3]ALPACA!T51 -> 0 | H9: =+[3]LLAMA!T51 -> 0
A10: Lambayeque | B10: =+[3]AVE!T52 -> 22689.221 | C10: =+[3]OVINO!T52 -> 539.00879 | D10: =+[3]PORCINO!T52 -> 1665.243 | E10: =+[3]VACUNO!T52 -> 3077.7476 | F10: =+[3]CAPRINO!T52 -> 455.53059 | G10: =+[3]ALPACA!T52 -> 0 | H10: =+[3]LLAMA!T52 -> 0
A11: La Libertad | B11: =+[3]AVE!T53 -> 270846.86 | C11: =+[3]OVINO!T53 -> 2413.3136 | D11: =+[3]PORCINO!T53 -> 16876.298 | E11: =+[3]VACUNO!T53 -> 7660.4258 | F11: =+[3]CAPRINO!T53 -> 506.56438 | G11: =+[3]ALPACA!T53 -> 36.813845 | H11: =+[3]LLAMA!T53 -> 0
A12: Cajamarca | B12: =+[3]AVE!T54 -> 3616.9015 | C12: =+[3]OVINO!T54 -> 1219.3389 | D12: =+[3]PORCINO!T54 -> 6393.4849 | E12: =+[3]VACUNO!T54 -> 26793.983 | F12: =+[3]CAPRINO!T54 -> 233.79402 | G12: =+[3]ALPACA!T54 -> 0 | H12: =+[3]LLAMA!T54 -> 0
A13: Cajamarca | B13: =+[3]AVE!T55 -> 2441.5335 | C13: =+[3]OVINO!T55 -> 894.03844 | D13: =+[3]PORCINO!T55 -> 2316.7117 | E13: =+[3]VACUNO!T55 -> 13938.926 | F13: =+[3]CAPRINO!T55 -> 114.97218 | G13: =+[3]ALPACA!T55 -> 0 | H13: =+[3]LLAMA!T55 -> 0
A14: Chota | B14: =+[3]AVE!T56 -> 574.62437 | C14: =+[3]OVINO!T56 -> 254.844 | D14: =+[3]PORCINO!T56 -> 2293.1865 | E14: =+[3]VACUNO!T56 -> 8232.1129 | F14: =+[3]CAPRINO!T56 -> 13.2468 | G14: =+[3]ALPACA!T56 -> 0 | H14: =+[3]LLAMA!T56 -> 0
A15: Jaén | B15: =+[3]AVE!T57 -> 600.74366 | C15: =+[3]OVINO!T57 -> 70.45644 | D15: =+[3]PORCINO!T57 -> 1783.5867 | E15: =+[3]VACUNO!T57 -> 4622.9442 | F15: =+[3]CAPRINO!T57 -> 105.57504 | G15: =+[3]ALPACA!T57 -> 0 | H15: =+[3]LLAMA!T57 -> 0
A16: Amazonas | B16: =+[3]AVE!T58 -> 3696.9187 | C16: =+[3]OVINO!T58 -> 50.5768 | D16: =+[3]PORCINO!T58 -> 1712.1916 | E16: =+[3]VACUNO!T58 -> 8885.0826 | F16: =+[3]CAPRINO!T58 -> 56.8592 | G16: =+[3]ALPACA!T58 -> 0 | H16: =+[3]LLAMA!T58 -> 0
A17: Ancash | B17: =+[3]AVE!T59 -> 39416.052 | C17: =+[3]OVINO!T59 -> 1375.9864 | D17: =+[3]PORCINO!T59 -> 1374.8967 | E17: =+[3]VACUNO!T59 -> 9018.7473 | F17: =+[3]CAPRINO!T59 -> 213.5368 | G17: =+[3]ALPACA!T59 -> 9.9782866 | H17: =+[3]LLAMA!T59 -> 0
A18: Lima | B18: =+[3]AVE!T60 -> 848197.85 | C18: =+[3]OVINO!T60 -> 976.16657 | D18: =+[3]PORCINO!T60 -> 71500.074 | E18: =+[3]VACUNO!T60 -> 21841.727 | F18: =+[3]CAPRINO!T60 -> 602.63478 | G18: =+[3]ALPACA!T60 -> 79.858572 | H18: =+[3]LLAMA!T60 -> 50.109622
A19: Ica | B19: =+[3]AVE!T61 -> 72365.199 | C19: =+[3]OVINO!T61 -> 61.184412 | D19: =+[3]PORCINO!T61 -> 3934.9574 | E19: =+[3]VACUNO!T61 -> 2006.4705 | F19: =+[3]CAPRINO!T61 -> 211.30357 | G19: =+[3]ALPACA!T61 -> 0 | H19: =+[3]LLAMA!T61 -> 0
... A36: Madre de Dios | B36: =+[3]AVE!T78 -> 8393.4579 | C36: =+[3]OVINO!T78 -> 45.673 | D36: =+[3]PORCINO!T78 -> 836.93296 | E36: =+[3]VACUNO!T78 -> 2389.3683 | F36: =+[3]CAPRINO!T78 -> 0 | G36: =+[3]ALPACA!T78 -> 0 | H36: =+[3]LLAMA!T78 -> 0
A37: P Preliminar.
A38: Fuente:Direcciones Regionales de Agricultura.
A39: Elaboración: MInisterio de Agricultura y Riego-DGESEP-DEA.

Sheet C 9
A2: C. 9 PERÚ: RENDIMIENTO DE CARNE POR ESPECIE SEGÚN REGIÓN, 2017P.
A3: (Kg/unidad)
A5: Región | B5: Ave | C5: Ovino | D5: Porcino | E5: Vacuno | F5: Caprino | G5: Alpaca | H5: Llama
A6: NACIONAL | B6: =('C 8'!B6/'C 7'!B6)*1000 -> 2.2126441 | C6: =('C 8'!C6/'C 7'!C6)*1000 -> 12.392841 | D6: =('C 8'!D6/'C 7'!D6)*1000 -> 51.338656 | E6: =('C 8'!E6/'C 7'!E6)*1000 -> 141.73449 | F6: =('C 8'!F6/'C 7'!F6)*1000 -> 12.471013 | G6: =('C 8'!G6/'C 7'!G6)*1000 -> 26.612124 | H6: =('C 8'!H6/'C 7'!H6)*1000 -> 33.200124
A8: Tumbes | B8: =('C 8'!B8/'C 7'!B8)*1000 -> 2.2757273 | C8: =('C 8'!C8/'C 7'!C8)*1000 -> 11.928553 | D8: =('C 8'!D8/'C 7'!D8)*1000 -> 49.850644 | E8: =('C 8'!E8/'C 7'!E8)*1000 -> 155.20326 | F8: =('C 8'!F8/'C 7'!F8)*1000 -> 11.513482 | G8: 0 | H8: 0 | I8: -
A9: Piura | B9: =('C 8'!B9/'C 7'!B9)*1000 -> 2.1760854 | C9: =('C 8'!C9/'C 7'!C9)*1000 -> 11.736468 | D9: =('C 8'!D9/'C 7'!D9)*1000 -> 42.799332 | E9: =('C 8'!E9/'C 7'!E9)*1000 -> 168.19947 | F9: =('C 8'!F9/'C 7'!F9)*1000 -> 14.547675 | G9: 0 | H9: 0
A10: Lambayeque | B10: =('C 8'!B10/'C 7'!B10)*1000 -> 2.1787666 | C10: =('C 8'!C10/'C 7'!C10)*1000 -> 18.663739 | D10: =('C 8'!D10/'C 7'!D10)*1000 -> 56.481463 | E10: =('C 8'!E10/'C 7'!E10)*1000 -> 138.64977 | F10: =('C 8'!F10/'C 7'!F10)*1000 -> 14.88662 | G10: 0 | H10: 0
A11: La Libertad | B11: =('C 8'!B11/'C 7'!B11)*1000 -> 2.1952631 | C11: =('C 8'!C11/'C 7'!C11)*1000 -> 13.115692 | D11: =('C 8'!D11/'C 7'!D11)*1000 -> 56.626553 | E11: =('C 8'!E11/'C 7'!E11)*1000 -> 139.58502 | F11: =('C 8'!F11/'C 7'!F11)*1000 -> 13.614028 | G11: =('C 8'!G11/'C 7'!G11)*1000 -> 31.357619 | H11: 0
A12: Cajamarca | B12: =('C 8'!B12/'C 7'!B12)*1000 -> 1.9721806 | C12: =('C 8'!C12/'C 7'!C12)*1000 -> 11.843186 | D12: =('C 8'!D12/'C 7'!D12)*1000 -> 43.207981 | E12: =('C 8'!E12/'C 7'!E12)*1000 -> 127.56124 | F12: =('C 8'!F12/'C 7'!F12)*1000 -> 8.1720444 | G12: 0 | H12: 0
A13: Cajamarca | B13: =('C 8'!B13/'C 7'!B13)*1000 -> 2.4205274 | C13: =('C 8'!C13/'C 7'!C13)*1000 -> 11.716489 | D13: =('C 8'!D13/'C 7'!D13)*1000 -> 36.93619 | E13: =('C 8'!E13/'C 7'!E13)*1000 -> 116.99325 | F13: =('C 8'!F13/'C 7'!F13)*1000 -> 6.7730297 | G13: 0 | H13: 0
A14: Chota | B14: =('C 8'!B14/'C 7'!B14)*1000 -> 1.4242013 | C14: =('C 8'!C14/'C 7'!C14)*1000 -> 12.808162 | D14: =('C 8'!D14/'C 7'!D14)*1000 -> 46.500791 | E14: =('C 8'!E14/'C 7'!E14)*1000 -> 136.48307 | F14: =('C 8'!F14/'C 7'!F14)*1000 -> 12.53245 | G14: 0 | H14: 0
A15: Jaén | B15: =('C 8'!B15/'C 7'!B15)*1000 -> 1.4242013 | C15: =('C 8'!C15/'C 7'!C15)*1000 -> 10.431809 | D15: =('C 8'!D15/'C 7'!D15)*1000 -> 49.636454 | E15: =('C 8'!E15/'C 7'!E15)*1000 -> 151.13094 | F15: =('C 8'!F15/'C 7'!F15)*1000 -> 9.9815676 | G15: 0 | H15: 0
A16: Amazonas | B16: =('C 8'!B16/'C 7'!B16)*1000 -> 2.1292703 | C16: =('C 8'!C16/'C 7'!C16)*1000 -> 15.303116 | D16: =('C 8'!D16/'C 7'!D16)*1000 -> 51.01426 | E16: =('C 8'!E16/'C 7'!E16)*1000 -> 148.8912 | F16: =('C 8'!F16/'C 7'!F16)*1000 -> 12.615753 | G16: 0 | H16: 0
A17: Ancash | B17: =('C 8'!B17/'C 7'!B17)*1000 -> 2.2290139 | C17: =('C 8'!C17/'C 7'!C17)*1000 -> 10.391161 | D17: =('C 8'!D17/'C 7'!D17)*1000 -> 32.524997 | E17: =('C 8'!E17/'C 7'!E17)*1000 -> 127.59068 | F17: =('C 8'!F17/'C 7'!F17)*1000 -> 10.451096 | G17: =('C 8'!G17/'C 7'!G17)*1000 -> 28.673237 | H17: 0
A18: Lima | B18: =('C 8'!B18/'C 7'!B18)*1000 -> 2.2467698 | C18: =('C 8'!C18/'C 7'!C18)*1000 -> 12.07126 | D18: =('C 8'!D18/'C 7'!D18)*1000 -> 63.154297 | E18: =('C 8'!E18/'C 7'!E18)*1000 -> 187.95373 | F18: =('C 8'!F18/'C 7'!F18)*1000 -> 12.456537 | G18: =('C 8'!G18/'C 7'!G18)*1000 -> 27.172022 | H18: =('C 8'!H18/'C 7'!H18)*1000 -> 31.377346
A19: Ica | B19: =('C 8'!B19/'C 7'!B19)*1000 -> 2.0741697 | C19: =('C 8'!C19/'C 7'!C19)*1000 -> 12.178426 | D19: =('C 8'!D19/'C 7'!D19)*1000 -> 42.129714 | E19: =('C 8'!E19/'C 7'!E19)*1000 -> 162.46724 | F19: =('C 8'!F19/'C 7'!F19)*1000 -> 14.169085 | G19: 0 | H19: 0
A20: Huánuco | B20: =('C 8'!B20/'C 7'!B20)*1000 -> 1.9013827 | C20: =('C 8'!C20/'C 7'!C20)*1000 -> 10.717004 | D20: =('C 8'!D20/'C 7'!D20)*1000 -> 32.645037 | E20: =('C 8'!E20/'C 7'!E20)*1000 -> 153.43452 | F20: =('C 8'!F20/'C 7'!F20)*1000 -> 9.1170463 | G20: =('C 8'!G20/'C 7'!G20)*1000 -> 26.440951 | H20: =('C 8'!H20/'C 7'!H20)*1000 -> 27.5
A21: Pasco | B21: =('C 8'!B21/'C 7'!B21)*1000 -> 1.9753233 | C21: =('C 8'!C21/'C 7'!C21)*1000 -> 13.855818 | D21: =('C 8'!D21/'C 7'!D21)*1000 -> 36.861391 | E21: =('C 8'!E21/'C 7'!E21)*1000 -> 156.19844 | F21: =('C 8'!F21/'C 7'!F21)*1000 -> 11.393299 | G21: =('C 8'!G21/'C 7'!G21)*1000 -> 24.207515 | H21: =('C 8'!H21/'C 7'!H21)*1000 -> 29.581138
A22: Junín | B22: =('C 8'!B22/'C 7'!B22)*1000 -> 2.1636072 | C22: =('C 8'!C22/'C 7'!C22)*1000 -> 10.836544 | D22: =('C 8'!D22/'C 7'!D22)*1000 -> 41.696128 | E22: =('C 8'!E22/'C 7'!E22)*1000 -> 123.11498 | F22: =('C 8'!F22/'C 7'!F22)*1000 -> 10.246577 | G22: =('C 8'!G22/'C 7'!G22)*1000 -> 21.446155 | H22: =('C 8'!H22/'C 7'!H22)*1000 -> 28.519535
A23: Huancavelica | B23: =('C 8'!B23/'C 7'!B23)*1000 -> 1.8737064 | C23: =('C 8'!C23/'C 7'!C23)*1000 -> 12.635346 | D23: =('C 8'!D23/'C 7'!D23)*1000 -> 34.751816 | E23: =('C 8'!E23/'C 7'!E23)*1000 -> 114.95975 | F23: =('C 8'!F23/'C 7'!F23)*1000 -> 12.86591 | G23: =('C 8'!G23/'C 7'!G23)*1000 -> 25.88079 | H23: =('C 8'!H23/'C 7'!H23)*1000 -> 34.09978
A24: Arequipa | B24: =('C 8'!B24/'C 7'!B24)*1000 -> 2.199662 | C24: =('C 8'!C24/'C 7'!C24)*1000 -> 14.82021 | D24: =('C 8'!D24/'C 7'!D24)*1000 -> 56.006822 | E24: =('C 8'!E24/'C 7'!E24)*1000 -> 161.16272 | F24: =('C 8'!F24/'C 7'!F24)*1000 -> 11.403235 | G24: =('C 8'!G24/'C 7'!G24)*1000 -> 25.245167 | H24: =('C 8'!H24/'C 7'!H24)*1000 -> 31.722711
A25: Moquegua | B25: =('C 8'!B25/'C 7'!B25)*1000 -> 1.9793178 | C25: =('C 8'!C25/'C 7'!C25)*1000 -> 21.161253 | D25: =('C 8'!D25/'C 7'!D25)*1000 -> 40.970864 | E25: =('C 8'!E25/'C 7'!E25)*1000 -> 233.21011 | F25: =('C 8'!F25/'C 7'!F25)*1000 -> 15.545645 | G25: =('C 8'!G25/'C 7'!G25)*1000 -> 31.12824 | H25: =('C 8'!H25/'C 7'!H25)*1000 -> 43.210515
A26: Tacna | B26: =('C 8'!B26/'C 7'!B26)*1000 -> 2.1862064 | C26: =('C 8'!C26/'C 7'!C26)*1000 -> 23.201274 | D26: =('C 8'!D26/'C 7'!D26)*1000 -> 39.355615 | E26: =('C 8'!E26/'C 7'!E26)*1000 -> 192.28673 | F26: =('C 8'!F26/'C 7'!F26)*1000 -> 14.316129 | G26: =('C 8'!G26/'C 7'!G26)*1000 -> 28.861982 | H26: =('C 8'!H26/'C 7'!H26)*1000 -> 29.226573
A27: Ayacucho | B27: =('C 8'!B27/'C 7'!B27)*1000 -> 1.9279083 | C27: =('C 8'!C27/'C 7'!C27)*1000 -> 11.906393 | D27: =('C 8'!D27/'C 7'!D27)*1000 -> 44.029468 | E27: =('C 8'!E27/'C 7'!E27)*1000 -> 128.54409 | F27: =('C 8'!F27/'C 7'!F27)*1000 -> 11.861478 | G27: =('C 8'!G27/'C 7'!G27)*1000 -> 26.602665 | H27: =('C 8'!H27/'C 7'!H27)*1000 -> 30.32521
A28: Apurímac | B28: =('C 8'!B28/'C 7'!B28)*1000 -> 1.8767903 | C28: =('C 8'!C28/'C 7'!C28)*1000 -> 11.475981 | D28: =('C 8'!D28/'C 7'!D28)*1000 -> 40.83636 | E28: =('C 8'!E28/'C 7'!E28)*1000 -> 109.49154 | F28: =('C 8'!F28/'C 7'!F28)*1000 -> 10.778695 | G28: =('C 8'!G28/'C 7'!G28)*1000 -> 24.812544 | H28: =('C 8'!H28/'C 7'!H28)*1000 -> 29.521781
A29: Abancay | B29: =('C 8'!B29/'C 7'!B29)*1000 -> 1.8955676 | C29: =('C 8'!C29/'C 7'!C29)*1000 -> 12.267828 | D29: =('C 8'!D29/'C 7'!D29)*1000 -> 36.588973 | E29: =('C 8'!E29/'C 7'!E29)*1000 -> 111.48969 | F29: =('C 8'!F29/'C 7'!F29)*1000 -> 11.440618 | G29: =('C 8'!G29/'C 7'!G29)*1000 -> 25.073974 | H29: =('C 8'!H29/'C 7'!H29)*1000 -> 31.40422
A30: Andahuaylas | B30: =('C 8'!B30/'C 7'!B30)*1000 -> 1.8486244 | C30: =('C 8'!C30/'C 7'!C30)*1000 -> 10.706623 | D30: =('C 8'!D30/'C 7'!D30)*1000 -> 43.2072 | E30: =('C 8'!E30/'C 7'!E30)*1000 -> 107.30683 | F30: =('C 8'!F30/'C 7'!F30)*1000 -> 10.498066 | G30: =('C 8'!G30/'C 7'!G30)*1000 -> 23.833816 | H30: =('C 8'!H30/'C 7'!H30)*1000 -> 27.715207
A31: Cusco | B31: =('C 8'!B31/'C 7'!B31)*1000 -> 2.0603567 | C31: =('C 8'!C31/'C 7'!C31)*1000 -> 11.242658 | D31: =('C 8'!D31/'C 7'!D31)*1000 -> 40.279876 | E31: =('C 8'!E31/'C 7'!E31)*1000 -> 143.64941 | F31: =('C 8'!F31/'C 7'!F31)*1000 -> 12.289629 | G31: =('C 8'!G31/'C 7'!G31)*1000 -> 27.02208 | H31: =('C 8'!H31/'C 7'!H31)*1000 -> 29.254759
A32: Puno | B32: =('C 8'!B32/'C 7'!B32)*1000 -> 1.876637 | C32: =('C 8'!C32/'C 7'!C32)*1000 -> 13.451975 | D32: =('C 8'!D32/'C 7'!D32)*1000 -> 33.098457 | E32: =('C 8'!E32/'C 7'!E32)*1000 -> 143.32853 | F32: 0 | G32: =('C 8'!G32/'C 7'!G32)*1000 -> 27.383048 | H32: =('C 8'!H32/'C 7'!H32)*1000 -> 38.234064
A33: San Martín | B33: =('C 8'!B33/'C 7'!B33)*1000 -> 2.1646012 | C33: =('C 8'!C33/'C 7'!C33)*1000 -> 10.991614 | D33: =('C 8'!D33/'C 7'!D33)*1000 -> 44.146884 | E33: =('C 8'!E33/'C 7'!E33)*1000 -> 108.31166 | F33: 0 | G33: 0 | H33: 0
A34: Loreto | B34: =('C 8'!B34/'C 7'!B34)*1000 -> 2.1641899 | C34: =('C 8'!C34/'C 7'!C34)*1000 -> 11.526806 | D34: =('C 8'!D34/'C 7'!D34)*1000 -> 42.9801 | E34: =('C 8'!E34/'C 7'!E34)*1000 -> 140.26618 | F34: 0 | G34: 0 | H34: 0
A35: Ucayali | B35: =('C 8'!B35/'C 7'!B35)*1000 -> 2.1540919 | C35: =('C 8'!C35/'C 7'!C35)*1000 -> 11.764577 | D35: =('C 8'!D35/'C 7'!D35)*1000 -> 40.518897 | E35: =('C 8'!E35/'C 7'!E35)*1000 -> 128.59165 | F35: 0 | G35: 0 | H35: 0
A36: Madre de Dios | B36: =('C 8'!B36/'C 7'!B36)*1000 -> 2.1711982 | C36: =('C 8'!C36/'C 7'!C36)*1000 -> 19.443593 | D36: =('C 8'!D36/'C 7'!D36)*1000 -> 64.108232 | E36: =('C 8'!E36/'C 7'!E36)*1000 -> 165.82471 | F36: 0 | G36: 0 | H36: 0
A37: P Preliminar.
A38: Fuente:Direcciones Regionales de Agricultura.
A39: Elaboración: MInisterio de Agricultura y Riego-DGESEP-DEA.

Sheet C 10
A2: C. 10 PERÚ: ESPECIES PECUARIAS EN PRODUCCIÓN Y ANIMALES ESQUILADOS SEGÚN REGIÓN, 2017P.
A3: (Unidades)
A5: Región | B5: Gallinas en Postura | C5: Vacas en Ordeño | D5: Alpacas esquiladas | E5: Llamas esquiladas | F5: Ovinos esquilados
A6: NACIONAL | B6: =(B8+B9+B10+B11+B12+B16++B17+B18+B19+B20+B21+B22+B23+B24+B25+B26+B27+B28+B31+B32+B33+B34+B35+B36) -> 25559765 | C6: =(C8+C9+C10+C11+C12+C16++C17+C18+C19+C20+C21+C22+C23+C24+C25+C26+C27+C28+C31+C32+C33+C34+C35+C36) -> 889113.94 | D6: =(D8+D9+D10+D11+D12+D16++D17+D18+D19+D20+D21+D22+D23+D24+D25+D26+D27+D28+D31+D32+D33+D34+D35+D36) -> 2296839.4 | E6: =(E8+E9+E10+E11+E12+E16++E17+E18+E19+E20+E21+E22+E23+E24+E25+E26+E27+E28+E31+E32+E33+E34+E35+E36) -> 373971 | F6: =(F8+F9+F10+F11+F12+F16++F17+F18+F19+F20+F21+F22+F23+F24+F25+F26+F27+F28+F31+F32+F33+F34+F35+F36) -> 4574331.2
A8: Tumbes | B8: =+[3]HUEVOS!T10 -> 17777.296 | C8: =+[3]LECHE!T10 -> 388.75 | D8: ='[3]FIB.ALP.'!T10 -> 0 | E8: =+'[3]FIB.LLA.'!T10 -> 0 | F8: =[3]LANA!T10 -> 0
A9: Piura | B9: =+[3]HUEVOS!T11 -> 359406.71 | C9: =+[3]LECHE!T11 -> 24275.355 | D9: ='[3]FIB.ALP.'!T11 -> 73.648339 | E9: =+'[3]FIB.LLA.'!T11 -> 0 | F9: =[3]LANA!T11 -> 33100.433
A10: Lambayeque | B10: =+[3]HUEVOS!T12 -> 469893.98 | C10: =+[3]LECHE!T12 -> 18912.667 | D10: ='[3]FIB.ALP.'!T12 -> 0 | E10: =+'[3]FIB.LLA.'!T12 -> 0 | F10: =[3]LANA!T12 -> 0
A11: La Libertad | B11: =+[3]HUEVOS!T13 -> 3960645.7 | C11: =+[3]LECHE!T13 -> 43041.5 | D11: ='[3]FIB.ALP.'!T13 -> 6568 | E11: =+'[3]FIB.LLA.'!T13 -> 0 | F11: =[3]LANA!T13 -> 245396
A12: Cajamarca | B12: =+[3]HUEVOS!T14 -> 407978.63 | C12: =+[3]LECHE!T14 -> 162288.83 | D12: ='[3]FIB.ALP.'!T14 -> 0 | E12: =+'[3]FIB.LLA.'!T14 -> 0 | F12: =[3]LANA!T14 -> 219313
A13: Cajamarca | B13: =+[3]HUEVOS!T15 -> 198899.58 | C13: =+[3]LECHE!T15 -> 97808.417 | D13: ='[3]FIB.ALP.'!T15 -> 0 | E13: =+'[3]FIB.LLA.'!T15 -> 0 | F13: =[3]LANA!T15 -> 174902
A14: Chota | B14: =+[3]HUEVOS!T16 -> 137704.53 | C14: =+[3]LECHE!T16 -> 59049 | D14: ='[3]FIB.ALP.'!T16 -> 0 | E14: =+'[3]FIB.LLA.'!T16 -> 0 | F14: =[3]LANA!T16 -> 44411
A15: Jaén | B15: =+[3]HUEVOS!T17 -> 71374.515 | C15: =+[3]LECHE!T17 -> 5431.4167 | D15: ='[3]FIB.ALP.'!T17 -> 0 | E15: =+'[3]FIB.LLA.'!T17 -> 0 | F15: =[3]LANA!T17 -> 0
A16: Amazonas | B16: =+[3]HUEVOS!T18 -> 111719.98 | C16: =+[3]LECHE!T18 -> 74885 | D16: ='[3]FIB.ALP.'!T18 -> 0 | E16: =+'[3]FIB.LLA.'!T18 -> 0 | F16: =[3]LANA!T18 -> 6474
A17: Ancash | B17: =+[3]HUEVOS!T19 -> 197926.1 | C17: =+[3]LECHE!T19 -> 13462.833 | D17: ='[3]FIB.ALP.'!T19 -> 0 | E17: =+'[3]FIB.LLA.'!T19 -> 0 | F17: =[3]LANA!T19 -> 7689
A18: Lima | B18: =+[3]HUEVOS!T20 -> 6673667.2 | C18: =+[3]LECHE!T20 -> 76069.839 | D18: ='[3]FIB.ALP.'!T20 -> 20362.71 | E18: =+'[3]FIB.LLA.'!T20 -> 634 | F18: =[3]LANA!T20 -> 69508
A19: Ica | B19: =+[3]HUEVOS!T21 -> 9208531.1 | C19: =+[3]LECHE!T21 -> 11507.333 | D19: ='[3]FIB.ALP.'!T21 -> 0 | E19: =+'[3]FIB.LLA.'!T21 -> 0 | F19: =[3]LANA!T21 -> 0
... A36: Madre de Dios | B36: =+[3]HUEVOS!T38 -> 195041.86 | C36: =+[3]LECHE!T38 -> 1352.1667 | D36: ='[3]FIB.ALP.'!T38 -> 0 | E36: =+'[3]FIB.LLA.'!T38 -> 0 | F36: =[3]LANA!T38 -> 0
A37: P Preliminar.
A38: Fuente:Direcciones Regionales de Agricultura.
A39: Elaboración: MInisterio de Agricultura y Riego-DGESEP-DEA.

Sheet C 11
A2: C. 11 PERÚ: PRODUCCIÓN DE PRINCIPALES PRODUCTOS PECUARIOS SEGÚN REGIÓN, 2017P.
A3: (Toneladas)
A5: Región | B5: Huevo | C5: Leche fresca | D5: Fibra Alpaca | E5: Fibra Llama | F5: Lana ovino
A6: NACIONAL | B6: =(B8+B9+B10+B11+B12+B16++B17+B18+B19+B20+B21+B22+B23+B24+B25+B26+B27+B28+B31+B32+B33+B34+B35+B36) -> 415336.49 | C6: =(C8+C9+C10+C11+C12+C16++C17+C18+C19+C20+C21+C22+C23+C24+C25+C26+C27+C28+C31+C32+C33+C34+C35+C36) -> 2010984.8 | D6: =(D8+D9+D10+D11+D12+D16++D17+D18+D19+D20+D21+D22+D23+D24+D25+D26+D27+D28+D31+D32+D33+D34+D35+D36) -> 4314.2295 | E6: =(E8+E9+E10+E11+E12+E16++E17+E18+E19+E20+E21+E22+E23+E24+E25+E26+E27+E28+E31+E32+E33+E34+E35+E36) -> 680.54649 | F6: =(F8+F9+F10+F11+F12+F16++F17+F18+F19+F20+F21+F22+F23+F24+F25+F26+F27+F28+F31+F32+F33+F34+F35+F36) -> 8138.3729
A8: Tumbes | B8: =+[3]HUEVOS!T50 -> 153.24785 | C8: =+[3]LECHE!T50 -> 412.18544 | D8: =+'[3]FIB.ALP.'!T50 -> 0 | E8: =+'[3]FIB.LLA.'!T50 -> 0 | F8: =+[3]LANA!T50 -> 0
A9: Piura | B9: =+[3]HUEVOS!T51 -> 4248.0069 | C9: =+[3]LECHE!T51 -> 37240.224 | D9: =+'[3]FIB.ALP.'!T51 -> 0.10108392 | E9: =+'[3]FIB.LLA.'!T51 -> 0 | F9: =+[3]LANA!T51 -> 49.650649
A10: Lambayeque | B10: =+[3]HUEVOS!T52 -> 7233.2541 | C10: =+[3]LECHE!T52 -> 55426.199 | D10: =+'[3]FIB.ALP.'!T52 -> 0 | E10: =+'[3]FIB.LLA.'!T52 -> 0 | F10: =+[3]LANA!T52 -> 0
A11: La Libertad | B11: =+[3]HUEVOS!T53 -> 68535.565 | C11: =+[3]LECHE!T53 -> 129785.7 | D11: =+'[3]FIB.ALP.'!T53 -> 17.763439 | E11: =+'[3]FIB.LLA.'!T53 -> 0 | F11: =+[3]LANA!T53 -> 706.45373
A12: Cajamarca | B12: =+[3]HUEVOS!T54 -> 2353.7391 | C12: =+[3]LECHE!T54 -> 360200.06 | D12: =+'[3]FIB.ALP.'!T54 -> 0 | E12: =+'[3]FIB.LLA.'!T54 -> 0 | F12: =+[3]LANA!T54 -> 442.54248
A13: Cajamarca | B13: =+[3]HUEVOS!T55 -> 1359.2822 | C13: =+[3]LECHE!T55 -> 215555.82 | D13: =+'[3]FIB.ALP.'!T55 -> 0 | E13: =+'[3]FIB.LLA.'!T55 -> 0 | F13: =+[3]LANA!T55 -> 375.36974
A14: Chota | B14: =+[3]HUEVOS!T56 -> 654.97341 | C14: =+[3]LECHE!T56 -> 135491.64 | D14: =+'[3]FIB.ALP.'!T56 -> 0 | E14: =+'[3]FIB.LLA.'!T56 -> 0 | F14: =+[3]LANA!T56 -> 67.172742
A15: Jaén | B15: =+[3]HUEVOS!T57 -> 339.48346 | C15: =+[3]LECHE!T57 -> 9152.5946 | D15: =+'[3]FIB.ALP.'!T57 -> 0 | E15: =+'[3]FIB.LLA.'!T57 -> 0 | F15: =+[3]LANA!T57 -> 0
A16: Amazonas | B16: =+[3]HUEVOS!T58 -> 914.54114 | C16: =+[3]LECHE!T58 -> 93893.935 | D16: =+'[3]FIB.ALP.'!T58 -> 0 | E16: =+'[3]FIB.LLA.'!T58 -> 0 | F16: =+[3]LANA!T58 -> 4.0651632
A17: Ancash | B17: =+[3]HUEVOS!T59 -> 1271.1858 | C17: =+[3]LECHE!T59 -> 16106.879 | D17: =+'[3]FIB.ALP.'!T59 -> 0 | E17: =+'[3]FIB.LLA.'!T59 -> 0 | F17: =+[3]LANA!T59 -> 9.58
A18: Lima | B18: =+[3]HUEVOS!T60 -> 117503.55 | C18: =+[3]LECHE!T60 -> 354147.66 | D18: =+'[3]FIB.ALP.'!T60 -> 31.19566 | E18: =+'[3]FIB.LLA.'!T60 -> 0.97669152 | F18: =+[3]LANA!T60 -> 96.149007
A19: Ica | B19: =+[3]HUEVOS!T61 -> 163569.03 | C19: =+[3]LECHE!T61 -> 64978.931 | D19: =+'[3]FIB.ALP.'!T61 -> 0 | E19: =+'[3]FIB.LLA.'!T61 -> 0 | F19: =+[3]LANA!T61 -> 0
... A36: Madre de Dios | B36: =+[3]HUEVOS!T78 -> 3204.0833 | C36: =+[3]LECHE!T78 -> 1521.9268 | D36: =+'[3]FIB.ALP.'!T78 -> 0 | E36: =+'[3]FIB.LLA.'!T78 -> 0 | F36: =+[3]LANA!T78 -> 0
A37: P Preliminar.
A38: Fuente:Direcciones Regionales de Agricultura.
A39: Elaboración: MInisterio de Agricultura y Riego-DGESEP-DEA.

Sheet C 12
A2: C. 12 PERÚ: RENDIMIENTO DE PRODUCCIÓN POR ESPECIE SEGÚN REGIÓN, 2017P.
A3: (Kg/unidad/año)
A5: Región | B5: Huevo gallina | C5: Leche fresca | D5: Fibra Alpaca | E5: Fibra Llama | F5: Lana ovino
A6: NACIONAL | B6: =('C 11'!B6/'C 10'!B6)*1000 -> 16.249621 | C6: =('C 11'!C6/'C 10'!C6)*1000 -> 2261.7853 | D6: =('C 11'!D6/'C 10'!D6)*1000 -> 1.8783332 | E6: =('C 11'!E6/'C 10'!E6)*1000 -> 1.8197841 | F6: =('C 11'!F6/'C 10'!F6)*1000 -> 1.7791394
A8: Tumbes | B8: =('C 11'!B8/'C 10'!B8)*1000 -> 8.6204251 | C8: =('C 11'!C8/'C 10'!C8)*1000 -> 1060.2841 | D8: 0 | E8: 0 | F8: 0 | H8: -
A9: Piura | B9: =('C 11'!B9/'C 10'!B9)*1000 -> 11.819498 | C9: =('C 11'!C9/'C 10'!C9)*1000 -> 1534.0754 | D9: 0 | E9: 0 | F9: =('C 11'!F9/'C 10'!F9)*1000 -> 1.5
A10: Lambayeque | B10: =('C 11'!B10/'C 10'!B10)*1000 -> 15.393375 | C10: =('C 11'!C10/'C 10'!C10)*1000 -> 2930.639 | D10: 0 | E10: 0 | F10: 0
A11: La Libertad | B11: =('C 11'!B11/'C 10'!B11)*1000 -> 17.30414 | C11: =('C 11'!C11/'C 10'!C11)*1000 -> 3015.3619 | D11: =('C 11'!D11/'C 10'!D11)*1000 -> 2.7045431 | E11: 0 | F11: =('C 11'!F11/'C 10'!F11)*1000 -> 2.8788315
A12: Cajamarca | B12: =('C 11'!B12/'C 10'!B12)*1000 -> 5.7692705 | C12: =('C 11'!C12/'C 10'!C12)*1000 -> 2219.4999 | D12: 0 | E12: 0 | F12: =('C 11'!F12/'C 10'!F12)*1000 -> 2.017858
A13: Cajamarca | B13: =('C 11'!B13/'C 10'!B13)*1000 -> 6.8340123 | C13: =('C 11'!C13/'C 10'!C13)*1000 -> 2203.8576 | D13: 0 | E13: 0 | F13: =('C 11'!F13/'C 10'!F13)*1000 -> 2.1461718
A14: Chota | B14: =('C 11'!B14/'C 10'!B14)*1000 -> 4.756368 | C14: =('C 11'!C14/'C 10'!C14)*1000 -> 2294.5628 | D14: 0 | E14: 0 | F14: =('C 11'!F14/'C 10'!F14)*1000 -> 1.5125249
A15: Jaén | B15: =('C 11'!B15/'C 10'!B15)*1000 -> 4.756368 | C15: =('C 11'!C15/'C 10'!C15)*1000 -> 1685.1211 | D15: 0 | E15: 0 | F15: 0
A16: Amazonas | B16: =('C 11'!B16/'C 10'!B16)*1000 -> 8.1860121 | C16: =('C 11'!C16/'C 10'!C16)*1000 -> 1253.8417 | D16: 0 | E16: 0 | F16: =('C 11'!F16/'C 10'!F16)*1000 -> 0.62792141
A17: Ancash | B17: =('C 11'!B17/'C 10'!B17)*1000 -> 6.4225275 | C17: =('C 11'!C17/'C 10'!C17)*1000 -> 1196.396 | D17: 0 | E17: 0 | F17: =('C 11'!F17/'C 10'!F17)*1000 -> 1.2459358
A18: Lima | B18: =('C 11'!B18/'C 10'!B18)*1000 -> 17.607043 | C18: =('C 11'!C18/'C 10'!C18)*1000 -> 4655.5595 | D18: =('C 11'!D18/'C 10'!D18)*1000 -> 1.5319994 | E18: =('C 11'!E18/'C 10'!E18)*1000 -> 1.5405229 | F18: =('C 11'!F18/'C 10'!F18)*1000 -> 1.3832797
A19: Ica | B19: =('C 11'!B19/'C 10'!B19)*1000 -> 17.762772 | C19: =('C 11'!C19/'C 10'!C19)*1000 -> 5646.741 | D19: 0 | E19: 0 | F19: 0
A20: Huánuco | B20: =('C 11'!B20/'C 10'!B20)*1000 -> 6.5110223 | C20: =('C 11'!C20/'C 10'!C20)*1000 -> 1491.3491 | D20: =('C 11'!D20/'C 10'!D20)*1000 -> 2.1432683 | E20: 0 | F20: =('C 11'!F20/'C 10'!F20)*1000 -> 1.4908434
A21: Pasco | B21: =('C 11'!B21/'C 10'!B21)*1000 -> 4.8095062 | C21: =('C 11'!C21/'C 10'!C21)*1000 -> 1130.7952 | D21: =('C 11'!D21/'C 10'!D21)*1000 -> 2.180673 | E21: =('C 11'!E21/'C 10'!E21)*1000 -> 1.4012362 | F21: =('C 11'!F21/'C 10'!F21)*1000 -> 1.8865658
A22: Junín | B22: =('C 11'!B22/'C 10'!B22)*1000 -> 6.7502538 | C22: =('C 11'!C22/'C 10'!C22)*1000 -> 1393.4049 | D22: =('C 11'!D22/'C 10'!D22)*1000 -> 2.8185359 | E22: =('C 11'!E22/'C 10'!E22)*1000 -> 2.2526358 | F22: =('C 11'!F22/'C 10'!F22)*1000 -> 1.596756
A23: Huancavelica | B23: =('C 11'!B23/'C 10'!B23)*1000 -> 5.0746281 | C23: =('C 11'!C23/'C 10'!C23)*1000 -> 1703.5168 | D23: =('C 11'!D23/'C 10'!D23)*1000 -> 2.3525349 | E23: =('C 11'!E23/'C 10'!E23)*1000 -> 1.8005651 | F23: =('C 11'!F23/'C 10'!F23)*1000 -> 1.755222
A24: Arequipa | B24: =('C 11'!B24/'C 10'!B24)*1000 -> 16.290157 | C24: =('C 11'!C24/'C 10'!C24)*1000 -> 4714.9475 | D24: =('C 11'!D24/'C 10'!D24)*1000 -> 1.9724036 | E24: =('C 11'!E24/'C 10'!E24)*1000 -> 2.1080015 | F24: =('C 11'!F24/'C 10'!F24)*1000 -> 1.544233
A25: Moquegua | B25: =('C 11'!B25/'C 10'!B25)*1000 -> 7.7480676 | C25: =('C 11'!C25/'C 10'!C25)*1000 -> 3143.018 | D25: =('C 11'!D25/'C 10'!D25)*1000 -> 2.1681298 | E25: =('C 11'!E25/'C 10'!E25)*1000 -> 2.3685271 | F25: =('C 11'!F25/'C 10'!F25)*1000 -> 1.3610645
A26: Tacna | B26: =('C 11'!B26/'C 10'!B26)*1000 -> 16.785634 | C26: =('C 11'!C26/'C 10'!C26)*1000 -> 4130.6416 | D26: =('C 11'!D26/'C 10'!D26)*1000 -> 1.9402038 | E26: =('C 11'!E26/'C 10'!E26)*1000 -> 1.8057554 | F26: 0
A27: Ayacucho | B27: =('C 11'!B27/'C 10'!B27)*1000 -> 5.840864 | C27: =('C 11'!C27/'C 10'!C27)*1000 -> 1917.246 | D27: =('C 11'!D27/'C 10'!D27)*1000 -> 1.6057484 | E27: =('C 11'!E27/'C 10'!E27)*1000 -> 1.1667351 | F27: =('C 11'!F27/'C 10'!F27)*1000 -> 1.7290872
A28: Apurímac | B28: =('C 11'!B28/'C 10'!B28)*1000 -> 4.8261322 | C28: =('C 11'!C28/'C 10'!C28)*1000 -> 1001.1082 | D28: =('C 11'!D28/'C 10'!D28)*1000 -> 2.0233925 | E28: =('C 11'!E28/'C 10'!E28)*1000 -> 1.8402569 | F28: =('C 11'!F28/'C 10'!F28)*1000 -> 1.87173
A29: Abancay | B29: =('C 11'!B29/'C 10'!B29)*1000 -> 4.9062346 | C29: =('C 11'!C29/'C 10'!C29)*1000 -> 850.73397 | D29: =('C 11'!D29/'C 10'!D29)*1000 -> 2.0601567 | E29: =('C 11'!E29/'C 10'!E29)*1000 -> 1.7413578 | F29: =('C 11'!F29/'C 10'!F29)*1000 -> 1.8874969
A30: Andahuaylas | B30: =('C 11'!B30/'C 10'!B30)*1000 -> 4.756368 | C30: =('C 11'!C30/'C 10'!C30)*1000 -> 1260.7104 | D30: =('C 11'!D30/'C 10'!D30)*1000 -> 1.8830128 | E30: =('C 11'!E30/'C 10'!E30)*1000 -> 2.0438066 | F30: =('C 11'!F30/'C 10'!F30)*1000 -> 1.787717
A31: Cusco | B31: =('C 11'!B31/'C 10'!B31)*1000 -> 4.3167857 | C31: =('C 11'!C31/'C 10'!C31)*1000 -> 1280.6894 | D31: =('C 11'!D31/'C 10'!D31)*1000 -> 1.8055226 | E31: =('C 11'!E31/'C 10'!E31)*1000 -> 1.6060664 | F31: =('C 11'!F31/'C 10'!F31)*1000 -> 1.4912947
A32: Puno | B32: =('C 11'!B32/'C 10'!B32)*1000 -> 4.964631 | C32: =('C 11'!C32/'C 10'!C32)*1000 -> 1156.7714 | D32: =('C 11'!D32/'C 10'!D32)*1000 -> 1.8237958 | E32: =('C 11'!E32/'C 10'!E32)*1000 -> 1.8094385 | F32: =('C 11'!F32/'C 10'!F32)*1000 -> 1.8002858
A33: San Martín | B33: =('C 11'!B33/'C 10'!B33)*1000 -> 15.573428 | C33: =('C 11'!C33/'C 10'!C33)*1000 -> 1735.6797 | D33: 0 | E33: 0 | F33: 0
A34: Loreto | B34: =('C 11'!B34/'C 10'!B34)*1000 -> 12.562575 | C34: =('C 11'!C34/'C 10'!C34)*1000 -> 1754.722 | D34: 0 | E34: 0 | F34: 0
A35: Ucayali | B35: =('C 11'!B35/'C 10'!B35)*1000 -> 14.774939 | C35: =('C 11'!C35/'C 10'!C35)*1000 -> 1632.1859 | D35: 0 | E35: 0 | F35: 0
A36: Madre de Dios | B36: =('C 11'!B36/'C 10'!B36)*1000 -> 16.427669 | C36: =('C 11'!C36/'C 10'!C36)*1000 -> 1125.5468 | D36: 0 | E36: 0 | F36: 0
A37: P Preliminar.
A38: Fuente:Direcciones Regionales de Agricultura.
A39: Elaboración: MInisterio de Agricultura y Riego-DGESEP-DEA.

Sheet C 13
A2: C. 13 PERÚ: PRODUCCIÓN PECUARIA POR MES SEGÚN PRINCIPALES PRODUCTOS, 2017P.
A3: (Toneladas)
A5: Producto | C5: ANUAL | D5: Ene | E5: Feb | F5: Mar | G5: Abr | H5: May | I5: Jun | J5: Jul | K5: Ago | L5: Set | M5: Oct | N5: Nov | O5: Dic
A7: CARNE
B8: Ave | C8: =SUM(D8:O8) -> 1569280.1 | D8: 130327.09 | E8: 116051.85 | F8: 122369.14 | G8: 125228.11 | H8: 122838.16 | I8: 127477.74 | J8: 141940.39 | K8: 139782.72 | L8: 136754.46 | M8: 136370.21 | N8: 132364.07 | O8: 137776.13
B9: Ovino | C9: =SUM(D9:O9) -> 33448.792 | D9: 2353.4567 | E9: 2513.8674 | F9: 2638.5038 | G9: 3043.518 | H9: 3177.3601 | I9: 3144.7926 | J9: 3184.0548 | K9: 2961.4004 | L9: 2819.0868 | M9: 2538.8593 | N9: 2487.087 | O9: 2586.805
B10: Porcino | C10: =SUM(D10:O10) -> 157740.89 | D10: 12652.517 | E10: 12271.043 | F10: 12651.95 | G10: 12879.992 | H10: 13336.126 | I10: 13256.582 | J10: 14132.6 | K10: 13257.596 | L10: 12901.375 | M10: 12805.044 | N10: 12660.92 | O10: 14935.14
B11: Vacuno | C11: =SUM(D11:O11) -> 188680.22 | D11: 14419.351 | E11: 14690.408 | F11: 15371.431 | G11: 16572.879 | H11: 17020.947 | I11: 16625.222 | J11: 16796.884 | K11: 16045.332 | L11: 15322.948 | M11: 15005.442 | N11: 14895.507 | O11: 15913.875
B12: Caprino | C12: =SUM(D12:O12) -> 5547.0975 | D12: 430.05728 | E12: 424.58485 | F12: 414.07835 | G12: 448.96574 | H12: 475.96517 | I12: 475.38385 | J12: 496.3798 | K12: 489.29941 | L12: 475.12019 | M12: 503.31964 | N12: 436.10077 | O12: 477.84249
B13: Alpaca | C13: =SUM(D13:O13) -> 12748.884 | D13: 880.07213 | E13: 989.16847 | F13: 1092.3799 | G13: 1326.5954 | H13: 1261.7389 | I13: 1264.4702 | J13: 1240.8573 | K13: 1120.4726 | L13: 973.41241 | M13: 922.10936 | N13: 862.60914 | O13: 814.99795
B14: Llama | C14: =SUM(D14:O14) -> 4008.8486 | D14: 281.2529 | E14: 309.17065 | F14: 326.05546 | G14: 392.81079 | H14: 385.96921 | I14: 397.02864 | J14: 364.92154 | K14: 340.89843 | L14: 314.46536 | M14: 291.22507 | N14: 287.23549 | O14: 317.81504
A16: MENUDENCIA
B17: Ovino | C17: =SUM(D17:O17) -> 26015.727 | D17: =(D9/0.45*0.35) -> 1830.4663 | E17: =(E9/0.45*0.35) -> 1955.2302 | F17: =(F9/0.45*0.35) -> 2052.1696 | G17: =(G9/0.45*0.35) -> 2367.1807 | H17: =(H9/0.45*0.35) -> 2471.28 | I17: =(I9/0.45*0.35) -> 2445.9498 | J17: =(J9/0.45*0.35) -> 2476.4871 | K17: =(K9/0.45*0.35) -> 2303.3114 | ... O17: =(O9/0.45*0.35) -> 2011.9594
B18: Porcino | C18: =SUM(D18:O18) -> 31548.177 | D18: =(D10/0.75*0.15) -> 2530.5034 | E18: =(E10/0.75*0.15) -> 2454.2085 | F18: =(F10/0.75*0.15) -> 2530.39 | G18: =(G10/0.75*0.15) -> 2575.9984 | H18: =(H10/0.75*0.15) -> 2667.2253 | I18: =(I10/0.75*0.15) -> 2651.3165 | J18: =(J10/0.75*0.15) -> 2826.52 | K18: =(K10/0.75*0.15) -> 2651.5193 | ... O18: =(O10/0.75*0.15) -> 2987.028
B19: Vacuno | C19: =SUM(D19:O19) -> 92490.306 | D19: =(D11/0.51*0.25) -> 7068.3092 | E19: =(E11/0.51*0.25) -> 7201.1806 | F19: =(F11/0.51*0.25) -> 7535.015 | G19: =(G11/0.51*0.25) -> 8123.9603 | H19: =(H11/0.51*0.25) -> 8343.6014 | I19: =(I11/0.51*0.25) -> 8149.6187 | J19: =(J11/0.51*0.25) -> 8233.7664 | K19: =(K11/0.51*0.25) -> 7865.3588 | ... O19: =(O11/0.51*0.25) -> 7800.919
B20: Caprino | C20: =SUM(D20:O20) -> 4314.4092 | D20: =(D12/0.45*0.35) -> 334.489 | E20: =(E12/0.45*0.35) -> 330.23266 | F20: =(F12/0.45*0.35) -> 322.06094 | G20: =(G12/0.45*0.35) -> 349.19557 | H20: =(H12/0.45*0.35) -> 370.19513 | I20: =(I12/0.45*0.35) -> 369.74299 | J20: =(J12/0.45*0.35) -> 386.07318 | K20: =(K12/0.45*0.35) -> 380.56621 | ... O20: =(O12/0.45*0.35) -> 371.65527
A22: HUEVO DE
A23: GALLINA | C23: =SUM(D23:O23) -> 415336.49 | D23: 34513.37 | E23: 34585.257 | F23: 34774.231 | G23: 34581.329 | H23: 34510.133 | I23: 34490.312 | J23: 34487.699 | K23: 34374.816 | L23: 34414.115 | M23: 34726.144 | N23: 34886.884 | O23: 34992.201
A25: LECHE FRESCA
A26: DE VACA | C26: =SUM(D26:O26) -> 2012536.6 | D26: 163428.84 | E26: 160589.78 | F26: 175840.54 | G26: 178005.01 | H26: 183218.39 | I26: 175455.86 | J26: 169759.64 | K26: 165158.3 | L26: 159633.36 | M26: 160016.47 | N26: 159111.87 | O26: 162318.54
A28: FIBRA ALPACA | C28: =SUM(D28:O28) -> 4314.2295 | D28: 350.85362 | E28: 657.59807 | F28: 589.61414 | G28: 75.462565 | H28: 80.230503 | I28: 22.266745 | J28: 5.8023574 | K28: 4.9737394 | L28: 21.41627 | M28: 97.943781 | N28: 1652.7412 | O28: 755.32652
A30: FIBRA LLAMA | C30: =SUM(D30:O30) -> 680.54649 | D30: 34.008094 | E30: 113.02613 | F30: 95.664629 | G30: 25.396315 | H30: 19.194999 | I30: 3.7628479 | J30: 0.35038332 | K30: 0.027216 | L30: 3.9362392 | M30: 33.694328 | N30: 292.33101 | O30: 59.154302
A32: LANA OVINO | C32: =SUM(D32:O32) -> 8138.3729 | D32: 606.04166 | E32: 2535.4644 | F32: 1995.231 | G32: 464.1909 | H32: 532.17618 | I32: 300.56601 | J32: 260.6299 | K32: 192.7546 | L32: 157.34434 | M32: 44.019221 | N32: 567.36007 | O32: 482.59466
A33: P Preliminar.
A34: Fuente:Direcciones Regionales de Agricultura.
A35: Elaboración: MInisterio de Agricultura y Riego-DGESEP-DEA.

Sheet C 14
A2: C. 14 PERÚ: POBLACIÓN DE VACUNOS SEGÚN REGIÓN, 2007-2017.
A3: (Unidades)
A5: Región | C5: 2005 | D5: 2006 | E5: 2007 | F5: 2008 | G5: 2009 | H5: 2010 | I5: 2011 | J5: 2012 | K5: 2013 | L5: 2014 | M5: 2015 | N5: 2016 | O5: 2017P
A6: TOTAL NACIONAL | C6: =(C8+C9+C10+C11+C12+C13+C14+C15+C16+C17+C18+C19+C20+C21+C22+C23+C24+C25+C26+C27+C28+C29+C30+C31) -> 5249783.1 | D6: =(D8+D9+D10+D11+D12+D13+D14+D15+D16+D17+D18+D19+D20+D21+D22+D23+D24+D25+D26+D27+D28+D29+D30+D31) -> 5241101.5 | E6: =(E8+E9+E10+E11+E12+E13+E14+E15+E16+E17+E18+E19+E20+E21+E22+E23+E24+E25+E26+E27+E28+E29+E30+E31) -> 5420865 | F6: =(F8+F9+F10+F11+F12+F13+F14+F15+F16+F17+F18+F19+F20+F21+F22+F23+F24+F25+F26+F27+F28+F29+F30+F31) -> 5442988.7 | G6: =(G8+G9+G10+G11+G12+G13+G14+G15+G16+G17+G18+G19+G20+G21+G22+G23+G24+G25+G26+G27+G28+G29+G30+G31) -> 5459435 | H6: =(H8+H9+H10+H11+H12+H13+H14+H15+H16+H17+H18+H19+H20+H21+H22+H23+H24+H25+H26+H27+H28+H29+H30+H31) -> 5520199.7 | I6: =(I8+I9+I10+I11+I12+I13+I14+I15+I16+I17+I18+I19+I20+I21+I22+I23+I24+I25+I26+I27+I28+I29+I30+I31) -> 5589173.1 | J6: =(J8+J9+J10+J11+J12+J13+J14+J15+J16+J17+J18+J19+J20+J21+J22+J23+J24+J25+J26+J27+J28+J29+J30+J31) -> 5660984 | ... O6: =(O8+O9+O10+O11+O12+O13+O14+O15+O16+O17+O18+O19+O20+O21+O22+O23+O24+O25+O26+O27+O28+O29+O30+O31) -> 5535569
B8: Tumbes | C8: 13800 | D8: 14000 | E8: 13890 | F8: 17461 | G8: 17100 | H8: 13729 | I8: 14447 | J8: 18070 | K8: 18447 | L8: 19414 | M8: 21346 | N8: 22427 | O8: 22350
B9: Piura | C9: 234260 | D9: 234260 | E9: 237774 | F9: 227803 | G9: 230765 | H9: 302158 | I9: 310158.06 | J9: 324960 | K9: 308181 | L9: 301926 | M9: 298200.43 | N9: 290881.7 | O9: 276247
B10: Lambayeque | C10: 86000 | D10: 87500 | E10: 96479 | F10: 113725 | G10: 114210 | H10: 110582.8 | I10: 109540 | J10: 89795 | K10: 89530 | L10: 85995 | M10: 86120 | N10: 86344 | O10: 113514
B11: La Libertad | C11: 253482 | D11: 253925 | E11: 254014 | F11: 253872 | G11: 253917 | H11: 254699 | I11: 259557 | J11: 262771 | K11: 262017 | L11: 259231 | M11: 246630 | N11: 245857 | O11: 237501
B12: Cajamarca | C12: 567252 | D12: 585191 | E12: 647924 | F12: 663444 | G12: 668400 | H12: 661441.4 | I12: 664574 | J12: 645466 | K12: 654160 | L12: 661156 | M12: 663500 | N12: 657561 | O12: 645182
B13: Amazonas | C13: 201868 | D13: 203000 | E13: 232617 | F13: 239911 | G13: 238500 | H13: 231680 | I13: 230526 | J13: 230190 | K13: 231874 | L13: 240121 | M13: 250584 | N13: 246360 | O13: 247610
B14: Ancash | C14: 342051 | D14: 301166.43 | E14: 301783 | F14: 302411 | G14: 305711 | H14: 307624.49 | I14: 304367 | J14: 300992 | K14: 294294 | L14: 304127 | M14: 304262 | N14: 309475.1 | O14: 305720
B15: Lima | C15: 263480 | D15: 258000 | E15: 254986 | F15: 228844 | G15: 226800 | H15: 230422 | I15: 232109 | J15: 225265 | K15: 226410 | L15: 232070.25 | M15: 265104 | N15: 257939 | O15: 245851
B16: Ica | C16: 36448.083 | D16: 36595.083 | E16: 36877 | F16: 37295.75 | G16: 38100 | H16: 37063.183 | I16: 38362 | J16: 43823 | K16: 45315 | L16: 46324 | M16: 47838.083 | N16: 47321 | O16: 50124
B17: Huánuco | C17: 269149 | D17: 293273 | E17: 324363 | F17: 323160 | G17: 324200 | H17: 319829 | I17: 305300 | J17: 246716 | K17: 273992 | L17: 295422 | M17: 290997 | N17: 290400 | O17: 292412
B18: Pasco | C18: 101588 | D18: 124095 | E18: 125933 | F18: 127193 | G18: 127367 | H18: 121506 | I18: 123433 | J18: 139412 | K18: 104710 | L18: 105754 | M18: 116831 | N18: 118002 | O18: 119663
B19: Junín | C19: 222660 | D19: 221770 | E19: 222660 | F19: 234726.92 | G19: 230300 | H19: 225423.38 | I19: 226527 | J19: 308233 | K19: 312227 | L19: 288385 | M19: 298924 | N19: 296450 | O19: 321586
... B31: Madre de Dios | C31: 44200 | D31: 45228 | E31: 46908 | F31: 48256 | G31: 53006 | H31: 52261 | I31: 51070 | J31: 51665 | K31: 54380 | L31: 54460 | M31: 54983 | N31: 57732.15 | O31: 56420
A33: P Preliminar.
A34: Fuente:Direcciones Regionales de Agricultura.
A35: Elaboración: MInisterio de Agricultura y Riego-DGESEP-DEA.

Sheet C 15
A2: C. 15 PERÚ: PRODUCCIÓN DE VACUNOS SEGÚN REGIÓN, 2007-2017.
A3: (Unidades)
A5: Región | C5: 2005 | D5: 2006 | E5: 2007 | F5: 2008 | G5: 2009 | H5: 2010 | I5: 2011 | J5: 2012 | K5: 2013 | L5: 2014 | M5: 2015 | N5: 2016 | O5: 2017P
A6: TOTAL NACIONAL | C6: =(C8+C9+C10+C11+C12+C13+C14+C15+C16+C17+C18+C19+C20+C21+C22+C23+C24+C25+C26+C27+C28+C29+C30+C31) -> 1074578 | D6: =(D8+D9+D10+D11+D12+D13+D14+D15+D16+D17+D18+D19+D20+D21+D22+D23+D24+D25+D26+D27+D28+D29+D30+D31) -> 1127320.8 | E6: =(E8+E9+E10+E11+E12+E13+E14+E15+E16+E17+E18+E19+E20+E21+E22+E23+E24+E25+E26+E27+E28+E29+E30+E31) -> 1138577.9 | F6: =(F8+F9+F10+F11+F12+F13+F14+F15+F16+F17+F18+F19+F20+F21+F22+F23+F24+F25+F26+F27+F28+F29+F30+F31) -> 1151905.9 | G6: =(G8+G9+G10+G11+G12+G13+G14+G15+G16+G17+G18+G19+G20+G21+G22+G23+G24+G25+G26+G27+G28+G29+G30+G31) -> 1168496.7 | H6: =(H8+H9+H10+H11+H12+H13+H14+H15+H16+H17+H18+H19+H20+H21+H22+H23+H24+H25+H26+H27+H28+H29+H30+H31) -> 1218722.5 | I6: =(I8+I9+I10+I11+I12+I13+I14+I15+I16+I17+I18+I19+I20+I21+I22+I23+I24+I25+I26+I27+I28+I29+I30+I31) -> 1266709.7 | J6: =(J8+J9+J10+J11+J12+J13+J14+J15+J16+J17+J18+J19+J20+J21+J22+J23+J24+J25+J26+J27+J28+J29+J30+J31) -> 1319403.9 | ... O6: =(O8+O9+O10+O11+O12+O13+O14+O15+O16+O17+O18+O19+O20+O21+O22+O23+O24+O25+O26+O27+O28+O29+O30+O31) -> 1330763.1
B8: Tumbes | C8: 2573 | D8: 2418 | E8: 2930 | F8: 3894 | G8: 5335 | H8: 5461 | I8: 5844 | J8: 6574 | K8: 7212 | L8: 8084 | M8: 7723 | N8: 3812 | O8: 5673
B9: Piura | C9: 67649 | D9: 70283 | E9: 65745 | F9: 65730 | G9: 59430.963 | H9: 58171.758 | I9: 55889.132 | J9: 60263.633 | K9: 56967.068 | L9: 51654.374 | M9: 48938.102 | N9: 47065.37 | O9: 45661.078
B10: Lambayeque | C10: 22582 | D10: 22280.49 | E10: 22068.91 | F10: 19766.88 | G10: 19385.18 | H10: 18682.48 | I10: 17423 | J10: 18996 | K10: 20641 | L10: 23846.41 | M10: 23209 | N10: 23032 | O10: 22198
B11: La Libertad | C11: 38590 | D11: 39984 | E11: 41125 | F11: 42224 | G11: 42848 | H11: 43307 | I11: 45451.818 | J11: 45649 | K11: 48278 | L11: 49237 | M11: 50755 | N11: 51726 | O11: 54420
B12: Cajamarca | C12: 137225 | D12: 159044 | E12: 173505 | F12: 168102 | G12: 172901 | H12: 192200 | I12: 204853 | J12: 200959 | K12: 215539.53 | L12: 223400 | M12: 217543 | N12: 214187 | O12: 210048
B13: Amazonas | C13: 38436 | D13: 41714 | E13: 41250 | F13: 48751 | G13: 46747 | H13: 52759 | I13: 51187 | J13: 56188 | K13: 56942 | L13: 57637 | M13: 57779 | N13: 58697 | O13: 59675
B14: Ancash | C14: 50607 | D14: 52410.901 | E14: 52497 | F14: 55602 | G14: 56223.899 | H14: 56350 | I14: 61256.164 | J14: 63253 | K14: 65763 | L14: 67129 | M14: 69381 | N14: 72348 | O14: 70685
B15: Lima | C15: 106742 | D15: 110598 | E15: 111846 | F15: 106946 | G15: 106932 | H15: 110315 | I15: 112788 | J15: 114785 | K15: 113303 | L15: 113750 | M15: 113823 | N15: 114444 | O15: 116208
B16: Ica | C16: 7578 | D16: 7754 | E16: 8014 | F16: 8724 | G16: 9240 | H16: 10332 | I16: 11597 | J16: 11731 | K16: 12686 | L16: 13112 | M16: 12407 | N16: 13999 | O16: 12350
B17: Huánuco | C17: 59649 | D17: 63816 | E17: 72114 | F17: 76355 | G17: 79585 | H17: 85815 | I17: 94930 | J17: 114520 | K17: 140057 | L17: 141250 | M17: 144125 | N17: 144071 | O17: 120539
B18: Pasco | C18: 24789 | D18: 21165 | E18: 21528 | F18: 21968 | G18: 22677 | H18: 23684 | I18: 23161 | J18: 23312 | K18: 24007 | L18: 22792 | M18: 22998 | N18: 21400 | O18: 21814
B19: Junín | C19: 38200 | D19: 37880.417 | E19: 39227 | F19: 39152 | G19: 44461 | H19: 49775 | I19: 53811 | J19: 58536 | K19: 61110 | L19: 63524 | M19: 71403 | N19: 72302 | O19: 77250
... B31: Madre de Dios | C31: 6836 | D31: 7770 | E31: 8030 | F31: 9887 | G31: 10167 | H31: 10508 | I31: 10214 | J31: 10276 | K31: 10012 | L31: 10601 | M31: 12103 | N31: 14299 | O31: 14409
A33: P Preliminar.
A34: Fuente:Direcciones Regionales de Agricultura.
A35: Elaboración: MInisterio de Agricultura y Riego-DGESEP-DEA.

Sheet C 16
A2: C. 16 PERÚ: PRODUCCIÓN DE CARNE DE VACUNO SEGÚN REGIÓN, 2007-2017.
A3: (Toneladas)
A5: Región | C5: 2005 | D5: 2006 | E5: 2007 | F5: 2008 | G5: 2009 | H5: 2010 | I5: 2011 | J5: 2012 | K5: 2013 | L5: 2014 | M5: 2015 | N5: 2016 | O5: 2017P
A6: TOTAL NACIONAL | C6: =(C8+C9+C10+C11+C12+C13+C14+C15+C16+C17+C18+C19+C20+C21+C22+C23+C24+C25+C26+C27+C28+C29+C30+C31) -> 152497.22 | D6: =(D8+D9+D10+D11+D12+D13+D14+D15+D16+D17+D18+D19+D20+D21+D22+D23+D24+D25+D26+D27+D28+D29+D30+D31) -> 161578.26 | E6: =(E8+E9+E10+E11+E12+E13+E14+E15+E16+E17+E18+E19+E20+E21+E22+E23+E24+E25+E26+E27+E28+E29+E30+E31) -> 163234.95 | F6: =(F8+F9+F10+F11+F12+F13+F14+F15+F16+F17+F18+F19+F20+F21+F22+F23+F24+F25+F26+F27+F28+F29+F30+F31) -> 163317.89 | G6: =(G8+G9+G10+G11+G12+G13+G14+G15+G16+G17+G18+G19+G20+G21+G22+G23+G24+G25+G26+G27+G28+G29+G30+G31) -> 164703.53 | H6: =(H8+H9+H10+H11+H12+H13+H14+H15+H16+H17+H18+H19+H20+H21+H22+H23+H24+H25+H26+H27+H28+H29+H30+H31) -> 171871.63 | I6: =(I8+I9+I10+I11+I12+I13+I14+I15+I16+I17+I18+I19+I20+I21+I22+I23+I24+I25+I26+I27+I28+I29+I30+I31) -> 179084.39 | J6: =(J8+J9+J10+J11+J12+J13+J14+J15+J16+J17+J18+J19+J20+J21+J22+J23+J24+J25+J26+J27+J28+J29+J30+J31) -> 186616.87 | ... O6: =(O8+O9+O10+O11+O12+O13+O14+O15+O16+O17+O18+O19+O20+O21+O22+O23+O24+O25+O26+O27+O28+O29+O30+O31) -> 188680.22
B8: Tumbes | C8: 356.41 | D8: 335.56 | E8: 413.68 | F8: 601.50278 | G8: 760.55795 | H8: 843.8762 | I8: 903.41262 | J8: 1034.0663 | K8: 1082.3776 | L8: 1204.6899 | M8: 1154.3336 | N8: 589.56153 | O8: 880.46808
B9: Piura | C9: 10238 | D9: 10778 | E9: 9985 | F9: 9473 | G9: 8744.4704 | H9: 8809.8522 | I9: 8666.0836 | J9: 9322.5799 | K9: 8970.0957 | L9: 9053.0704 | M9: 8958.4369 | N9: 8459.7986 | O9: 7680.1689
B10: Lambayeque | C10: 2939.176 | D10: 3171.9646 | E10: 3171.5434 | F10: 2833.4966 | G10: 2782.3357 | H10: 2688.9062 | I10: 2325.6 | J10: 2503.6 | K10: 2715.78 | L10: 3246.3 | M10: 3219.912 | N10: 3133.652 | O10: 3077.7476
B11: La Libertad | C11: 5255.4305 | D11: 5492.3952 | E11: 5647.6275 | F11: 5783.17 | G11: 5901.0909 | H11: 5963.0523 | I11: 6233.0273 | J11: 6308.5716 | K11: 6714.6175 | L11: 6893.3419 | M11: 7092.9312 | N11: 7246.0829 | O11: 7660.4258
B12: Cajamarca | C12: 20836.043 | D12: 24036.805 | E12: 25895.665 | F12: 23904.19 | G12: 24466.293 | H12: 27368.234 | I12: 29301.646 | J12: 28011.948 | K12: 29740.662 | L12: 31983.094 | M12: 31498.603 | N12: 28488.025 | O12: 26793.983
B13: Amazonas | C13: 5681.5368 | D13: 6278.4269 | E13: 6441.8535 | F13: 7343.3699 | G13: 7029.876 | H13: 7987.6323 | I13: 7583.6071 | J13: 8319.6749 | K13: 8354.2814 | L13: 8430.862 | M13: 8486.1965 | N13: 8616.2414 | O13: 8885.0826
B14: Ancash | C14: 6599.043 | D14: 6834.8284 | E14: 6846.2 | F14: 7238.23 | G14: 7284.5651 | H14: 7189.06 | I14: 7608.3053 | J14: 7846.81 | K14: 8175.73 | L14: 8320.54 | M14: 8600.2958 | N14: 8974.68 | O14: 9018.7473
B15: Lima | C15: 19359.246 | D15: 20479.083 | E15: 20915.115 | F15: 19930.556 | G15: 20243.287 | H15: 20936.578 | I15: 21509.432 | J15: 21695.745 | K15: 21294.724 | L15: 21389.918 | M15: 21553.043 | N15: 21547.604 | O15: 21841.727
B16: Ica | C16: 1092.425 | D16: 1133.8 | E16: 1181.1426 | F16: 1338.5798 | G16: 1386.797 | H16: 1639.7569 | I16: 1764.3872 | J16: 1765.3146 | K16: 1978.5265 | L16: 2022.5046 | M16: 2026.7829 | N16: 2202.704 | O16: 2006.4705
B17: Huánuco | C17: 9010.06 | D17: 10026.341 | E17: 11490.684 | F17: 11902.495 | G17: 11644.79 | H17: 11851.423 | I17: 13731.997 | J17: 16458.935 | K17: 19399.24 | L17: 19574.847 | M17: 20068.792 | N17: 20245.808 | O17: 18494.843
B18: Pasco | C18: 3372.25 | D18: 3040.157 | E18: 3054.023 | F18: 3393.7605 | G18: 3435.0696 | H18: 3704.4849 | I18: 3789.2985 | J18: 3752.5069 | K18: 3966.4477 | L18: 3588.2337 | M18: 3565.2216 | N18: 3416.7578 | O18: 3407.3128
B19: Junín | C19: 4780.5 | D19: 4781.995 | E19: 4956.9236 | F19: 5005.36 | G19: 5730.38 | H19: 6440.8765 | I19: 6781.7576 | J19: 7435.0763 | K19: 7700.5385 | L19: 8057.5512 | M19: 9116.9696 | N19: 8937.2227 | O19: 9510.632
... B31: Madre de Dios | C31: 1092.687 | D31: 1264.646 | E31: 1288.046 | F31: 1629.1325 | G31: 1636.377 | H31: 1675.257 | I31: 1719.78 | J31: 1707.22 | K31: 1666.098 | L31: 1724.3437 | M31: 1929.164 | N31: 2373.2207 | O31: 2389.3683
A33: P Preliminar.
A34: Fuente:Direcciones Regionales de Agricultura.
A35: Elaboración: MInisterio de Agricultura y Riego-DGESEP-DEA.

Sheet C 17
A2: C. 17 PERÚ: PRECIO RECIBIDO POR EL PRODUCTOR DE VACUNO SEGÚN REGIÓN, 2007-2017.
A3: (Soles x kg)
A5: Región | C5: 2005 | D5: 2006 | E5: 2007 | F5: 2008 | G5: 2009 | H5: 2010 | I5: 2011 | J5: 2012 | K5: 2013 | L5: 2014 | M5: 2015 | N5: 2016 | O5: 2017P
A6: PROMEDIO | C6: 3.3633941 | D6: 3.3971701 | E6: 3.5 | F6: 3.77093 | G6: 4.0826893 | H6: 4.0971722 | I6: 4.2457162 | J6: 4.6922639 | K6: 4.8385226 | L6: 5.2340751 | M6: 5.4186064 | N6: 5.6286956 | O6: 5.5319245
B8: Tumbes | C8: 3.5698872 | D8: 3.3895578 | E8: 3.6215253 | F8: 3.6600431 | G8: 3.6901913 | H8: 3.5 | I8: 3.5842589 | J8: 3.6156514 | K8: 3.5070425 | L8: 4.46895 | M8: 5.7375998 | N8: 5.6688701 | O8: 5.4146574
B9: Piura | C9: 3.4011369 | D9: 3.4018881 | E9: 3.7539589 | F9: 3.8230508 | G9: 4.0172196 | H9: 3.918175 | I9: 3.7563196 | J9: 4.010643 | K9: 4.5470308 | L9: 4.7651212 | M9: 5.0646092 | N9: 5.5576938 | O9: 5.4897629
B10: Lambayeque | C10: 3.3122474 | D10: 3.5373165 | E10: 3.4261811 | F10: 3.6203318 | G10: 4.2279375 | H10: 4.0291491 | I10: 3.969241 | J10: 4.0728836 | K10: 4.3351118 | L10: 4.8778934 | M10: 5.1790273 | N10: 5.6217316 | O10: 5.524797
B11: La Libertad | C11: 3.1021281 | D11: 3.1276906 | E11: 3.673082 | F11: 3.782794 | G11: 4.4352456 | H11: 4.2320814 | I11: 4.0526873 | J11: 3.8637233 | K11: 4.0493735 | L11: 4.0496064 | M11: 5.981791 | N11: 6.8667447 | O11: 6.1054813
B12: Cajamarca | C12: 3.8088547 | D12: 3.935436 | E12: 3.6970777 | F12: 3.847851 | G12: 4.1369524 | H12: 4.0967114 | I12: 4.0621148 | J12: 5.2111611 | K12: 4.7385033 | L12: 5.1611767 | M12: 4.9315225 | N12: 5.0757377 | O12: 5.481847
B13: Amazonas | C13: 3.4234378 | D13: 3.5471515 | E13: 3.8550739 | F13: 3.8158956 | G13: 3.9980259 | H13: 4.0778485 | I13: 4.5290161 | J13: 4.5637814 | K13: 5.5775996 | L13: 5.8916431 | M13: 5.0409831 | N13: 5.6143952 | O13: 5.469132
B14: Ancash | C14: 3.8777546 | D14: 3.5273137 | E14: 3.5536282 | F14: 3.8142567 | G14: 4.099785 | H14: 3.4338449 | I14: 4.0932502 | J14: 4.2123601 | K14: 4.4587183 | L14: 5.2389836 | M14: 5.6172408 | N14: 5.5662791 | O14: 4.9986933
B15: Lima | C15: 3.4048283 | D15: 3.4864711 | E15: 3.4607279 | F15: 3.9988359 | G15: 4.3363488 | H15: 3.6576602 | I15: 3.7290777 | J15: 4.0499418 | K15: 4.2592666 | L15: 4.5858175 | M15: 4.8525815 | N15: 5.6538193 | O15: 5.7830587
B16: Ica | C16: 2.8347415 | D16: 3.0514531 | E16: 3.2406722 | F16: 3.8386523 | G16: 4.2332173 | H16: 4.3873173 | I16: 4.7410527 | J16: 4.9778604 | K16: 5.1091222 | L16: 5.568242 | M16: 5.6814896 | N16: 5.1770535 | O16: 5.159245
B17: Huánuco | C17: 3.5059637 | D17: 3.5368107 | E17: 3.5631124 | F17: 3.6519537 | G17: 4.0384684 | H17: 4.4370869 | I17: 4.5985551 | J17: 4.4737155 | K17: 5.1497625 | L17: 5.0914405 | M17: 5.5788981 | N17: 5.4232634 | O17: 5.4650502
B18: Pasco | C18: 2.6459644 | D18: 2.8442411 | E18: 3.4075852 | F18: 3.6588121 | G18: 3.7042314 | H18: 4.122876 | I18: 4.3922497 | J18: 4.500179 | K18: 4.7926455 | L18: 4.6555254 | M18: 4.7920947 | N18: 5.1170869 | O18: 5.0131122
B19: Junín | C19: 3.1468123 | D19: 3.1066611 | E19: 3.1176966 | F19: 3.6830735 | G19: 3.7386638 | H19: 4.9049661 | I19: 5.1095163 | J19: 5.2450241 | K19: 5.4940331 | L19: 5.693879 | M19: 6.0955463 | N19: 6.4666246 | O19: 6.0529532
... B31: Madre de Dios | C31: 3.2778195 | D31: 3.1028354 | E31: 3.2498534 | F31: 3.4199701 | G31: 3.9263165 | H31: 4.4271225 | I31: 4.8128257 | J31: 4.250645 | K31: 4.2147517 | L31: 5.2037787 | M31: 4.4584796 | N31: 4.5708625 | O31: 5.6122275
A33: P Preliminar.
A34: Fuente:Direcciones Regionales de Agricultura.
A35: Elaboración: MInisterio de Agricultura y Riego-DGESEP-DEA.

Sheet C 18
A2: C. 18 PERÚ: VACAS EN ORDEÑO SEGÚN REGIÓN, 2007-2017.
A3: (Unidades)
A5: Región | C5: 2005 | D5: 2006 | E5: 2007 | F5: 2008 | G5: 2009 | H5: 2010 | I5: 2011 | J5: 2012 | K5: 2013 | L5: 2014 | M5: 2015 | N5: 2016 | O5: 2017P
A6: TOTAL NACIONAL | C6: =(C8+C9+C10+C11+C12+C13+C14+C15+C16+C17+C18+C19+C20+C21+C22+C23+C24+C25+C26+C27+C28+C29+C30+C31) -> 708119.7 | D6: =(D8+D9+D10+D11+D12+D13+D14+D15+D16+D17+D18+D19+D20+D21+D22+D23+D24+D25+D26+D27+D28+D29+D30+D31) -> 743670.99 | E6: =(E8+E9+E10+E11+E12+E13+E14+E15+E16+E17+E18+E19+E20+E21+E22+E23+E24+E25+E26+E27+E28+E29+E30+E31) -> 753189.42 | F6: =(F8+F9+F10+F11+F12+F13+F14+F15+F16+F17+F18+F19+F20+F21+F22+F23+F24+F25+F26+F27+F28+F29+F30+F31) -> 769580.51 | G6: =(G8+G9+G10+G11+G12+G13+G14+G15+G16+G17+G18+G19+G20+G21+G22+G23+G24+G25+G26+G27+G28+G29+G30+G31) -> 787006.7 | H6: =(H8+H9+H10+H11+H12+H13+H14+H15+H16+H17+H18+H19+H20+H21+H22+H23+H24+H25+H26+H27+H28+H29+H30+H31) -> 787603.74 | I6: =(I8+I9+I10+I11+I12+I13+I14+I15+I16+I17+I18+I19+I20+I21+I22+I23+I24+I25+I26+I27+I28+I29+I30+I31) -> 815393.09 | J6: =(J8+J9+J10+J11+J12+J13+J14+J15+J16+J17+J18+J19+J20+J21+J22+J23+J24+J25+J26+J27+J28+J29+J30+J31) -> 859630.25 | ... O6: =(O8+O9+O10+O11+O12+O13+O14+O15+O16+O17+O18+O19+O20+O21+O22+O23+O24+O25+O26+O27+O28+O29+O30+O31) -> 889113.94
B8: Tumbes | C8: 205.33333 | D8: 274.25 | E8: 311.66667 | F8: 386.25 | G8: 468.08333 | H8: 502.5 | I8: 513.08333 | J8: 548 | K8: 618.25 | L8: 638.08333 | M8: 607.25 | N8: 422.16667 | O8: 388.75
B9: Piura | C9: 30800 | D9: 35139 | E9: 34728 | F9: 33772 | G9: 34190.583 | H9: 30208.487 | I9: 35419 | J9: 38995.252 | K9: 34915.333 | L9: 34684.859 | M9: 31861.09 | N9: 30915.172 | O9: 24275.355
B10: Lambayeque | C10: 11495 | D10: 13733 | E10: 11916.667 | F10: 12100 | G10: 12432.083 | H10: 13418.75 | I10: 15349 | J10: 16015.75 | K10: 15929 | L10: 18394.25 | M10: 18601.5 | N10: 20305.583 | O10: 18912.667
B11: La Libertad | C11: 31909.75 | D11: 33385.5 | E11: 34127 | F11: 34893.158 | G11: 35121.333 | H11: 35989.25 | I11: 37488.75 | J11: 38090.25 | K11: 38786 | L11: 39056.75 | M11: 41973.75 | N11: 43041.5 | O11: 43041.5
B12: Cajamarca | C12: 110070.42 | D12: 111986.42 | E12: 122854.57 | F12: 123701.58 | G12: 133537.58 | H12: 131082 | I12: 136629.58 | J12: 140043.81 | K12: 142803 | L12: 146401.17 | M12: 152975.63 | N12: 159825.58 | O12: 162288.83
B13: Amazonas | C13: 57182.167 | D13: 55009.598 | E13: 54897.833 | F13: 58892.75 | G13: 59728.75 | H13: 60701.25 | I13: 59695.667 | J13: 60571.917 | K13: 63081 | L13: 64800.333 | M13: 67566.333 | N13: 71211.583 | O13: 74885
B14: Ancash | C14: 15137.583 | D14: 15084.473 | E14: 15427.5 | F14: 15206.667 | G14: 14076.242 | H14: 14449.417 | I14: 14358.227 | J14: 14592.167 | K14: 13862.413 | L14: 14497.417 | M14: 12680.206 | N14: 13072.643 | O14: 13462.833
B15: Lima | C15: 72396.417 | D15: 73853.5 | E15: 74318 | F15: 73291 | G15: 74108.833 | H15: 75086.333 | I15: 75683.75 | J15: 75347.167 | K15: 75768.391 | L15: 78501.408 | M15: 79149.184 | N15: 77763.002 | O15: 76069.839
B16: Ica | C16: 6635.3333 | D16: 6646.4167 | E16: 6729.5833 | F16: 7085.8333 | G16: 7587.5 | H16: 7724.4167 | I16: 7810.5833 | J16: 8270.0833 | K16: 8929.25 | L16: 9578.4167 | M16: 9480.3333 | N16: 10349.417 | O16: 11507.333
B17: Huánuco | C17: 25269.75 | D17: 28936 | E17: 29011.417 | F17: 30504.333 | G17: 32687.75 | H17: 33823.25 | I17: 32902.25 | J17: 31688.917 | K17: 29252.417 | L17: 28249.917 | M17: 31466.417 | N17: 31905.333 | O17: 32348.833
B18: Pasco | C18: 21447.917 | D18: 28866.917 | E18: 28840.583 | F18: 24494.417 | G18: 25377.833 | H18: 25471.417 | I18: 24423.583 | J18: 25983.75 | K18: 25040.417 | L18: 24349.833 | M18: 26277.667 | N18: 26348 | O18: 28427
B19: Junín | C19: 23080.083 | D19: 23360 | E19: 22936.75 | F19: 23587.917 | G19: 22698.643 | H19: 22013.167 | I19: 28327.333 | J19: 29927.417 | K19: 30607 | L19: 31721.333 | M19: 32902.833 | N19: 36690.917 | O19: 37385.917
... B31: Madre de Dios | C31: 1358.1667 | D31: 1459.9167 | E31: 1549.1667 | F31: 1962.6667 | G31: 2088.3333 | H31: 2018.1667 | I31: 2664.1667 | J31: 2837.5833 | K31: 3474 | L31: 3399.75 | M31: 2934.9167 | N31: 1610.4167 | O31: 1352.1667
A33: P Preliminar.
A34: Fuente:Direcciones Regionales de Agricultura.
A35: Elaboración: MInisterio de Agricultura y Riego-DGESEP-DEA.

Sheet C 19
A2: C. 19 PERÚ: PRODUCCIÓN DE LECHE FRESCA DE VACA SEGÚN REGIÓN, 2007-2017.
A3: (Toneladas)
A5: Región | C5: 2005 | D5: 2006 | E5: 2007 | F5: 2008 | G5: 2009 | H5: 2010 | I5: 2011 | J5: 2012 | K5: 2013 | L5: 2014 | M5: 2015 | N5: 2016 | O5: 2017P
A6: TOTAL NACIONAL | C6: =(C8+C9+C10+C11+C12+C13+C14+C15+C16+C17+C18+C19+C20+C21+C22+C23+C24+C25+C26+C27+C28+C29+C30+C31) -> 1236835.6 | D6: =(D8+D9+D10+D11+D12+D13+D14+D15+D16+D17+D18+D19+D20+D21+D22+D23+D24+D25+D26+D27+D28+D29+D30+D31) -> 1346991.5 | E6: =(E8+E9+E10+E11+E12+E13+E14+E15+E16+E17+E18+E19+E20+E21+E22+E23+E24+E25+E26+E27+E28+E29+E30+E31) -> 1455814.9 | F6: =(F8+F9+F10+F11+F12+F13+F14+F15+F16+F17+F18+F19+F20+F21+F22+F23+F24+F25+F26+F27+F28+F29+F30+F31) -> 1565528.2 | G6: =(G8+G9+G10+G11+G12+G13+G14+G15+G16+G17+G18+G19+G20+G21+G22+G23+G24+G25+G26+G27+G28+G29+G30+G31) -> 1652112.3 | H6: =(H8+H9+H10+H11+H12+H13+H14+H15+H16+H17+H18+H19+H20+H21+H22+H23+H24+H25+H26+H27+H28+H29+H30+H31) -> 1678372.1 | I6: =(I8+I9+I10+I11+I12+I13+I14+I15+I16+I17+I18+I19+I20+I21+I22+I23+I24+I25+I26+I27+I28+I29+I30+I31) -> 1755528.7 | J6: =(J8+J9+J10+J11+J12+J13+J14+J15+J16+J17+J18+J19+J20+J21+J22+J23+J24+J25+J26+J27+J28+J29+J30+J31) -> 1790669.7 | ... O6: =(O8+O9+O10+O11+O12+O13+O14+O15+O16+O17+O18+O19+O20+O21+O22+O23+O24+O25+O26+O27+O28+O29+O30+O31) -> 2010984.8
B8: Tumbes | C8: 362.1232 | D8: 396.78 | E8: 420.6272 | F8: 460.13208 | G8: 517.12332 | H8: 568.05264 | I8: 601.2941 | J8: 651.1769 | K8: 789.81892 | L8: 692.21996 | M8: 658.71475 | N8: 409.49896 | O8: 412.18544
B9: Piura | C9: 29011.738 | D9: 33615.36 | E9: 35006.074 | F9: 36402 | G9: 37152.137 | H9: 31497.136 | I9: 43867.47 | J9: 47124.752 | K9: 47581.106 | L9: 50081.231 | M9: 41555.648 | N9: 42577.961 | O9: 37240.224
B10: Lambayeque | C10: 29656.42 | D10: 28602.42 | E10: 30980.35 | F10: 33396.5 | G10: 36814 | H10: 39517 | I10: 37261.9 | J10: 39290.9 | K10: 45079.98 | L10: 49836.899 | M10: 53135.881 | N10: 59214.681 | O10: 55426.199
B11: La Libertad | C11: 79695.251 | D11: 90774.604 | E11: 94475.671 | F11: 99404.54 | G11: 98524.491 | H11: 100617.99 | I11: 113502.23 | J11: 116709.72 | K11: 118936.64 | L11: 121500.7 | M11: 125366.13 | N11: 129501.37 | O11: 129785.7
B12: Cajamarca | C12: 225648.18 | D12: 239969.05 | E12: 262632.45 | F12: 277899.87 | G12: 304883.6 | H12: 303448.8 | I12: 310628.63 | J12: 318593.72 | K12: 324862.43 | L12: 323687.05 | M12: 345029.25 | N12: 352075.56 | O12: 360200.06
B13: Amazonas | C13: 58117.482 | D13: 59002.285 | E13: 62315.042 | F13: 65353.535 | G13: 75111.186 | H13: 75124.883 | I13: 74369.087 | J13: 76184.152 | K13: 80357.507 | L13: 76092.613 | M13: 79208.188 | N13: 83366.053 | O13: 93893.935
B14: Ancash | C14: 17682.75 | D14: 17602.578 | E14: 18002.854 | F14: 17748.41 | G14: 16438.866 | H14: 16920.76 | I14: 16803.235 | J14: 17356.2 | K14: 16635.391 | L14: 17456.03 | M14: 15271.472 | N14: 15748.708 | O14: 16106.879
B15: Lima | C15: 222553.22 | D15: 238192.7 | E15: 245490.76 | F15: 272993.69 | G15: 286718.55 | H15: 306876.43 | I15: 322678.19 | J15: 318262.99 | K15: 329310.99 | L15: 335970.26 | M15: 342845.88 | N15: 348518.32 | O15: 354147.66
B16: Ica | C16: 17112.11 | D16: 18625.81 | E16: 20790.216 | F16: 23872.31 | G16: 27722.692 | H16: 30277.949 | I16: 32108.637 | J16: 35908.755 | K16: 43360.882 | L16: 48045.77 | M16: 51005.309 | N16: 57139.068 | O16: 64978.931
B17: Huánuco | C17: 21337.78 | D17: 25714.99 | E17: 30706.749 | F17: 35192.767 | G17: 35814.143 | H17: 39412.897 | I17: 40474.307 | J17: 44517.438 | K17: 39186.597 | L17: 38575.563 | M17: 42249.304 | N17: 44955.493 | O17: 48243.402
B18: Pasco | C18: 18055.312 | D18: 18298.242 | E18: 18531.799 | F18: 18671.931 | G18: 18021.335 | H18: 18177.724 | I18: 18249.469 | J18: 25461.403 | K18: 24601.693 | L18: 24126.979 | M18: 26338.597 | N18: 25296.484 | O18: 32145.115
B19: Junín | C19: 18612 | D19: 19206 | E19: 20850.247 | F19: 23613.163 | G19: 27223.198 | H19: 31111.124 | I19: 39434.938 | J19: 42384.501 | K19: 46275.611 | L19: 46710.161 | M19: 47869.665 | N19: 51249.675 | O19: 52093.72
... B31: Madre de Dios | C31: 2190.9384 | D31: 2421.0372 | E31: 2827.8572 | F31: 3079.6855 | G31: 3053.572 | H31: 3062.935 | I31: 3726.2107 | J31: 4213.5802 | K31: 4839.3571 | L31: 4209.965 | M31: 3653.4651 | N31: 1808.0041 | O31: 1521.9268
A33: P Preliminar.
A34: Fuente:Direcciones Regionales de Agricultura.
A35: Elaboración: MInisterio de Agricultura y Riego-DGESEP-DEA.

Sheet C 20
A2: C. 20 PERÚ: PRECIO RECIBIDO POR EL PRODUCTOR DE LECHE FRESCA DE VACA SEGÚN REGIÓN, 2007-2017.
A3: (Soles x kg)
A5: Región | C5: 2005 | D5: 2006 | E5: 2007 | F5: 2008 | G5: 2009 | H5: 2010 | I5: 2011 | J5: 2012 | K5: 2013 | L5: 2014 | M5: 2015 | N5: 2016 | O5: 2017P
A6: PROMEDIO | C6: 0.83568316 | D6: 0.83917961 | E6: 0.83308646 | F6: 0.89383816 | G6: 0.94155388 | H6: 0.95290172 | I6: 0.9801401 | J6: 1.0356839 | K6: 1.1024145 | L6: 1.1467967 | M6: 1.1762441 | N6: 1.2048802 | O6: 1.2850422
B8: Tumbes | C8: 1.4084536 | D8: 1.4563107 | E8: 1.5617048 | F8: 1.5444854 | G8: 1.5339806 | H8: 1.2621359 | I8: 1.2533641 | J8: 1.2983838 | K8: 1.6122612 | L8: 1.7667714 | M8: 1.8650322 | N8: 1.8842275 | O8: 1.8053504
B9: Piura | C9: 1.0286708 | D9: 1.0493337 | E9: 1.0347085 | F9: 1.070899 | G9: 1.1779397 | H9: 1.0949447 | I9: 1.0469843 | J9: 1.2748003 | K9: 1.396145 | L9: 1.4555293 | M9: 1.4362906 | N9: 1.536979 | O9: 1.6240979
B10: Lambayeque | C10: 0.77254989 | D10: 0.7 | E10: 0.72998897 | F10: 0.89650008 | G10: 0.93700133 | H10: 0.94174757 | I10: 0.96320904 | J10: 1.0052556 | K10: 1.1600607 | L10: 1.3124319 | M10: 1.1890547 | N10: 1.2063066 | O10: 1.2217396
B11: La Libertad | C11: 0.87870564 | D11: 0.88954723 | E11: 0.82412725 | F11: 0.83894234 | G11: 0.82789995 | H11: 0.82407705 | I11: 0.83570594 | J11: 0.87687514 | K11: 1.1422408 | L11: 1.142292 | M11: 1.1368102 | N11: 1.1139581 | O11: 1.1507445
B12: Cajamarca | C12: 0.69405299 | D12: 0.70619139 | E12: 0.71400724 | F12: 0.74121859 | G12: 0.80633179 | H12: 0.79226865 | I12: 0.8394374 | J12: 0.8721743 | K12: 0.91068746 | L12: 0.96849014 | M12: 1.0241759 | N12: 1.0833498 | O12: 1.2393638
B13: Amazonas | C13: 0.92313343 | D13: 0.88957644 | E13: 0.85512241 | F13: 0.75244408 | G13: 0.79634744 | H13: 0.82354269 | I13: 0.99160397 | J13: 0.99029126 | K13: 1.0046057 | L13: 0.91519042 | M13: 0.96595268 | N13: 1.0430745 | O13: 1.1719323
B14: Ancash | C14: 1.0215709 | D14: 1.0773736 | E14: 1.0046911 | F14: 0.95675399 | G14: 0.98337491 | H14: 1.0098012 | I14: 1 | J14: 1.021569 | K14: 1.2376563 | L14: 1.0998743 | M14: 1.3615329 | N14: 1.4505056 | O14: 1.1907211
B15: Lima | C15: 0.89766999 | D15: 0.88604934 | E15: 0.86538781 | F15: 0.89637915 | G15: 0.94179751 | H15: 1.0103085 | I15: 1.0575673 | J15: 1.0855005 | K15: 1.1708162 | L15: 1.2180233 | M15: 1.2564762 | N15: 1.271085 | O15: 1.3439577
B16: Ica | C16: 0.92264687 | D16: 0.81368943 | E16: 0.73742327 | F16: 0.81067404 | G16: 0.88867405 | H16: 0.91791022 | I16: 0.89428171 | J16: 0.91170983 | K16: 1.05141 | L16: 1.04161 | M16: 1.090467 | N16: 1.1786348 | O16: 1.173382
B17: Huánuco | C17: 1.2862517 | D17: 1.2993283 | E17: 1.2772801 | F17: 1.2568244 | G17: 1.2609182 | H17: 1.2780864 | I17: 1.1330785 | J17: 1.1383351 | K17: 1.5704526 | L17: 1.4214253 | M17: 1.3314583 | N17: 1.4046756 | O17: 1.4527501
B18: Pasco | C18: 1.1919092 | D18: 0.84290906 | E18: 1.2351665 | F18: 1.0333095 | G18: 1.0679612 | H18: 1.0884153 | I18: 1.1069757 | J18: 1.1522408 | K18: 1.1939268 | L18: 1.1810167 | M18: 1.2543889 | N18: 1.2928401 | O18: 1.4215696
B19: Junín | C19: 0.93213296 | D19: 0.96121411 | E19: 0.98537076 | F19: 1.0512943 | G19: 1.1202705 | H19: 1.108799 | I19: 1.0958607 | J19: 1.1248016 | K19: 1.2199959 | L19: 1.2483623 | M19: 1.3057151 | N19: 1.2908102 | O19: 1.3866089
... B31: Madre de Dios | C31: 1.4115595 | D31: 1.412163 | E31: 1.3770253 | F31: 1.4978926 | G31: 1.5777788 | H31: 1.5578659 | I31: 1.4357768 | J31: 1.4461215 | K31: 1.6298992 | L31: 1.8131707 | M31: 1.5024555 | N31: 1.6160995 | O31: 1.579406
A33: P Preliminar.
A34: Fuente:Direcciones Regionales de Agricultura.
A35: Elaboración: MInisterio de Agricultura y Riego-DGESEP-DEA.

Sheet C 21
A2: C. 21 PERÚ: POBLACIÓN DE CAPRINOS SEGÚN REGIÓN, 2007-2017.
A3: (Unidades)
A5: Región | C5: 2005 | D5: 2006 | E5: 2007 | F5: 2008 | G5: 2009 | H5: 2010 | I5: 2011 | J5: 2012 | K5: 2013 | L5: 2014 | M5: 2015 | N5: 2016 | O5: 2017P
A6: TOTAL NACIONAL | C6: =(C8+C9+C10+C11+C12+C13+C14+C15+C16+C17+C18+C19+C20+C21+C22+C23+C24+C25+C26+C27+C28+C29+C30+C31) -> 1946984.2 | D6: =(D8+D9+D10+D11+D12+D13+D14+D15+D16+D17+D18+D19+D20+D21+D22+D23+D24+D25+D26+D27+D28+D29+D30+D31) -> 1930624.9 | E6: =(E8+E9+E10+E11+E12+E13+E14+E15+E16+E17+E18+E19+E20+E21+E22+E23+E24+E25+E26+E27+E28+E29+E30+E31) -> 1925912 | F6: =(F8+F9+F10+F11+F12+F13+F14+F15+F16+F17+F18+F19+F20+F21+F22+F23+F24+F25+F26+F27+F28+F29+F30+F31) -> 1904124 | G6: =(G8+G9+G10+G11+G12+G13+G14+G15+G16+G17+G18+G19+G20+G21+G22+G23+G24+G25+G26+G27+G28+G29+G30+G31) -> 1928677.6 | H6: =(H8+H9+H10+H11+H12+H13+H14+H15+H16+H17+H18+H19+H20+H21+H22+H23+H24+H25+H26+H27+H28+H29+H30+H31) -> 1968305.5 | I6: =(I8+I9+I10+I11+I12+I13+I14+I15+I16+I17+I18+I19+I20+I21+I22+I23+I24+I25+I26+I27+I28+I29+I30+I31) -> 1946117 | J6: =(J8+J9+J10+J11+J12+J13+J14+J15+J16+J17+J18+J19+J20+J21+J22+J23+J24+J25+J26+J27+J28+J29+J30+J31) -> 1949502 | ... O6: =(O8+O9+O10+O11+O12+O13+O14+O15+O16+O17+O18+O19+O20+O21+O22+O23+O24+O25+O26+O27+O28+O29+O30+O31) -> 1814359
B8: Tumbes | C8: 101220 | D8: 101000 | E8: 99100 | F8: 87027 | G8: 89050 | H8: 87290 | I8: 81400 | J8: 78900 | K8: 75000 | L8: 62600 | M8: 71620 | N8: 60648 | O8: 62430
B9: Piura | C9: 335100 | D9: 341333 | E9: 342698 | F9: 343180 | G9: 359416 | H9: 415459 | I9: 412459 | J9: 417121 | K9: 395220.88 | L9: 396861 | M9: 391887 | N9: 382544.75 | O9: 345496
B10: Lambayeque | C10: 60000 | D10: 72700 | E10: 66341 | F10: 74724 | G10: 78420 | H10: 75437 | I10: 77230 | J10: 78198 | K10: 78098 | L10: 75598 | M10: 77150 | N10: 83968 | O10: 91548
B11: La Libertad | C11: 130433 | D11: 130173 | E11: 130243 | F11: 130423 | G11: 130953 | H11: 131492 | I11: 131643 | J11: 131719 | K11: 128495 | L11: 116803 | M11: 103065 | N11: 100605 | O11: 98187
B12: Cajamarca | C12: 96690 | D12: 98238 | E12: 97950 | F12: 91315 | G12: 93900 | H12: 95518.2 | I12: 87325 | J12: 82835 | K12: 82206 | L12: 82910.375 | M12: 81616 | N12: 96193 | O12: 99202
B13: Amazonas | C13: 7205 | D13: 7800 | E13: 10218 | F13: 9850 | G13: 9900 | H13: 8252 | I13: 9006 | J13: 11206 | K13: 12106 | L13: 12310 | M13: 12327 | N13: 12572 | O13: 12640
B14: Ancash | C14: 190443 | D14: 182297 | E14: 178521 | F14: 183422 | G14: 176457.55 | H14: 175228.11 | I14: 167112 | J14: 166175 | K14: 168200 | L14: 170142.2 | M14: 169145 | N14: 170602.25 | O14: 169610
B15: Lima | C15: 183469 | D15: 187600 | E15: 186019 | F15: 187188 | G15: 188100 | H15: 186475.2 | I15: 189053 | J15: 187765 | K15: 180470 | L15: 184981.75 | M15: 185186 | N15: 175075 | O15: 167335
B16: Ica | C16: 65037.167 | D16: 66362.167 | E16: 68978 | F16: 68172 | G16: 67350 | H16: 67179.867 | I16: 66788 | J16: 67724 | K16: 72324 | L16: 76527 | M16: 80148.417 | N16: 78936 | O16: 78925
B17: Huánuco | C17: 72984 | D17: 79774 | E17: 78338 | F17: 81567 | G17: 80200 | H17: 78572.6 | I17: 85480 | J17: 97911 | K17: 101640 | L17: 101762 | M17: 102840 | N17: 102064 | O17: 102170
B18: Pasco | C18: 25049 | D18: 22586 | E18: 18694 | F18: 13049 | G18: 12271 | H18: 10520 | I18: 9471 | J18: 9626 | K18: 7543 | L18: 7547 | M18: 7168 | N18: 6810 | O18: 6173
B19: Junín | C19: 8980 | D19: 8909.7778 | E19: 8980 | F19: 8943.9766 | G19: 8860 | H19: 8034.7509 | I19: 7454 | J19: 9431 | K19: 10205 | L19: 9558 | M19: 9818 | N19: 10187 | O19: 10680
... B29: Loreto | C29: 0 | D29: 0 | E29: 0 | F29: 0 | G29: 0 | H29: 0 | I29: 0 | J29: 0 | K29: 0 | L29: 280 | M29: 310 | N29: 350 | O29: 360
B30: Ucayali | C30: 0 | D30: 0 | E30: 0 | F30: 0 | G30: 0 | H30: 0 | I30: 0 | J30: 0 | K30: 0 | L30: 0 | M30: 0
B31: Madre de Dios | C31: 0 | D31: 0 | E31: 0 | F31: 0 | G31: 0 | H31: 0 | I31: 0 | J31: 0 | K31: 0 | L31: 0 | M31: 0
A33: P Preliminar.
A34: Fuente:Direcciones Regionales de Agricultura.
A35: Elaboración: MInisterio de Agricultura y Riego-DGESEP-DEA.

Sheet C 22
A2: C. 22 PERÚ: PRODUCCIÓN DE CAPRINOS SEGÚN REGIÓN, 2007-2017.
A3: (Unidades)
A5: Región | C5: 2005 | D5: 2006 | E5: 2007 | F5: 2008 | G5: 2009 | H5: 2010 | I5: 2011 | J5: 2012 | K5: 2013 | L5: 2014 | M5: 2015 | N5: 2016 | O5: 2017P
A6: TOTAL NACIONAL | C6: =(C8+C9+C10+C11+C12+C13+C14+C15+C16+C17+C18+C19+C20+C21+C22+C23+C24+C25+C26+C27+C28+C29+C30+C31) -> 527096.3 | D6: =(D8+D9+D10+D11+D12+D13+D14+D15+D16+D17+D18+D19+D20+D21+D22+D23+D24+D25+D26+D27+D28+D29+D30+D31) -> 518662.97 | E6: =(E8+E9+E10+E11+E12+E13+E14+E15+E16+E17+E18+E19+E20+E21+E22+E23+E24+E25+E26+E27+E28+E29+E30+E31) -> 506927 | F6: =(F8+F9+F10+F11+F12+F13+F14+F15+F16+F17+F18+F19+F20+F21+F22+F23+F24+F25+F26+F27+F28+F29+F30+F31) -> 496705.92 | G6: =(G8+G9+G10+G11+G12+G13+G14+G15+G16+G17+G18+G19+G20+G21+G22+G23+G24+G25+G26+G27+G28+G29+G30+G31) -> 505880.15 | H6: =(H8+H9+H10+H11+H12+H13+H14+H15+H16+H17+H18+H19+H20+H21+H22+H23+H24+H25+H26+H27+H28+H29+H30+H31) -> 499447.5 | I6: =(I8+I9+I10+I11+I12+I13+I14+I15+I16+I17+I18+I19+I20+I21+I22+I23+I24+I25+I26+I27+I28+I29+I30+I31) -> 489915.18 | J6: =(J8+J9+J10+J11+J12+J13+J14+J15+J16+J17+J18+J19+J20+J21+J22+J23+J24+J25+J26+J27+J28+J29+J30+J31) -> 496625.69 | ... O6: =(O8+O9+O10+O11+O12+O13+O14+O15+O16+O17+O18+O19+O20+O21+O22+O23+O24+O25+O26+O27+O28+O29+O30+O31) -> 444799.26
B8: Tumbes | C8: 22914 | D8: 20617 | E8: 17664 | F8: 16080 | G8: 19470 | H8: 20921 | I8: 21074 | J8: 21403 | K8: 21022 | L8: 25563 | M8: 21596 | N8: 18127 | O8: 32867
B9: Piura | C9: 149460 | D9: 159867 | E9: 145635 | F9: 149857 | G9: 139553.26 | H9: 137022.5 | I9: 129182.31 | J9: 134567.69 | K9: 127786.55 | L9: 124724.62 | M9: 117178.17 | N9: 110964.48 | O9: 94622.264
B10: Lambayeque | C10: 41274 | D10: 38081 | E10: 38353 | F10: 32319 | G10: 39267 | H10: 34248 | I10: 32953 | J10: 24637 | K10: 24143 | L10: 26198.999 | M10: 20821 | N10: 19370 | O10: 30600
B11: La Libertad | C11: 41250 | D11: 42572 | E11: 42758 | F11: 43874 | G11: 44198 | H11: 44529 | I11: 44768 | J11: 44998 | K11: 45374 | L11: 45895 | M11: 47182 | N11: 47693 | O11: 37209
B12: Cajamarca | C12: 27525 | D12: 28734 | E12: 29177 | F12: 27350 | G12: 27705 | H12: 29810 | I12: 30573.9 | J12: 28576 | K12: 28313 | L12: 27139 | M12: 28125 | N12: 32585 | O12: 28609
B13: Amazonas | C13: 2346 | D13: 2380 | E13: 2699 | F13: 2298 | G13: 2738 | H13: 3728 | I13: 3946 | J13: 4013 | K13: 3917 | L13: 4230 | M13: 4631 | N13: 4630 | O13: 4507
B14: Ancash | C14: 19563 | D14: 19013.511 | E14: 16693 | F14: 16954.92 | G14: 13599.707 | H14: 15129 | I14: 13929.971 | J14: 14469 | K14: 14919 | L14: 14869.07 | M14: 16738.602 | N14: 20343.475 | O14: 20432
B15: Lima | C15: 55950.3 | D15: 54403 | E15: 53532 | F15: 53005 | G15: 53710 | H15: 52654 | I15: 55445 | J15: 57039 | K15: 59796 | L15: 60713 | M15: 56179 | N15: 52628 | O15: 48379
B16: Ica | C16: 17350 | D16: 17706 | E16: 17125 | F16: 16342 | G16: 15674 | H16: 15049 | I16: 14840 | J16: 15978 | K16: 16498 | L16: 17691 | M16: 16592 | N16: 16670 | O16: 14913
B17: Huánuco | C17: 15218 | D17: 16580 | E17: 19147 | F17: 20484 | G17: 24021 | H17: 23936 | I17: 22276 | J17: 22265 | K17: 23407 | L17: 25115 | M17: 23243 | N17: 24427 | O17: 26502
B18: Pasco | C18: 1054 | D18: 1389 | E18: 2906 | F18: 2403 | G18: 2225 | H18: 2348 | I18: 2561 | J18: 2932 | K18: 1867 | L18: 1771 | M18: 1485 | N18: 1281 | O18: 1189
B19: Junín | C19: 1420 | D19: 1280 | E19: 1373 | F19: 1501 | G19: 1351 | H19: 1619 | I19: 1894 | J19: 2373 | K19: 2418 | L19: 2938 | M19: 3651 | N19: 3905 | O19: 4659
... B31: Madre de Dios | C31: 0 | D31: 0 | E31: 0 | F31: 0 | G31: 0 | H31: 0 | I31: 0 | J31: 0 | K31: 0 | L31: 0 | M31: 0 | N31: 0 | O31: 0
A33: P Preliminar.
A34: Fuente:Direcciones Regionales de Agricultura.
A35: Elaboración: MInisterio de Agricultura y Riego-DGESEP-DEA.

Sheet C 23
A2: C. 23 PERÚ: PRODUCCIÓN DE CARNE DE CAPRINO SEGÚN REGIÓN, 2007-2017.
A3: (Toneladas)
A5: Región | C5: 2005 | D5: 2006 | E5: 2007 | F5: 2008 | G5: 2009 | H5: 2010 | I5: 2011 | J5: 2012 | K5: 2013 | L5: 2014 | M5: 2015 | N5: 2016 | O5: 2017P
A6: TOTAL NACIONAL | C6: =(C8+C9+C10+C11+C12+C13+C14+C15+C16+C17+C18+C19+C20+C21+C22+C23+C24+C25+C26+C27+C28+C29+C30+C31) -> 6617.9682 | D6: =(D8+D9+D10+D11+D12+D13+D14+D15+D16+D17+D18+D19+D20+D21+D22+D23+D24+D25+D26+D27+D28+D29+D30+D31) -> 6771.968 | E6: =(E8+E9+E10+E11+E12+E13+E14+E15+E16+E17+E18+E19+E20+E21+E22+E23+E24+E25+E26+E27+E28+E29+E30+E31) -> 6685.5586 | F6: =(F8+F9+F10+F11+F12+F13+F14+F15+F16+F17+F18+F19+F20+F21+F22+F23+F24+F25+F26+F27+F28+F29+F30+F31) -> 6419.3579 | G6: =(G8+G9+G10+G11+G12+G13+G14+G15+G16+G17+G18+G19+G20+G21+G22+G23+G24+G25+G26+G27+G28+G29+G30+G31) -> 6153.1452 | H6: =(H8+H9+H10+H11+H12+H13+H14+H15+H16+H17+H18+H19+H20+H21+H22+H23+H24+H25+H26+H27+H28+H29+H30+H31) -> 6131.0522 | I6: =(I8+I9+I10+I11+I12+I13+I14+I15+I16+I17+I18+I19+I20+I21+I22+I23+I24+I25+I26+I27+I28+I29+I30+I31) -> 6150.0225 | J6: =(J8+J9+J10+J11+J12+J13+J14+J15+J16+J17+J18+J19+J20+J21+J22+J23+J24+J25+J26+J27+J28+J29+J30+J31) -> 6246.7435 | ... O6: =(O8+O9+O10+O11+O12+O13+O14+O15+O16+O17+O18+O19+O20+O21+O22+O23+O24+O25+O26+O27+O28+O29+O30+O31) -> 5547.0975
B8: Tumbes | C8: 273.96 | D8: 261.02 | E8: 226.23 | F8: 215.0332 | G8: 260.2512 | H8: 282.588 | I8: 255.7372 | J8: 265.5496 | K8: 257.8584 | L8: 291.6068 | M8: 252.2792 | N8: 205.384 | O8: 378.4136
B9: Piura | C9: 1970 | D9: 2250 | E9: 2114 | F9: 2190 | G9: 1819.452 | H9: 1853.5428 | I9: 1833.405 | J9: 1923.4747 | K9: 1990.2354 | L9: 1894.8302 | M9: 1781.2122 | N9: 1665.5043 | O9: 1376.5339
B10: Lambayeque | C10: 569.247 | D10: 535.867 | E10: 564.401 | F10: 473.145 | G10: 481.407 | H10: 433.9568 | I10: 490.661 | J10: 384.307 | K10: 353.06 | L10: 365.20299 | M10: 309.9196 | N10: 385.125 | O10: 455.53059
B11: La Libertad | C11: 496.42284 | D11: 516.37 | E11: 519.3 | F11: 531.27391 | G11: 537.99 | H11: 542.52729 | I11: 545.58407 | J11: 548.40941 | K11: 553.72017 | L11: 560.47789 | M11: 572.85303 | N11: 579.34549 | O11: 506.56438
B12: Cajamarca | C12: 339.04546 | D12: 359.25523 | E12: 366.10571 | F12: 333.307 | G12: 332.977 | H12: 328.71084 | I12: 324.05176 | J12: 304.69273 | K12: 323.36882 | L12: 308.00696 | M12: 299.325 | N12: 327.84459 | O12: 233.79402
B13: Amazonas | C13: 27.223092 | D13: 27.087457 | E13: 31.666681 | F13: 24.508548 | G13: 28.725284 | H13: 38.719332 | I13: 40.3776 | J13: 46.1332 | K13: 45.1372 | L13: 53.7508 | M13: 58.6724 | N13: 58.4248 | O13: 56.8592
B14: Ancash | C14: 198.326 | D14: 207.39798 | E14: 171.16 | F14: 173.6 | G14: 139.71686 | H14: 155.24 | I14: 143.67214 | J14: 145.0352 | K14: 152.5062 | L14: 153.54 | M14: 173.99831 | N14: 210.45566 | O14: 213.5368
B15: Lima | C15: 785.0223 | D15: 769.0465 | E15: 755.2284 | F15: 743.492 | G15: 751.45931 | H15: 708.57885 | I15: 730.69025 | J15: 719.30853 | K15: 746.64772 | L15: 758.26714 | M15: 725.20222 | N15: 659.28753 | O15: 602.63478
B16: Ica | C16: 228.852 | D16: 234.854 | E16: 230.833 | F16: 202.808 | G16: 186.3132 | H16: 189.10748 | I16: 196.27416 | J16: 216.08724 | K16: 230.5292 | L16: 228.45004 | M16: 223.39692 | N16: 227.94696 | O16: 211.30357
B17: Huánuco | C17: 214.01 | D17: 232.831 | E17: 266.7928 | F17: 245.74864 | G17: 249.51672 | H17: 239.502 | I17: 220.9502 | J17: 210.6286 | K17: 213.1216 | L17: 231.927 | M17: 217.7296 | N17: 221.91853 | O17: 241.61996
B18: Pasco | C18: 11.46 | D18: 14.5307 | E18: 29.88 | F18: 25.063536 | G18: 21.052152 | H18: 22.579724 | I18: 26.875732 | J18: 32.696748 | K18: 21.0045 | L18: 19.564219 | M18: 17.93704 | N18: 13.639064 | O18: 13.546632
B19: Junín | C19: 14.1 | D19: 12.7 | E19: 13.71 | F19: 15.128 | G19: 14.43828 | H19: 17.6212 | I19: 20.508 | J19: 26.4952 | K19: 27.4392 | L19: 33.3872 | M19: 41.8556 | N19: 41.4964 | O19: 47.7388
... B31: Madre de Dios | C31: 0 | D31: 0 | E31: 0 | F31: 0 | G31: 0 | H31: 0 | I31: 0 | J31: 0 | K31: 0 | L31: 0 | M31: 0 | N31: 0 | O31: 0
A33: P Preliminar.
A34: Fuente:Direcciones Regionales de Agricultura.
A35: Elaboración: MInisterio de Agricultura y Riego-DGESEP-DEA.

Sheet C 24
A2: C. 24 PERÚ: PRECIO RECIBIDO POR EL PRODUCTOR DE CAPRINOS SEGÚN REGIÓN, 2007-2017.
A3: (Soles x kg)
A5: Región | C5: 2005 | D5: 2006 | E5: 2007 | F5: 2008 | G5: 2009 | H5: 2010 | I5: 2011 | J5: 2012 | K5: 2013 | L5: 2014 | M5: 2015 | N5: 2016 | O5: 2017P
A6: PROMEDIO | C6: 3.0527814 | D6: 3.0056297 | E6: 3.17 | F6: 3.411431 | G6: 3.6118512 | H6: 3.3797134 | I6: 3.5334883 | J6: 3.6803789 | K6: 3.9319271 | L6: 4.036546 | M6: 4.2775449 | N6: 4.6608521 | O6: 4.7411779
B8: Tumbes | C8: 3.0121003 | D8: 3.2537154 | E8: 3.1973951 | F8: 3.2181191 | G8: 3.3452827 | H8: 3.42 | I8: 3.4316786 | J8: 3.3758964 | K8: 3.5960588 | L8: 3.6323762 | M8: 4.4544651 | N8: 4.4545217 | O8: 4.4711057
B9: Piura | C9: 2.906868 | D9: 2.9504667 | E9: 3.2209224 | F9: 3.2980457 | G9: 3.4551701 | H9: 3.2697996 | I9: 3.4917591 | J9: 3.5161273 | K9: 3.6783909 | L9: 3.7347455 | M9: 3.9325182 | N9: 4.5281293 | O9: 4.7654694
B10: Lambayeque | C10: 3.6989407 | D10: 3.4860199 | E10: 3.7313493 | F10: 3.7703031 | G10: 3.6885711 | H10: 3.4687094 | I10: 3.4581584 | J10: 3.5544516 | K10: 3.7384892 | L10: 3.8985269 | M10: 3.9417063 | N10: 4.6635882 | O10: 4.826261
B11: La Libertad | C11: 3.0950352 | D11: 2.9489189 | E11: 3.2342714 | F11: 3.5569951 | G11: 3.6793836 | H11: 3.1559073 | I11: 3.158694 | J11: 3.6718082 | K11: 5.1117932 | L11: 5.1118982 | M11: 5.5946452 | N11: 5.4208733 | O11: 5.4311484
B12: Cajamarca | C12: 3.6406256 | D12: 3.5896597 | E12: 3.3348865 | F12: 3.5803815 | G12: 3.8441653 | H12: 3.2114291 | I12: 3.4642279 | J12: 3.5096686 | K12: 3.5451866 | L12: 4.3111813 | M12: 3.9100028 | N12: 3.9890463 | O12: 4.2471398
B13: Amazonas | C13: 3.3433137 | D13: 3.3909094 | E13: 3.6605375 | F13: 3.7729661 | G13: 3.8062683 | H13: 3.5469112 | I13: 3.2511624 | J13: 3.1835455 | K13: 3.3409265 | L13: 3.9178202 | M13: 4.0923437 | N13: 4.464402 | O13: 4.5506474
B14: Ancash | C14: 3.4928416 | D14: 3.3328938 | E14: 3.1452302 | F14: 3.7821492 | G14: 4.0079976 | H14: 3.1264385 | I14: 3.9562457 | J14: 3.6484336 | K14: 3.971433 | L14: 4.0208747 | M14: 4.1823095 | N14: 4.4557465 | O14: 4.2293392
B15: Lima | C15: 3.0455616 | D15: 3.1378565 | E15: 3.2397958 | F15: 3.8798903 | G15: 4.067446 | H15: 3.3417392 | I15: 3.4222733 | J15: 3.5409784 | K15: 3.6405481 | L15: 3.8207089 | M15: 4.3693289 | N15: 5.1958689 | O15: 5.3154266
B16: Ica | C16: 2.3722706 | D16: 2.5534666 | E16: 2.9837719 | F16: 3.1153201 | G16: 3.6848845 | H16: 3.7896189 | I16: 3.9629367 | J16: 4.4911037 | K16: 3.6171218 | L16: 4.6183438 | M16: 4.3724652 | N16: 4.7633577 | O16: 5.0793919
B17: Huánuco | C17: 2.8879207 | D17: 2.9001393 | E17: 2.9883385 | F17: 3.0716389 | G17: 3.7767134 | H17: 3.8752719 | I17: 4.0889846 | J17: 4.2288051 | K17: 5.1208851 | L17: 4.6015119 | M17: 4.8463012 | N17: 5.0828712 | O17: 4.7834315
B18: Pasco | C18: 2.1941536 | D18: 2.4998109 | E18: 2.8079769 | F18: 3.1373762 | G18: 3.7049106 | H18: 3.501658 | I18: 3.5933783 | J18: 4.0795965 | K18: 4.2454744 | L18: 4.1798259 | M18: 4.1177441 | N18: 3.976449 | O18: 4.0244646
B19: Junín | C19: 3.1264681 | D19: 3.1019521 | E19: 3.0700584 | F19: 3.351954 | G19: 3.7355563 | H19: 4.0320214 | I19: 3.8618266 | J19: 4.4419912 | K19: 4.3612846 | L19: 4.3542411 | M19: 4.704511 | N19: 4.9899939 | O19: 4.8232628
... B26: Cusco | C26: 2.8405108 | D26: 2.7084747 | E26: 3.0980104 | F26: 3.718507 | G26: 3.8407811 | H26: 3.5113578 | I26: 4.113947 | J26: 4.29241 | K26: 4.5513253 | L26: 4.0993186 | M26: 3.9852375 | N26: 4.9859285 | O26: 4.9479028
B27: Puno | C27: - | D27: - | E27: - | F27: - | G27: - | H27: - | I27: - | J27: - | K27: - | L27: - | M27: - | N27: - | O27: -
B28: San Martín | C28: - | D28: - | E28: - | F28: - | G28: - | H28: - | I28: - | J28: - | K28: - | L28: - | M28: - | N28: - | O28: -
B29: Loreto | C29: - | D29: - | E29: - | F29: - | G29: - | H29: - | I29: - | J29: - | K29: - | L29: - | M29: - | N29: - | O29: -
B30: Ucayali | C30: - | D30: - | E30: - | F30: - | G30: - | H30: - | I30: - | J30: - | K30: - | L30: - | M30: - | N30: - | O30: -
B31: Madre de Dios | C31: - | D31: - | E31: - | F31: - | G31: - | H31: - | I31: - | J31: - | K31: - | L31: - | M31: - | N31: - | O31: -
A33: P Preliminar.
A34: Fuente:Direcciones Regionales de Agricultura.
A35: Elaboración: MInisterio de Agricultura y Riego-DGESEP-DEA.

Sheet C 25
A2: C. 25 PERÚ: POBLACIÓN DE OVINOS SEGÚN REGIÓN, 2007-2017.
A3: (Unidades)
A5: Región | C5: 2005 | D5: 2006 | E5: 2007 | F5: 2008 | G5: 2009 | H5: 2010 | I5: 2011 | J5: 2012 | K5: 2013 | L5: 2014 | M5: 2015 | N5: 2016 | O5: 2017P
A6: TOTAL NACIONAL | C6: =(C8+C9+C10+C11+C12+C13+C14+C15+C16+C17+C18+C19+C20+C21+C22+C23+C24+C25+C26+C27+C28+C29+C30+C31) -> 14813786 | D6: =(D8+D9+D10+D11+D12+D13+D14+D15+D16+D17+D18+D19+D20+D21+D22+D23+D24+D25+D26+D27+D28+D29+D30+D31) -> 14675255 | E6: =(E8+E9+E10+E11+E12+E13+E14+E15+E16+E17+E18+E19+E20+E21+E22+E23+E24+E25+E26+E27+E28+E29+E30+E31) -> 14580166 | F6: =(F8+F9+F10+F11+F12+F13+F14+F15+F16+F17+F18+F19+F20+F21+F22+F23+F24+F25+F26+F27+F28+F29+F30+F31) -> 14509628 | G6: =(G8+G9+G10+G11+G12+G13+G14+G15+G16+G17+G18+G19+G20+G21+G22+G23+G24+G25+G26+G27+G28+G29+G30+G31) -> 14137690 | H6: =(H8+H9+H10+H11+H12+H13+H14+H15+H16+H17+H18+H19+H20+H21+H22+H23+H24+H25+H26+H27+H28+H29+H30+H31) -> 14159720 | I6: =(I8+I9+I10+I11+I12+I13+I14+I15+I16+I17+I18+I19+I20+I21+I22+I23+I24+I25+I26+I27+I28+I29+I30+I31) -> 14050173 | J6: =(J8+J9+J10+J11+J12+J13+J14+J15+J16+J17+J18+J19+J20+J21+J22+J23+J24+J25+J26+J27+J28+J29+J30+J31) -> 12184143 | ... O6: =(O8+O9+O10+O11+O12+O13+O14+O15+O16+O17+O18+O19+O20+O21+O22+O23+O24+O25+O26+O27+O28+O29+O30+O31) -> 11338424
B8: Tumbes | C8: 10010 | D8: 8700 | E8: 8750 | F8: 7352 | G8: 7460 | H8: 8230 | I8: 9430 | J8: 8950 | K8: 8700 | L8: 7410 | M8: 8468 | N8: 6290 | O8: 7580
B9: Piura | C9: 278876 | D9: 275000 | E9: 263896 | F9: 248203 | G9: 256829.82 | H9: 338970 | I9: 338701.59 | J9: 344798 | K9: 313119 | L9: 292109 | M9: 309339.4 | N9: 302540.29 | O9: 341213
B10: Lambayeque | C10: 72000 | D10: 70100 | E10: 77846 | F10: 95249 | G10: 93100 | H10: 87659 | I10: 86180 | J10: 77386 | K10: 85246 | L10: 84377.15 | M10: 84240 | N10: 82685 | O10: 68810
B11: La Libertad | C11: 402413 | D11: 420429 | E11: 413495 | F11: 412886 | G11: 412338 | H11: 412672 | I11: 412407 | J11: 402621 | K11: 356517 | L11: 365201 | M11: 356682 | N11: 357814 | O11: 356486
B12: Cajamarca | C12: 375069 | D12: 391715 | E12: 426561 | F12: 434653 | G12: 441100 | H12: 413819.2 | I12: 434278 | J12: 421175 | K12: 417560 | L12: 411297.28 | M12: 409942 | N12: 465641 | O12: 455566.8
B13: Amazonas | C13: 37993 | D13: 38000 | E13: 39571 | F13: 39215 | G13: 40120 | H13: 41072 | I13: 42510 | J13: 31131 | K13: 40939 | L13: 40606 | M13: 38822 | N13: 29054 | O13: 21743.726
B14: Ancash | C14: 847298 | D14: 807840 | E14: 793399 | F14: 814814 | G14: 806982 | H14: 814066.6 | I14: 808502 | J14: 650284 | K14: 640242 | L14: 602944 | M14: 694111 | N14: 672816.55 | O14: 672175.39
B15: Lima | C15: 352067 | D15: 340000 | E15: 324238 | F15: 310789 | G15: 309200 | H15: 312258.8 | I15: 330004 | J15: 321131 | K15: 319450 | L15: 327436.25 | M15: 342802 | N15: 319535 | O15: 305462
B16: Ica | C16: 20605.667 | D16: 21051.417 | E16: 21815 | F16: 23124 | G16: 22680 | H16: 21855.217 | I16: 23226 | J16: 27078 | K16: 28397 | L16: 25990 | M16: 26131.917 | N16: 28131 | O16: 29996
B17: Huánuco | C17: 1147657 | D17: 1170866 | E17: 1054504 | F17: 1021725 | G17: 998000 | H17: 987550.4 | I17: 839260 | J17: 702282 | K17: 760617 | L17: 761384 | M17: 759953 | N17: 634318 | O17: 529452.91
B18: Pasco | C18: 947800 | D18: 934944 | E18: 950105 | F18: 955224 | G18: 957700 | H18: 964060 | I18: 969245 | J18: 726314 | K18: 662425 | L18: 669260 | M18: 675939 | N18: 682688 | O18: 698536
B19: Junín | C19: 1214210 | D19: 1216000 | E19: 1214210 | F19: 1151903 | G19: 1160000 | H19: 1080265 | I19: 1020168 | J19: 1304933 | K19: 1358604 | L19: 1345874 | M19: 1416083 | N19: 1234318 | O19: 1478438
... B31: Madre de Dios | C31: 6112 | D31: 5901 | E31: 6245 | F31: 6585 | G31: 7067 | H31: 7231 | I31: 7750 | J31: 8490 | K31: 8765 | L31: 8742 | M31: 8670 | N31: 9103.5 | O31: 9558.675
A33: P Preliminar.
A34: Fuente:Direcciones Regionales de Agricultura.
A35: Elaboración: MInisterio de Agricultura y Riego-DGESEP-DEA.

Sheet C 26
A2: C. 26 PERÚ: PRODUCCIÓN DE OVINOS SEGÚN REGIÓN, 2007-2017.
A3: (Unidades)
A5: Región | C5: 2005 | D5: 2006 | E5: 2007 | F5: 2008 | G5: 2009 | H5: 2010 | I5: 2011 | J5: 2012 | K5: 2013 | L5: 2014 | M5: 2015 | N5: 2016 | O5: 2017P
A6: TOTAL NACIONAL | C6: =(C8+C9+C10+C11+C12+C13+C14+C15+C16+C17+C18+C19+C20+C21+C22+C23+C24+C25+C26+C27+C28+C29+C30+C31) -> 2685627 | D6: =(D8+D9+D10+D11+D12+D13+D14+D15+D16+D17+D18+D19+D20+D21+D22+D23+D24+D25+D26+D27+D28+D29+D30+D31) -> 2692775.8 | E6: =(E8+E9+E10+E11+E12+E13+E14+E15+E16+E17+E18+E19+E20+E21+E22+E23+E24+E25+E26+E27+E28+E29+E30+E31) -> 2681207.6 | F6: =(F8+F9+F10+F11+F12+F13+F14+F15+F16+F17+F18+F19+F20+F21+F22+F23+F24+F25+F26+F27+F28+F29+F30+F31) -> 2678240.6 | G6: =(G8+G9+G10+G11+G12+G13+G14+G15+G16+G17+G18+G19+G20+G21+G22+G23+G24+G25+G26+G27+G28+G29+G30+G31) -> 2753680.5 | H6: =(H8+H9+H10+H11+H12+H13+H14+H15+H16+H17+H18+H19+H20+H21+H22+H23+H24+H25+H26+H27+H28+H29+H30+H31) -> 2788507.3 | I6: =(I8+I9+I10+I11+I12+I13+I14+I15+I16+I17+I18+I19+I20+I21+I22+I23+I24+I25+I26+I27+I28+I29+I30+I31) -> 2844228.5 | J6: =(J8+J9+J10+J11+J12+J13+J14+J15+J16+J17+J18+J19+J20+J21+J22+J23+J24+J25+J26+J27+J28+J29+J30+J31) -> 2910165.9 | ... O6: =(O8+O9+O10+O11+O12+O13+O14+O15+O16+O17+O18+O19+O20+O21+O22+O23+O24+O25+O26+O27+O28+O29+O30+O31) -> 2699041.6
B8: Tumbes | C8: 2703 | D8: 3076 | E8: 3433 | F8: 4421 | G8: 6291 | H8: 6996 | I8: 7361 | J8: 7432 | K8: 7725 | L8: 8875 | M8: 7991 | N8: 1879 | O8: 3096
B9: Piura | C9: 52122 | D9: 43913 | E9: 44550 | F9: 46959 | G9: 54725.544 | H9: 65733.338 | I9: 79683.786 | J9: 95355.738 | K9: 72692.136 | L9: 72390.211 | M9: 85817.072 | N9: 99029.005 | O9: 115852.64
B10: Lambayeque | C10: 26905 | D10: 29137 | E10: 31065 | F10: 25846 | G10: 35149 | H10: 32645 | I10: 36796 | J10: 35311.12 | K10: 35422 | L10: 35542 | M10: 35260 | N10: 32775 | O10: 28880
B11: La Libertad | C11: 137393 | D11: 141565 | E11: 152225 | F11: 154640 | G11: 158275 | H11: 161162 | I11: 162672 | J11: 162879 | K11: 170126 | L11: 176679 | M11: 181041 | N11: 183692 | O11: 184002
B12: Cajamarca | C12: 108972 | D12: 113573 | E12: 121021 | F12: 112691 | G12: 117786 | H12: 125077 | I12: 124019 | J12: 119968 | K12: 135140 | L12: 135958 | M12: 125572 | N12: 114756 | O12: 102957
B13: Amazonas | C13: 5246 | D13: 5085 | E13: 4657 | F13: 4766 | G13: 5695 | H13: 6359 | I13: 5956 | J13: 5867 | K13: 5781 | L13: 5379 | M13: 4964 | N13: 3787 | O13: 3305
B14: Ancash | C14: 90154 | D14: 94658.722 | E14: 94585.871 | F14: 100636 | G14: 110962 | H14: 111240 | I14: 114955.71 | J14: 116067.68 | K14: 118808.66 | L14: 119287 | M14: 123463.96 | N14: 131064.58 | O14: 132418.92
B15: Lima | C15: 87092 | D15: 95279 | E15: 94118 | F15: 94240 | G15: 97188 | H15: 101604 | I15: 101333 | J15: 105155 | K15: 103765 | L15: 104922 | M15: 90814 | N15: 85474 | O15: 80867
B16: Ica | C16: 5864 | D16: 6126 | E16: 6424 | F16: 6911 | G16: 7141 | H16: 7031 | I16: 7376 | J16: 6206 | K16: 6540 | L16: 8272 | M16: 7686 | N16: 6486 | O16: 5024
B17: Huánuco | C17: 194639 | D17: 179809 | E17: 162883.72 | F17: 159205 | G17: 160629 | H17: 158801 | I17: 152512 | J17: 151092 | K17: 152415 | L17: 148519 | M17: 156605 | N17: 160596 | O17: 163418
B18: Pasco | C18: 135889 | D18: 136366.05 | E18: 150422 | F18: 177084 | G18: 170768 | H18: 157791 | I18: 165574 | J18: 149715.38 | K18: 150456 | L18: 125549.34 | M18: 117367 | N18: 97275 | O18: 99700
B19: Junín | C19: 210220 | D19: 204520 | E19: 207310 | F19: 177718.56 | G19: 188486 | H19: 197568 | I19: 207597 | J19: 216734 | K19: 232178 | L19: 242652 | M19: 274679 | N19: 281037 | O19: 304545
... B31: Madre de Dios | C31: 2331 | D31: 2059 | E31: 2146 | F31: 2867 | G31: 2997 | H31: 2839 | I31: 2988 | J31: 2712 | K31: 2919 | L31: 2907 | M31: 2518 | N31: 2524 | O31: 2349
A33: P Preliminar.
A34: Fuente:Direcciones Regionales de Agricultura.
A35: Elaboración: MInisterio de Agricultura y Riego-DGESEP-DEA.

Sheet C 27
A2: C. 27 PERÚ: PRODUCCIÓN DE CARNE DE OVINO SEGÚN REGIÓN, 2007-2017.
A3: (Toneladas)
A5: Región | C5: 2005 | D5: 2006 | E5: 2007 | F5: 2008 | G5: 2009 | H5: 2010 | I5: 2011 | J5: 2012 | K5: 2013 | L5: 2014 | M5: 2015 | N5: 2016 | O5: 2017P
A6: TOTAL NACIONAL | C6: =(C8+C9+C10+C11+C12+C13+C14+C15+C16+C17+C18+C19+C20+C21+C22+C23+C24+C25+C26+C27+C28+C29+C30+C31) -> 33685.997 | D6: =(D8+D9+D10+D11+D12+D13+D14+D15+D16+D17+D18+D19+D20+D21+D22+D23+D24+D25+D26+D27+D28+D29+D30+D31) -> 33903.631 | E6: =(E8+E9+E10+E11+E12+E13+E14+E15+E16+E17+E18+E19+E20+E21+E22+E23+E24+E25+E26+E27+E28+E29+E30+E31) -> 33838.989 | F6: =(F8+F9+F10+F11+F12+F13+F14+F15+F16+F17+F18+F19+F20+F21+F22+F23+F24+F25+F26+F27+F28+F29+F30+F31) -> 33349.534 | G6: =(G8+G9+G10+G11+G12+G13+G14+G15+G16+G17+G18+G19+G20+G21+G22+G23+G24+G25+G26+G27+G28+G29+G30+G31) -> 33458.078 | H6: =(H8+H9+H10+H11+H12+H13+H14+H15+H16+H17+H18+H19+H20+H21+H22+H23+H24+H25+H26+H27+H28+H29+H30+H31) -> 33669.167 | I6: =(I8+I9+I10+I11+I12+I13+I14+I15+I16+I17+I18+I19+I20+I21+I22+I23+I24+I25+I26+I27+I28+I29+I30+I31) -> 34255.797 | J6: =(J8+J9+J10+J11+J12+J13+J14+J15+J16+J17+J18+J19+J20+J21+J22+J23+J24+J25+J26+J27+J28+J29+J30+J31) -> 35304.479 | ... O6: =(O8+O9+O10+O11+O12+O13+O14+O15+O16+O17+O18+O19+O20+O21+O22+O23+O24+O25+O26+O27+O28+O29+O30+O31) -> 33448.792
B8: Tumbes | C8: 37.01 | D8: 42.54 | E8: 48.83 | F8: 56.672 | G8: 78.7896 | H8: 96.4796 | I8: 101.138 | J8: 95.2404 | K8: 97.8944 | L8: 102.216 | M8: 95.6244 | N8: 21.274 | O8: 36.9308
B9: Piura | C9: 717 | D9: 650 | E9: 641 | F9: 669 | G9: 715.73704 | H9: 756.28347 | I9: 899.70356 | J9: 1309.4427 | K9: 1256.6813 | L9: 1091.5047 | M9: 1221.6728 | N9: 1205.4805 | O9: 1359.7008
B10: Lambayeque | C10: 389.824 | D10: 411.065 | E10: 464.067 | F10: 392.496 | G10: 439.347 | H10: 397.924 | I10: 454.457 | J10: 552.786 | K10: 583.164 | L10: 605.333 | M10: 577.3801 | N10: 641.4857 | O10: 539.00879
B11: La Libertad | C11: 1792.6316 | D11: 1846.4882 | E11: 1993.9 | F11: 2022.618 | G11: 2075.15 | H11: 2110.5774 | I11: 2131.7904 | J11: 2135.3573 | K11: 2231.4436 | L11: 2316.3552 | M11: 2369.6116 | N11: 2406.3897 | O11: 2413.3136
B12: Cajamarca | C12: 1511.2577 | D12: 1596.5757 | E12: 1708.6684 | F12: 1545.9249 | G12: 1618.1974 | H12: 1630.6249 | I12: 1601.2167 | J12: 1546.5444 | K12: 1771.3546 | L12: 1834.3838 | M12: 1555.7068 | N12: 1467.0692 | O12: 1219.3389
B13: Amazonas | C13: 68.799531 | D13: 68.44585 | E13: 60.24754 | F13: 57.7857 | G13: 71.8462 | H13: 79.845288 | I13: 77.7436 | J13: 87.7824 | K13: 86.9144 | L13: 81.6072 | M13: 76.1696 | N13: 57.2568 | O13: 50.5768
B14: Ancash | C14: 948.204 | D14: 985.73956 | E14: 985.17 | F14: 1048.09 | G14: 1155.3932 | H14: 1158.19 | I14: 1197.1735 | J14: 1210.2002 | K14: 1228.0951 | L14: 1242.339 | M14: 1303.7435 | N14: 1365.1771 | O14: 1375.9864
B15: Lima | C15: 1149.251 | D15: 1243.9006 | E15: 1229.846 | F15: 1220.3922 | G15: 1287.1309 | H15: 1320.5667 | I15: 1355.358 | J15: 1371.4491 | K15: 1327.3642 | L15: 1308.249 | M15: 1110.0266 | N15: 1036.3321 | O15: 976.16657
B16: Ica | C16: 68.9806 | D16: 70.3848 | E16: 72.989 | F16: 72.335432 | G16: 72.9152 | H16: 83.747124 | I16: 89.35148 | J16: 75.39924 | K16: 79.774224 | L16: 91.131192 | M16: 89.851348 | N16: 80.222764 | O16: 61.184412
B17: Huánuco | C17: 2503.93 | D17: 2335.767 | E17: 2095.13 | F17: 1928.2025 | G17: 1809.6514 | H17: 1706.5294 | I17: 1466.0259 | J17: 1454.0984 | K17: 1528.0591 | L17: 1477.6237 | M17: 1629.004 | N17: 1692.7501 | O17: 1751.3514
B18: Pasco | C18: 1743.9 | D18: 1783.9216 | E18: 1886.731 | F18: 2261.9205 | G18: 2064.2014 | H18: 1858.5229 | I18: 2101.4556 | J18: 1896.5439 | K18: 1900.6336 | L18: 1693.2446 | M18: 1560.0291 | N18: 1306.7075 | O18: 1381.4251
B19: Junín | C19: 2596.9 | D19: 2575 | E19: 2639.5751 | F19: 2306.729 | G19: 2012.8612 | H19: 2113.4032 | I19: 2224.2648 | J19: 2327.2492 | K19: 2526.3044 | L19: 2604.5578 | M19: 2963.6044 | N19: 2951.1952 | O19: 3300.2152
... B31: Madre de Dios | C31: 41.017 | D31: 36.324 | E31: 38.493 | F31: 50.724 | G31: 54.274 | H31: 49.7 | I31: 53.56 | J31: 49.92 | K31: 48.992 | L31: 51.954 | M31: 42.2744 | N31: 44.96 | O31: 45.673
A33: P Preliminar.
A34: Fuente:Direcciones Regionales de Agricultura.
A35: Elaboración: MInisterio de Agricultura y Riego-DGESEP-DEA.

Sheet C 28
A2: C. 28 PERÚ: PRECIO RECIBIDO POR EL PRODUCTOR DE OVINOS SEGÚN REGIÓN, 2007-2017.
A3: (Soles x kg)
A5: Región | C5: 2005 | D5: 2006 | E5: 2007 | F5: 2008 | G5: 2009 | H5: 2010 | I5: 2011 | J5: 2012 | K5: 2013 | L5: 2014 | M5: 2015 | N5: 2016 | O5: 2017P
A6: PROMEDIO | C6: 3.312026 | D6: 3.3163458 | E6: 3.49 | F6: 3.8992811 | G6: 4.1349622 | H6: 4.4611749 | I6: 4.5239693 | J6: 4.8957108 | K6: 5.0375223 | L6: 5.7295517 | M6: 5.7946741 | N6: 5.906834 | O6: 5.595888
B8: Tumbes | C8: 4.0125399 | D8: 3.6826563 | E8: 3.7305427 | F8: 3.7569765 | G8: 3.8504778 | H8: 3.5530042 | I8: 4.007228 | J8: 4.0092368 | K8: 4.5379871 | L8: 4.5131718 | M8: 5.6198222 | N8: 5.4967018 | O8: 5.488845
B9: Piura | C9: 2.994477 | D9: 3.0661846 | E9: 3.315975 | F9: 3.8690732 | G9: 4.0979472 | H9: 4.2333903 | I9: 4.1446461 | J9: 4.178273 | K9: 4.2483495 | L9: 4.4487681 | M9: 5.3912437 | N9: 5.804462 | O9: 5.6782462
B10: Lambayeque | C10: 3.4409092 | D10: 3.2744785 | E10: 3.641338 | F10: 3.829727 | G10: 4.2128218 | H10: 4.1671671 | I10: 4.1546306 | J10: 4.3465934 | K10: 4.4594812 | L10: 4.8603693 | M10: 5.3084743 | N10: 5.8057566 | O10: 5.7838583
B11: La Libertad | C11: 3.3639654 | D11: 3.4270413 | E11: 3.6452855 | F11: 3.8962754 | G11: 3.7206535 | H11: 3.2386815 | I11: 4.0039558 | J11: 4.6180992 | K11: 4.9091808 | L11: 4.9091884 | M11: 5.0505134 | N11: 5.3037068 | O11: 5.5454229
B12: Cajamarca | C12: 3.9003874 | D12: 3.6330583 | E12: 3.5330212 | F12: 3.8732083 | G12: 3.9609193 | H12: 3.9430551 | I12: 4.0795276 | J12: 4.5902298 | K12: 4.6436956 | L12: 4.9006902 | M12: 4.9395355 | N12: 4.9429702 | O12: 4.8504407
B13: Amazonas | C13: 3.8724316 | D13: 3.8092034 | E13: 3.745945 | F13: 3.6696874 | G13: 3.9779953 | H13: 4.0559705 | I13: 4.5978468 | J13: 4.4018381 | K13: 4.3592649 | L13: 6.4201345 | M13: 5.399671 | N13: 5.4851977 | O13: 5.4704117
B14: Ancash | C14: 3.3234486 | D14: 3.7527699 | E14: 4.0250379 | F14: 4.3231648 | G14: 4.1444361 | H14: 3.6599091 | I14: 3.7835664 | J14: 4.6572371 | K14: 4.9669145 | L14: 4.7133713 | M14: 4.8124738 | N14: 4.9399148 | O14: 4.7778512
B15: Lima | C15: 3.4273701 | D15: 3.4865229 | E15: 3.3974025 | F15: 4.1122489 | G15: 4.4107844 | H15: 3.8041035 | I15: 4.72645 | J15: 3.9880683 | K15: 4.3156553 | L15: 4.3355707 | M15: 4.8825497 | N15: 5.5342937 | O15: 5.7619891
B16: Ica | C16: 2.4419345 | D16: 2.5629518 | E16: 2.9326223 | F16: 3.3606129 | G16: 3.9980563 | H16: 4.2660862 | I16: 4.4587134 | J16: 4.7936468 | K16: 5.4175797 | L16: 5.7004608 | M16: 5.4301594 | N16: 4.9606162 | O16: 5.2664385
B17: Huánuco | C17: 3.4711891 | D17: 3.4906775 | E17: 3.5318034 | F17: 3.6400749 | G17: 4.7121003 | H17: 3.8147683 | I17: 4.6566665 | J17: 4.5966197 | K17: 4.5907673 | L17: 4.7089292 | M17: 5.5877873 | N17: 5.4967189 | O17: 5.4494513
B18: Pasco | C18: 2.8743274 | D18: 2.9414131 | E18: 3.4139652 | F18: 3.9398594 | G18: 3.9655264 | H18: 4.1392327 | I18: 4.9375047 | J18: 5.3664098 | K18: 4.4611734 | L18: 5.727899 | M18: 6.0945194 | N18: 5.6622076 | O18: 5.4812727
B19: Junín | C19: 3.5223293 | D19: 3.4802316 | E19: 3.432686 | F19: 4.4304592 | G19: 4.1875126 | H19: 4.8454357 | I19: 5.0555858 | J19: 5.8430727 | K19: 5.622278 | L19: 5.8816012 | M19: 6.3043721 | N19: 6.5307685 | O19: 6.4685742
... B31: Madre de Dios | C31: 4.021171 | D31: 3.9069477 | E31: 3.8359899 | F31: 3.8663577 | G31: 4.0432542 | H31: 4.2025734 | I31: 5.0260417 | J31: 5.1385841 | K31: 4.908978 | L31: 5.4162013 | M31: 4.8994957 | N31: 5.0327627 | O31: 5.4684451
A33: P Preliminar.
A34: Fuente:Direcciones Regionales de Agricultura.
A35: Elaboración: MInisterio de Agricultura y Riego-DGESEP-DEA.

Sheet C 29
A2: C. 29 PERÚ: OVINOS ESQUILADOS SEGÚN REGIÓN, 2007-2017.
A3: (Unidades)
A5: Región | C5: 2005 | D5: 2006 | E5: 2007 | F5: 2008 | G5: 2009 | H5: 2010 | I5: 2011 | J5: 2012 | K5: 2013 | L5: 2014 | M5: 2015 | N5: 2016 | O5: 2017P
A6: TOTAL NACIONAL | C6: =(C8+C9+C10+C11+C12+C13+C14+C15+C16+C17+C18+C19+C20+C21+C22+C23+C24+C25+C26+C27+C28+C29+C30+C31) -> 6333239.8 | D6: =(D8+D9+D10+D11+D12+D13+D14+D15+D16+D17+D18+D19+D20+D21+D22+D23+D24+D25+D26+D27+D28+D29+D30+D31) -> 6054838.6 | E6: =(E8+E9+E10+E11+E12+E13+E14+E15+E16+E17+E18+E19+E20+E21+E22+E23+E24+E25+E26+E27+E28+E29+E30+E31) -> 6468169 | F6: =(F8+F9+F10+F11+F12+F13+F14+F15+F16+F17+F18+F19+F20+F21+F22+F23+F24+F25+F26+F27+F28+F29+F30+F31) -> 5869896 | G6: =(G8+G9+G10+G11+G12+G13+G14+G15+G16+G17+G18+G19+G20+G21+G22+G23+G24+G25+G26+G27+G28+G29+G30+G31) -> 6035367 | H6: =(H8+H9+H10+H11+H12+H13+H14+H15+H16+H17+H18+H19+H20+H21+H22+H23+H24+H25+H26+H27+H28+H29+H30+H31) -> 6004149.1 | I6: =(I8+I9+I10+I11+I12+I13+I14+I15+I16+I17+I18+I19+I20+I21+I22+I23+I24+I25+I26+I27+I28+I29+I30+I31) -> 5985892.7 | J6: =(J8+J9+J10+J11+J12+J13+J14+J15+J16+J17+J18+J19+J20+J21+J22+J23+J24+J25+J26+J27+J28+J29+J30+J31) -> 6618656.4 | ... O6: =(O8+O9+O10+O11+O12+O13+O14+O15+O16+O17+O18+O19+O20+O21+O22+O23+O24+O25+O26+O27+O28+O29+O30+O31) -> 4574331.2
B8: Tumbes | C8: 0 | D8: 0 | E8: 0 | F8: 0 | G8: 0 | H8: 0 | I8: 0 | J8: 0 | K8: 0 | L8: 0 | M8: 0 | N8: 0 | O8: 0
B9: Piura | C9: 0 | D9: 0 | E9: 0 | F9: 0 | G9: 0 | H9: 107736.11 | I9: 97404.026 | J9: 53488.449 | K9: 29540.57 | L9: 29536.692 | M9: 40323.812 | N9: 40650.626 | O9: 33100.433
B10: Lambayeque | C10: 0 | D10: 0 | E10: 0 | F10: 0 | G10: 0 | H10: 0 | I10: 0 | J10: 0 | K10: 0 | L10: 0 | M10: 0 | N10: 0 | O10: 0
B11: La Libertad | C11: 281747.8 | D11: 286802 | E11: 279649 | F11: 283207 | G11: 283873 | H11: 289844 | I11: 290743 | J11: 292769 | K11: 291404 | L11: 291951 | M11: 260787 | N11: 245858 | O11: 245396
B12: Cajamarca | C12: 215929 | D12: 210011 | E12: 211100 | F12: 177507 | G12: 130630 | H12: 96513 | I12: 119101 | J12: 156318 | K12: 168682 | L12: 142168 | M12: 156231 | N12: 220329 | O12: 219313
B13: Amazonas | C13: 16207 | D13: 16604.58 | E13: 20165 | F13: 7590 | G13: 18463 | H13: 18399 | I13: 12411 | J13: 16445 | K13: 15240 | L13: 15696 | M13: 11420 | N13: 6911 | O13: 6474
B14: Ancash | C14: 48636 | D14: 44644 | E14: 36892 | F14: 34713 | G14: 7537 | H14: 7597 | I14: 38529 | J14: 13552 | K14: 5569 | L14: 4170 | M14: 9018 | N14: 11954 | O14: 7689
B15: Lima | C15: 51382 | D15: 53479 | E15: 69851 | F15: 68198 | G15: 83497 | H15: 79799 | I15: 78888 | J15: 71441 | K15: 48546.74 | L15: 82241.84 | M15: 92565.27 | N15: 111904.65 | O15: 69508
B16: Ica | C16: 0 | D16: 0 | E16: 0 | F16: 0 | G16: 0 | H16: 0 | I16: 0 | J16: 0 | K16: 0 | L16: 0 | M16: 0 | N16: 0 | O16: 0
B17: Huánuco | C17: 373540 | D17: 283894 | E17: 207959 | F17: 140552 | G17: 142079 | H17: 121870 | I17: 62310 | J17: 146950 | K17: 221464 | L17: 214127 | M17: 193576 | N17: 173587 | O17: 164539
B18: Pasco | C18: 522839 | D18: 559070 | E18: 561105 | F18: 565575 | G18: 569138 | H18: 676896 | I18: 493851.64 | J18: 660319 | K18: 609890 | L18: 402146 | M18: 420519 | N18: 333733 | O18: 349285
B19: Junín | C19: 601360 | D19: 609680 | E19: 439697 | F19: 510031 | G19: 621210.7 | H19: 645082 | I19: 635182 | J19: 687908 | K19: 666029 | L19: 691762 | M19: 714025 | N19: 744843 | O19: 789102
... B31: Madre de Dios | C31: 0 | D31: 0 | E31: 0 | F31: 0 | G31: 0 | H31: 0 | I31: 0 | J31: 0 | K31: 0 | L31: 0 | M31: 0 | N31: 0 | O31: 0
A33: P Preliminar.
A34: Fuente:Direcciones Regionales de Agricultura.
A35: Elaboración: MInisterio de Agricultura y Riego-DGESEP-DEA.

Sheet C 30
A2: C. 30 PERÚ: PRODUCCIÓN DE LANA DE OVINO SEGÚN REGIÓN, 2007-2017.
A3: (Toneladas)
A5: Región | C5: 2005 | D5: 2006 | E5: 2007 | F5: 2008 | G5: 2009 | H5: 2010 | I5: 2011 | J5: 2012 | K5: 2013 | L5: 2014 | M5: 2015 | N5: 2016 | O5: 2017P
A6: TOTAL NACIONAL | C6: =(C8+C9+C10+C11+C12+C13+C14+C15+C16+C17+C18+C19+C20+C21+C22+C23+C24+C25+C26+C27+C28+C29+C30+C31) -> 10911.878 | D6: =(D8+D9+D10+D11+D12+D13+D14+D15+D16+D17+D18+D19+D20+D21+D22+D23+D24+D25+D26+D27+D28+D29+D30+D31) -> 10374.241 | E6: =(E8+E9+E10+E11+E12+E13+E14+E15+E16+E17+E18+E19+E20+E21+E22+E23+E24+E25+E26+E27+E28+E29+E30+E31) -> 10894.517 | F6: =(F8+F9+F10+F11+F12+F13+F14+F15+F16+F17+F18+F19+F20+F21+F22+F23+F24+F25+F26+F27+F28+F29+F30+F31) -> 10085.339 | G6: =(G8+G9+G10+G11+G12+G13+G14+G15+G16+G17+G18+G19+G20+G21+G22+G23+G24+G25+G26+G27+G28+G29+G30+G31) -> 10279.006 | H6: =(H8+H9+H10+H11+H12+H13+H14+H15+H16+H17+H18+H19+H20+H21+H22+H23+H24+H25+H26+H27+H28+H29+H30+H31) -> 10218.059 | I6: =(I8+I9+I10+I11+I12+I13+I14+I15+I16+I17+I18+I19+I20+I21+I22+I23+I24+I25+I26+I27+I28+I29+I30+I31) -> 10291.861 | J6: =(J8+J9+J10+J11+J12+J13+J14+J15+J16+J17+J18+J19+J20+J21+J22+J23+J24+J25+J26+J27+J28+J29+J30+J31) -> 11029.406 | ... O6: =(O8+O9+O10+O11+O12+O13+O14+O15+O16+O17+O18+O19+O20+O21+O22+O23+O24+O25+O26+O27+O28+O29+O30+O31) -> 8138.3729
B8: Tumbes | C8: 0 | D8: 0 | E8: 0 | F8: 0 | G8: 0 | H8: 0 | I8: 0 | J8: 0 | K8: 0 | L8: 0 | M8: 0 | N8: 0 | O8: 0
B9: Piura | C9: 0 | D9: 0 | E9: 0 | F9: 0 | G9: 0 | H9: 113.66792 | I9: 115.50878 | J9: 56.98603 | K9: 44.933925 | L9: 44.305038 | M9: 60.485719 | N9: 60.975939 | O9: 49.650649
B10: Lambayeque | C10: 0 | D10: 0 | E10: 0 | F10: 0 | G10: 0 | H10: 0 | I10: 0 | J10: 0 | K10: 0 | L10: 0 | M10: 0 | N10: 0 | O10: 0
B11: La Libertad | C11: 639.51675 | D11: 685.7715 | E11: 688.73194 | F11: 687.51047 | G11: 703.297 | H11: 708.56772 | I11: 720.77458 | J11: 733.09729 | K11: 731.50991 | L11: 734.98707 | M11: 690.14208 | N11: 706.02899 | O11: 706.45373
B12: Cajamarca | C12: 334.52235 | D12: 330.284 | E12: 324.3486 | F12: 301.79692 | G12: 213.32215 | H12: 141.82258 | I12: 188.73519 | J12: 227.68032 | K12: 252.9565 | L12: 193.64847 | M12: 211.85549 | N12: 191.60363 | O12: 442.54248
B13: Amazonas | C13: 19.82988 | D13: 23.11986 | E13: 28.89066 | F13: 7.2301451 | G13: 18.608931 | H13: 18.25105 | I13: 10.374286 | J13: 10.603354 | K13: 9.5532696 | L13: 9.8571816 | M13: 7.1738473 | N13: 4.34322 | O13: 4.0651632
B14: Ancash | C14: 62.673 | D14: 56.8522 | E14: 46.68 | F14: 43.51 | G14: 9.5 | H14: 9.59 | I14: 48.92 | J14: 16.81 | K14: 6.98 | L14: 5.2 | M14: 11.14 | N14: 14.87 | O14: 9.58
B15: Lima | C15: 56.56 | D15: 60.169 | E15: 83.13 | F15: 77.228 | G15: 86.64 | H15: 82.05103 | I15: 122.437 | J15: 123.27302 | K15: 58.845044 | L15: 96.696756 | M15: 107.26982 | N15: 135.0179 | O15: 96.149007
B16: Ica | C16: 0 | D16: 0 | E16: 0 | F16: 0 | G16: 0 | H16: 0 | I16: 0 | J16: 0 | K16: 0 | L16: 0 | M16: 0 | N16: 0 | O16: 0
B17: Huánuco | C17: 666.48 | D17: 496.27225 | E17: 361.6301 | F17: 236.65986 | G17: 250.87718 | H17: 180.65618 | I17: 96.813209 | J17: 191.07782 | K17: 341.80039 | L17: 277.69131 | M17: 277.64128 | N17: 214.00304 | O17: 245.30189
B18: Pasco | C18: 1129.74 | D18: 1203.5103 | E18: 1157.168 | F18: 1210.823 | G18: 1161.7805 | H18: 1311.207 | I18: 894.66963 | J18: 1164.8677 | K18: 1071.2893 | L18: 723.65843 | M18: 777.97118 | N18: 600.49935 | O18: 658.94914
B19: Junín | C19: 942.9 | D19: 971 | E19: 730.36 | F19: 872.444 | G19: 1048.1487 | H19: 1104.4387 | I19: 1097.0611 | J19: 1110.0735 | K19: 1051.8213 | L19: 1154.0246 | M19: 1179.1232 | N19: 1207.6397 | O19: 1260.0033
... B31: Madre de Dios | C31: 0 | D31: 0 | E31: 0 | F31: 0 | G31: 0 | H31: 0 | I31: 0 | J31: 0 | K31: 0 | L31: 0 | M31: 0 | N31: 0 | O31: 0
A33: P Preliminar.
A34: Fuente:Direcciones Regionales de Agricultura.
A35: Elaboración: MInisterio de Agricultura y Riego-DGESEP-DEA.

Sheet C 31
A2: C. 31 PERÚ: PRECIO RECIBIDO POR EL PRODUCTOR DE LANA DE OVINO SEGÚN REGIÓN, 2007-2017.
A3: (Soles x kg)
A5: Región | C5: 2005 | D5: 2006 | E5: 2007 | F5: 2008 | G5: 2009 | H5: 2010 | I5: 2011 | J5: 2012 | K5: 2013 | L5: 2014 | M5: 2015 | N5: 2016 | O5: 2017P
A6: PROMEDIO | C6: 3.7748344 | D6: 3.7918982 | E6: 4.3267108 | F6: 4.5882673 | G6: 4.0316957 | H6: 4.4841914 | I6: 4.8797554 | J6: 5.1594769 | K6: 5.6246122 | L6: 5.509879 | M6: 5.4490237 | N6: 5.8412065 | O6: 6.1803372
B8: Tumbes | C8: - | D8: - | E8: - | F8: - | G8: - | H8: - | I8: - | J8: - | K8: - | L8: - | M8: - | N8: - | O8: -
B9: Piura | C9: - | D9: - | E9: - | F9: - | G9: - | H9: 5.3449063 | I9: 5.6154593 | J9: 6.365654 | K9: 7.2843355 | L9: 6.2264535 | M9: 6.7936652 | N9: 6.8284768 | O9: 7.4472757
B10: Lambayeque | C10: - | D10: - | E10: - | F10: - | G10: - | H10: - | I10: - | J10: - | K10: - | L10: - | M10: - | N10: - | O10: -
B11: La Libertad | C11: 7.3509934 | D11: 5.2975931 | E11: 5.0792572 | F11: 6.4467939 | G11: 4.6974413 | H11: 4.8963755 | I11: 7.5048101 | J11: 7.3078033 | K11: 7.6330774 | L11: 7.6264761 | M11: 7.4112586 | N11: 7.4202873 | O11: 7.4178261
B12: Cajamarca | C12: 4.9799708 | D12: 5.8273576 | E12: 7.0192937 | F12: 6.0706142 | G12: 6.0711653 | H12: 5.5394638 | I12: 6.2188671 | J12: 4.0592757 | K12: 6.9161897 | L12: 7.4807516 | M12: 6.8935619 | N12: 6.7865988 | O12: 7.0205386
B13: Amazonas | C13: 4.8494944 | D13: 3.3080033 | E13: 8.5328494 | F13: 4.4533983 | G13: 6.5595281 | H13: 5.143489 | I13: 6.6649274 | J13: 6.6939422 | K13: 6.4805291 | L13: 7.0083379 | M13: 6.7697923 | N13: 6.2615347 | O13: 6.8793651
B14: Ancash | C14: 3.3112583 | D14: 3.3893237 | E14: 3.6411829 | F14: 4.6455789 | G14: 4.5439758 | H14: 5.6597771 | I14: 7.0074402 | J14: 6.1227746 | K14: 6.6606261 | L14: 6.791603 | M14: 6.7422054 | N14: 6.4839202 | O14: 6.298534
B15: Lima | C15: 3.3003144 | D15: 3.2813158 | E15: 3.8067321 | F15: 4.1149963 | G15: 4.5411833 | H15: 3.8764928 | I15: 5.6606502 | J15: 5.8317565 | K15: 6.7865215 | L15: 5.562407 | M15: 7.0596886 | N15: 7.2312324 | O15: 6.8447347
B16: Ica | C16: - | D16: - | E16: - | F16: - | G16: - | H16: - | I16: - | J16: - | K16: - | L16: - | M16: - | N16: - | O16: -
B17: Huánuco | C17: 3.5320088 | D17: 3.4408019 | E17: 3.5470158 | F17: 3.5826259 | G17: 3.7706971 | H17: 4.3891249 | I17: 4.755599 | J17: 4.9692484 | K17: 6.3210379 | L17: 5.2342502 | M17: 5.8666925 | N17: 6.5240238 | O17: 6.7142186
B18: Pasco | C18: 3.940292 | D18: 3.304399 | E18: 3.3282252 | F18: 3.5537416 | G18: 3.6067609 | H18: 4.173568 | I18: 4.4840951 | J18: 4.7833893 | K18: 5.0026413 | L18: 5.4643153 | M18: 5.6181999 | N18: 6.3054327 | O18: 6.0781752
B19: Junín | C19: 1.5112903 | D19: 2.0084981 | E19: 2.7039059 | F19: 3.6283916 | G19: 4.7803318 | H19: 5.801016 | I19: 4.8759089 | J19: 3.4490976 | K19: 5.1117087 | L19: 4.7401496 | M19: 5.6272448 | N19: 5.768009 | O19: 5.5361431
B20: Huancavelica | C20: 1.7042418 | D20: 2.2210249 | E20: 2.674581 | F20: 3.5767261 | G20: 5.535013 | H20: 5.5169371 | I20: 3.4329175 | J20: 3.5981043 | K20: 5.0264224 | L20: 4.7956092 | M20: 5.4656082 | N20: 6.3304474 | O20: 5.8267524
B21: Arequipa | C21: 2.2539867 | D21: 2.354943 | E21: 2.7243281 | F21: 2.4966899 | G21: 2.9264043 | H21: 3.878155 | I21: 4.5484748 | J21: 5.3539412 | K21: 5.0647752 | L21: 5.0356447 | M21: 5.924337 | N21: 6.127138 | O21: 4.7629067
B22: Moquegua | C22: 2.4948059 | D22: 3.2685324 | E22: 3.1244693 | F22: 2.2075055 | G22: 3.3727294 | H22: 3.8861476 | I22: 5.7010523 | J22: 0 | K22: 5.7270628 | L22: 5.2914936 | M22: 6.2161968 | N22: 6.4930174 | O22: 6.4265457
B23: Tacna | O23: -
B24: Ayacucho | C24: 4.283365 | D24: 4.0838177 | E24: 4.4692027 | F24: 5.7190752 | G24: 6.1685448 | H24: 6.2221427 | I24: 5.6256594 | J24: 2.6368782 | K24: 5.7894666 | L24: 5.2426913 | M24: 4.8776254 | N24: 4.9015683 | O24: 6.1062404
B25: Apurímac | C25: 2.6477145 | D25: 3.2793815 | E25: 3.9952007 | F25: 5.508046 | G25: 4.8310885 | H25: 5.6403503 | I25: 4.6612884 | J25: 5.3779711 | K25: 5.4109267 | L25: 5.1851095 | M25: 4.9234133 | N25: 5.3259927 | O25: 5.6390445
B26: Cusco | C26: 3.7794958 | D26: 4.1580195 | E26: 5.2403388 | F26: 5.3295481 | G26: 4.3949343 | H26: 5.7660725 | I26: 7.0239462 | J26: 5.8399402 | K26: 5.9834599 | L26: 4.9667665 | M26: 5.328648 | N26: 6.1719167 | O26: 5.7314592
B27: Puno | C27: 4.0690533 | D27: 4.138407 | E27: 4.5551925 | F27: 4.6221609 | G27: 3.429381 | H27: 3.7898644 | I27: 4.2691884 | J27: 5.5502588 | K27: 5.4194667 | L27: 5.4727012 | M27: 4.96 | N27: 5.4188189 | O27: 6.1875102
B28: San Martín | C28: - | D28: - | E28: - | F28: - | G28: - | H28: - | I28: - | J28: - | K28: - | L28: - | M28: - | N28: - | O28: -
B29: Loreto | C29: - | D29: - | E29: - | F29: - | G29: - | H29: - | I29: - | J29: - | K29: - | L29: - | M29: - | N29: - | O29: -
B30: Ucayali | C30: - | D30: - | E30: - | F30: - | G30: - | H30: - | I30: - | J30: - | K30: - | L30: - | M30: - | N30: - | O30: -
B31: Madre de Dios | C31: - | D31: - | E31: - | F31: - | G31: - | H31: - | I31: - | J31: - | K31: - | L31: - | M31: - | N31: - | O31: -
A33: P Preliminar.
A34: Fuente:Direcciones Regionales de Agricultura.
A35: Elaboración: MInisterio de Agricultura y Riego-DGESEP-DEA.

Sheet C 32
A2: C. 32 PERÚ: POBLACIÓN DE PORCINOS SEGÚN REGIÓN, 2007-2017.
A3: (Unidades)
A5: Región | C5: 2005 | D5: 2006 | E5: 2007 | F5: 2008 | G5: 2009 | H5: 2010 | I5: 2011 | J5: 2012 | K5: 2013 | L5: 2014 | M5: 2015 | N5: 2016 | O5: 2017P
A6: TOTAL NACIONAL | C6: =(C8+C9+C10+C11+C12+C13+C14+C15+C16+C17+C18+C19+C20+C21+C22+C23+C24+C25+C26+C27+C28+C29+C30+C31) -> 3010724.2 | D6: =(D8+D9+D10+D11+D12+D13+D14+D15+D16+D17+D18+D19+D20+D21+D22+D23+D24+D25+D26+D27+D28+D29+D30+D31) -> 3073854.7 | E6: =(E8+E9+E10+E11+E12+E13+E14+E15+E16+E17+E18+E19+E20+E21+E22+E23+E24+E25+E26+E27+E28+E29+E30+E31) -> 3115772 | F6: =(F8+F9+F10+F11+F12+F13+F14+F15+F16+F17+F18+F19+F20+F21+F22+F23+F24+F25+F26+F27+F28+F29+F30+F31) -> 3151405.9 | G6: =(G8+G9+G10+G11+G12+G13+G14+G15+G16+G17+G18+G19+G20+G21+G22+G23+G24+G25+G26+G27+G28+G29+G30+G31) -> 3256809 | H6: =(H8+H9+H10+H11+H12+H13+H14+H15+H16+H17+H18+H19+H20+H21+H22+H23+H24+H25+H26+H27+H28+H29+H30+H31) -> 3254413.2 | I6: =(I8+I9+I10+I11+I12+I13+I14+I15+I16+I17+I18+I19+I20+I21+I22+I23+I24+I25+I26+I27+I28+I29+I30+I31) -> 3263254 | J6: =(J8+J9+J10+J11+J12+J13+J14+J15+J16+J17+J18+J19+J20+J21+J22+J23+J24+J25+J26+J27+J28+J29+J30+J31) -> 2987315 | ... O6: =(O8+O9+O10+O11+O12+O13+O14+O15+O16+O17+O18+O19+O20+O21+O22+O23+O24+O25+O26+O27+O28+O29+O30+O31) -> 3187254
B8: Tumbes | C8: 15890 | D8: 13500 | E8: 14900 | F8: 17100 | G8: 18200 | H8: 20593 | I8: 20030 | J8: 18590 | K8: 31639 | L8: 31980 | M8: 28566 | N8: 29748 | O8: 30480
B9: Piura | C9: 173054 | D9: 174000 | E9: 174958 | F9: 171344 | G9: 193831 | H9: 198118 | I9: 199520 | J9: 140298 | K9: 179945 | L9: 186647 | M9: 191113.53 | N9: 159009.5 | O9: 169531
B10: Lambayeque | C10: 62000 | D10: 58400 | E10: 66583 | F10: 79393 | G10: 81100 | H10: 79495.2 | I10: 80365 | J10: 56964 | K10: 67510 | L10: 69264 | M10: 72480 | N10: 88160 | O10: 68810
B11: La Libertad | C11: 160798 | D11: 160465 | E11: 162269 | F11: 162444 | G11: 161442 | H11: 159466 | I11: 159681 | J11: 162069 | K11: 157211 | L11: 119141 | M11: 111419 | N11: 116911 | O11: 113018
B12: Cajamarca | C12: 202298 | D12: 215757 | E12: 239461 | F12: 249820 | G12: 250340 | H12: 245535.2 | I12: 255432 | J12: 251689 | K12: 278439 | L12: 304429.6 | M12: 304105 | N12: 287457 | O12: 297734
B13: Amazonas | C13: 45553 | D13: 50500 | E13: 53874 | F13: 58488 | G13: 59100 | H13: 64896 | I13: 70916 | J13: 71548 | K13: 74617 | L13: 75528 | M13: 77261 | N13: 84502 | O13: 85690
B14: Ancash | C14: 171696 | D14: 165436.2 | E14: 162067 | F14: 174756 | G14: 181032 | H14: 180997.44 | I14: 181021 | J14: 182009 | K14: 185348 | L14: 179640 | M14: 184777 | N14: 174015.85 | O14: 170334
B15: Lima | C15: 417780 | D15: 415000 | E15: 391175 | F15: 390670 | G15: 395300 | H15: 402985 | I15: 404507 | J15: 455740 | K15: 430570 | L15: 457792.8 | M15: 462797 | N15: 450072 | O15: 460253
B16: Ica | C16: 22684.25 | D16: 21689.5 | E16: 21548 | F16: 22289.75 | G16: 30790 | H16: 32800.3 | I16: 32998 | J16: 36673 | K16: 34648 | L16: 44196 | M16: 48255.583 | N16: 51510 | O16: 54124
B17: Huánuco | C17: 352051 | D17: 388866 | E17: 407065 | F17: 379247 | G17: 380150 | H17: 371475.8 | I17: 339405 | J17: 219320 | K17: 318436 | L17: 392998 | M17: 402607 | N17: 403917 | O17: 405230
B18: Pasco | C18: 119154 | D18: 117838 | E18: 122330 | F18: 123587 | G18: 124821 | H18: 127325 | I18: 129039 | J18: 110339 | K18: 98671 | L18: 89157 | M18: 89872 | N18: 51355 | O18: 51993
B19: Junín | C19: 107640 | D19: 105560 | E19: 106600 | F19: 106692.17 | G19: 110100 | H19: 117318.43 | I19: 121673 | J19: 146182 | K19: 158559 | L19: 142667 | M19: 152638 | N19: 154609 | O19: 168586
... B31: Madre de Dios | C31: 16968 | D31: 17439 | E31: 16952 | F31: 17640 | G31: 18069 | H31: 12537 | I31: 13253 | J31: 12895 | K31: 15765 | L31: 14330 | M31: 12476 | N31: 13099.8 | O31: 13750
A33: P Preliminar.
A34: Fuente:Direcciones Regionales de Agricultura.
A35: Elaboración: MInisterio de Agricultura y Riego-DGESEP-DEA.

Sheet C 33
A2: C. 33 PERÚ: PRODUCCIÓN DE PORCINOs SEGÚN REGIÓN, 2007-2017.
A3: (Unidades)
A5: Región | C5: 2005 | D5: 2006 | E5: 2007 | F5: 2008 | G5: 2009 | H5: 2010 | I5: 2011 | J5: 2012 | K5: 2013 | L5: 2014 | M5: 2015 | N5: 2016 | O5: 2017P
A6: TOTAL NACIONAL | C6: =(C8+C9+C10+C11+C12+C13+C14+C15+C16+C17+C18+C19+C20+C21+C22+C23+C24+C25+C26+C27+C28+C29+C30+C31) -> 1991345.5 | D6: =(D8+D9+D10+D11+D12+D13+D14+D15+D16+D17+D18+D19+D20+D21+D22+D23+D24+D25+D26+D27+D28+D29+D30+D31) -> 2074714.9 | E6: =(E8+E9+E10+E11+E12+E13+E14+E15+E16+E17+E18+E19+E20+E21+E22+E23+E24+E25+E26+E27+E28+E29+E30+E31) -> 2153140.7 | F6: =(F8+F9+F10+F11+F12+F13+F14+F15+F16+F17+F18+F19+F20+F21+F22+F23+F24+F25+F26+F27+F28+F29+F30+F31) -> 2131518 | G6: =(G8+G9+G10+G11+G12+G13+G14+G15+G16+G17+G18+G19+G20+G21+G22+G23+G24+G25+G26+G27+G28+G29+G30+G31) -> 2213056.6 | H6: =(H8+H9+H10+H11+H12+H13+H14+H15+H16+H17+H18+H19+H20+H21+H22+H23+H24+H25+H26+H27+H28+H29+H30+H31) -> 2186978.4 | I6: =(I8+I9+I10+I11+I12+I13+I14+I15+I16+I17+I18+I19+I20+I21+I22+I23+I24+I25+I26+I27+I28+I29+I30+I31) -> 2298432.4 | J6: =(J8+J9+J10+J11+J12+J13+J14+J15+J16+J17+J18+J19+J20+J21+J22+J23+J24+J25+J26+J27+J28+J29+J30+J31) -> 2401633.6 | ... O6: =(O8+O9+O10+O11+O12+O13+O14+O15+O16+O17+O18+O19+O20+O21+O22+O23+O24+O25+O26+O27+O28+O29+O30+O31) -> 3072555.8
B8: Tumbes | C8: 5736 | D8: 7869 | E8: 9080 | F8: 10918 | G8: 11209 | H8: 14190 | I8: 15640 | J8: 19998 | K8: 24652 | L8: 21552 | M8: 20650 | N8: 6572 | O8: 7991
B9: Piura | C9: 152979 | D9: 170014 | E9: 145669 | F9: 149359 | G9: 135723.51 | H9: 137639.38 | I9: 122597.49 | J9: 139342.33 | K9: 130454.59 | L9: 120100.56 | M9: 112784.35 | N9: 90859.675 | O9: 110733.79
B10: Lambayeque | C10: 33542 | D10: 31247 | E10: 39613 | F10: 26657 | G10: 27764 | H10: 29463 | I10: 29848 | J10: 28328 | K10: 32765 | L10: 34051 | M10: 28202 | N10: 29575 | O10: 29483
B11: La Libertad | C11: 139090 | D11: 144342 | E11: 150446 | F11: 154816 | G11: 160211 | H11: 166714 | I11: 175710 | J11: 178913 | K11: 185442 | L11: 234537 | M11: 253558 | N11: 264408 | O11: 298028
B12: Cajamarca | C12: 84639 | D12: 98925 | E12: 105153 | F12: 105587 | G12: 108232 | H12: 116202 | I12: 119828 | J12: 119415 | K12: 142525 | L12: 148397 | M12: 162359 | N12: 155454 | O12: 147970
B13: Amazonas | C13: 18668 | D13: 19397 | E13: 19950 | F13: 19849 | G13: 20993 | H13: 22991 | I13: 23235 | J13: 24958 | K13: 27777 | L13: 29076 | M13: 28474 | N13: 31085 | O13: 33563
B14: Ancash | C14: 34091 | D14: 32063.198 | E14: 30398.67 | F14: 30933 | G14: 32536.077 | H14: 33286 | I14: 34840.943 | J14: 35664 | K14: 36072.584 | L14: 36192 | M14: 38450 | N14: 41738.416 | O14: 42272
B15: Lima | C15: 670895.5 | D15: 687025 | E15: 752628 | F15: 750189 | G15: 806438 | H15: 716445 | I15: 771492 | J15: 815897 | K15: 871136 | L15: 929600 | M15: 989849 | N15: 1027092 | O15: 1132149
B16: Ica | C16: 33677 | D16: 32195 | E16: 10888 | F16: 24262 | G16: 27101 | H16: 34977 | I16: 38138 | J16: 33913 | K16: 33367 | L16: 41179 | M16: 51202 | N16: 66046 | O16: 93401
B17: Huánuco | C17: 207248 | D17: 212324 | E17: 213191 | F17: 208343 | G17: 216791 | H17: 211314 | I17: 186646 | J17: 168580 | K17: 157253 | L17: 178281 | M17: 186154 | N17: 195634 | O17: 207816
B18: Pasco | C18: 42504 | D18: 57967 | E18: 62155 | F18: 48615 | G18: 57733 | H18: 63216 | I18: 68788 | J18: 70533 | K18: 60559 | L18: 54680 | M18: 50254 | N18: 31465 | O18: 34316
B19: Junín | C19: 59570 | D19: 58119.667 | E19: 58844 | F19: 54863 | G19: 54207 | H19: 62646 | I19: 64691 | J19: 72184 | K19: 80903 | L19: 83141 | M19: 88757 | N19: 97680 | O19: 106651
... B31: Madre de Dios | C31: 4175 | D31: 4068 | E31: 4126 | F31: 4681 | G31: 6082 | H31: 4741 | I31: 5301 | J31: 6265 | K31: 7114 | L31: 7908 | M31: 7764 | N31: 11893 | O31: 13055
A33: P Preliminar.
A34: Fuente:Direcciones Regionales de Agricultura.
A35: Elaboración: MInisterio de Agricultura y Riego-DGESEP-DEA.

Sheet C 34
A2: C. 34 PERÚ: PRODUCCIÓN DE CARNE DE PORCINO SEGÚN REGIÓN, 2007-2017.
A3: (Toneladas)
A5: Región | C5: 2005 | D5: 2006 | E5: 2007 | F5: 2008 | G5: 2009 | H5: 2010 | I5: 2011 | J5: 2012 | K5: 2013 | L5: 2014 | M5: 2015 | N5: 2016 | O5: 2017P
A6: TOTAL NACIONAL | C6: =(C8+C9+C10+C11+C12+C13+C14+C15+C16+C17+C18+C19+C20+C21+C22+C23+C24+C25+C26+C27+C28+C29+C30+C31) -> 104254.4 | D6: =(D8+D9+D10+D11+D12+D13+D14+D15+D16+D17+D18+D19+D20+D21+D22+D23+D24+D25+D26+D27+D28+D29+D30+D31) -> 109010.44 | E6: =(E8+E9+E10+E11+E12+E13+E14+E15+E16+E17+E18+E19+E20+E21+E22+E23+E24+E25+E26+E27+E28+E29+E30+E31) -> 114520.02 | F6: =(F8+F9+F10+F11+F12+F13+F14+F15+F16+F17+F18+F19+F20+F21+F22+F23+F24+F25+F26+F27+F28+F29+F30+F31) -> 115196.04 | G6: =(G8+G9+G10+G11+G12+G13+G14+G15+G16+G17+G18+G19+G20+G21+G22+G23+G24+G25+G26+G27+G28+G29+G30+G31) -> 114718.78 | H6: =(H8+H9+H10+H11+H12+H13+H14+H15+H16+H17+H18+H19+H20+H21+H22+H23+H24+H25+H26+H27+H28+H29+H30+H31) -> 115655.29 | I6: =(I8+I9+I10+I11+I12+I13+I14+I15+I16+I17+I18+I19+I20+I21+I22+I23+I24+I25+I26+I27+I28+I29+I30+I31) -> 117588.09 | J6: =(J8+J9+J10+J11+J12+J13+J14+J15+J16+J17+J18+J19+J20+J21+J22+J23+J24+J25+J26+J27+J28+J29+J30+J31) -> 122352.94 | ... O6: =(O8+O9+O10+O11+O12+O13+O14+O15+O16+O17+O18+O19+O20+O21+O22+O23+O24+O25+O26+O27+O28+O29+O30+O31) -> 157740.89
B8: Tumbes | C8: 190.46 | D8: 228.33 | E8: 306.07 | F8: 408.3478 | G8: 420.412 | H8: 582.11675 | I8: 625.81425 | J8: 863.19375 | K8: 998.17125 | L8: 826.567 | M8: 779.60433 | N8: 316.05825 | O8: 398.3565
B9: Piura | C9: 6387 | D9: 7231 | E9: 6857 | F9: 6388 | G9: 6499.0046 | H9: 7171.4771 | I9: 6138.1875 | J9: 5968.936 | K9: 5986.6247 | L9: 5651.0532 | M9: 6265.5649 | N9: 4634.7577 | O9: 4739.3321
B10: Lambayeque | C10: 1564.632 | D10: 1451.762 | E10: 2022.295 | F10: 1209.937 | G10: 1214.131 | H10: 1283.287 | I10: 1479.938 | J10: 1243.77 | K10: 1317.1742 | L10: 1485.5385 | M10: 1399.917 | N10: 1529.4083 | O10: 1665.243
B11: La Libertad | C11: 8050.1087 | D11: 8377.525 | E11: 8663.1704 | F11: 8965.3705 | G11: 9251.1477 | H11: 9748.4966 | I11: 10226.339 | J11: 10411.873 | K11: 10788.542 | L11: 14104.817 | M11: 14503.671 | N11: 15046.744 | O11: 16876.298
B12: Cajamarca | C12: 3547.0785 | D12: 4158.1714 | E12: 4663.2793 | F12: 4426.3086 | G12: 4780.7943 | H12: 5128.4653 | I12: 5122.0237 | J12: 4931.4428 | K12: 5786.449 | L12: 5980.6665 | M12: 6168.9758 | N12: 6590.0124 | O12: 6393.4849
B13: Amazonas | C13: 993.91827 | D13: 1084.9932 | E13: 1109.3462 | F13: 1051.7906 | G13: 1129.041 | H13: 1202.0022 | I13: 1227.1924 | J13: 1339.686 | K13: 1469.9512 | L13: 1550.6182 | M13: 1536.5141 | N13: 1662.1395 | O13: 1712.1916
B14: Ancash | C14: 1094.786 | D14: 1047.5765 | E14: 976.21235 | F14: 993.53 | G14: 1042.9577 | H14: 1067.95 | I14: 1133.2276 | J14: 1167.77 | K14: 1185.795 | L14: 1189.67 | M14: 1265.332 | N14: 1374.862 | O14: 1374.8967
B15: Lima | C15: 45294.994 | D15: 46668.715 | E15: 50069.355 | F15: 51801.987 | G15: 49670.303 | H15: 47735.09 | I15: 48882.136 | J15: 51971.045 | K15: 55445.717 | L15: 59186.756 | M15: 62812.502 | N15: 65478.8 | O15: 71500.074
B16: Ica | C16: 1343.14 | D16: 1335.935 | E16: 636.957 | F16: 1620.7203 | G16: 1824.7704 | H16: 1970.8855 | I16: 2174.2545 | J16: 2249.1362 | K16: 2218.3027 | L16: 2514.2066 | M16: 3494.3305 | N16: 3621.2747 | O16: 3934.9574
B17: Huánuco | C17: 11654.01 | D17: 12042.709 | E17: 12160.108 | F17: 11072.946 | G17: 10417.993 | H17: 9920.4934 | I17: 7963.5307 | J17: 6311.9685 | K17: 5409.492 | L17: 5745.3787 | M17: 6100.0718 | N17: 6627.7657 | O17: 6784.161
B18: Pasco | C18: 1360.5 | D18: 1970.528 | E18: 1936.92 | F18: 2049.0256 | G18: 2281.3426 | H18: 2221.2914 | I18: 2347.1376 | J18: 2449.5751 | K18: 2044.5247 | L18: 1877.5227 | M18: 1754.8504 | N18: 1143.7286 | O18: 1264.9355
B19: Junín | C19: 2414.2 | D19: 2350.996 | E19: 2406.9614 | F19: 2226.735 | G19: 2346.1274 | H19: 2575.6805 | I19: 2678.1547 | J19: 3045.0383 | K19: 3433.728 | L19: 3478.635 | M19: 3695.1997 | N19: 4080.7005 | O19: 4446.9338
... B31: Madre de Dios | C31: 161.18 | D31: 156.449 | E31: 170.716 | F31: 187.725 | G31: 267.723 | H31: 215.703 | I31: 177.9764 | J31: 254.30775 | K31: 274.97498 | L31: 300.44754 | M31: 353.87822 | N31: 798.44366 | O31: 836.93296
A33: P Preliminar.
A34: Fuente:Direcciones Regionales de Agricultura.
A35: Elaboración: MInisterio de Agricultura y Riego-DGESEP-DEA.

Sheet C 35
A2: C. 35 PERÚ: PRECIO RECIBIDO POR EL PRODUCTOR DE PORCINOS SEGÚN REGIÓN, 2007-2017.
A3: (Soles x kg)
A5: Región | C5: 2005 | D5: 2006 | E5: 2007 | F5: 2008 | G5: 2009 | H5: 2010 | I5: 2011 | J5: 2012 | K5: 2013 | L5: 2014 | M5: 2015 | N5: 2016 | O5: 2017P
A6: PROMEDIO | C6: 3.43 | D6: 3.47 | E6: 3.5 | F6: 3.7994434 | G6: 4.1160683 | H6: 4.2512316 | I6: 5.0540967 | J6: 5.2362093 | K6: 5.9095403 | L6: 6.0759959 | M6: 6.4268906 | N6: 6.7962868 | O6: 6.967564
B8: Tumbes | C8: 3.6049034 | D8: 3.4861297 | E8: 3.4663776 | F8: 3.6721871 | G8: 3.7484255 | H8: 3.42 | I8: 3.4494908 | J8: 3.7542575 | K8: 4.985129 | L8: 6.5569236 | M8: 6.6134717 | N8: 6.4453842 | O8: 6.2110967
B9: Piura | C9: 3.1082574 | D9: 3.2208505 | E9: 3.2746434 | F9: 3.933649 | G9: 4.0450563 | H9: 3.4540199 | I9: 3.57771 | J9: 4.2085961 | K9: 4.3783206 | L9: 6.6016573 | M9: 6.3841279 | N9: 6.8078353 | O9: 6.6149371
B10: Lambayeque | C10: 3.3592746 | D10: 3.7387864 | E10: 3.5928039 | F10: 3.5018614 | G10: 3.996371 | H10: 3.8392813 | I10: 4.1542743 | J10: 4.3217847 | K10: 4.4589827 | L10: 6.7225578 | M10: 6.5280678 | N10: 6.6988961 | O10: 6.6812327
B11: La Libertad | C11: 3.5135431 | D11: 3.3133504 | E11: 3.3887818 | F11: 3.7475341 | G11: 3.6682369 | H11: 3.6713135 | I11: 3.8156373 | J11: 4.5782177 | K11: 7.1943496 | L11: 7.1935016 | M11: 7.1570596 | N11: 7.1503412 | O11: 7.8207601
B12: Cajamarca | C12: 3.667211 | D12: 3.5694549 | E12: 3.6237913 | F12: 3.8065866 | G12: 3.9452855 | H12: 4.4376857 | I12: 3.9986921 | J12: 4.3156205 | K12: 4.5649393 | L12: 5.8114525 | M12: 6.0696887 | N12: 6.377461 | O12: 6.0982185
B13: Amazonas | C13: 3.6081722 | D13: 3.6052148 | E13: 3.773066 | F13: 3.748736 | G13: 3.9433014 | H13: 3.9504662 | I13: 4.7893849 | J13: 4.4017458 | K13: 4.5768955 | L13: 6.2014503 | M13: 5.2546735 | N13: 5.632209 | O13: 5.7581347
B14: Ancash | C14: 3.3199171 | D14: 3.3473813 | E14: 3.6879681 | F14: 3.8281413 | G14: 4.087139 | H14: 4.4295184 | I14: 4.1472801 | J14: 4.2834282 | K14: 5.5718951 | L14: 7.2265603 | M14: 6.7929631 | N14: 6.6551027 | O14: 6.2656964
B15: Lima | C15: 3.5281534 | D15: 3.5964095 | E15: 3.5539759 | F15: 3.8472915 | G15: 4.2974265 | H15: 4.3015252 | I15: 5.21891 | J15: 5.3314574 | K15: 6.0263345 | L15: 5.6688503 | M15: 5.7839893 | N15: 6.3224042 | O15: 6.4914983
B16: Ica | C16: 2.3782723 | D16: 2.4878983 | E16: 2.9442798 | F16: 4.0343375 | G16: 4.339586 | H16: 4.6919818 | I16: 6.3189005 | J16: 6.9042434 | K16: 7.5484306 | L16: 5.9236224 | M16: 6.0440571 | N16: 7.140097 | O16: 6.150623
B17: Huánuco | C17: 3.5015067 | D17: 3.4629506 | E17: 3.5373083 | F17: 3.6212706 | G17: 4.0227433 | H17: 4.3633045 | I17: 6.209036 | J17: 5.8737897 | K17: 6.1324894 | L17: 6.6826728 | M17: 7.2876586 | N17: 7.1195369 | O17: 6.8358616
B18: Pasco | C18: 2.6253976 | D18: 2.7520174 | E18: 3.3861843 | F18: 3.6153701 | G18: 3.8377753 | H18: 4.1387427 | I18: 5.6430476 | J18: 5.9197462 | K18: 5.6859729 | L18: 6.6904493 | M18: 6.2195546 | N18: 6.103246 | O18: 6.2165866
B19: Junín | C19: 2.8224907 | D19: 2.9101938 | E19: 3.1308715 | F19: 4.0722114 | G19: 3.9621672 | H19: 5.0357346 | I19: 6.4809395 | J19: 5.1662759 | K19: 5.5822065 | L19: 5.7160204 | M19: 6.3509833 | N19: 7.1492579 | O19: 6.8022608
... B31: Madre de Dios | C31: 3.8801863 | D31: 3.8868844 | E31: 3.9492167 | F31: 4.0118253 | G31: 4.3605188 | H31: 4.6114421 | I31: 6.1416989 | J31: 6.8498998 | K31: 6.2816172 | L31: 6.2188761 | M31: 6.5899799 | N31: 6.4683618 | O31: 6.4701371
A33: P Preliminar.
A34: Fuente:Direcciones Regionales de Agricultura.
A35: Elaboración: MInisterio de Agricultura y Riego-DGESEP-DEA.

Sheet C 36
A2: C. 36 PERÚ: POBLACIÓN DE ALPACAS SEGÚN REGIÓN, 2007-2017.
A3: (Unidades)
A5: Región | C5: 2005 | D5: 2006 | E5: 2007 | F5: 2008 | G5: 2009 | H5: 2010 | I5: 2011 | J5: 2012 | K5: 2013 | L5: 2014 | M5: 2015 | N5: 2016 | O5: 2017P
A6: TOTAL NACIONAL | C6: =(C8+C9+C10+C11+C12+C13+C14+C15+C16+C17+C18+C19+C20+C21+C22+C23+C24+C25+C26+C27+C28+C29+C30+C31) -> 3594514.8 | D6: =(D8+D9+D10+D11+D12+D13+D14+D15+D16+D17+D18+D19+D20+D21+D22+D23+D24+D25+D26+D27+D28+D29+D30+D31) -> 3625627 | E6: 3687340 | F6: 3780806.1 | G6: 4105581.8 | H6: 4177498.6 | I6: 4322258.4 | J6: 3927361 | K6: 4005315 | L6: 4315792.5 | M6: 4318457.1 | N6: 4319227.8 | O6: 4330710
B8: Tumbes | C8: 0 | D8: 0 | E8: - | F8: - | G8: - | H8: - | I8: - | J8: - | K8: - | L8: - | M8: - | N8: - | O8: -
B9: Piura | C9: 0 | D9: 0 | E9: - | F9: - | G9: - | H9: - | I9: - | J9: - | K9: - | L9: - | M9: 135.10936 | N9: 82 | O9: 79
B10: Lambayeque | C10: 0 | D10: 0 | E10: - | F10: - | G10: - | H10: - | I10: - | J10: - | K10: - | L10: - | M10: - | N10: - | O10: -
B11: La Libertad | C11: 7504.8205 | D11: 7529 | E11: 7913 | F11: 7815 | G11: 7739.8205 | H11: 7623.8205 | I11: 8018 | J11: 7767 | K11: 7878 | L11: 7902 | M11: 7998 | N11: 7999 | O11: 7851
B12: Cajamarca | C12: 1333 | D12: 1285 | E12: 1380 | F12: 1200 | G12: 1280 | H12: 1295.6 | I12: 1120 | J12: 1120 | K12: 1210 | L12: 1165 | M12: 1190 | N12: 1150 | O12: 1180
B13: Amazonas | C13: 0 | D13: 0 | E13: - | F13: - | G13: - | H13: - | I13: - | J13: - | K13: - | L13: - | M13: - | N13: - | O13: -
B14: Ancash | C14: 12142 | D14: 11815 | E14: 12085 | F14: 12071 | G14: 11547 | H14: 11932 | I14: 11844.436 | J14: 10120 | K14: 8310 | L14: 10294 | M14: 9715 | N14: 10200.75 | O14: 10320
B15: Lima | C15: 34173 | D15: 31300 | E15: 33948 | F15: 33888 | G15: 32560 | H15: 33173.8 | I15: 37345 | J15: 35259 | K15: 36140 | L15: 37043.5 | M15: 39756 | N15: 40511 | O15: 46625
B16: Ica | C16: 0 | D16: 0 | E16: - | F16: - | G16: - | H16: - | I16: - | J16: - | K16: - | L16: - | M16: - | N16: - | O16: -
B17: Huánuco | C17: 2637 | D17: 2583 | E17: 4386 | F17: 4343 | G17: 4200 | H17: 3629.8 | I17: 3250 | J17: 4151 | K17: 5072 | L17: 5173 | M17: 5915 | N17: 6967 | O17: 6850
B18: Pasco | C18: 31823 | D18: 32205 | E18: 35557 | F18: 44657 | G18: 48902 | H18: 66112 | I18: 69640 | J18: 89091 | K18: 97491 | L18: 108023 | M18: 116664 | N18: 125956 | O18: 133225
B19: Junín | C19: 36687 | D19: 38717 | E19: 40707 | F19: 35115.143 | G19: 36000 | H19: 39445.229 | I19: 45498 | J19: 84791 | K19: 88418 | L19: 90222 | M19: 81434 | N19: 82535 | O19: 91678
B20: Huancavelica | C20: 223704 | D20: 224045 | E20: 224720 | F20: 220709 | G20: 246980 | H20: 243031.6 | I20: 245816 | J20: 225470 | K20: 269650 | L20: 258403 | M20: 264220 | N20: 273249 | O20: 252713
B21: Arequipa | C21: 346625 | D21: 357461 | E21: 356776 | F21: 357866 | G21: 491768 | H21: 486110 | I21: 494004 | J21: 500211 | K21: 466010 | L21: 465020 | M21: 442336 | N21: 430271 | O21: 421292
B22: Moquegua | C22: 75189 | D22: 83042 | E22: 97966 | F22: 88220 | G22: 89200 | H22: 88723.4 | I22: 93947 | J22: 91335 | K22: 92410 | L22: 147535 | M22: 140718 | N22: 147753.9 | O22: 145310
B23: Tacna | C23: 40000 | D23: 40830 | E23: 39670 | F23: 40736 | G23: 44282 | H23: 54328 | I23: 55078 | J23: 54141 | K23: 77515 | L23: 80352 | M23: 74512 | N23: 78237.6 | O23: 78245
B24: Ayacucho | C24: 193467 | D24: 156155 | E24: 166666 | F24: 191739 | G24: 203016 | H24: 194281 | I24: 220945 | J24: 203520 | K24: 209947 | L24: 261049 | M24: 267950 | N24: 255377 | O24: 209143
B25: Apurímac | C25: 149250 | D25: 188860 | E25: 184766 | F25: 191249 | G25: 193122 | H25: 191449.4 | I25: 188587 | J25: 203967 | K25: 212360 | L25: 207969 | M25: 215490 | N25: 216264.5 | O25: 215050
B26: Cusco | C26: 453190 | D26: 450200 | E26: 454200 | F26: 485468 | G26: 553985 | H26: 584483 | I26: 654726 | J26: 608978 | K26: 552509 | L26: 569352 | M26: 577964 | N26: 610184 | O26: 674939
B27: Puno | C27: 1986790 | D27: 1999600 | E27: 2026600 | F27: 2065730 | G27: 2141000 | H27: 2171880 | I27: 2192440 | J27: 1807440 | K27: 1880395 | L27: 2066290 | M27: 2072460 | N27: 2032490 | O27: 2036210
B28: San Martín | C28: 0 | D28: 0 | E28: - | F28: - | G28: - | H28: - | I28: - | J28: - | K28: - | L28: - | M28: - | N28: - | O28: -
B29: Loreto | C29: 0 | D29: 0 | E29: - | F29: - | G29: - | H29: - | I29: - | J29: - | K29: - | L29: - | M29: - | N29: - | O29: -
B30: Ucayali | C30: 0 | D30: 0 | E30: - | F30: - | G30: - | H30: - | I30: - | J30: - | K30: - | L30: - | M30: - | N30: - | O30: -
B31: Madre de Dios | C31: 0 | D31: 0 | E31: - | F31: - | G31: - | H31: - | I31: - | J31: - | K31: - | L31: - | M31: - | N31: - | O31: -
A33: P Preliminar.
A34: Fuente:Direcciones Regionales de Agricultura.
A35: Elaboración: MInisterio de Agricultura y Riego-DGESEP-DEA.

Sheet C 37
A2: C. 37 PERÚ: PRODUCCIÓN DE ALPACAS SEGÚN REGIÓN, 2007-2017.
A3: (Unidades)
A5: Región | C5: 2005 | D5: 2006 | E5: 2007 | F5: 2008 | G5: 2009 | H5: 2010 | I5: 2011 | J5: 2012 | K5: 2013 | L5: 2014 | M5: 2015 | N5: 2016 | O5: 2017P
A6: TOTAL NACIONAL | C6: =(C8+C9+C10+C11+C12+C13+C14+C15+C16+C17+C18+C19+C20+C21+C22+C23+C24+C25+C26+C27+C28+C29+C30+C31) -> 321478 | D6: =(D8+D9+D10+D11+D12+D13+D14+D15+D16+D17+D18+D19+D20+D21+D22+D23+D24+D25+D26+D27+D28+D29+D30+D31) -> 330071.5 | E6: 355174 | F6: 365555 | G6: 387980 | H6: 410085 | I6: 424100.05 | J6: 455558 | K6: 463354 | L6: 481847 | M6: 446198.97 | N6: 474135 | O6: 479063
B8: Tumbes | C8: 0 | D8: 0 | E8: - | F8: - | G8: - | H8: - | I8: - | J8: - | K8: - | L8: - | M8: - | N8: - | O8: -
B9: Piura | C9: 0 | D9: 0 | E9: - | F9: - | G9: - | H9: - | I9: - | J9: - | K9: - | L9: - | M9: - | N9: - | O9: -
B10: Lambayeque | C10: 0 | D10: 0 | E10: - | F10: - | G10: - | H10: - | I10: - | J10: - | K10: - | L10: - | M10: - | N10: - | O10: -
B11: La Libertad | C11: 203 | D11: 240.5 | E11: 358 | F11: 381 | G11: 435 | H11: 480 | I11: 610 | J11: 742 | K11: 725 | L11: 828 | M11: 868 | N11: 949 | O11: 1174
B12: Cajamarca | C12: 0 | D12: 0 | E12: - | F12: - | G12: - | H12: - | I12: - | J12: - | K12: - | L12: - | M12: - | N12: - | O12: -
B13: Amazonas | C13: 0 | D13: 0 | E13: - | F13: - | G13: - | H13: - | I13: - | J13: - | K13: - | L13: - | M13: - | N13: - | O13: -
B14: Ancash | C14: 424 | D14: 332 | E14: 588 | F14: 323 | G14: 478 | H14: 395 | I14: 412.05 | J14: 275 | K14: 356 | L14: 412 | M14: 376.972 | N14: 242 | O14: 348
B15: Lima | C15: 4575 | D15: 4911 | E15: 5099 | F15: 4855 | G15: 4467 | H15: 3352 | I15: 2519 | J15: 3165 | K15: 3829 | L15: 3956 | M15: 3099 | N15: 2452 | O15: 2939
B16: Ica | C16: 0 | D16: 0 | E16: - | F16: - | G16: - | H16: - | I16: - | J16: - | K16: - | L16: - | M16: - | N16: - | O16: -
B17: Huánuco | C17: 0 | D17: 0 | E17: - | F17: - | G17: - | H17: - | I17: 247 | J17: 217 | K17: 586 | L17: 568 | M17: 650 | N17: 837 | O17: 978
B18: Pasco | C18: 3119 | D18: 3180 | E18: 4917 | F18: 5641 | G18: 6186 | H18: 6174 | I18: 7044 | J18: 5939 | K18: 6102 | L18: 6687 | M18: 6847 | N18: 12923 | O18: 13273
B19: Junín | C19: 3360 | D19: 2740 | E19: 3035 | F19: 2989 | G19: 4024 | H19: 5036 | I19: 8817 | J19: 10245 | K19: 11050 | L19: 12225 | M19: 12240 | N19: 13619 | O19: 14982
B20: Huancavelica | C20: 26885 | D20: 25401 | E20: 26263 | F20: 26101 | G20: 28126 | H20: 26254 | I20: 28424 | J20: 33367 | K20: 36809 | L20: 38518 | M20: 31243 | N20: 33803 | O20: 30246
B21: Arequipa | C21: 30228 | D21: 34095 | E21: 40960 | F21: 41512 | G21: 46576 | H21: 52215 | I21: 45146 | J21: 55690 | K21: 58999 | L21: 61350 | M21: 50317 | N21: 49467 | O21: 47101
B22: Moquegua | C22: 3386 | D22: 3209 | E22: 3243 | F22: 2811 | G22: 3661 | H22: 3860 | I22: 4289 | J22: 4477 | K22: 4718 | L22: 3772 | M22: 3332 | N22: 3597 | O22: 4653
B23: Tacna | C23: 6513 | D23: 6426 | E23: 5465 | F23: 5332 | G23: 5427 | H23: 5516 | I23: 5337 | J23: 5567 | K23: 5493 | L23: 5874 | M23: 5907 | N23: 6258 | O23: 6322
B24: Ayacucho | C24: 19912 | D24: 16481 | E24: 19620 | F24: 21273 | G24: 22465 | H24: 22429 | I24: 22306 | J24: 23382 | K24: 22130 | L24: 28373 | M24: 30588 | N24: 36425 | O24: 42540
B25: Apurímac | C25: 16330 | D25: 16943 | E25: 17667 | F25: 17727 | G25: 17528 | H25: 17350 | I25: 16583 | J25: 23290 | K25: 23047 | L25: 22308 | M25: 22227 | N25: 22667 | O25: 22936
B26: Cusco | C26: 31443 | D26: 36943 | E26: 43939 | F26: 48125 | G26: 52407 | H26: 61574 | I26: 72446 | J26: 79000 | K26: 74600 | L26: 77081 | M26: 81857 | N26: 83728 | O26: 83906
B27: Puno | C27: 175100 | D27: 179170 | E27: 184020 | F27: 188485 | G27: 196200 | H27: 205450 | I27: 209920 | J27: 210202 | K27: 214910 | L27: 219895 | M27: 196647 | N27: 207168 | O27: 207665
B28: San Martín | C28: 0 | D28: 0 | E28: - | F28: - | G28: - | H28: - | I28: - | J28: - | K28: - | L28: - | M28: - | N28: - | O28: -
B29: Loreto | C29: 0 | D29: 0 | E29: - | F29: - | G29: - | H29: - | I29: - | J29: - | K29: - | L29: - | M29: - | N29: - | O29: -
B30: Ucayali | C30: 0 | D30: 0 | E30: - | F30: - | G30: - | H30: - | I30: - | J30: - | K30: - | L30: - | M30: - | N30: - | O30: -
B31: Madre de Dios | C31: 0 | D31: 0 | E31: - | F31: - | G31: - | H31: - | I31: - | J31: - | K31: - | L31: - | M31: - | N31: - | O31: -
A33: P Preliminar.
A34: Fuente:Direcciones Regionales de Agricultura.
A35: Elaboración: MInisterio de Agricultura y Riego-DGESEP-DEA.

Sheet C 38
A2: C. 38 PERÚ: PRODUCCIÓN DE CARNE DE ALPACA SEGÚN REGIÓN, 2007-2017.
A3: (Toneladas)
A5: Región | C5: 2005 | D5: 2006 | E5: 2007 | F5: 2008 | G5: 2009 | H5: 2010 | I5: 2011 | J5: 2012 | K5: 2013 | L5: 2014 | M5: 2015 | N5: 2016 | O5: 2017P
A6: TOTAL NACIONAL | C6: =(C8+C9+C10+C11+C12+C13+C14+C15+C16+C17+C18+C19+C20+C21+C22+C23+C24+C25+C26+C27+C28+C29+C30+C31) -> 8671.2269 | D6: =(D8+D9+D10+D11+D12+D13+D14+D15+D16+D17+D18+D19+D20+D21+D22+D23+D24+D25+D26+D27+D28+D29+D30+D31) -> 8792.6575 | E6: 9366.456 | F6: 9527.2181 | G6: 10188.547 | H6: 10760.821 | I6: 11318.373 | J6: 11999.257 | K6: 12169.054 | L6: 12594.164 | M6: 11917.399 | N6: 12444.51 | O6: 12748.884
B8: Tumbes | C8: 0 | D8: 0 | E8: - | F8: - | G8: - | H8: - | I8: - | J8: - | K8: - | L8: - | M8: - | N8: - | O8: -
B9: Piura | C9: 0 | D9: 0 | E9: - | F9: - | G9: - | H9: - | I9: - | J9: - | K9: - | L9: - | M9: - | N9: - | O9: -
B10: Lambayeque | C10: 0 | D10: 0 | E10: - | F10: - | G10: - | H10: - | I10: - | J10: - | K10: - | L10: - | M10: - | N10: - | O10: -
B11: La Libertad | C11: 5.1745 | D11: 6.2615 | E11: 9.31646 | F11: 10.6727 | G11: 11.3733 | H11: 14.176645 | I11: 16.515893 | J11: 21.754037 | K11: 21.1081 | L11: 25.214202 | M11: 27.491647 | N11: 29.366321 | O11: 36.813845
B12: Cajamarca | C12: 0 | D12: 0 | E12: - | F12: - | G12: - | H12: - | I12: - | J12: - | K12: - | L12: - | M12: - | N12: - | O12: -
B13: Amazonas | C13: 0 | D13: 0 | E13: - | F13: - | G13: - | H13: - | I13: - | J13: - | K13: - | L13: - | M13: - | N13: - | O13: -
B14: Ancash | C14: 13.412 | D14: 10.51 | E14: 18.12 | F14: 11.43 | G14: 13.12371 | H14: 11.130556 | I14: 10.34424 | J14: 7.4736 | K14: 10.304132 | L14: 10.2465 | M14: 10.42444 | N14: 7.013792 | O14: 9.9782866
B15: Lima | C15: 137.998 | D15: 144.872 | E15: 151.597 | F15: 143.623 | G15: 128.91 | H15: 101.83276 | I15: 80.86785 | J15: 93.852864 | K15: 119.20815 | L15: 124.46315 | M15: 99.504435 | N15: 71.393715 | O15: 79.858572
B16: Ica | C16: 0 | D16: 0 | E16: - | F16: - | G16: - | H16: - | I16: - | J16: - | K16: - | L16: - | M16: - | N16: - | O16: -
B17: Huánuco | C17: 0 | D17: 0 | E17: - | F17: - | G17: - | H17: - | I17: 4.94235 | J17: 4.91715 | K17: 16.263 | L17: 15.64875 | M17: 19.1115 | N17: 22.248 | O17: 25.85925
B18: Pasco | C18: 96.92 | D18: 92.872 | E18: 136.795 | F18: 141.39746 | G18: 159.75916 | H18: 153.4558 | I18: 170.80144 | J18: 146.20659 | K18: 149.07645 | L18: 162.2464 | M18: 172.57099 | N18: 311.86169 | O18: 321.30634
B19: Junín | C19: 94.1 | D19: 77 | E19: 86.01 | F19: 80.578 | G19: 90.190919 | H19: 109.5759 | I19: 196.44255 | J19: 227.87865 | K19: 241.53705 | L19: 264.61485 | M19: 264.23145 | N19: 290.04435 | O19: 321.3063
B20: Huancavelica | C20: 694.44641 | D20: 654.03883 | E20: 675.88012 | F20: 660.3089 | G20: 702.37024 | H20: 676.92186 | I20: 831.21016 | J20: 863.74949 | K20: 933.88585 | L20: 954.24625 | M20: 831.30029 | N20: 780.63016 | O20: 782.79038
B21: Arequipa | C21: 843.21199 | D21: 915.52576 | E21: 996.24824 | F21: 1004.9873 | G21: 1196.4745 | H21: 1287.3959 | I21: 1294.2543 | J21: 1388.9491 | K21: 1439.3645 | L21: 1528.5509 | M21: 1232.9342 | N21: 1209.0819 | O21: 1189.0726
B22: Moquegua | C22: 111.67 | D22: 106.42 | E22: 102.87 | F22: 90.2498 | G22: 112.2933 | H22: 116.8362 | I22: 128.70795 | J22: 129.9368 | K22: 134.06808 | L22: 113.562 | M22: 103.47782 | N22: 110.48057 | O22: 144.8397
B23: Tacna | C23: 210.1413 | D23: 189.215 | E23: 158.996 | F23: 157.964 | G23: 157.455 | H23: 155.961 | I23: 152.28 | J23: 159.44445 | K23: 166.1265 | L23: 177.12 | M23: 171.171 | N23: 176.652 | O23: 182.46545
B24: Ayacucho | C24: 501.73 | D24: 429.675 | E24: 530.59 | F24: 561.9825 | G24: 607.08465 | H24: 586.476 | I24: 566.70795 | J24: 598.06485 | K24: 577.5867 | L24: 735.462 | M24: 806.79299 | N24: 973.0755 | O24: 1131.6774
B25: Apurímac | C25: 392.09775 | D25: 395.5335 | E25: 432.006 | F25: 404.5865 | G25: 413.3202 | H25: 405.3962 | I25: 432.1769 | J25: 598.16955 | K25: 572.81315 | L25: 567.5319 | M25: 562.321 | N25: 570.218 | O25: 569.1005
B26: Cusco | C26: 951.8064 | D26: 1094.8747 | E26: 1240.424 | F26: 1315.9459 | G26: 1416.9262 | H26: 1621.7663 | I26: 1808.6846 | J26: 2073.5649 | K26: 1890.657 | L26: 1954.1703 | M26: 2209.2413 | N26: 2265.372 | O26: 2267.3147
