Workbook
Name \c: #REF!
Name \x: 'C 5'!$AF$3
Name \x: #REF!
Name A: 'C 5'!$W$21:$DC$21
Name A: #REF!
Name A_IMPRESION_IM: 'C 91 - 99'!#REF!
Name A_IMPRESION_IM: #REF!
Name A_impresión_IM: 'C 100 - 101'!$A$1:$K$50
Name A_impresión_IM: 'C 102 - 103'!$A$1:$I$45
Name A_impresión_IM: 'C 104-105'!$A$1:$K$51
Name A_impresión_IM: 'C 106 - 107'!$A$1:$H$45
Name A_impresión_IM: 'C 108 - 109 '!#REF!
Name A_IMPRESIÓN_IM: [1]CYPPOLLO!#REF!
Name A_IMPRESIÓN_IM: [1]CYPPOLLO!#REF!
Name A_IMPRESIÓN_IM: [1]CYPPOLLO!#REF!
Name A_impresión_IM: #REF!
Name A_impresión_IM: 'C 90'!$A$1:$D$44
Name A_IMPRESIÓN_IM: 'C 91 - 99'!$A$3:$DH$40
Name A_IMPRESIÓN_IM: [1]CYPPOLLO!#REF!
Name A_impresión_IM: #REF!
Name A_impresión_IM: 'C-88'!$A$1:$D$44
Name A_impresión_IM: 'C-89'!$A$1:$D$44
Name A_impresión_IM: #REF!

Sheet 1. INDICADORES ECONÓMICOS

Sheet C 1 - C 2 - C 3
A2: C.1 PERÚ: EVOLUCIÓN DEL VALOR BRUTO DE LA PRODUDUCCIÓN (VBP) AGROPECUARIA POR SUBSECTORES Y | AO2: Tasa
A3: PRINCIPALES ESPECIES Y PRODUCTOS, 2007-19.
A4: (Millones de soles a precios 2007) | AO4: Crec.
A6: Sector / Producto | C6: 2000 | D6: 2001 | E6: 2002 | F6: 2003 | G6: 2004 | H6: 2005 | I6: 2006 | J6: 2007 | K6: 2008 | L6: 2009 | M6: 2010 | N6: 2011 | O6: 2012 | P6: 2013 | Q6: 2014 | R6: 2015 | S6: 2016 | T6: 2017 | U6: 2018 P | V6: 2019P | W6: Var. % 19/18
A7: Sector agropecuario | C7: 17474.3 | D7: 17601.8 | E7: 18603.6 | F7: 18969.3 | G7: 19096 | H7: 20511.9 | I7: 22151.7 | J7: 22808.2 | K7: 24741.8 | L7: 25379.1 | M7: 26407.4 | N7: 27861.2 | O7: 29538.1 | P7: 30131.9 | Q7: 30698.2 | R7: 31894 | S7: 32592.3 | T7: 33502.4 | U7: 36117.6 | V7: 37262.5 | W7: =((V7/U7)-1)*100 -> 3.1699227 | AO7: 3.9
A8: Subsector agrícola | C8: 11577.1 | D8: 11537.3 | E8: 12282.8 | F8: 12444.9 | G8: 12391.7 | H8: 13289.3 | I8: 14340.7 | J8: 14533.2 | K8: 15862.1 | L8: 15991.2 | M8: 16616 | N8: 17377.3 | O8: 18471.3 | P8: 18672.8 | Q8: 18833.5 | R8: 19407.9 | S8: 19601 | T8: 20149 | U8: 22019.3 | V8: 22592.8 | W8: =((V8/U8)-1)*100 -> 2.6045333 | AO8: 3.3
A9: Subsector pecuario | C9: 5897.2 | D9: 6064.5 | E9: 6320.8 | F9: 6524.4 | G9: 6704.3 | H9: 7222.6 | I9: 7811 | J9: 8275 | K9: 8879.7 | L9: 9387.9 | M9: 9791.4 | N9: 10483.9 | O9: 11066.7 | P9: 11459.1 | Q9: 11864.7 | R9: 12486.1 | S9: 12991.3 | T9: 13353.4 | U9: 14098.3 | V9: 14669.7 | W9: =((V9/U9)-1)*100 -> 4.0529709 | AO9: 4.9
B11: Industria avícola 1 | C11: =SUM(C12:C14) -> 2892.6 | D11: =SUM(D12:D14) -> 2958.5 | E11: =SUM(E12:E14) -> 3140.9 | F11: =SUM(F12:F14) -> 3262.9 | G11: =SUM(G12:G14) -> 3280.1 | H11: =SUM(H12:H14) -> 3623.2 | I11: =SUM(I12:I14) -> 4017.6 | J11: =J12+J14 -> 4330.6 | K11: =K12+K14 -> 4847.7 | L11: =L12+L14 -> 5254.6 | M11: =M12+M14 -> 5560.1 | N11: =N12+N14 -> 6092.8 | O11: =O12+O14 -> 6526.6 | P11: =P12+P14 -> 6835.4 | Q11: =Q12+Q14 -> 7152.1 | ... V11: =V12+V14 -> 9596.8 | W11: =((V11/U11)-1)*100 -> 5.0001094 | AO11: 6.5
A12: 1 | B12: Ave | C12: 2340.6 | D12: 2376.6 | E12: 2551.2 | F12: 2651.8 | G12: 2655 | H12: 2983.5 | I12: 3259.4 | J12: 3534.8 | K12: 4024.4 | L12: 4424.6 | M12: 4679.4 | N12: 5111.6 | O12: 5556.6 | P12: 5754.9 | Q12: 6044.3 | R12: 6531.3 | S12: 6945.9 | T12: 7199.8 | U12: 7742.8 | V12: 8087.9 | W12: =((V12/U12)-1)*100 -> 4.457044 | AO12: 6.8
B13: Pollo | J13: 3273.1 | K13: 3727.9 | L13: 4121.7 | M13: 4362.7 | N13: 4582.9 | O13: 5195.8 | P13: 5394.3 | Q13: 5657.9 | R13: 6101.3 | S13: 6448.2 | T13: 6719.3 | U13: 7257.1 | V13: 7579 | W13: =((V13/U13)-1)*100 -> 4.4356561
B14: Huevo de Gallina | C14: 552 | D14: 581.9 | E14: 589.7 | F14: 611.1 | G14: 625.1 | H14: 639.7 | I14: 758.2 | J14: 795.8 | K14: 823.3 | L14: 830 | M14: 880.7 | N14: 981.2 | O14: 970 | P14: 1080.5 | Q14: 1107.8 | R14: 1193.1 | S14: 1238.6 | T14: 1283 | U14: 1397 | V14: 1508.9 | W14: =((V14/U14)-1)*100 -> 8.0100215 | AO14: 5.1
A15: 2 | B15: Ovino | C15: 378.7 | D15: 388.4 | E15: 383.2 | F15: 389.2 | G15: 410.8 | H15: 410.6 | I15: 413.3 | J15: 412.5 | K15: 406.5 | L15: 407.8 | M15: 410.4 | N15: 417.6 | O15: 430.3 | P15: 425.5 | Q15: 419.6 | R15: 404.2 | S15: 413.9 | T15: 407.8 | U15: 410.4 | V15: 411.8 | W15: =((V15/U15)-1)*100 -> 0.3411306 | AO15: 0.4
A16: 3 | B16: Porcino | C16: 433.8 | D16: 442.2 | E16: 438.5 | F16: 439.5 | G16: 468.6 | H16: 494 | I16: 516.6 | J16: 542.7 | K16: 545.9 | L16: 543.6 | M16: 548.1 | N16: 557.2 | O16: 579.8 | P16: 605 | Q16: 641.6 | R16: 677.3 | S16: 708 | T16: 747.5 | U16: 781.6 | V16: 821 | W16: =((V16/U16)-1)*100 -> 5.0409417 | AO16: 3.3
A17: 4 | B17: Vacuno | C17: 1114.1 | D17: 1114.3 | E17: 1147.4 | F17: 1174.2 | G17: 1227.9 | H17: 1304.4 | I17: 1382.1 | J17: 1396.3 | K17: 1397 | L17: 1408.9 | M17: 1470.2 | N17: 1531.9 | O17: 1596.3 | P17: 1651.6 | Q17: 1678.5 | R17: 1676.7 | S17: 1648.4 | T17: 1614.4 | U17: 1622.7 | V17: 1650.2 | W17: =((V17/U17)-1)*100 -> 1.6947064 | AO17: 2.2
A18: 5 | B18: Caprino | C18: 57.6 | D18: 54.4 | E18: 53.3 | F18: 57.9 | G18: 59.5 | H18: 60.8 | I18: 62.3 | J18: 61.5 | K18: 59 | L18: 56.6 | M18: 56.4 | N18: 56.5 | O18: 57.4 | P18: 59.2 | Q18: 56.7 | R18: 54.3 | S18: 53.6 | T18: 50.5 | U18: 45.7 | V18: 46.9 | W18: =((V18/U18)-1)*100 -> 2.6258206 | AO18: -0.7
A19: 6 | B19: Alpaca | C19: 130.1 | D19: 137.3 | E19: 147.3 | F19: 146 | G19: 148.2 | H19: 154.4 | I19: 156.5 | J19: 166.7 | K19: 169.6 | L19: 181.4 | M19: 191.6 | N19: 201.5 | O19: 213.6 | P19: 216.6 | Q19: 224.2 | R19: 212.1 | S19: 221.5 | T19: 226.9 | U19: 225.9 | V19: 223.9 | W19: =((V19/U19)-1)*100 -> -0.8853475 | AO19: 3.3
A20: 7 | B20: Llama | C20: 25.2 | D20: 25.5 | E20: 25.5 | F20: 27.5 | G20: 29.1 | H20: 30.4 | I20: 30.3 | J20: 31.9 | K20: 31.3 | L20: 32.9 | M20: 32.1 | N20: 33.4 | O20: 34.3 | P20: 32.9 | Q20: 32.9 | R20: 31.4 | S20: 31.3 | T20: 31.6 | U20: 31.5 | V20: 30.3 | W20: =((V20/U20)-1)*100 -> -3.8095238 | AO20: 1.3
A21: 9 | B21: Leche Fresca de Vaca | C21: 750.6 | D21: 822.4 | E21: 873.8 | F21: 918.1 | G21: 968.1 | H21: 1027.8 | I21: 1119.3 | J21: 1209.8 | K21: 1301 | L21: 1372.9 | M21: 1394.7 | N21: 1458.8 | O21: 1488 | P21: 1502.3 | Q21: 1529.2 | R21: 1581.5 | S21: 1624 | T21: 1673.4 | U21: 1717.8 | V21: 1769.5 | W21: =((V21/U21)-1)*100 -> 3.0096635 | AO21: 4.8
A22: 10 | B22: Fibra Alpaca | C22: 57 | D22: 62.3 | E22: 58 | F22: 56.9 | G22: 59.6 | H22: 66 | I22: 64.3 | J22: 71.4 | K22: 73.7 | L22: 80.4 | M22: 79.8 | N22: 85.5 | O22: 88 | P22: 81 | Q22: 82.2 | R22: 81.4 | S22: 82.7 | T22: 79.1 | U22: 83.9 | V22: 81.6 | W22: =((V22/U22)-1)*100 -> -2.7413588 | AO22: 1.9
A23: 11 | B23: Fibra Llama | C23: 4.6 | D23: 4.7 | E23: 3.8 | F23: 3.9 | G23: 3.8 | H23: 3.7 | I23: 3.8 | J23: 4.5 | K23: 4.3 | L23: 4.3 | M23: 3.9 | N23: 4.2 | O23: 4.6 | P23: 4.4 | Q23: 4.6 | R23: 4 | S23: 4.1 | T23: 4.2 | U23: 4 | V23: 4 | W23: =((V23/U23)-1)*100 -> 0 | AO23: -0.5
A24: 12 | B24: Lana Ovino | C24: 53.5 | D24: 54.4 | E24: 48.9 | F24: 49 | G24: 48.6 | H24: 47.2 | I24: 44.9 | J24: 47.2 | K24: 43.6 | L24: 44.5 | M24: 44.2 | N24: 44.5 | O24: 47.7 | P24: 45 | Q24: 43.2 | R24: 38.8 | S24: 40.5 | T24: 35.2 | U24: 34.9 | V24: 33.5 | W24: =((V24/U24)-1)*100 -> -4.0114613 | AO24: -2.4
A25: P Preliminar.
A26: 1 Considera ave y huevo de gallina.
A27: Fuente:Direcciones Regionales de Agricultura.
A28: Elaboración: MInisterio de Agricultura y Riego - DGESEP - DEA.
A30: C.2 PERÚ: PARTICIPACIÓN POR SUBSECTORES Y PRINCIPALES ESPECIES Y PRODUCTOS EN EL VALOR BRUTO DE LA PRODUCCIÓN AGROPECUARIA, 2007-19.
A31: (%)
A33: Sector / Producto | C33: 2000 | D33: 2001 | E33: 2002 | F33: 2003 | G33: 2004 | H33: 2005 | I33: 2006 | J33: 2007 | K33: 2008 | L33: 2009 | M33: 2010 | N33: 2011 | O33: 2012 | P33: 2013 | Q33: 2014 | R33: 2015 | S33: 2016 | T33: 2017 | U33: 2018 | V33: 2019P
A34: Sector agropecuario | C34: =C7/$C$7*100 -> 100 | D34: =D7/$D$7*100 -> 100 | E34: =E7/$E$7*100 -> 100 | F34: =F7/$F$7*100 -> 100 | G34: =G7/$G$7*100 -> 100 | H34: =H7/$H$7*100 -> 100 | I34: =I7/$I$7*100 -> 100 | J34: =J7/$J$7*100 -> 100 | K34: =K7/$K$7*100 -> 100 | L34: =L7/$L$7*100 -> 100 | M34: =M7/$M$7*100 -> 100 | N34: =N7/$N$7*100 -> 100 | O34: =O7/$O$7*100 -> 100 | P34: =P7/$P$7*100 -> 100 | Q34: =Q7/$Q$7*100 -> 100 | R34: =R7/$R$7*100 -> 100 | S34: =S7/$S$7*100 -> 100 | T34: =T7/$T$7*100 -> 100 | U34: =U7/$U$7*100 -> 100 | V34: =V7/$V$7*100 -> 100
A35: Subsector agrícola | C35: =C8/$C$7*100 -> 66.252153 | D35: =D8/$D$7*100 -> 65.546137 | E35: =E8/$E$7*100 -> 66.02378 | F35: =F8/$F$7*100 -> 65.605478 | G35: =G8/$G$7*100 -> 64.8916 | H35: =H8/$H$7*100 -> 64.788245 | I35: =I8/$I$7*100 -> 64.738598 | J35: =J8/$J$7*100 -> 63.719189 | K35: =K8/$K$7*100 -> 64.110534 | L35: =L8/$L$7*100 -> 63.009327 | M35: =M8/$M$7*100 -> 62.921757 | N35: =N8/$N$7*100 -> 62.370968 | O35: =O8/$O$7*100 -> 62.533812 | P35: =P8/$P$7*100 -> 61.970204 | Q35: =Q8/$Q$7*100 -> 61.350503 | R35: =R8/$R$7*100 -> 60.851257 | S35: =S8/$S$7*100 -> 60.139972 | T35: =T8/$T$7*100 -> 60.14196 | U35: =U8/$U$7*100 -> 60.965568 | V35: =V8/$V$7*100 -> 60.631466
A36: Subsector pecuario | C36: =C9/$C$7*100 -> 33.747847 | D36: =D9/$D$7*100 -> 34.453863 | E36: =E9/$E$7*100 -> 33.97622 | F36: =F9/$F$7*100 -> 34.394522 | G36: =G9/$G$7*100 -> 35.1084 | H36: =H9/$H$7*100 -> 35.211755 | I36: =I9/$I$7*100 -> 35.261402 | J36: =J9/$J$7*100 -> 36.280811 | K36: =K9/$K$7*100 -> 35.889466 | L36: =L9/$L$7*100 -> 36.990673 | M36: =M9/$M$7*100 -> 37.078243 | N36: =N9/$N$7*100 -> 37.629032 | O36: =O9/$O$7*100 -> 37.465849 | P36: =P9/$P$7*100 -> 38.029796 | Q36: =Q9/$Q$7*100 -> 38.649497 | R36: =R9/$R$7*100 -> 39.148743 | S36: =S9/$S$7*100 -> 39.860028 | T36: =T9/$T$7*100 -> 39.85804 | U36: =U9/$U$7*100 -> 39.034432 | V36: =V9/$V$7*100 -> 39.368534
B38: Industria avícola 1 | C38: =C11/$C$7*100 -> 16.553453 | D38: =D11/$D$7*100 -> 16.80794 | E38: =E11/$E$7*100 -> 16.883291 | F38: =F11/$F$7*100 -> 17.200951 | G38: =G11/$G$7*100 -> 17.176896 | H38: =H11/$H$7*100 -> 17.663893 | I38: =I11/$I$7*100 -> 18.136757 | J38: =J11/$J$7*100 -> 18.987031 | K38: =K11/$K$7*100 -> 19.593158 | L38: =L11/$L$7*100 -> 20.704438 | M38: =M11/$M$7*100 -> 21.055083 | N38: =N11/$N$7*100 -> 21.868405 | O38: =O11/$O$7*100 -> 22.095531 | P38: =P11/$P$7*100 -> 22.684929 | Q38: =Q11/$Q$7*100 -> 23.298109 | R38: =R11/$R$7*100 -> 24.218975 | S38: =S11/$S$7*100 -> 25.11176 | T38: =T11/$T$7*100 -> 25.319977 | U38: =U11/$U$7*100 -> 25.305668 | V38: =V11/$V$7*100 -> 25.754579
B39: Ave | C39: =C12/$C$7*100 -> 13.394528 | D39: =D12/$D$7*100 -> 13.502028 | E39: =E12/$E$7*100 -> 13.713475 | F39: =F12/$F$7*100 -> 13.97943 | G39: =G12/$G$7*100 -> 13.903435 | H39: =H12/$H$7*100 -> 14.545215 | I39: =I12/$I$7*100 -> 14.713995 | J39: =J12/$J$7*100 -> 15.497935 | K39: =K12/$K$7*100 -> 16.265591 | L39: =L12/$L$7*100 -> 17.43403 | M39: =M12/$M$7*100 -> 17.720033 | N39: =N12/$N$7*100 -> 18.346661 | O39: =O12/$O$7*100 -> 18.811636 | P39: =P12/$P$7*100 -> 19.099028 | Q39: =Q12/$Q$7*100 -> 19.689428 | R39: =R12/$R$7*100 -> 20.478146 | S39: =S12/$S$7*100 -> 21.311475 | T39: =T12/$T$7*100 -> 21.490401 | U39: =U12/$U$7*100 -> 21.437748 | V39: =V12/$V$7*100 -> 21.7052
B40: Pollo | J40: =J13/$J$7*100 -> 14.350541 | K40: =K13/$K$7*100 -> 15.067214 | L40: =L13/$L$7*100 -> 16.240529 | M40: =M13/$M$7*100 -> 16.520748 | N40: =N13/$N$7*100 -> 16.44904 | O40: =O13/$O$7*100 -> 17.590163 | P40: =P13/$P$7*100 -> 17.90229 | Q40: =Q13/$Q$7*100 -> 18.430722 | R40: =R13/$R$7*100 -> 19.12993 | S40: =S13/$S$7*100 -> 19.784428 | T40: =T13/$T$7*100 -> 20.056175 | U40: =U13/$U$7*100 -> 20.092974 | V40: =V13/$V$7*100 -> 20.339483
A41: 1 | B41: Huevo de Gallina | C41: =C14/$C$7*100 -> 3.1589248 | D41: =D14/$D$7*100 -> 3.3059119 | E41: =E14/$E$7*100 -> 3.1698166 | F41: =F14/$F$7*100 -> 3.2215211 | G41: =G14/$G$7*100 -> 3.2734604 | H41: =H14/$H$7*100 -> 3.1186775 | I41: =I14/$I$7*100 -> 3.4227621 | J41: =J14/$J$7*100 -> 3.489096 | K41: =K14/$K$7*100 -> 3.3275671 | L41: =L14/$L$7*100 -> 3.2704075 | M41: =M14/$M$7*100 -> 3.33505 | N41: =N14/$N$7*100 -> 3.5217435 | O41: =O14/$O$7*100 -> 3.2838944 | P41: =P14/$P$7*100 -> 3.5859007 | Q41: =Q14/$Q$7*100 -> 3.6086806 | R41: =R14/$R$7*100 -> 3.740829 | S41: =S14/$S$7*100 -> 3.8002841 | T41: =T14/$T$7*100 -> 3.8295764 | U41: =U14/$U$7*100 -> 3.8679203 | V41: =V14/$V$7*100 -> 4.0493794
B42: Ovino | C42: =C15/$C$7*100 -> 2.1671827 | D42: =D15/$D$7*100 -> 2.2065925 | E42: =E15/$E$7*100 -> 2.0598164 | F42: =F15/$F$7*100 -> 2.0517362 | G42: =G15/$G$7*100 -> 2.1512359 | H42: =H15/$H$7*100 -> 2.0017648 | I42: =I15/$I$7*100 -> 1.865771 | J42: =J15/$J$7*100 -> 1.8085601 | K42: =K15/$K$7*100 -> 1.6429686 | L42: =L15/$L$7*100 -> 1.606834 | M42: =M15/$M$7*100 -> 1.5541098 | N42: =N15/$N$7*100 -> 1.4988586 | O42: =O15/$O$7*100 -> 1.4567626 | P42: =P15/$P$7*100 -> 1.4121247 | Q42: =Q15/$Q$7*100 -> 1.3668554 | R42: =R15/$R$7*100 -> 1.267323 | S42: =S15/$S$7*100 -> 1.2699319 | T42: =T15/$T$7*100 -> 1.2172262 | U42: =U15/$U$7*100 -> 1.1362881 | V42: =V15/$V$7*100 -> 1.1051325
B43: Porcino | C43: =C16/$C$7*100 -> 2.4825029 | D43: =D16/$D$7*100 -> 2.5122431 | E43: =E16/$E$7*100 -> 2.3570707 | F43: =F16/$F$7*100 -> 2.3169015 | G43: =G16/$G$7*100 -> 2.4539171 | H43: =H16/$H$7*100 -> 2.4083581 | I43: =I16/$I$7*100 -> 2.3321009 | J43: =J16/$J$7*100 -> 2.3794074 | K43: =K16/$K$7*100 -> 2.2063876 | L43: =L16/$L$7*100 -> 2.1419199 | M43: =M16/$M$7*100 -> 2.0755546 | N43: =N16/$N$7*100 -> 1.9999139 | O43: =O16/$O$7*100 -> 1.9628886 | P43: =P16/$P$7*100 -> 2.0078389 | Q43: =Q16/$Q$7*100 -> 2.0900248 | R43: =R16/$R$7*100 -> 2.1235969 | S43: =S16/$S$7*100 -> 2.1722922 | T43: =T16/$T$7*100 -> 2.2311834 | U43: =U16/$U$7*100 -> 2.1640419 | V43: =V16/$V$7*100 -> 2.2032875
B44: Vacuno | C44: =C17/$C$7*100 -> 6.3756488 | D44: =D17/$D$7*100 -> 6.3306026 | E44: =E17/$E$7*100 -> 6.1676235 | F44: =F17/$F$7*100 -> 6.1900017 | G44: =G17/$G$7*100 -> 6.4301424 | H44: =H17/$H$7*100 -> 6.3592354 | I44: =I17/$I$7*100 -> 6.2392503 | J44: =J17/$J$7*100 -> 6.1219211 | K44: =K17/$K$7*100 -> 5.6463151 | L44: =L17/$L$7*100 -> 5.5514183 | M44: =M17/$M$7*100 -> 5.5673788 | N44: =N17/$N$7*100 -> 5.4983274 | O44: =O17/$O$7*100 -> 5.4042068 | P44: =P17/$P$7*100 -> 5.4812342 | Q44: =Q17/$Q$7*100 -> 5.4677473 | R44: =R17/$R$7*100 -> 5.2571016 | S44: =S17/$S$7*100 -> 5.0576363 | T44: =T17/$T$7*100 -> 4.8187593 | U44: =U17/$U$7*100 -> 4.4928234 | V44: =V17/$V$7*100 -> 4.428581
B45: Caprino | C45: =C18/$C$7*100 -> 0.32962694 | D45: =D18/$D$7*100 -> 0.3090593 | E45: =E18/$E$7*100 -> 0.28650369 | F45: =F18/$F$7*100 -> 0.30523003 | G45: =G18/$G$7*100 -> 0.31158358 | H45: =H18/$H$7*100 -> 0.2964133 | I45: =I18/$I$7*100 -> 0.28124252 | J45: =J18/$J$7*100 -> 0.26963987 | K45: =K18/$K$7*100 -> 0.23846284 | L45: =L18/$L$7*100 -> 0.22301815 | M45: =M18/$M$7*100 -> 0.2135765 | N45: =N18/$N$7*100 -> 0.20279098 | O45: =O18/$O$7*100 -> 0.1943253 | P45: =P18/$P$7*100 -> 0.19646952 | Q45: =Q18/$Q$7*100 -> 0.18470138 | R45: =R18/$R$7*100 -> 0.17025146 | S45: =S18/$S$7*100 -> 0.16445602 | T45: =T18/$T$7*100 -> 0.15073547 | U45: =U18/$U$7*100 -> 0.12653111 | V45: =V18/$V$7*100 -> 0.1258638
B46: Alpaca | C46: =C19/$C$7*100 -> 0.74452196 | D46: =D19/$D$7*100 -> 0.78003386 | E46: =E19/$E$7*100 -> 0.79178224 | F46: =F19/$F$7*100 -> 0.76966467 | G46: =G19/$G$7*100 -> 0.77607876 | H46: =H19/$H$7*100 -> 0.75273378 | I46: =I19/$I$7*100 -> 0.70649205 | J46: =J19/$J$7*100 -> 0.73087749 | K46: =K19/$K$7*100 -> 0.68547963 | L46: =L19/$L$7*100 -> 0.71476136 | M46: =M19/$M$7*100 -> 0.7255542 | N46: =N19/$N$7*100 -> 0.723228 | O46: =O19/$O$7*100 -> 0.72313385 | P46: =P19/$P$7*100 -> 0.7188395 | Q46: =Q19/$Q$7*100 -> 0.73033598 | R46: =R19/$R$7*100 -> 0.66501536 | S46: =S19/$S$7*100 -> 0.67960837 | T46: =T19/$T$7*100 -> 0.67726491 | U46: =U19/$U$7*100 -> 0.62545684 | V46: =V19/$V$7*100 -> 0.60087219
B47: Llama | C47: =C20/$C$7*100 -> 0.14421179 | D47: =D20/$D$7*100 -> 0.14487155 | E47: =E20/$E$7*100 -> 0.13707024 | F47: =F20/$F$7*100 -> 0.14497108 | G47: =G20/$G$7*100 -> 0.15238793 | H47: =H20/$H$7*100 -> 0.14820665 | I47: =I20/$I$7*100 -> 0.13678408 | J47: =J20/$J$7*100 -> 0.13986198 | K47: =K20/$K$7*100 -> 0.12650656 | L47: =L20/$L$7*100 -> 0.12963423 | M47: =M20/$M$7*100 -> 0.12155684 | N47: =N20/$N$7*100 -> 0.11987998 | O47: =O20/$O$7*100 -> 0.11612121 | P47: =P20/$P$7*100 -> 0.10918661 | Q47: =Q20/$Q$7*100 -> 0.10717241 | R47: =R20/$R$7*100 -> 0.098451119 | S47: =S20/$S$7*100 -> 0.096034953 | T47: =T20/$T$7*100 -> 0.094321601 | U47: =U20/$U$7*100 -> 0.087215097 | V47: =V20/$V$7*100 -> 0.081314995
B48: Leche Fresca de Vaca | C48: =C21/$C$7*100 -> 4.295451 | D48: =D21/$D$7*100 -> 4.6722494 | E48: =E21/$E$7*100 -> 4.6969404 | F48: =F21/$F$7*100 -> 4.8399256 | G48: =G21/$G$7*100 -> 5.0696481 | H48: =H21/$H$7*100 -> 5.0107499 | I48: =I21/$I$7*100 -> 5.0528853 | J48: =J21/$J$7*100 -> 5.3042327 | K48: =K21/$K$7*100 -> 5.2583078 | L48: =L21/$L$7*100 -> 5.4095693 | M48: =M21/$M$7*100 -> 5.2814741 | N48: =N21/$N$7*100 -> 5.2359554 | O48: =O21/$O$7*100 -> 5.0375617 | P48: =P21/$P$7*100 -> 4.985746 | Q48: =Q21/$Q$7*100 -> 4.9813996 | R48: =R21/$R$7*100 -> 4.9586129 | S48: =S21/$S$7*100 -> 4.982772 | T48: =T21/$T$7*100 -> 4.994866 | U48: =U21/$U$7*100 -> 4.75613 | V48: =V21/$V$7*100 -> 4.748742
B49: Fibra Alpaca | C49: =C22/$C$7*100 -> 0.32619332 | D49: =D22/$D$7*100 -> 0.35394107 | E49: =E22/$E$7*100 -> 0.31176761 | F49: =F22/$F$7*100 -> 0.29995835 | G49: =G22/$G$7*100 -> 0.31210725 | H49: =H22/$H$7*100 -> 0.32176444 | I49: =I22/$I$7*100 -> 0.29027118 | J49: =J22/$J$7*100 -> 0.31304531 | K49: =K22/$K$7*100 -> 0.29787647 | L49: =L22/$L$7*100 -> 0.3167961 | M49: =M22/$M$7*100 -> 0.30218802 | N49: =N22/$N$7*100 -> 0.30687838 | O49: =O22/$O$7*100 -> 0.29792031 | P49: =P22/$P$7*100 -> 0.2688181 | Q49: =Q22/$Q$7*100 -> 0.26776814 | R49: =R22/$R$7*100 -> 0.25522042 | S49: =S22/$S$7*100 -> 0.25374091 | T49: =T22/$T$7*100 -> 0.23610249 | U49: =U22/$U$7*100 -> 0.23229672 | V49: =V22/$V$7*100 -> 0.21898692
B50: Fibra Llama | C50: =C23/$C$7*100 -> 0.026324374 | D50: =D23/$D$7*100 -> 0.026701815 | E50: =E23/$E$7*100 -> 0.020426154 | F50: =F23/$F$7*100 -> 0.020559536 | G50: =G23/$G$7*100 -> 0.019899455 | H50: =H23/$H$7*100 -> 0.018038309 | I50: =I23/$I$7*100 -> 0.01715444 | J50: =J23/$J$7*100 -> 0.019729746 | K50: =K23/$K$7*100 -> 0.017379495 | L50: =L23/$L$7*100 -> 0.016943075 | M50: =M23/$M$7*100 -> 0.014768588 | N50: =N23/$N$7*100 -> 0.015074728 | O50: =O23/$O$7*100 -> 0.015573107 | P50: =P23/$P$7*100 -> 0.014602464 | Q50: =Q23/$Q$7*100 -> 0.014984592 | R50: =R23/$R$7*100 -> 0.012541544 | S50: =S23/$S$7*100 -> 0.012579658 | T50: =T23/$T$7*100 -> 0.012536415 | U50: =U23/$U$7*100 -> 0.011074933 | V50: =V23/$V$7*100 -> 0.010734653
A51: 3 | B51: Lana ovino | C51: =C24/$C$7*100 -> 0.30616391 | D51: =D24/$D$7*100 -> 0.3090593 | E51: =E24/$E$7*100 -> 0.26285235 | F51: =F24/$F$7*100 -> 0.25831211 | G51: =G24/$G$7*100 -> 0.25450356 | H51: =H24/$H$7*100 -> 0.23011033 | I51: =I24/$I$7*100 -> 0.20269325 | J51: =J24/$J$7*100 -> 0.20694312 | K51: =K24/$K$7*100 -> 0.17622 | L51: =L24/$L$7*100 -> 0.17534113 | M51: =M24/$M$7*100 -> 0.16737733 | N51: =N24/$N$7*100 -> 0.15972033 | O51: =O24/$O$7*100 -> 0.16148635 | P51: =P24/$P$7*100 -> 0.14934339 | Q51: =Q24/$Q$7*100 -> 0.14072486 | R51: =R24/$R$7*100 -> 0.12165298 | S51: =S24/$S$7*100 -> 0.12426248 | T51: =T24/$T$7*100 -> 0.1050671 | U51: =U24/$U$7*100 -> 0.09662879 | V51: =V24/$V$7*100 -> 0.089902717
A52: P Preliminar.
A53: 1 Considera ave y huevo de gallina.
A54: Fuente:Direcciones Regionales de Agricultura.
A55: Elaboración: MInisterio de Agricultura y Riego - DGESEP - DEA.
A57: C.3 PERÚ: EVOLUCIÓN DE LA PRODUCCIÓN PECUARIA POR ESPECIE Y PRODUCTO, 2007-19.
A58: (Miles de toneladas)
A60: Especie / Producto | C60: 2000 | D60: 2001 | E60: 2002 | F60: 2003 | G60: 2004 | H60: 2005 | I60: 2006 | J60: 2007 | K60: 2008 | L60: 2009 | M60: 2010 | N60: 2011 | O60: 2012 | P60: 2013 | Q60: 2014 | R60: 2015 | S60: 2016 | T60: 2017 | U60: 2018 | V60: 2019P
B62: Subsector pecuario
B63: Ave 1 | C63: 622.1 | D63: 631.7 | E63: 678.1 | F63: 704.9 | G63: 705.7 | H63: 793 | I63: 866.4 | J63: 939.6 | K63: 1069.7 | L63: 1176.1 | M63: 1243.8 | N63: 1358.7 | O63: 1477 | P63: 1529.7 | Q63: 1606.6 | R63: 1736.1 | S63: 1846.3 | T63: 1913.8 | U63: 2058.1 | V63: 2149.8
B64: Pollo 1 | J64: 870 | K64: 990.9 | L64: 1095.6 | M64: 1159.6 | N64: 1218.2 | O64: 1381.1 | P64: 1433.8 | Q64: 1503.9 | R64: 1621.8 | S64: 1714 | T64: 1786 | U64: 1929 | V64: 2014.6
B65: Ovino 1 | C65: 77.7 | D65: 79.7 | E65: 78.6 | F65: 79.8 | G65: 84.2 | H65: 84.2 | I65: 84.8 | J65: 84.6 | K65: 83.4 | L65: 83.6 | M65: 84.2 | N65: 85.6 | O65: 88.3 | P65: 87.3 | Q65: 86.1 | R65: 82.9 | S65: 84.9 | T65: 83.6 | U65: 84.2 | V65: 84.5
B66: Porcino 1 | C66: 122.1 | D66: 124.4 | E66: 123.4 | F66: 123.7 | G66: 131.8 | H66: 139 | I66: 145.3 | J66: 152.7 | K66: 153.6 | L66: 153 | M66: 154.2 | N66: 156.8 | O66: 163.1 | P66: 170.2 | Q66: 180.5 | R66: 190.6 | S66: 199.2 | T66: 210.3 | U66: 219.9 | V66: 231
B67: Vacuno 1 | C67: 255.4 | D67: 255.4 | E67: 263 | F67: 269.2 | G67: 281.5 | H67: 299 | I67: 316.8 | J67: 320.1 | K67: 320.2 | L67: 322.9 | M67: 337 | N67: 351.1 | O67: 365.9 | P67: 378.6 | Q67: 384.8 | R67: 384.3 | S67: 373 | T67: 370.1 | U67: 372 | V67: 378.3
B68: Caprino 1 | C68: 15.5 | D68: 14.8 | E68: 14.5 | F68: 15.7 | G68: 16.2 | H68: 16.5 | I68: 16.9 | J68: 16.7 | K68: 16 | L68: 15.4 | M68: 15.3 | N68: 15.4 | O68: 15.6 | P68: 16.1 | Q68: 15.4 | R68: 14.8 | S68: 14.6 | T68: 13.7 | U68: 12.4 | V68: 12.8
B69: Alpaca 1 | C69: 16.2 | D69: 17.1 | E69: 18.4 | F69: 18.2 | G69: 18.5 | H69: 19.3 | I69: 19.5 | J69: 20.8 | K69: 21.2 | L69: 22.6 | M69: 23.9 | N69: 25.2 | O69: 26.7 | P69: 27 | Q69: 28 | R69: 26.5 | S69: 27.7 | T69: 28.3 | U69: 28.2 | V69: 28
B70: Llama 1 | C70: 7.1 | D70: 7.2 | E70: 7.2 | F70: 7.8 | G70: 8.2 | H70: 8.6 | I70: 8.5 | J70: 9 | K70: 8.8 | L70: 9.3 | M70: 9.1 | N70: 9.4 | O70: 9.7 | P70: 9.3 | Q70: 9.3 | R70: 8.8 | S70: 8.8 | T70: 8.9 | U70: 8.9 | V70: 8.6
B71: Huevo Gallina | C71: 178.7 | D71: 188.4 | E71: 190.9 | F71: 197.8 | G71: 202.4 | H71: 207.1 | I71: 245.5 | J71: 257.6 | K71: 266.5 | L71: 268.7 | M71: 285.1 | N71: 317.7 | O71: 314 | P71: 349.8 | Q71: 358.6 | R71: 386.3 | S71: 401 | T71: 415.3 | U71: 452.2 | V71: 488.5
B72: Leche Fresca de Vaca | C72: 903.2 | D72: 989.7 | E72: 1051.5 | F72: 1104.8 | G72: 1165 | H72: 1236.8 | I72: 1347 | J72: 1455.8 | K72: 1565.5 | L72: 1652.1 | M72: 1678.4 | N72: 1755.5 | O72: 1790.7 | P72: 1807.8 | Q72: 1840.2 | R72: 1903.2 | S72: 1954.2 | T72: 2013.7 | U72: 2067.1 | V72: 2129.4
B73: Fibra Alpaca | C73: 3.1 | D73: 3.4 | E73: 3.2 | F73: 3.1 | G73: 3.2 | H73: 3.6 | I73: 3.5 | J73: 3.9 | K73: 4 | L73: 4.4 | M73: 4.4 | N73: 4.7 | O73: 4.8 | P73: 4.4 | Q73: 4.5 | R73: 4.4 | S73: 4.5 | T73: 4.3 | U73: 4.6 | V73: 4.5
B74: Fibra Llama | C74: 0.7 | D74: 0.8 | E74: 0.6 | F74: 0.6 | G74: 0.6 | H74: 0.6 | I74: 0.6 | J74: 0.7 | K74: 0.7 | L74: 0.7 | M74: 0.6 | N74: 0.7 | O74: 0.7 | P74: 0.7 | Q74: 0.7 | R74: 0.7 | S74: 0.7 | T74: 0.7 | U74: 0.7 | V74: 0.7
B75: Lana Ovino | C75: 12.4 | D75: 12.6 | E75: 11.3 | F75: 11.3 | G75: 11.2 | H75: 10.9 | I75: 10.4 | J75: 10.9 | K75: 10.1 | L75: 10.3 | M75: 10.2 | N75: 10.3 | O75: 11 | P75: 10.4 | Q75: 10 | R75: 9 | S75: 9.4 | T75: 8.1 | U75: 8.1 | V75: 7.8
A76: P Preliminar.
A77: 1 Peso de animal vivo.
A78: Fuente:Direcciones Regionales de Agricultura.
A79: Elaboración: MInisterio de Agricultura y Riego - DGESEP - DEA.

Sheet 2. POBLACION Y ...

Sheet C-4
A2: C.4 PERÚ:POBLACIÓN PECUARIA POR REGIÓN SEGÚN ESPECIE, 2019P.
A3: (Unidades)
A5: Región | B5: Ave | C5: Alpaca | D5: LLama | E5: Caprino | F5: Ovino | G5: Porcino | H5: Vacuno | I5: Vacas en Ordeño
A6: Total Nacional | B6: =(B8+B9+B10+B11+B12+B16+B17+B18+B19+B20+B21+B22+B23+B24+B25+B26+B27+B28+B31+B32+B33+B34+B35+B36) -> 168172635 | C6: =(C8+C9+C10+C11+C12+C16+C17+C18+C19+C20+C21+C22+C23+C24+C25+C26+C27+C28+C31+C32+C33+C34+C35+C36) -> 4449506 | D6: =(D8+D9+D10+D11+D12+D16+D17+D18+D19+D20+D21+D22+D23+D24+D25+D26+D27+D28+D31+D32+D33+D34+D35+D36) -> 1089701 | E6: =(E8+E9+E10+E11+E12+E16+E17+E18+E19+E20+E21+E22+E23+E24+E25+E26+E27+E28+E31+E32+E33+E34+E35+E36) -> 1807961 | F6: =(F8+F9+F10+F11+F12+F16+F17+F18+F19+F20+F21+F22+F23+F24+F25+F26+F27+F28+F31+F32+F33+F34+F35+F36) -> 11261559 | G6: =(G8+G9+G10+G11+G12+G16+G17+G18+G19+G20+G21+G22+G23+G24+G25+G26+G27+G28+G31+G32+G33+G34+G35+G36) -> 3258809 | H6: =(H8+H9+H10+H11+H12+H16+H17+H18+H19+H20+H21+H22+H23+H24+H25+H26+H27+H28+H31+H32+H33+H34+H35+H36) -> 5599893 | I6: =(I8+I9+I10+I11+I12+I16+I17+I18+I19+I20+I21+I22+I23+I24+I25+I26+I27+I28+I31+I32+I33+I34+I35+I36) -> 905818
A8: Tumbes | B8: 157220 | C8: 0 | D8: 0 | E8: 65320 | F8: 7515 | G8: 30010 | H8: 22200 | I8: 362
A9: Piura | B9: 5858230 | C9: 100 | D9: 0 | E9: 330221 | F9: 274119 | G9: 167860 | H9: 258181 | I9: 24072
A10: Lambayeque | B10: 2489462 | C10: 0 | D10: 0 | E10: 106151 | F10: 68325 | G10: 73428 | H10: 113602 | I10: 17837
A11: La Libertad | B11: 24963293 | C11: 7710 | D11: 0 | E11: 91388 | F11: 344949 | G11: 113341 | H11: 235457 | I11: 48823
A12: Cajamarca | B12: =SUM(B13:B15) -> 870494 | C12: =SUM(C13:C15) -> 1190 | D12: =SUM(D13:D15) -> 0 | E12: =SUM(E13:E15) -> 107350 | F12: =SUM(F13:F15) -> 480072 | G12: =SUM(G13:G15) -> 288252 | H12: =SUM(H13:H15) -> 655840 | I12: =SUM(I13:I15) -> 164222
A13: Cajamarca | B13: 367692 | C13: 1190 | D13: 0 | E13: 66574 | F13: 344402 | G13: 79774 | H13: 263239 | I13: 97194
A14: Chota | B14: 208383 | C14: 0 | D14: 0 | E14: 20745 | F14: 104272 | G14: 103450 | H14: 276060 | I14: 61574
A15: Jaén | B15: 294419 | C15: 0 | D15: 0 | E15: 20031 | F15: 31398 | G15: 105028 | H15: 116541 | I15: 5454
A16: Amazonas | B16: 1525969 | C16: 0 | D16: 0 | E16: 12575 | F16: 23047 | G16: 85700 | H16: 247855 | I16: 79623
A17: Ancash | B17: 2632858 | C17: 10200 | D17: 0 | E17: 169698 | F17: 671829 | G17: 171477 | H17: 306065 | I17: 14847
A18: Lima | B18: 68879430 | C18: 46625 | D18: 21780 | E18: 169383 | F18: 315962 | G18: 464900 | H18: 250851 | I18: 71092
A19: Ica | B19: 17467343 | C19: 0 | D19: 0 | E19: 75880 | F19: 27552 | G19: 102767 | H19: 50530 | I19: 12537
A20: Huánuco | B20: 1761432 | C20: 6760 | D20: 3513 | E20: 102260 | F20: 529832 | G20: 405725 | H20: 292866 | I20: 34916
A21: Pasco | B21: 139895 | C21: 130778 | D21: 43880 | E21: 6345 | F21: 691923 | G21: 53567 | H21: 119542 | I21: 29614
A22: Junín | B22: 3562423 | C22: 94111 | D22: 61081 | E22: 10833 | F22: 1516644 | G22: 171904 | H22: 326506 | I22: 40669
A23: Huancavelica | B23: 389033 | C23: 270053 | D23: 131322 | E23: 181228 | F23: 625574 | G23: 157545 | H23: 182010 | I23: 12120
A24: Arequipa | B24: 17146598 | C24: 430134 | D24: 88209 | E24: 16611 | F24: 188221 | G24: 107120 | H24: 212744 | I24: 75737
... A27: Ayacucho | B27: 664511 | C27: 309833 | D27: 79754 | E27: 192115 | F27: 617461 | G27: 118454 | H27: 453426 | I27: 33695
A28: Apurímac | B28: =SUM(B29:B30) -> 309739 | C28: =SUM(C29:C30) -> 215340 | D28: =SUM(D29:D30) -> 72611 | E28: =SUM(E29:E30) -> 109518 | F28: =SUM(F29:F30) -> 456405 | G28: =SUM(G29:G30) -> 133037 | H28: =SUM(H29:H30) -> 296567 | I28: =SUM(I29:I30) -> 31825
A29: Abancay | B29: 189884 | C29: 195550 | D29: 54521 | E29: 55360 | F29: 314716 | G29: 50341 | H29: 190150 | I29: 20027
A30: Andahuaylas | B30: 119855 | C30: 19790 | D30: 18090 | E30: 54158 | F30: 141689 | G30: 82696 | H30: 106417 | I30: 11798
A31: Cusco | B31: 1201279 | C31: 669365 | D31: 150801 | E31: 34907 | F31: 1443471 | G31: 127738 | H31: 439168 | I31: 80570
A32: Puno | B32: 1698765 | C32: 2035280 | D32: 369690 | E32: 0 | F32: 2852165 | G32: 119760 | H32: 733260 | I32: 95949
A33: San Martín | B33: 4536966 | C33: 0 | D33: 0 | E33: 0 | F33: 9269 | G33: 170291 | H33: 211843 | I33: 19732
A34: Loreto | B34: 4183526 | C34: 0 | D34: 0 | E34: 375 | F34: 12385 | G34: 84515 | H34: 46190 | I34: 1228
A35: Ucayali | B35: 6002549 | C35: 0 | D35: 0 | E35: 170 | F35: 10049 | G35: 48466 | H35: 45705 | I35: 3631
A36: Madre de Dios | B36: 486548 | C36: 0 | D36: 0 | E36: 220 | F36: 9494 | G36: 13495 | H36: 56880 | I36: 1354
A37: P Preliminar.
A38: Fuente:Direcciones Regionales de Agricultura.
A39: Elaboración: MInisterio de Agricultura y Riego - DGESEP - DEA.

Sheet C 5
A2: C.5 PERÚ: EVOLUCIÓN DE LA POBLACIÓN, SACA, PRODUCCIÓN, RENDIMIENTO Y PRECIOS RECIBIDOS POR EL PRODUCTOR,
A3: POR ESPECIE Y PRODUCTO, 2007-19.
A5: Especie/ Producto | B5: Variable | C5: 2000 | D5: 2001 | E5: 2002 | F5: 2003 | G5: 2004 | H5: 2005 | I5: 2006 | J5: 2007 | K5: 2008 | L5: 2009 | M5: 2010 | N5: 2011 | O5: 2012 | P5: 2013 | Q5: 2014 | R5: 2015 | S5: 2016 | T5: 2017 | U5: 2018 | V5: 2019 P
B6: Población (Miles) | C6: 88010358 | D6: 85621159 | E6: 90354182 | F6: 92846109 | G6: 97761003 | H6: 99278818 | I6: 117976702 | J6: 120227.6 | K6: 131179.1 | L6: 137838 | M6: 130779 | N6: 128943.5 | O6: 138554.1 | P6: 138179.8 | Q6: 144703.7 | R6: 151000.9 | S6: 158263.2 | T6: 156637.7 | U6: 160959.3 | V6: 168172.6
B7: Saca (Miles) | C7: 283733046 | D7: 287860594 | E7: 307094298 | F7: 310943489 | G7: 308485309 | H7: 342073628 | I7: 368545799 | J7: 394749.6 | K7: 435909.3 | L7: 476340.3 | M7: 504986.8 | N7: 535421.1 | O7: 575566.4 | P7: 594004.2 | Q7: 621140.1 | R7: 645016.2 | S7: 690892.3 | T7: 709233 | U7: 755841.1 | V7: 786549.7
A8: Ave | B8: Produción carne (t) | C8: 510161 | D8: 518010 | E8: 556076 | F8: 577989 | G8: 578693 | H8: 650296 | I8: 710428 | J8: 770444 | K8: 877171 | L8: 964407 | M8: 1019935 | N8: 1108345 | O8: 1211140 | P8: 1254348 | Q8: 1317426 | R8: 1423586 | S8: 1513950 | T8: 1569280 | U8: 1687636 | V8: 1762856
B9: Rendimiento (Kg/Unidad) | C9: =(C8/C7)*1000 -> 1.7980317 | D9: =(D8/D7)*1000 -> 1.7995169 | E9: =(E8/E7)*1000 -> 1.8107663 | F9: =(F8/F7)*1000 -> 1.8588233 | G9: =(G8/G7)*1000 -> 1.8759175 | H9: =(H8/H7)*1000 -> 1.901041 | I9: =(I8/I7)*1000 -> 1.9276519 | J9: =(J8/J7) -> 1.9517284 | K9: =(K8/K7) -> 2.0122787 | L9: =(L8/L7) -> 2.0246177 | M9: =(M8/M7) -> 2.0197261 | N9: =(N8/N7) -> 2.0700436 | O9: =(O8/O7) -> 2.1042576 | P9: =(P8/P7) -> 2.111682 | Q9: =(Q8/Q7) -> 2.1209804 | ... V9: =(V8/V7) -> 2.2412519
B10: Precio (S/ x Kg) | C10: 3.06 | D10: 3.19 | E10: 3.07 | F10: 3.09 | G10: 3.48 | H10: 3.46 | I10: 3.6 | J10: 3.63 | K10: 4.18 | L10: 4.33 | M10: 4.64 | N10: 4.67 | O10: 4.7 | P10: 4.75 | Q10: 4.78 | R10: 4.82 | S10: 4.84 | T10: 4.84 | U10: 4.86 | V10: 4.65
B11: Población (Miles) | C11: 14800991 | D11: 14727155 | E11: 14690547 | F11: 14721243 | G11: 14696522 | H11: 14813786 | I11: 14675255 | J11: 14580166 | K11: 14509628 | L11: 14137690 | M11: 14159720 | N11: 14050173 | O11: 12184143 | P11: 11830977 | Q11: 11652272 | R11: 11982580 | S11: 11450657 | T11: 11338424 | U11: 11331908 | V11: 11261557
B12: Saca (Miles) | C12: 2521661 | D12: 2571321 | E12: 2517896 | F12: 2535935 | G12: 2709847 | H12: 2685627 | I12: 2692776 | J12: 2681208 | K12: 2678241 | L12: 2753681 | M12: 2788507 | N12: 2844228 | O12: 2910166 | P12: 2832371 | Q12: 2788555 | R12: 2698887 | S12: 2745951 | T12: 2699282 | U12: 2687624 | V12: 2682837
A13: Ovino | B13: Produción carne (t) | C13: 31068 | D13: 31868 | E13: 31437 | F13: 31926 | G13: 33698 | H13: 33686 | I13: 33904 | J13: 33839 | K13: 33350 | L13: 33458 | M13: 33669 | N13: 34256 | O13: 35304 | P13: 34906 | Q13: 34421 | R13: 33163 | S13: 33955 | T13: 33458 | U13: 33672 | V13: 33781
B14: Rendimiento (Kg/Unidad) | C14: =(C13/C12)*1000 -> 12.320451 | D14: =(D13/D12)*1000 -> 12.39363 | E14: =(E13/E12)*1000 -> 12.485424 | F14: =(F13/F12)*1000 -> 12.589439 | G14: =(G13/G12)*1000 -> 12.435388 | H14: =(H13/H12)*1000 -> 12.543067 | I14: =(I13/I12)*1000 -> 12.590724 | J14: =(J13/J12)*1000 -> 12.620804 | ... V14: =(V13/V12)*1000 -> 12.591522
B15: Precio (S/ x Kg) | C15: 2.99 | D15: 3.13 | E15: 3.29 | F15: 3.29 | G15: 3.27 | H15: 3.31 | I15: 3.32 | J15: 3.49 | K15: 3.9 | L15: 4.13 | M15: 4.46 | N15: 4.52 | O15: 4.9 | P15: 5.04 | Q15: 5.72 | R15: 5.72 | S15: 5.9 | T15: 5.6 | U15: 5.56 | V15: 5.6
B16: Población (Miles) | C16: 2845573 | D16: 2809888 | E16: 2941036 | F16: 2990499 | G16: 3000199 | H16: 3010724 | I16: 3073855 | J16: 3115772 | K16: 3151406 | L16: 3256809 | M16: 3254413 | N16: 3263254 | O16: 2987315 | P16: 3176115 | Q16: 3173015 | R16: 3200714 | S16: 3104911 | T16: 3217254 | U16: 3209742 | V16: 3258808
B17: Saca (Miles) | C17: 1540534 | D17: 1650886 | E17: 1637129 | F17: 1670387 | G17: 1884573 | H17: 1991346 | I17: 2074715 | J17: 2153141 | K17: 2131518 | L17: 2213057 | M17: 2186978 | N17: 2298432 | O17: 2401634 | P17: 2499031 | Q17: 2629566 | R17: 2764884 | S17: 2876803 | T17: 3073656 | U17: 3090907 | V17: 3284606
A18: Porcino | B18: Produción carne (t) | C18: 91554 | D18: 93313 | E18: 92530 | F18: 92738 | G18: 98880 | H18: 104254 | I18: 109010 | J18: 114520 | K18: 115196 | L18: 114719 | M18: 115655 | N18: 117588 | O18: 122353 | P18: 127684 | Q18: 135390 | R18: 142925 | S18: 149399 | T18: 157824 | U18: 162421 | V18: 173259
B19: Rendimiento (Kg/Unidad) | C19: =(C18/C17)*1000 -> 59.430042 | D19: =(D18/D17)*1000 -> 56.522982 | E19: =(E18/E17)*1000 -> 56.519676 | F19: =(F18/F17)*1000 -> 55.518871 | G19: =(G18/G17)*1000 -> 52.468119 | H19: =(H18/H17)*1000 -> 52.353534 | I19: =(I18/I17)*1000 -> 52.542156 | J19: =(J18/J17)*1000 -> 53.187413 | ... V19: =(V18/V17)*1000 -> 52.748792
B20: Precio (S/ x Kg) | C20: 3.31 | D20: 3.34 | E20: 3.35 | F20: 3.39 | G20: 3.42 | H20: 3.43 | I20: 3.47 | J20: 3.5 | K20: 3.8 | L20: 4.12 | M20: 4.25 | N20: 5.05 | O20: 5.24 | P20: 5.91 | Q20: 6.07 | R20: 6.42 | S20: 6.77 | T20: 6.96 | U20: 7.05 | V20: 6.95
B21: Población (Miles) | C21: 4980291 | D21: 5035612 | E21: 5163700 | F21: 5193414 | G21: 5184822 | H21: 5249783 | I21: 5241102 | J21: 5420865 | K21: 5442989 | L21: 5459435 | M21: 5520200 | N21: 5589173 | O21: 5660984 | P21: 5555988 | Q21: 5577959 | R21: 5553470 | S21: 5525454 | T21: 5535569 | U21: 5575483 | V21: 5599890.5
B22: Saca (Miles) | C22: 875746 | D22: 920031 | E22: 951383 | F22: 986402 | G22: 1020294 | H22: 1074578 | I22: 1127321 | J22: 1138578 | K22: 1151906 | L22: 1168497 | M22: 1218723 | N22: 1266710 | O22: 1319404 | P22: 1375095 | Q22: 1376391 | R22: 1367797 | S22: 1364230 | T22: 1331223 | U22: 1348165 | V22: 1357067
A23: Vacuno | B23: Produción carne (t) | C23: 130249 | D23: 130269 | E23: 134137 | F23: 137271 | G23: 143554 | H23: 152497 | I23: 161578 | J23: 163235 | K23: 163318 | L23: 164704 | M23: 171872 | N23: 179084 | O23: 186617 | P23: 193087 | Q23: 196232 | R23: 196015 | S23: 192703 | T23: 188738 | U23: 189703 | V23: 192920
B24: Rendimiento (Kg/Unidad) | C24: =(C23/C22)*1000 -> 148.7292 | D24: =(D23/D22)*1000 -> 141.59197 | E24: =(E23/E22)*1000 -> 140.99159 | F24: =(F23/F22)*1000 -> 139.16334 | G24: =(G23/G22)*1000 -> 140.69866 | H24: =(H23/H22)*1000 -> 141.91338 | I24: =(I23/I22)*1000 -> 143.32918 | J24: =(J23/J22)*1000 -> 143.36743 | ... V24: =(V23/V22)*1000 -> 142.15952
B25: Precio (S/ x Kg) | C25: 3.34 | D25: 3.41 | E25: 3.29 | F25: 3.52 | G25: 3.33 | H25: 3.36 | I25: 3.4 | J25: 3.5 | K25: 3.77 | L25: 4.08 | M25: 4.1 | N25: 4.25 | O25: 4.69 | P25: 4.84 | Q25: 5.23 | R25: 5.41 | S25: 5.45 | T25: 5.53 | U25: 5.64 | V25: 5.68
B26: Población (Miles) | C26: 2034914 | D26: 2017808 | E26: 1983128 | F26: 1983302 | G26: 1971863 | H26: 1952956 | I26: 1936855 | J26: 1925912 | K26: 1904124 | L26: 1928678 | M26: 1968306 | N26: 1946117 | O26: 1949502 | P26: 1928631 | Q26: 1905462 | R26: 1882361 | S26: 1865047 | T26: 1814704 | U26: 1811630 | V26: 1807959
B27: Saca (Miles) | C27: 451247 | D27: 468861 | E27: 476569 | F27: 523993 | G27: 524448 | H27: 527096 | I27: 518663 | J27: 506927 | K27: 496706 | L27: 505880 | M27: 499447 | N27: 489915 | O27: 496626 | P27: 505262 | Q27: 489956 | R27: 464018 | S27: 458812 | T27: 444799 | U27: 410567 | V27: 411263
A28: Caprino | B28: Produción carne (t) | C28: 6268 | D28: 5912 | E28: 5793 | F28: 6294 | G28: 6476 | H28: 6618 | I28: 6772 | J28: 6686 | K28: 6419 | L28: 6153 | M28: 6131 | N28: 6150 | O28: 6247 | P28: 6439 | Q28: 6167 | R28: 5901 | S28: 5827 | T28: 5494 | U28: 4966 | V28: 5102
B29: Rendimiento (Kg/Unidad) | C29: =(C28/C27)*1000 -> 13.890397 | D29: =(D28/D27)*1000 -> 12.609281 | E29: =(E28/E27)*1000 -> 12.155637 | F29: =(F28/F27)*1000 -> 12.011611 | G29: =(G28/G27)*1000 -> 12.348221 | H29: =(H28/H27)*1000 -> 12.555588 | I29: =(I28/I27)*1000 -> 13.056648 | J29: =(J28/J27)*1000 -> 13.189276 | ... V29: =(V28/V27)*1000 -> 12.405687
B30: Precio (S/ x Kg) | C30: 3.33 | D30: 3.28 | E30: 3.31 | F30: 3.22 | G30: 3.27 | H30: 3.05 | I30: 3.01 | J30: 3.17 | K30: 3.41 | L30: 3.61 | M30: 3.38 | N30: 3.53 | O30: 3.68 | P30: 3.93 | Q30: 4.04 | R30: 4.28 | S30: 4.66 | T30: 4.74 | U30: 4.79 | V30: 4.81
B31: Población (Miles) | C31: 3078524 | D31: 3190373 | E31: 3335721 | F31: 3422557 | G31: 3429019 | H31: 3594515 | I31: 3625627 | J31: 3687340 | K31: 3780806 | L31: 4105582 | M31: 4177499 | N31: 4322258 | O31: 3927361 | P31: 4005315 | Q31: 4315793 | R31: 4318457 | S31: 4319228 | T31: 4330710 | U31: 4384846 | V31: 4449505
B32: Saca (Miles) | C32: 269643 | D32: 288318 | E32: 313415 | F32: 304890 | G32: 312092 | H32: 321478 | I32: 330072 | J32: 355174 | K32: 365555 | L32: 387980 | M32: 410085 | N32: 424100 | O32: 455558 | P32: 463354 | Q32: 481847 | R32: 446199 | S32: 474135 | T32: 479033 | U32: 470464 | V32: 473283
A33: Alpaca | B33: Produción carne (t) | C33: 7307 | D33: 7713 | E33: 8277 | F33: 8204 | G33: 8323 | H33: 8671 | I33: 8793 | J33: 9366 | K33: 9527 | L33: 10189 | M33: 10761 | N33: 11318 | O33: 11999 | P33: 12169 | Q33: 12594 | R33: 11917 | S33: 12445 | T33: 12747 | U33: 12689 | V33: 12580
B34: Rendimiento (Kg/Unidad) | C34: =(C33/C32)*1000 -> 27.098794 | D34: =(D33/D32)*1000 -> 26.751712 | E34: =(E33/E32)*1000 -> 26.409074 | F34: =(F33/F32)*1000 -> 26.908065 | G34: =(G33/G32)*1000 -> 26.668418 | H34: =(H33/H32)*1000 -> 26.972297 | I34: =(I33/I32)*1000 -> 26.639642 | J34: =(J33/J32)*1000 -> 26.370173 | ... V34: =(V33/V32)*1000 -> 26.580291
B35: Precio (S/ x Kg) | C35: 2.4 | D35: 2.57 | E35: 2.48 | F35: 2.53 | G35: 2.66 | H35: 2.61 | I35: 2.51 | J35: 2.5 | K35: 2.91 | L35: 3.13 | M35: 3.43 | N35: 3.65 | O35: 4.03 | P35: 4.43 | Q35: 4.77 | R35: 4.63 | S35: 4.81 | T35: 4.91 | U35: 4.96 | V35: 4.94
V36: sigue…
A37: continúa C.5
A38: Especie/ Producto | B38: Variable | C38: 2000 | D38: 2001 | E38: 2002 | F38: 2003 | G38: 2004 | H38: 2005 | I38: 2006 | J38: 2007 | K38: 2008 | L38: 2009 | M38: 2010 | N38: 2011 | O38: 2012 | P38: 2013 | Q38: 2014 | R38: 2015 | S38: 2016 | T38: 2017 | U38: 2018 | V38: 2019 P
B39: Población (Miles) | C39: 1183908 | D39: 1179088 | E39: 1207275 | F39: 1230543 | G39: 1236984 | H39: 1269979 | I39: 1256101 | J39: 1274425 | K39: 1262782 | L39: 1237593 | M39: 1245169 | N39: 1226612 | O39: 1194404 | P39: 1234089 | Q39: 1211917 | R39: 1194708 | S39: 1105018 | T39: 1106201 | U39: 1093124 | V39: 1089699
B40: Saca (Miles) | C40: 91890 | D40: 95157 | E40: 97389 | F40: 101826 | G40: 109330 | H40: 112106 | I40: 113801 | J40: 118399 | K40: 119237 | L40: 127316 | M40: 123384 | N40: 128346 | O40: 130530 | P40: 125729 | Q40: 123360 | R40: 119806 | S40: 119195 | T40: 120748 | U40: 119726 | V40: 115790
A41: Llama | B41: Produción carne (t) | C41: 3194 | D41: 3232 | E41: 3242 | F41: 3496 | G41: 3699 | H41: 3863 | I41: 3839 | J41: 4053 | K41: 3971 | L41: 4175 | M41: 4075 | N41: 4235 | O41: 4350 | P41: 4179 | Q41: 4170 | R41: 3980 | S41: 3977 | T41: 4009 | U41: 4003 | V41: 3848
B42: Rendimiento (Kg/Unidad) | C42: =(C41/C40)*1000 -> 34.758951 | D42: =(D41/D40)*1000 -> 33.964921 | E42: =(E41/E40)*1000 -> 33.289181 | F42: =(F41/F40)*1000 -> 34.333078 | G42: =(G41/G40)*1000 -> 33.833349 | H42: =(H41/H40)*1000 -> 34.458459 | I42: =(I41/I40)*1000 -> 33.734326 | J42: =(J41/J40)*1000 -> 34.231708 | ... V42: =(V41/V40)*1000 -> 33.232576
B43: Precio (S/ x Kg) | C43: 1.93 | D43: 2.18 | E43: 2.39 | F43: 2.4 | G43: 2.45 | H43: 2.49 | I43: 2.39 | J43: 2.31 | K43: 2.7 | L43: 2.88 | M43: 3.02 | N43: 3.4 | O43: 3.61 | P43: 3.87 | Q43: 4.25 | R43: 4.09 | S43: 4.32 | T43: 4.25 | U43: 4.28 | V43: 4.27
B44: Gallinas (Unidades) | C44: 11899785 | D44: 12705402 | E44: 12651366 | F44: 13059118 | G44: 13362491 | H44: 13654721 | I44: 15842743 | J44: 16572273 | K44: 17048710 | L44: 17206413 | M44: 18156674 | N44: 19950695 | O44: 19846405 | P44: 21805630 | Q44: 22353253 | R44: 23883311 | S44: 24752078 | T44: 25559765 | U44: 27705670 | V44: 29468986
A45: Huevo Gallina | B45: Producción (t) | C45: 178686 | D45: 188391 | E45: 190915 | F45: 197839 | G45: 202357 | H45: 207086 | I45: 245451 | J45: 257621 | K45: 266541 | L45: 268707 | M45: 285102 | N45: 317654 | O45: 314024 | P45: 349791 | Q45: 358630 | R45: 386255 | S45: 400980 | T45: 415336 | U45: 452234 | V45: 488484
B46: Rendimiento (Kg/gallina) | C46: =(C45/C44)*1000 -> 15.015902 | D46: =(D45/D44)*1000 -> 14.82763 | E46: =(E45/E44)*1000 -> 15.090465 | F46: =(F45/F44)*1000 -> 15.149492 | G46: =(G45/G44)*1000 -> 15.143658 | H46: =(H45/H44)*1000 -> 15.16589 | I46: =(I45/I44)*1000 -> 15.492961 | J46: =(J45/J44)*1000 -> 15.545303 | ... V46: =(V45/V44)*1000 -> 16.576207
B47: Precio (S/ x Kg) | C47: 2.74 | D47: 2.73 | E47: 2.91 | F47: 2.78 | G47: 3.07 | H47: 3.2 | I47: 3.07 | J47: 3.09 | K47: 3.81 | L47: 3.79 | M47: 3.73 | N47: 3.88 | O47: 4.15 | P47: 4.33 | Q47: 4.63 | R47: 4.66 | S47: 4.72 | T47: 4.75 | U47: 4.67 | V47: 4.14
B48: Vacas (Unidades) | C48: 553872 | D48: 570399 | E48: 635516 | F48: 649791 | G48: 674830 | H48: 708120 | I48: 743671 | J48: 753189 | K48: 769581 | L48: 787007 | M48: 787604 | N48: 815393 | O48: 859630 | P48: 859468 | Q48: 874941 | R48: 886143 | S48: 895716 | T48: 890154 | U48: 896710 | V48: 905817
A49: Leche Vaca | B49: Producción (t) | C49: 903216 | D49: 989706 | E49: 1051482 | F49: 1104820 | G49: 1164973 | H49: 1236836 | I49: 1346991 | J49: 1455815 | K49: 1565528 | L49: 1652112 | M49: 1678372 | N49: 1755529 | O49: 1790670 | P49: 1807806 | Q49: 1840226 | R49: 1903177 | S49: 1954232 | T49: 2013674 | U49: 2067143 | V49: 2129366
B50: Rdto. (Kg/Vaca/Año) | C50: =(C49/C48)*1000 -> 1630.7306 | D50: =(D49/D48)*1000 -> 1735.1117 | E50: =(E49/E48)*1000 -> 1654.5327 | F50: =(F49/F48)*1000 -> 1700.2698 | G50: =(G49/G48)*1000 -> 1726.3207 | H50: =(H49/H48)*1000 -> 1746.6475 | I50: =(I49/I48)*1000 -> 1811.2727 | J50: =(J49/J48)*1000 -> 1932.8681 | ... V50: =(V49/V48)*1000 -> 2350.7684
B51: Precio (S/ x Litro) | C51: 0.78 | D51: 0.79 | E51: 0.8 | F51: 0.8 | G51: 0.83 | H51: 0.86 | I51: 0.86 | J51: 0.86 | K51: 0.92 | L51: 0.97 | M51: 0.98 | N51: 1.01 | O51: 1.07 | P51: 1.14 | Q51: 1.15 | R51: 1.21 | S51: 1.24 | T51: 1.29 | U51: 1.31 | V51: 1.34
B52: Esquilados (Unidades) | C52: 1825696 | D52: 1936439 | E52: 1784549 | F52: 1774369 | G52: 1831357 | H52: 1995906 | I52: 1980553 | J52: 2208305 | K52: 2325284 | L52: 2513106 | M52: 2481124 | N52: 2573193 | O52: 2636389 | P52: 2391039 | Q52: 2894758 | R52: 2372976 | S52: 2420549 | T52: 2296839 | U52: 2365529 | V52: 2254980
A53: Fibra Alpaca | B53: Producción (t) | C53: 3110 | D53: 3399 | E53: 3165 | F53: 3103 | G53: 3248 | H53: 3597 | I53: 3510 | J53: 3895 | K53: 4019 | L53: 4387 | M53: 4352 | N53: 4661 | O53: 4797 | P53: 4420 | Q53: 4485 | R53: 4438 | S53: 4508 | T53: 4314 | U53: 4575 | V53: 4453
B54: Rdto. (Kg/Alpaca) | C54: =(C53/C52)*1000 -> 1.7034599 | D54: =(D53/D52)*1000 -> 1.7552838 | E54: =(E53/E52)*1000 -> 1.7735574 | F54: =(F53/F52)*1000 -> 1.7487907 | G54: =(G53/G52)*1000 -> 1.7735482 | H54: =(H53/H52)*1000 -> 1.8021891 | I54: =(I53/I52)*1000 -> 1.7722323 | J54: =(J53/J52)*1000 -> 1.7637962 | ... V54: =(V53/V52)*1000 -> 1.9747404
B55: Precio (S/ x Libra) | C55: 5.69 | D55: 4.95 | E55: 5.05 | F55: 4.78 | G55: 4.58 | H55: 5.21 | I55: 7.68 | J55: 8.33 | K55: 8.47 | L55: 5.51 | M55: 5.83 | N55: 6.65 | O55: 6.71 | P55: 7.28 | Q55: 7.75 | R55: 8.09 | S55: 7.59 | T55: 7.88 | U55: 7.92 | V55: 7.27
B56: Esquilados (Unidades) | C56: 484051 | D56: 519736 | E56: 402772 | F56: 413808 | G56: 399255 | H56: 388716 | I56: 400609 | J56: 452090 | K56: 444255 | L56: 447983 | M56: 403510 | N56: 434702 | O56: 449117 | P56: 415602 | Q56: 485141 | R56: 365636 | S56: 374408 | T56: 373971 | U56: 356929 | V56: 340347
A57: Fibra Llama | B57: Producción (t) | C57: 742 | D57: 760 | E57: 628 | F57: 634 | G57: 622 | H57: 604 | I57: 623 | J57: 740 | K57: 704 | L57: 696 | M57: 632 | N57: 677 | O57: 745 | P57: 726 | Q57: 745 | R57: 656 | S57: 670 | T57: 681 | U57: 660 | V57: 657
B58: Rendimiento (Kg/Llama) | C58: =(C57/C56)*1000 -> 1.5328963 | D58: =(D57/D56)*1000 -> 1.4622809 | E58: =(E57/E56)*1000 -> 1.5591948 | F58: =(F57/F56)*1000 -> 1.5321115 | G58: =(G57/G56)*1000 -> 1.5579016 | H58: =(H57/H56)*1000 -> 1.5538336 | I58: =(I57/I56)*1000 -> 1.5551323 | J58: =(J57/J56)*1000 -> 1.6368422 | ... V58: =(V57/V56)*1000 -> 1.9303828
B59: Precio (S/ x Libra) | C59: 2.68 | D59: 3.16 | E59: 2.86 | F59: 2.36 | G59: 1.98 | H59: 2.23 | I59: 2.38 | J59: 2.79 | K59: 2.92 | L59: 2.3 | M59: 2.59 | N59: 2.82 | O59: 2.84 | P59: 2.75 | Q59: 2.84 | R59: 3 | S59: 3.12 | T59: 3.1 | U59: 3.28 | V59: 3.13
B60: Esquilados (Unidades) | C60: 7371783 | D60: 7431849 | E60: 6658609 | F60: 6683557 | G60: 6645652 | H60: 6333240 | I60: 6054839 | J60: 6468169 | K60: 5869896 | L60: 6035367 | M60: 6004149 | N60: 5985893 | O60: 6618656 | P60: 6104258 | Q60: 5741017 | R60: 5162592 | S60: 5575610 | T60: 4574331 | U60: 4559586 | V60: 4304515
A61: Lana Ovino | B61: Producción (t) | C61: 12361 | D61: 12577 | E61: 11307 | F61: 11319 | G61: 11237 | H61: 10912 | I61: 10374 | J61: 10895 | K61: 10085 | L61: 10279 | M61: 10218 | N61: 10292 | O61: 11029 | P61: 10403 | Q61: 9975 | R61: 8954 | S61: 9352 | T61: 8138 | U61: 8056 | V61: 7750
B62: Rendimiento (Kg/Ovino) | C62: =(C61/C60)*1000 -> 1.6767992 | D62: =(D61/D60)*1000 -> 1.692311 | E62: =(E61/E60)*1000 -> 1.6981024 | F62: =(F61/F60)*1000 -> 1.6935593 | G62: =(G61/G60)*1000 -> 1.69088 | H62: =(H61/H60)*1000 -> 1.7229728 | I62: =(I61/I60)*1000 -> 1.7133404 | J62: =(J61/J60)*1000 -> 1.6844025 | ... V62: =(V61/V60)*1000 -> 1.8004351
B63: Precio (S/ x Libra) | C63: 1.49 | D63: 1.38 | E63: 1.38 | F63: 1.07 | G63: 1.63 | H63: 1.71 | I63: 1.72 | J63: 1.96 | K63: 2.08 | L63: 1.83 | M63: 2.03 | N63: 2.21 | O63: 2.34 | P63: 2.55 | Q63: 2.5 | R63: 2.47 | S63: 2.64 | T63: 2.8 | U63: 2.92 | V63: 3.14
A64: P Preliminar. | D64: 1/ Precio en chacra de animales en pie.
A65: Fuente:Direcciones Regionales de Agricultura.
A66: Elaboración: MInisterio de Agricultura y Riego - DGESEP - DEA.

Sheet C -6
A2: C.6 PERÚ: POBLACIÓN, SACA, PRODUCCIÓN, RENDIMIENTO Y PRECIOS RECIBIDOS POR EL PRODUCTOR POR PRINCIPALES ESPECIES Y PRODUCTOS PECUARIOS, 2019 P.
A4: Especie/ producto | B4: Variable | C4: Anual | D4: Ene | E4: Feb | F4: Mar | G4: Abr | H4: May | I4: Jun | J4: Jul | K4: Ago | L4: Set | M4: Oct | N4: Nov | O4: Dic
A5: Ave | B5: Población | C5: 168172635
B6: Saca (Unidades) | C6: =SUM(D6:O6) -> 786549677 | D6: 64482640 | E6: 59808205 | F6: 65184340 | G6: 66960116 | H6: 67285534 | I6: 63960438 | J6: 66480292 | K6: 66888702 | L6: 64219960 | M6: 67851094 | N6: 65360518 | O6: 68067838
B7: Producción carne (t) | C7: =SUM(D7:O7) -> 1762857 | D7: 139841 | E7: 125499 | F7: 141111 | G7: 145604 | H7: 149321 | I7: 149264 | J7: 154342 | K7: 156728 | L7: 150536 | M7: 152033 | N7: 144887 | O7: 153691
B8: Rendimiento (Kg/Unidad) | C8: =(C7/C6)*1000 -> 2.2412532 | D8: =D7/D6*1000 -> 2.1686612 | E8: =E7/E6*1000 -> 2.0983576 | F8: =F7/F6*1000 -> 2.1647991 | G8: =G7/G6*1000 -> 2.1744885 | H8: =H7/H6*1000 -> 2.219214 | I8: =I7/I6*1000 -> 2.3336926 | J8: =J7/J6*1000 -> 2.3216204 | K8: =K7/K6*1000 -> 2.3431162 | ... O8: =O7/O6*1000 -> 2.2579092
B9: Precio (S/ x Kg) 1/ | C9: 4.65 | D9: 4.69 | E9: 4.66 | F9: 4.69 | G9: 4.68 | H9: 4.71 | I9: 4.68 | J9: 4.66 | K9: 4.62 | L9: 4.6 | M9: 4.6 | N9: 4.61 | O9: 4.66
A10: Ovino | B10: Población | C10: 11261557
B11: Saca (Unidades) | C11: =SUM(D11:O11) -> 2682837 | D11: 188821 | E11: 204090 | F11: 215610 | G11: 240544 | H11: 249396 | I11: 250022 | J11: 246648 | K11: 236866 | L11: 221878 | M11: 211596 | N11: 208319 | O11: 209047
B12: Producción carne (t) | C12: =SUM(D12:O12) -> 33782 | D12: 2331 | E12: 2548 | F12: 2727 | G12: 3082 | H12: 3211 | I12: 3209 | J12: 3121 | K12: 2961 | L12: 2806 | M12: 2613 | N12: 2572 | O12: 2601
B13: Rendimiento (Kg/Unidad) | C13: =(C12/C11)*1000 -> 12.591894 | D13: =D12/D11*1000 -> 12.345025 | E13: =E12/E11*1000 -> 12.484688 | F13: =F12/F11*1000 -> 12.647836 | G13: =G12/G11*1000 -> 12.812625 | H13: =H12/H11*1000 -> 12.875106 | I13: =I12/I11*1000 -> 12.834871 | J13: =J12/J11*1000 -> 12.65366 | K13: =K12/K11*1000 -> 12.500739 | ... O13: =O12/O11*1000 -> 12.442178
B14: Precio (S/ x Kg) 1/ | C14: 5.6 | D14: 5.57 | E14: 5.59 | F14: 5.61 | G14: 5.64 | H14: 5.64 | I14: 5.62 | J14: 5.61 | K14: 5.6 | L14: 5.58 | M14: 5.57 | N14: 5.57 | O14: 5.56
A15: Porcino | B15: Población | C15: 3258808
B16: Saca (Unidades) | C16: =SUM(D16:O16) -> 3284607 | D16: 255815 | E16: 252824 | F16: 262772 | G16: 266086 | H16: 273122 | I16: 281219 | J16: 295570 | K16: 275132 | L16: 271226 | M16: 269811 | N16: 270579 | O16: 310451
B17: Producción carne (t) | C17: =SUM(D17:O17) -> 173259 | D17: 13622 | E17: 13370 | F17: 13687 | G17: 13794 | H17: 14008 | I17: 14959 | J17: 16019 | K17: 14759 | L17: 14337 | M17: 14208 | N17: 14073 | O17: 16423
B18: Rendimiento (Kg/Unidad) | C18: =(C17/C16)*1000 -> 52.748776 | D18: =D17/D16*1000 -> 53.249419 | E18: =E17/E16*1000 -> 52.882638 | F18: =F17/F16*1000 -> 52.08698 | G18: =G17/G16*1000 -> 51.840382 | H18: =H17/H16*1000 -> 51.288435 | I18: =I17/I16*1000 -> 53.193419 | J18: =J17/J16*1000 -> 54.196975 | K18: =K17/K16*1000 -> 53.643342 | ... O18: =O17/O16*1000 -> 52.900458
B19: Precio (S/ x Kg) 1/ | C19: 7.04 | D19: 6.91 | E19: 6.9 | F19: 6.91 | G19: 6.93 | H19: 6.94 | I19: 6.93 | J19: 6.95 | K19: 6.96 | L19: 6.96 | M19: 6.97 | N19: 6.98 | O19: 7.03
A20: Vacuno | B20: Población | C20: 5599891
B21: Saca (Unidades) | C21: =SUM(D21:O21) -> 1357067 | D21: 101272 | E21: 104739 | F21: 109634 | G21: 118371 | H21: 121905 | I21: 121838 | J21: 120691 | K21: 115388 | L21: 111677 | M21: 109303 | N21: 108195 | O21: 114054
B22: Producción carne (t) | C22: =SUM(D22:O22) -> 192920 | D22: 14436 | E22: 15165 | F22: 15698 | G22: 16742 | H22: 17211 | I22: 17310 | J22: 16979 | K22: 16417 | L22: 15835 | M22: 15544 | N22: 15493 | O22: 16090
B23: Rendimiento (Kg/Unidad) | C23: =(C22/C21)*1000 -> 142.15952 | D23: =D22/D21*1000 -> 142.5468 | E23: =E22/E21*1000 -> 144.78847 | F23: =F22/F21*1000 -> 143.18551 | G23: =G22/G21*1000 -> 141.43667 | H23: =H22/H21*1000 -> 141.18371 | I23: =I22/I21*1000 -> 142.0739 | J23: =J22/J21*1000 -> 140.68158 | K23: =K22/K21*1000 -> 142.27649 | ... O23: =O22/O21*1000 -> 141.07353
B24: Precio (S/ x Kg) 1/ | C24: 5.64 | D24: 5.65 | E24: 5.67 | F24: 5.68 | G24: 5.69 | H24: 5.69 | I24: 5.69 | J24: 5.69 | K24: 5.69 | L24: 5.68 | M24: 5.69 | N24: 5.68 | O24: 5.69
A25: Caprino | B25: Población | C25: 1807959
B26: Saca (Unidades) | C26: =SUM(D26:O26) -> 411261.9 | D26: 29495.9 | E26: 32141 | F26: 34355 | G26: 35093 | H26: 36517 | I26: 37280 | J26: 36748 | K26: 35448 | L26: 32809 | M26: 32185 | N26: 33208 | O26: 35982
B27: Producción carne (t) | C27: =SUM(D27:O27) -> 5102 | D27: 373 | E27: 404 | F27: 421 | G27: 432 | H27: 448 | I27: 472 | J27: 465 | K27: 444 | L27: 405 | M27: 386 | N27: 407 | O27: 445
B28: Rendimiento (Kg/Unidad) | C28: =(C27/C26)*1000 -> 12.40572 | D28: =D27/D26*1000 -> 12.645825 | E28: =E27/E26*1000 -> 12.569615 | F28: =F27/F26*1000 -> 12.254403 | G28: =G27/G26*1000 -> 12.310147 | H28: =H27/H26*1000 -> 12.268259 | I28: =I27/I26*1000 -> 12.660944 | J28: =J27/J26*1000 -> 12.65375 | K28: =K27/K26*1000 -> 12.525389 | ... O28: =O27/O26*1000 -> 12.367295
B29: Precio (S/ x Kg) 1/ | C29: 4.79 | D29: 4.81 | E29: 4.81 | F29: 4.81 | G29: 4.8 | H29: 4.81 | I29: 4.8 | J29: 4.81 | K29: 4.81 | L29: 4.82 | M29: 4.82 | N29: 4.82 | O29: 4.84
A30: Alpaca | B30: Población | C30: 4449505
B31: Saca (Unidades) | C31: =SUM(D31:O31) -> 473283 | D31: 31345 | E31: 37344 | F31: 40945 | G31: 47971 | H31: 46678 | I31: 47120 | J31: 45906 | K31: 41956 | L31: 36148 | M31: 33531 | N31: 33340 | O31: 30999
B32: Producción carne (t) | C32: =SUM(D32:O32) -> 12581 | D32: 821 | E32: 990 | F32: 1088 | G32: 1306 | H32: 1265 | I32: 1265 | J32: 1236 | K32: 1115 | L32: 952 | M32: 869 | N32: 866 | O32: 808
B33: Rendimiento (Kg/Unidad) | C33: =(C32/C31)*1000 -> 26.582404 | D33: =D32/D31*1000 -> 26.192375 | E33: =E32/E31*1000 -> 26.510283 | F33: =F32/F31*1000 -> 26.572231 | G33: =G32/G31*1000 -> 27.224782 | H33: =H32/H31*1000 -> 27.100561 | I33: =I32/I31*1000 -> 26.84635 | J33: =J32/J31*1000 -> 26.924585 | K33: =K32/K31*1000 -> 26.57546 | ... O33: =O32/O31*1000 -> 26.065357
B34: Precio (S/ x Kg) 1/ | C34: 4.96 | D34: 4.91 | E34: 4.97 | F34: 4.98 | G34: 5.02 | H34: 4.98 | I34: 4.96 | J34: 4.95 | K34: 4.92 | L34: 4.89 | M34: 4.89 | N34: 4.87 | O34: 4.8
O35: sigue…
A36: continúa C.6
A37: Especie/producto | B37: Variable | C37: Anual | D37: Ene | E37: Feb | F37: Mar | G37: Abr | H37: May | I37: Jun | J37: Jul | K37: Ago | L37: Set | M37: Oct | N37: Nov | O37: Dic
A38: Llama | B38: Población | C38: 1089699
B39: Saca (Unidades) | C39: =SUM(D39:O39) -> 115790 | D39: 7838 | E39: 9132 | F39: 9654 | G39: 10848 | H39: 10828 | I39: 11282 | J39: 10677 | K39: 9934 | L39: 9126 | M39: 8321 | N39: 8415 | O39: 9735
B40: Producción carne (t) | C40: =SUM(D40:O40) -> 3849 | D40: 259 | E40: 302 | F40: 322 | G40: 373 | H40: 370 | I40: 381 | J40: 355 | K40: 327 | L40: 298 | M40: 271 | N40: 272 | O40: 319
B41: Rendimiento (Kg/Unidad) | C41: =(C40/C39)*1000 -> 33.241213 | D41: =D40/D39*1000 -> 33.044144 | E41: =E40/E39*1000 -> 33.070521 | F41: =F40/F39*1000 -> 33.35405 | G41: =G40/G39*1000 -> 34.384218 | H41: =H40/H39*1000 -> 34.170669 | I41: =I40/I39*1000 -> 33.770608 | J41: =J40/J39*1000 -> 33.24904 | K41: =K40/K39*1000 -> 32.917254 | ... O41: =O40/O39*1000 -> 32.768362
B42: Precio (S/ x Kg) 1/ | C42: 4.28 | D42: 4.27 | E42: 4.3 | F42: 4.29 | G42: 4.33 | H42: 4.31 | I42: 4.29 | J42: 4.26 | K42: 4.25 | L42: 4.25 | M42: 4.22 | N42: 4.21 | O42: 4.22
A43: Huevo Gallina | B43: Gallinas en producción 3/ | C43: =AVERAGE(D43:O43) -> 29468986 | D43: 29182528 | E43: 29544814 | F43: 29011079 | G43: 29411919 | H43: 29700028 | I43: 29607390 | J43: 29507060 | K43: 29318525 | L43: 29119687 | M43: 29500508 | N43: 29719704 | O43: 30004590
B44: Producción huevo (t) | C44: =SUM(D44:O44) -> 488482 | D44: 40058 | E44: 40248 | F44: 40240 | G44: 40299 | H44: 40688 | I44: 40523 | J44: 40408 | K44: 40433 | L44: 40549 | M44: 41134 | N44: 41845 | O44: 42057
B45: Rendimiento (Kg/gallina) | C45: =(C44/C43)*1000 -> 16.576139 | D45: =D44/D43*1000 -> 1.3726707 | E45: =E44/E43*1000 -> 1.3622695 | F45: =F44/F43*1000 -> 1.3870563 | G45: =G44/G43*1000 -> 1.3701588 | H45: =H44/H43*1000 -> 1.369965 | I45: =I44/I43*1000 -> 1.3686786 | J45: =J44/J43*1000 -> 1.369435 | K45: =K44/K43*1000 -> 1.3790939 | ... O45: =O44/O43*1000 -> 1.4016855
B46: Precio (S/ x Kg) | C46: 4.67 | D46: 4.06 | E46: 4.08 | F46: 4.1 | G46: 4.12 | H46: 4.15 | I46: 4.17 | J46: 4.21 | K46: 4.19 | L46: 4.17 | M46: 4.16 | N46: 4.15 | O46: 4.13
A47: Leche Vaca | B47: Vacas en producción 3/ | C47: =AVERAGE(D47:O47) -> 905817.25 | D47: 883946 | E47: 934419 | F47: 941058 | G47: 968590 | H47: 969536 | I47: 944524 | J47: 904596 | K47: 879445 | L47: 862817 | M47: 858107 | N47: 860936 | O47: 861833
B48: Producción leche (t) | C48: =SUM(D48:O48) -> 2129366 | D48: 183746 | E48: 171137 | F48: 183859 | G48: 190048 | H48: 194641 | I48: 184681 | J48: 179033 | K48: 171442 | L48: 166239 | M48: 168249 | N48: 166490 | O48: 169801
B49: Rendimiento (Kg/vaca/día) | C49: =(C48/C47)*1000/305 -> 7.7074353 | D49: =(D48/D47)*1000/31 -> 6.7054892 | E49: =(E48/E47)*1000/28 -> 6.5410011 | F49: =(F48/F47)*1000/31 -> 6.3024123 | G49: =(G48/G47)*1000/30 -> 6.5403662 | H49: =(H48/H47)*1000/31 -> 6.4760276 | I49: =(I48/I47)*1000/30 -> 6.5176039 | J49: =(J48/J47)*1000/31 -> 6.3843507 | K49: =(K48/K47)*1000/31 -> 6.2884968 | L49: =(L48/L47)*1000/30 -> 6.4223352 | M49: =(M48/M47)*1000/31 -> 6.3248372 | N49: =(N48/N47)*1000/30 -> 6.446085 | O49: =(O48/O47)*1000/31 -> 6.3555835
B50: Precio (S/ x Kg) | C50: 1.27 | D50: 1.28 | E50: 1.28 | F50: 1.29 | G50: 1.3 | H50: 1.31 | I50: 1.31 | J50: 1.3 | K50: 1.3 | L50: 1.3 | M50: 1.3 | N50: 1.3 | O50: 1.31
A51: Fibra Alpaca | B51: Alpacas esquiladas | C51: =SUM(D51:O51) -> 2254980 | D51: 175426 | E51: 349431 | F51: 348257 | G51: 29029 | H51: 30695 | I51: 26334 | J51: 925 | K51: 7899 | L51: 3187 | M51: 76201 | N51: 836861 | O51: 370735
B52: Producción fibra (t) | C52: =SUM(D52:O52) -> 4453 | D52: 331 | E52: 651 | F52: 655 | G52: 63 | H52: 55 | I52: 48 | J52: 2 | K52: 15 | L52: 6 | M52: 169 | N52: 1670 | O52: 788
B53: Rendimiento (Kg/alpaca) | C53: =C52/C51*1000 -> 1.9747404 | D53: =D52/D51*1000 -> 1.8868355 | E53: =E52/E51*1000 -> 1.8630288 | F53: =F52/F51*1000 -> 1.8807949 | G53: =G52/G51*1000 -> 2.1702435 | H53: =H52/H51*1000 -> 1.7918228 | I53: =I52/I51*1000 -> 1.8227387 | J53: =J52/J51*1000 -> 2.1621622 | ... O53: =O52/O51*1000 -> 2.1255074
B54: Precio (S/ x Kg) | C54: 17.49 | D54: 14.7 | E54: 14.59 | F54: 14.55 | G54: 13.41 | H54: 14.37 | I54: 15.39 | J54: 13.77 | K54: 13.43 | L54: 14.21 | M54: 15.06 | N54: 14.73 | O54: 14.5
A55: Fibra Llama | B55: Llamas esquiladas | C55: =SUM(D55:O55) -> 340347 | D55: 15981 | E55: 63845 | F55: 56706 | G55: 6058 | H55: 3127 | I55: 1735 | J55: 125 | K55: 0 | L55: 25 | M55: 19712 | N55: 144908 | O55: 28125
B56: Producción fibra (t) | C56: =SUM(D56:O56) -> 658 | D56: 29 | E56: 114 | F56: 103 | G56: 9 | H56: 5 | I56: 3 | J56: 0 | K56: 0 | L56: 0 | M56: 45 | N56: 290 | O56: 60
B57: Rendimiento (Kg/llama) | C57: =C56/C55*1000 -> 1.933321 | D57: =D56/D55*1000 -> 1.8146549 | E57: =E56/E55*1000 -> 1.7855744 | F57: =F56/F55*1000 -> 1.8163863 | G57: =G56/G55*1000 -> 1.4856388 | H57: =H56/H55*1000 -> 1.5989767 | I57: =I56/I55*1000 -> 1.7291066 | J57: =J56/J55*1000 -> 0 | K57: 0 | L57: =L56/L55*1000 -> 0 | M57: =M56/M55*1000 -> 2.2828734 | N57: =N56/N55*1000 -> 2.0012698 | O57: =O56/O55*1000 -> 2.1333333
B58: Precio (S/ x Kg) | C58: 7.25 | D58: 6.6 | E58: 6.88 | F58: 7.02 | G58: 5.91 | H58: 5.84 | I58: 5.82 | J58: 6.25 | K58: 0 | L58: 7.06 | M58: 5.94 | N58: 7.07 | O58: 7.05
A59: Lana Ovino | B59: Ovinos esquilados | C59: =SUM(D59:O59) -> 4304515 | D59: 389239 | E59: 1517905 | F59: 1106158 | G59: 169154 | H59: 198334 | I59: 94685 | J59: 93134 | K59: 57534 | L59: 103656 | M59: 17890 | N59: 314301 | O59: 242525
B60: Producción lana (t) | C60: =SUM(D60:O60) -> 7751 | D60: 655 | E60: 2691 | F60: 1941 | G60: 283 | H60: 455 | I60: 223 | J60: 196 | K60: 135 | L60: 180 | M60: 32 | N60: 555 | O60: 405
B61: Rendimiento (Kg/ovino) | C61: =C60/C59*1000 -> 1.8006674 | D61: =D60/D59*1000 -> 1.6827707 | E61: =E60/E59*1000 -> 1.7728382 | F61: =F60/F59*1000 -> 1.7547222 | G61: =G60/G59*1000 -> 1.6730317 | H61: =H60/H59*1000 -> 2.2941099 | I61: =I60/I59*1000 -> 2.3551777 | J61: =J60/J59*1000 -> 2.1044946 | ... O61: =O60/O59*1000 -> 1.6699309
B62: Precio (S/ x Kg) | C62: 6.45 | D62: 6.7 | E62: 6.95 | F62: 6.94 | G62: 6.68 | H62: 7.21 | I62: 7.25 | J62: 7.33 | K62: 7.32 | L62: 7.2 | M62: 7.15 | N62: 6.71 | O62: 6.79
A63: P Preliminar. | F63: 1/ Precio de animal vivo.
A64: Fuente:Direcciones Regionales de Agricultura.
A65: Elaboración: MInisterio de Agricultura y Riego - DGESEP - DEA.

Sheet C 7
A2: C.7 PERÚ: PRODUCCIÓN PECUARIA POR ESPECIE SEGÚN REGIÓN, 2019 P.
A3: (Unidades)
A5: Región | B5: Ave | C5: Ovino | D5: Porcino | E5: Vacuno | F5: Caprino | G5: Alpaca | H5: Llama
A6: Nacional | B6: =(B8+B9+B10+B11+B12+B16+B17+B18+B19+B20+B21+B22+B23+B24+B25+B26+B27+B28+B31+B32+B33+B34+B35+B36) -> 786256916 | C6: =(C8+C9+C10+C11+C12+C16+C17+C18+C19+C20+C21+C22+C23+C24+C25+C26+C27+C28+C31+C32+C33+C34+C35+C36) -> 2682837 | D6: =(D8+D9+D10+D11+D12+D16+D17+D18+D19+D20+D21+D22+D23+D24+D25+D26+D27+D28+D31+D32+D33+D34+D35+D36) -> 3284607 | E6: =(E8+E9+E10+E11+E12+E16+E17+E18+E19+E20+E21+E22+E23+E24+E25+E26+E27+E28+E31+E32+E33+E34+E35+E36) -> 1357067 | F6: =(F8+F9+F10+F11+F12+F16+F17+F18+F19+F20+F21+F22+F23+F24+F25+F26+F27+F28+F31+F32+F33+F34+F35+F36) -> 411263 | G6: =(G8+G9+G10+G11+G12+G16+G17+G18+G19+G20+G21+G22+G23+G24+G25+G26+G27+G28+G31+G32+G33+G34+G35+G36) -> 473283 | H6: =(H8+H9+H10+H11+H12+H16+H17+H18+H19+H20+H21+H22+H23+H24+H25+H26+H27+H28+H31+H32+H33+H34+H35+H36) -> 115790
A8: Tumbes | B8: 132083 | C8: 2941 | D8: 6339 | E8: 4510 | F8: 22337 | G8: 0 | H8: 0
A9: Piura | B9: 14783876 | C9: 120555 | D9: 113620 | E9: 47805 | F9: 93286 | G9: 0 | H9: 0
A10: Lambayeque | B10: 12079398 | C10: 31831 | D10: 31654 | E10: 21454 | F10: 26996 | G10: 0 | H10: 0
A11: La Libertad | B11: 140698998 | C11: 188941 | D11: 309578 | E11: 58195 | F11: 35654 | G11: 1377 | H11: 0
A12: Cajamarca | B12: 1768812 | C12: 99840 | D12: 150866 | E12: 196668 | F12: 28924 | G12: 0 | H12: 0
A13: Cajamarca | B13: 1142164 | C13: 71305 | D13: 64954 | E13: 111060 | F13: 16773 | G13: 0 | H13: 0
A14: Chota | B14: 306022 | C14: 22463 | D14: 48684 | E14: 54560 | F14: 1551 | G14: 0 | H14: 0
A15: Jaén | B15: 320626 | C15: 6072 | D15: 37228 | E15: 31048 | F15: 10600 | G15: 0 | H15: 0
A16: Amazonas | B16: 102828 | C16: 3532 | D16: 34042 | E16: 62118 | F16: 4816 | G16: 0 | H16: 0
A17: Ancash | B17: 17185743 | C17: 132633 | D17: 49555 | E17: 72763 | F17: 20509 | G17: 390 | H17: 0
A18: Lima | B18: 416797807 | C18: 64093 | D18: 1178439 | E18: 113481 | F18: 40739 | G18: 2831 | H18: 2030
A19: Ica | B19: 45451220 | C19: 9044 | D19: 212080 | E19: 13058 | F19: 17363 | G19: 0 | H19: 0
... A36: Madre de Dios | B36: 4328446 | C36: 2072 | D36: 17517 | E36: 14653 | F36: 0 | G36: 0 | H36: 0
A37: P Preliminar.
A38: Fuente:Direcciones Regionales de Agricultura.
A39: Elaboración: MInisterio de Agricultura y Riego - DGESEP - DEA.

Sheet C 8
A2: C.8 PERÚ: PRODUCCIÓN DE CARNE POR ESPECIE POR REGIÓN, 2019 P.
A3: (Toneladas)
A5: Región | B5: Ave | C5: Ovino | D5: Porcino | E5: Vacuno | F5: Caprino | G5: Alpaca | H5: Llama
A6: Nacional | B6: =(B8+B9+B10+B11+B12+B16+B17+B18+B19+B20+B21+B22+B23+B24+B25+B26+B27+B28+B31+B32+B33+B34+B35+B36) -> 1762857 | C6: =(C8+C9+C10+C11+C12+C16+C17+C18+C19+C20+C21+C22+C23+C24+C25+C26+C27+C28+C31+C32+C33+C34+C35+C36) -> 33782 | D6: =(D8+D9+D10+D11+D12+D16+D17+D18+D19+D20+D21+D22+D23+D24+D25+D26+D27+D28+D31+D32+D33+D34+D35+D36) -> 173258 | E6: =(E8+E9+E10+E11+E12+E16+E17+E18+E19+E20+E21+E22+E23+E24+E25+E26+E27+E28+E31+E32+E33+E34+E35+E36) -> 192919 | F6: =(F8+F9+F10+F11+F12+F16+F17+F18+F19+F20+F21+F22+F23+F24+F25+F26+F27+F28+F31+F32+F33+F34+F35+F36) -> 5100.4 | G6: =(G8+G9+G10+G11+G12+G16+G17+G18+G19+G20+G21+G22+G23+G24+G25+G26+G27+G28+G31+G32+G33+G34+G35+G36) -> 12579 | H6: =(H8+H9+H10+H11+H12+H16+H17+H18+H19+H20+H21+H22+H23+H24+H25+H26+H27+H28+H31+H32+H33+H34+H35+H36) -> 3849
A8: Tumbes | B8: 294 | C8: 33 | D8: 345 | E8: 685 | F8: 220 | G8: 0 | H8: 0
A9: Piura | B9: 33053 | C9: 1493 | D9: 5825 | E9: 7217 | F9: 1283 | G9: 0 | H9: 0
A10: Lambayeque | B10: 26358 | C10: 529 | D10: 1721 | E10: 3101 | F10: 375 | G10: 0 | H10: 0
A11: La Libertad | B11: 316907 | C11: 2504 | D11: 17654 | E11: 8227 | F11: 437 | G11: 43 | H11: 0
A12: Cajamarca | B12: 3667 | C12: 1211 | D12: 6484 | E12: 24659 | F12: 296 | G12: 0 | H12: 0
A13: Cajamarca | B13: 2388 | C13: 862 | D13: 2349 | E13: 12584 | F13: 170 | G13: 0 | H13: 0
A14: Chota | B14: 623 | C14: 288 | D14: 2320 | E14: 7372 | F14: 18 | G14: 0 | H14: 0
A15: Jaén | B15: 657 | C15: 61 | D15: 1815 | E15: 4703 | F15: 108 | G15: 0 | H15: 0
A16: Amazonas | B16: 820 | C16: 56 | D16: 1806 | E16: 9172 | F16: 60 | G16: 0 | H16: 0
A17: Ancash | B17: 38410 | C17: 1403 | D17: 1593 | E17: 9831 | F17: 219 | G17: 11 | H17: 0
A18: Lima | B18: 942813 | C18: 793 | D18: 74813 | E18: 21608 | F18: 533 | G18: 76 | H18: 63
A19: Ica | B19: 95536 | C19: 128 | D19: 11484 | E19: 1992 | F19: 247 | G19: 0 | H19: 0
... A36: Madre de Dios | B36: 9719 | C36: 36 | D36: 1050 | E36: 2373 | F36: 0 | G36: 0 | H36: 0
A37: P Preliminar.
A38: Fuente:Direcciones Regionales de Agricultura.
A39: Elaboración: MInisterio de Agricultura y Riego - DGESEP - DEA.

Sheet C 9
A2: C.9 PERÚ: RENDIMIENTO DE CARNE POR ESPECIESEGÚN REGIÓN, 2018 P.
A3: (Kg/Unidad )
A5: Región | B5: Ave | C5: Ovino | D5: Porcino | E5: Vacuno | F5: Caprino | G5: Alpaca | H5: Llama
A6: Nacional | B6: =('C 8'!B6/'C 7'!B6)*1000 -> 2.2420878 | C6: =('C 8'!C6/'C 7'!C6)*1000 -> 12.591894 | D6: =('C 8'!D6/'C 7'!D6)*1000 -> 52.748472 | E6: =('C 8'!E6/'C 7'!E6)*1000 -> 142.15879 | F6: =('C 8'!F6/'C 7'!F6)*1000 -> 12.401796 | G6: =('C 8'!G6/'C 7'!G6)*1000 -> 26.578178 | H6: =('C 8'!H6/'C 7'!H6)*1000 -> 33.241213
A8: Tumbes | B8: =('C 8'!B8/'C 7'!B8)*1000 -> 2.2258731 | C8: =('C 8'!C8/'C 7'!C8)*1000 -> 11.220673 | D8: =('C 8'!D8/'C 7'!D8)*1000 -> 54.424988 | E8: ='C 8'!E8/'C 7'!E8*1000 -> 151.8847 | F8: =('C 8'!F8/'C 7'!F8)*1000 -> 9.8491292 | G8: 0 | H8: 0 | I8: -
A9: Piura | B9: =('C 8'!B9/'C 7'!B9)*1000 -> 2.2357466 | C9: =('C 8'!C9/'C 7'!C9)*1000 -> 12.384389 | D9: =('C 8'!D9/'C 7'!D9)*1000 -> 51.267383 | E9: =('C 8'!E9/'C 7'!E9)*1000 -> 150.96747 | F9: =('C 8'!F9/'C 7'!F9)*1000 -> 13.753404 | G9: 0 | H9: 0
A10: Lambayeque | B10: =('C 8'!B10/'C 7'!B10)*1000 -> 2.1820624 | C10: =('C 8'!C10/'C 7'!C10)*1000 -> 16.619019 | D10: =('C 8'!D10/'C 7'!D10)*1000 -> 54.369116 | E10: =('C 8'!E10/'C 7'!E10)*1000 -> 144.54181 | F10: =('C 8'!F10/'C 7'!F10)*1000 -> 13.890947 | G10: 0 | H10: 0
A11: La Libertad | B11: =('C 8'!B11/'C 7'!B11)*1000 -> 2.2523757 | C11: =('C 8'!C11/'C 7'!C11)*1000 -> 13.252814 | D11: =('C 8'!D11/'C 7'!D11)*1000 -> 57.026016 | E11: =('C 8'!E11/'C 7'!E11)*1000 -> 141.36953 | F11: =('C 8'!F11/'C 7'!F11)*1000 -> 12.256689 | G11: =('C 8'!G11/'C 7'!G11)*1000 -> 31.227306 | H11: 0
A12: Cajamarca | B12: =('C 8'!B12/'C 7'!B12)*1000 -> 2.0731429 | C12: =('C 8'!C12/'C 7'!C12)*1000 -> 12.129407 | D12: =('C 8'!D12/'C 7'!D12)*1000 -> 42.978537 | E12: =('C 8'!E12/'C 7'!E12)*1000 -> 125.3839 | F12: =('C 8'!F12/'C 7'!F12)*1000 -> 10.233716 | G12: 0 | H12: 0
A13: Cajamarca | B13: =('C 8'!B13/'C 7'!B13)*1000 -> 2.0907681 | C13: =('C 8'!C13/'C 7'!C13)*1000 -> 12.088914 | D13: =('C 8'!D13/'C 7'!D13)*1000 -> 36.164055 | E13: =('C 8'!E13/'C 7'!E13)*1000 -> 113.30812 | F13: =('C 8'!F13/'C 7'!F13)*1000 -> 10.135337 | G13: 0 | H13: 0
A14: Chota | B14: =('C 8'!B14/'C 7'!B14)*1000 -> 2.0358013 | C14: =('C 8'!C14/'C 7'!C14)*1000 -> 12.821084 | D14: =('C 8'!D14/'C 7'!D14)*1000 -> 47.65426 | E14: =('C 8'!E14/'C 7'!E14)*1000 -> 135.1173 | F14: =('C 8'!F14/'C 7'!F14)*1000 -> 11.605416 | G14: 0 | H14: 0
A15: Jaén | B15: =('C 8'!B15/'C 7'!B15)*1000 -> 2.0491164 | C15: =('C 8'!C15/'C 7'!C15)*1000 -> 10.046113 | D15: =('C 8'!D15/'C 7'!D15)*1000 -> 48.753626 | E15: =('C 8'!E15/'C 7'!E15)*1000 -> 151.47514 | F15: =('C 8'!F15/'C 7'!F15)*1000 -> 10.188679 | G15: 0 | H15: 0
A16: Amazonas | B16: =('C 8'!B16/'C 7'!B16)*1000 -> 7.9744817 | C16: =('C 8'!C16/'C 7'!C16)*1000 -> 15.85504 | D16: =('C 8'!D16/'C 7'!D16)*1000 -> 53.052112 | E16: =('C 8'!E16/'C 7'!E16)*1000 -> 147.65446 | F16: =('C 8'!F16/'C 7'!F16)*1000 -> 12.458472 | G16: 0 | H16: 0
A17: Ancash | B17: =('C 8'!B17/'C 7'!B17)*1000 -> 2.2349921 | C17: =('C 8'!C17/'C 7'!C17)*1000 -> 10.578061 | D17: =('C 8'!D17/'C 7'!D17)*1000 -> 32.1461 | E17: =('C 8'!E17/'C 7'!E17)*1000 -> 135.10988 | F17: =('C 8'!F17/'C 7'!F17)*1000 -> 10.678239 | G17: =('C 8'!G17/'C 7'!G17)*1000 -> 28.205128 | H17: 0
A18: Lima | B18: =('C 8'!B18/'C 7'!B18)*1000 -> 2.2620393 | C18: =('C 8'!C18/'C 7'!C18)*1000 -> 12.372646 | D18: =('C 8'!D18/'C 7'!D18)*1000 -> 63.48483 | E18: =('C 8'!E18/'C 7'!E18)*1000 -> 190.41073 | F18: =('C 8'!F18/'C 7'!F18)*1000 -> 13.083286 | G18: =('C 8'!G18/'C 7'!G18)*1000 -> 26.845638 | H18: =('C 8'!H18/'C 7'!H18)*1000 -> 31.034483
A19: Ica | B19: =('C 8'!B19/'C 7'!B19)*1000 -> 2.1019458 | C19: =('C 8'!C19/'C 7'!C19)*1000 -> 14.15303 | D19: =('C 8'!D19/'C 7'!D19)*1000 -> 54.149378 | E19: =('C 8'!E19/'C 7'!E19)*1000 -> 152.55016 | F19: =('C 8'!F19/'C 7'!F19)*1000 -> 14.225652 | G19: 0 | H19: 0
A20: Huánuco | B20: =('C 8'!B20/'C 7'!B20)*1000 -> 2.0431223 | C20: =('C 8'!C20/'C 7'!C20)*1000 -> 11.425922 | D20: =('C 8'!D20/'C 7'!D20)*1000 -> 38.762331 | E20: =('C 8'!E20/'C 7'!E20)*1000 -> 153.87502 | F20: =('C 8'!F20/'C 7'!F20)*1000 -> 10.159901 | G20: =('C 8'!G20/'C 7'!G20)*1000 -> 27.070064 | H20: 0
A21: Pasco | B21: =('C 8'!B21/'C 7'!B21)*1000 -> 2.139401 | C21: =('C 8'!C21/'C 7'!C21)*1000 -> 12.490781 | D21: =('C 8'!D21/'C 7'!D21)*1000 -> 36.65673 | E21: =('C 8'!E21/'C 7'!E21)*1000 -> 158.46359 | F21: =('C 8'!F21/'C 7'!F21)*1000 -> 11.331445 | G21: =('C 8'!G21/'C 7'!G21)*1000 -> 22.992166 | H21: =('C 8'!H21/'C 7'!H21)*1000 -> 28.966597
A22: Junín | B22: =('C 8'!B22/'C 7'!B22)*1000 -> 2.1899126 | C22: =('C 8'!C22/'C 7'!C22)*1000 -> 10.810651 | D22: =('C 8'!D22/'C 7'!D22)*1000 -> 42.449572 | E22: =('C 8'!E22/'C 7'!E22)*1000 -> 130.41913 | F22: =('C 8'!F22/'C 7'!F22)*1000 -> 12.273361 | G22: =('C 8'!G22/'C 7'!G22)*1000 -> 22.037487 | H22: =('C 8'!H22/'C 7'!H22)*1000 -> 27.790644
A23: Huancavelica | B23: =('C 8'!B23/'C 7'!B23)*1000 -> 1.9840099 | C23: =('C 8'!C23/'C 7'!C23)*1000 -> 12.998025 | D23: =('C 8'!D23/'C 7'!D23)*1000 -> 36.746175 | E23: =('C 8'!E23/'C 7'!E23)*1000 -> 117.5877 | F23: =('C 8'!F23/'C 7'!F23)*1000 -> 13.021339 | G23: =('C 8'!G23/'C 7'!G23)*1000 -> 25.236028 | H23: =('C 8'!H23/'C 7'!H23)*1000 -> 34.054944
A24: Arequipa | B24: =('C 8'!B24/'C 7'!B24)*1000 -> 2.2414992 | C24: =('C 8'!C24/'C 7'!C24)*1000 -> 14.631455 | D24: =('C 8'!D24/'C 7'!D24)*1000 -> 55.711695 | E24: =('C 8'!E24/'C 7'!E24)*1000 -> 156.42808 | F24: =('C 8'!F24/'C 7'!F24)*1000 -> 12.578616 | G24: =('C 8'!G24/'C 7'!G24)*1000 -> 24.635522 | H24: =('C 8'!H24/'C 7'!H24)*1000 -> 34.545261
A25: Moquegua | B25: =('C 8'!B25/'C 7'!B25)*1000 -> 2.07204 | C25: =('C 8'!C25/'C 7'!C25)*1000 -> 20.332259 | D25: =('C 8'!D25/'C 7'!D25)*1000 -> 44.711853 | E25: =('C 8'!E25/'C 7'!E25)*1000 -> 214.30615 | F25: =('C 8'!F25/'C 7'!F25)*1000 -> 14.513788 | G25: =('C 8'!G25/'C 7'!G25)*1000 -> 30.847705 | H25: =('C 8'!H25/'C 7'!H25)*1000 -> 43.6068
A26: Tacna | B26: =('C 8'!B26/'C 7'!B26)*1000 -> 2.2762368 | C26: =('C 8'!C26/'C 7'!C26)*1000 -> 23.046586 | D26: =('C 8'!D26/'C 7'!D26)*1000 -> 39.299662 | E26: =('C 8'!E26/'C 7'!E26)*1000 -> 192.65873 | F26: =('C 8'!F26/'C 7'!F26)*1000 -> 14.224219 | G26: =('C 8'!G26/'C 7'!G26)*1000 -> 28.406234 | H26: =('C 8'!H26/'C 7'!H26)*1000 -> 29.462366
A27: Ayacucho | B27: =('C 8'!B27/'C 7'!B27)*1000 -> 2.027511 | C27: =('C 8'!C27/'C 7'!C27)*1000 -> 11.780491 | D27: =('C 8'!D27/'C 7'!D27)*1000 -> 44.240119 | E27: =('C 8'!E27/'C 7'!E27)*1000 -> 126.18741 | F27: =('C 8'!F27/'C 7'!F27)*1000 -> 12.071651 | G27: =('C 8'!G27/'C 7'!G27)*1000 -> 26.640763 | H27: =('C 8'!H27/'C 7'!H27)*1000 -> 29.818956
A28: Apurímac | B28: =('C 8'!B28/'C 7'!B28)*1000 -> 2.0066164 | C28: =('C 8'!C28/'C 7'!C28)*1000 -> 11.604294 | D28: =('C 8'!D28/'C 7'!D28)*1000 -> 38.896598 | E28: =('C 8'!E28/'C 7'!E28)*1000 -> 109.8927 | F28: =('C 8'!F28/'C 7'!F28)*1000 -> 10.603589 | G28: =('C 8'!G28/'C 7'!G28)*1000 -> 24.32196 | H28: =('C 8'!H28/'C 7'!H28)*1000 -> 28.620377
A29: Abancay | B29: =('C 8'!B29/'C 7'!B29)*1000 -> 2.0156857 | C29: =('C 8'!C29/'C 7'!C29)*1000 -> 12.303891 | D29: =('C 8'!D29/'C 7'!D29)*1000 -> 36.598077 | E29: =('C 8'!E29/'C 7'!E29)*1000 -> 113.14842 | F29: =('C 8'!F29/'C 7'!F29)*1000 -> 10.684884 | G29: =('C 8'!G29/'C 7'!G29)*1000 -> 24.890096 | H29: =('C 8'!H29/'C 7'!H29)*1000 -> 30.347734
A30: Andahuaylas | B30: =('C 8'!B30/'C 7'!B30)*1000 -> 1.9927038 | C30: =('C 8'!C30/'C 7'!C30)*1000 -> 10.874607 | D30: =('C 8'!D30/'C 7'!D30)*1000 -> 40.206866 | E30: =('C 8'!E30/'C 7'!E30)*1000 -> 106.59658 | F30: =('C 8'!F30/'C 7'!F30)*1000 -> 10.56699 | G30: =('C 8'!G30/'C 7'!G30)*1000 -> 22.997835 | H30: =('C 8'!H30/'C 7'!H30)*1000 -> 27.037466
A31: Cusco | B31: =('C 8'!B31/'C 7'!B31)*1000 -> 2.1363281 | C31: =('C 8'!C31/'C 7'!C31)*1000 -> 11.987494 | D31: =('C 8'!D31/'C 7'!D31)*1000 -> 41.064045 | E31: =('C 8'!E31/'C 7'!E31)*1000 -> 148.83358 | F31: =('C 8'!F31/'C 7'!F31)*1000 -> 12.817226 | G31: =('C 8'!G31/'C 7'!G31)*1000 -> 26.595804 | H31: =('C 8'!H31/'C 7'!H31)*1000 -> 29.071537
A32: Puno | B32: =('C 8'!B32/'C 7'!B32)*1000 -> 1.9828146 | C32: =('C 8'!C32/'C 7'!C32)*1000 -> 13.793377 | D32: =('C 8'!D32/'C 7'!D32)*1000 -> 33.43272 | E32: =('C 8'!E32/'C 7'!E32)*1000 -> 143.66245 | F32: 0 | G32: =('C 8'!G32/'C 7'!G32)*1000 -> 27.648316 | H32: =('C 8'!H32/'C 7'!H32)*1000 -> 38.495254
A33: San Martín | B33: =('C 8'!B33/'C 7'!B33)*1000 -> 2.1950136 | C33: =('C 8'!C33/'C 7'!C33)*1000 -> 10.358915 | D33: =('C 8'!D33/'C 7'!D33)*1000 -> 42.905831 | E33: =('C 8'!E33/'C 7'!E33)*1000 -> 110.34471 | F33: 0 | G33: 0 | H33: 0
A34: Loreto | B34: =('C 8'!B34/'C 7'!B34)*1000 -> 2.2314167 | C34: =('C 8'!C34/'C 7'!C34)*1000 -> 12.293345 | D34: =('C 8'!D34/'C 7'!D34)*1000 -> 45.058188 | E34: =('C 8'!E34/'C 7'!E34)*1000 -> 117.14429 | F34: 0 | G34: 0 | H34: 0
A35: Ucayali | B35: =('C 8'!B35/'C 7'!B35)*1000 -> 2.1492617 | C35: =('C 8'!C35/'C 7'!C35)*1000 -> 12.237762 | D35: =('C 8'!D35/'C 7'!D35)*1000 -> 39.008234 | E35: =('C 8'!E35/'C 7'!E35)*1000 -> 128.21162 | F35: 0 | G35: 0 | H35: 0
A36: Madre de Dios | B36: =('C 8'!B36/'C 7'!B36)*1000 -> 2.2453786 | C36: =('C 8'!C36/'C 7'!C36)*1000 -> 17.374517 | D36: =('C 8'!D36/'C 7'!D36)*1000 -> 59.941771 | E36: =('C 8'!E36/'C 7'!E36)*1000 -> 161.94636 | F36: 0 | G36: 0 | H36: 0
A37: P Preliminar.
A38: Fuente:Direcciones Regionales de Agricultura.
A39: Elaboración: MInisterio de Agricultura y Riego - DGESEP - DEA.

Sheet C 10
A2: C.10 PERÚ: ESPECIES PECUARIAS EN PRODUCCIÓN Y ANIMALES ESQUILADOS POR REGIÓN, 2019 P.
A3: (Unidades)
A5: Región | B5: Gallinas en Postura | C5: Vacas en Ordeño | D5: Alpacas esquiladas | E5: LLamas esquiladas | F5: Ovinos esquilados
A6: Nacional | B6: =(B8+B9+B10+B11+B12+B16++B17+B18+B19+B20+B21+B22+B23+B24+B25+B26+B27+B28+B31+B32+B33+B34+B35+B36) -> 29468987 | C6: =(C8+C9+C10+C11+C12+C16++C17+C18+C19+C20+C21+C22+C23+C24+C25+C26+C27+C28+C31+C32+C33+C34+C35+C36) -> 905818 | D6: =(D8+D9+D10+D11+D12+D16++D17+D18+D19+D20+D21+D22+D23+D24+D25+D26+D27+D28+D31+D32+D33+D34+D35+D36) -> 2254980 | E6: =(E8+E9+E10+E11+E12+E16++E17+E18+E19+E20+E21+E22+E23+E24+E25+E26+E27+E28+E31+E32+E33+E34+E35+E36) -> 340347 | F6: =(F8+F9+F10+F11+F12+F16++F17+F18+F19+F20+F21+F22+F23+F24+F25+F26+F27+F28+F31+F32+F33+F34+F35+F36) -> 4304515
A8: Tumbes | B8: 15503 | C8: 362 | D8: 0 | E8: 0 | F8: 0
A9: Piura | B9: 394729 | C9: 24072 | D9: 53 | E9: 0 | F9: 18515
A10: Lambayeque | B10: 498472 | C10: 17837 | D10: 0 | E10: 0 | F10: 0
A11: La Libertad | B11: 4838790 | C11: 48823 | D11: 6520 | E11: 0 | F11: 249612
A12: Cajamarca | B12: 429010 | C12: 164222 | D12: 0 | E12: 0 | F12: 165750
A13: Cajamarca | B13: 209563 | C13: 97194 | D13: 0 | E13: 0 | F13: 126012
A14: Chota | B14: 145201 | C14: 61574 | D14: 0 | E14: 0 | F14: 39738
A15: Jaén | B15: 74246 | C15: 5454 | D15: 0 | E15: 0 | F15: 0
A16: Amazonas | B16: 137753 | C16: 79623 | D16: 0 | E16: 0 | F16: 5255
A17: Ancash | B17: 206001 | C17: 14847 | D17: 0 | E17: 0 | F17: 7076
A18: Lima | B18: 7383051 | C18: 71092 | D18: 18461 | E18: 1325 | F18: 91432
A19: Ica | B19: 10940573 | C19: 12537 | D19: 0 | E19: 0 | F19: 0
... A36: Madre de Dios | B36: 209906 | C36: 1354 | D36: 0 | E36: 0 | F36: 0
A37: P Preliminar.
A38: Fuente:Direcciones Regionales de Agricultura.
A39: Elaboración: MInisterio de Agricultura y Riego - DGESEP - DEA.

Sheet C 11
A2: C.11 PERÚ: PRODUCCIÓN DE PRINCIPALES PRODUCTOS PECUARIOS SEGÚN REGIÓN, 2019 P.
A3: (Toneladas)
A5: Región | B5: Huevo | C5: Leche fresca | D5: Fibra Alpaca | E5: Fibra Llama | F5: Lana ovino
A6: Nacional | B6: =(B8+B9+B10+B11+B12+B16++B17+B18+B19+B20+B21+B22+B23+B24+B25+B26+B27+B28+B31+B32+B33+B34+B35+B36) -> 488487 | C6: =(C8+C9+C10+C11+C12+C16++C17+C18+C19+C20+C21+C22+C23+C24+C25+C26+C27+C28+C31+C32+C33+C34+C35+C36) -> 2129366 | D6: =(D8+D9+D10+D11+D12+D16++D17+D18+D19+D20+D21+D22+D23+D24+D25+D26+D27+D28+D31+D32+D33+D34+D35+D36) -> 4453 | E6: =(E8+E9+E10+E11+E12+E16++E17+E18+E19+E20+E21+E22+E23+E24+E25+E26+E27+E28+E31+E32+E33+E34+E35+E36) -> 656 | F6: =(F8+F9+F10+F11+F12+F16++F17+F18+F19+F20+F21+F22+F23+F24+F25+F26+F27+F28+F31+F32+F33+F34+F35+F36) -> 7750
A8: Tumbes | B8: 103 | C8: 374 | D8: 0 | E8: 0 | F8: 0
A9: Piura | B9: 4739 | C9: 42122 | D9: 0 | E9: 0 | F9: 25
A10: Lambayeque | B10: 7663 | C10: 56665 | D10: 0 | E10: 0 | F10: 0
A11: La Libertad | B11: 84438 | C11: 151171 | D11: 17 | E11: 0 | F11: 734
A12: Cajamarca | B12: 2392 | C12: 391136 | D12: 0 | E12: 0 | F12: 286
A13: Cajamarca | B13: 1364 | C13: 240341 | D13: 0 | E13: 0 | F13: 227
A14: Chota | B14: 679 | C14: 141614 | D14: 0 | E14: 0 | F14: 59
A15: Jaén | B15: 349 | C15: 9180 | D15: 0 | E15: 0 | F15: 0
A16: Amazonas | B16: 1458 | C16: 98574 | D16: 0 | E16: 0 | F16: 3
A17: Ancash | B17: 1324 | C17: 18181 | D17: 0 | E17: 0 | F17: 9
A18: Lima | B18: 131293 | C18: 352868 | D18: 29 | E18: 2 | F18: 120
A19: Ica | B19: 197407 | C19: 68271 | D19: 0 | E19: 0 | F19: 0
... A36: Madre de Dios | B36: 3471 | C36: 1687 | D36: 0 | E36: 0 | F36: 0
A37: P Preliminar.
A38: Fuente:Direcciones Regionales de Agricultura.
A39: Elaboración: MInisterio de Agricultura y Riego - DGESEP - DEA.

Sheet C 12
A2: C.12 PERÚ: RENDIMIENTO POR PRODUCTO SEGÚN REGIÓN, 2019 P.
A3: (Kg/Unidad/Año )
A5: Región | B5: Huevo de gallina | C5: Leche fresca | D5: Fibra Alpaca | E5: Fibra Llama | F5: Lana ovino
A6: Nacional | B6: =('C 11'!B6/'C 10'!B6)*1000 -> 16.576308 | C6: =('C 11'!C6/'C 10'!C6)*1000 -> 2350.7658 | D6: =('C 11'!D6/'C 10'!D6)*1000 -> 1.9747404 | E6: =('C 11'!E6/'C 10'!E6)*1000 -> 1.9274446 | F6: =('C 11'!F6/'C 10'!F6)*1000 -> 1.8004351
A8: Tumbes | B8: =('C 11'!B8/'C 10'!B8)*1000 -> 6.6438754 | C8: =('C 11'!C8/'C 10'!C8)*1000 -> 1033.1492 | D8: 0 | E8: 0 | F8: 0
A9: Piura | B9: =('C 11'!B9/'C 10'!B9)*1000 -> 12.005705 | C9: =('C 11'!C9/'C 10'!C9)*1000 -> 1749.8338 | D9: 0 | E9: 0 | F9: =('C 11'!F9/'C 10'!F9)*1000 -> 1.3502565
A10: Lambayeque | B10: =('C 11'!B10/'C 10'!B10)*1000 -> 15.37298 | C10: =('C 11'!C10/'C 10'!C10)*1000 -> 3176.8235 | D10: 0 | E10: 0 | F10: 0
A11: La Libertad | B11: =('C 11'!B11/'C 10'!B11)*1000 -> 17.45023 | C11: =('C 11'!C11/'C 10'!C11)*1000 -> 3096.3071 | D11: =('C 11'!D11/'C 10'!D11)*1000 -> 2.607362 | E11: 0 | F11: =('C 11'!F11/'C 10'!F11)*1000 -> 2.9405638
A12: Cajamarca | B12: =('C 11'!B12/'C 10'!B12)*1000 -> 5.5756276 | C12: =('C 11'!C12/'C 10'!C12)*1000 -> 2381.7515 | D12: 0 | E12: 0 | F12: =('C 11'!F12/'C 10'!F12)*1000 -> 1.7254902
A13: Cajamarca | B13: =('C 11'!B13/'C 10'!B13)*1000 -> 6.5087826 | C13: =('C 11'!C13/'C 10'!C13)*1000 -> 2472.7967 | D13: 0 | E13: 0 | F13: =('C 11'!F13/'C 10'!F13)*1000 -> 1.8014157
A14: Chota | B14: =('C 11'!B14/'C 10'!B14)*1000 -> 4.6762763 | C14: =('C 11'!C14/'C 10'!C14)*1000 -> 2299.8993 | D14: 0 | E14: 0 | F14: =('C 11'!F14/'C 10'!F14)*1000 -> 1.4847249
A15: Jaén | B15: =('C 11'!B15/'C 10'!B15)*1000 -> 4.7005899 | C15: =('C 11'!C15/'C 10'!C15)*1000 -> 1683.1683 | D15: 0 | E15: 0 | F15: 0
A16: Amazonas | B16: =('C 11'!B16/'C 10'!B16)*1000 -> 10.584162 | C16: =('C 11'!C16/'C 10'!C16)*1000 -> 1238.0091 | D16: 0 | E16: 0 | F16: =('C 11'!F16/'C 10'!F16)*1000 -> 0.57088487
A17: Ancash | B17: =('C 11'!B17/'C 10'!B17)*1000 -> 6.4271533 | C17: =('C 11'!C17/'C 10'!C17)*1000 -> 1224.5571 | D17: 0 | E17: 0 | F17: =('C 11'!F17/'C 10'!F17)*1000 -> 1.271905
A18: Lima | B18: =('C 11'!B18/'C 10'!B18)*1000 -> 17.783028 | C18: =('C 11'!C18/'C 10'!C18)*1000 -> 4963.5402 | D18: =('C 11'!D18/'C 10'!D18)*1000 -> 1.5708792 | E18: =('C 11'!E18/'C 10'!E18)*1000 -> 1.509434 | F18: =('C 11'!F18/'C 10'!F18)*1000 -> 1.3124508
A19: Ica | B19: =('C 11'!B19/'C 10'!B19)*1000 -> 18.04357 | C19: =('C 11'!C19/'C 10'!C19)*1000 -> 5445.5611 | D19: 0 | E19: 0 | F19: 0
A20: Huánuco | B20: =('C 11'!B20/'C 10'!B20)*1000 -> 6.789161 | C20: =('C 11'!C20/'C 10'!C20)*1000 -> 1566.1015 | D20: =('C 11'!D20/'C 10'!D20)*1000 -> 2.7453672 | E20: 0 | F20: =('C 11'!F20/'C 10'!F20)*1000 -> 1.4881164
A21: Pasco | B21: =('C 11'!B21/'C 10'!B21)*1000 -> 4.7154011 | C21: =('C 11'!C21/'C 10'!C21)*1000 -> 1181.8397 | D21: =('C 11'!D21/'C 10'!D21)*1000 -> 2.2075574 | E21: =('C 11'!E21/'C 10'!E21)*1000 -> 1.4124294 | F21: =('C 11'!F21/'C 10'!F21)*1000 -> 1.7581724
A22: Junín | B22: =('C 11'!B22/'C 10'!B22)*1000 -> 6.5372157 | C22: =('C 11'!C22/'C 10'!C22)*1000 -> 1406.2308 | D22: =('C 11'!D22/'C 10'!D22)*1000 -> 2.6659987 | E22: =('C 11'!E22/'C 10'!E22)*1000 -> 2.2961085 | F22: =('C 11'!F22/'C 10'!F22)*1000 -> 1.8040244
A23: Huancavelica | B23: =('C 11'!B23/'C 10'!B23)*1000 -> 4.6912854 | C23: =('C 11'!C23/'C 10'!C23)*1000 -> 1918.6469 | D23: =('C 11'!D23/'C 10'!D23)*1000 -> 1.7969141 | E23: =('C 11'!E23/'C 10'!E23)*1000 -> 1.8250737 | F23: =('C 11'!F23/'C 10'!F23)*1000 -> 1.8782618
A24: Arequipa | B24: =('C 11'!B24/'C 10'!B24)*1000 -> 17.032677 | C24: =('C 11'!C24/'C 10'!C24)*1000 -> 4719.7539 | D24: =('C 11'!D24/'C 10'!D24)*1000 -> 1.9322345 | E24: =('C 11'!E24/'C 10'!E24)*1000 -> 2.1481654 | F24: =('C 11'!F24/'C 10'!F24)*1000 -> 1.5305689
A25: Moquegua | B25: =('C 11'!B25/'C 10'!B25)*1000 -> 10.71213 | C25: =('C 11'!C25/'C 10'!C25)*1000 -> 3099.277 | D25: =('C 11'!D25/'C 10'!D25)*1000 -> 2.0346686 | E25: =('C 11'!E25/'C 10'!E25)*1000 -> 2.3112481 | F25: =('C 11'!F25/'C 10'!F25)*1000 -> 1.1764706
A26: Tacna | B26: =('C 11'!B26/'C 10'!B26)*1000 -> 17.025337 | C26: =('C 11'!C26/'C 10'!C26)*1000 -> 4295.6781 | D26: =('C 11'!D26/'C 10'!D26)*1000 -> 2.0316869 | E26: 0 | F26: 0
A27: Ayacucho | B27: =('C 11'!B27/'C 10'!B27)*1000 -> 5.4944718 | C27: =('C 11'!C27/'C 10'!C27)*1000 -> 1970.233 | D27: =('C 11'!D27/'C 10'!D27)*1000 -> 1.9955897 | E27: =('C 11'!E27/'C 10'!E27)*1000 -> 1.1142061 | F27: =('C 11'!F27/'C 10'!F27)*1000 -> 1.3776417
A28: Apurímac | B28: =('C 11'!B28/'C 10'!B28)*1000 -> 5.1127951 | C28: =('C 11'!C28/'C 10'!C28)*1000 -> 1049.4894 | D28: =('C 11'!D28/'C 10'!D28)*1000 -> 1.9773592 | E28: =('C 11'!E28/'C 10'!E28)*1000 -> 1.7491395 | F28: =('C 11'!F28/'C 10'!F28)*1000 -> 1.8753643
A29: Abancay | B29: =('C 11'!B29/'C 10'!B29)*1000 -> 5.3902695 | C29: =('C 11'!C29/'C 10'!C29)*1000 -> 910.47086 | D29: =('C 11'!D29/'C 10'!D29)*1000 -> 2.0572224 | E29: =('C 11'!E29/'C 10'!E29)*1000 -> 1.6291067 | F29: =('C 11'!F29/'C 10'!F29)*1000 -> 1.8895101
A30: Andahuaylas | B30: =('C 11'!B30/'C 10'!B30)*1000 -> 4.8205306 | C30: =('C 11'!C30/'C 10'!C30)*1000 -> 1285.3874 | D30: =('C 11'!D30/'C 10'!D30)*1000 -> 1.8054615 | E30: =('C 11'!E30/'C 10'!E30)*1000 -> 1.9478574 | F30: =('C 11'!F30/'C 10'!F30)*1000 -> 1.8117204
A31: Cusco | B31: =('C 11'!B31/'C 10'!B31)*1000 -> 3.6582359 | C31: =('C 11'!C31/'C 10'!C31)*1000 -> 1374.9659 | D31: =('C 11'!D31/'C 10'!D31)*1000 -> 1.9595238 | E31: =('C 11'!E31/'C 10'!E31)*1000 -> 1.6064257 | F31: =('C 11'!F31/'C 10'!F31)*1000 -> 1.4485797
A32: Puno | B32: =('C 11'!B32/'C 10'!B32)*1000 -> 4.7861907 | C32: =('C 11'!C32/'C 10'!C32)*1000 -> 1323.7136 | D32: =('C 11'!D32/'C 10'!D32)*1000 -> 1.9421587 | E32: =('C 11'!E32/'C 10'!E32)*1000 -> 1.9494826 | F32: =('C 11'!F32/'C 10'!F32)*1000 -> 1.8481638
A33: San Martín | B33: =('C 11'!B33/'C 10'!B33)*1000 -> 15.741709 | C33: =('C 11'!C33/'C 10'!C33)*1000 -> 1711.2305 | D33: 0 | E33: 0 | F33: 0
A34: Loreto | B34: =('C 11'!B34/'C 10'!B34)*1000 -> 12.883245 | C34: =('C 11'!C34/'C 10'!C34)*1000 -> 1438.1107 | D34: 0 | E34: 0 | F34: 0
A35: Ucayali | B35: =('C 11'!B35/'C 10'!B35)*1000 -> 14.476754 | C35: =('C 11'!C35/'C 10'!C35)*1000 -> 1541.1732 | D35: 0 | E35: 0 | F35: 0
A36: Madre de Dios | B36: =('C 11'!B36/'C 10'!B36)*1000 -> 16.535973 | C36: =('C 11'!C36/'C 10'!C36)*1000 -> 1245.938 | D36: 0 | E36: 0 | F36: 0
A37: P Preliminar.
A38: Fuente:Direcciones Regionales de Agricultura.
A39: Elaboración: MInisterio de Agricultura y Riego - DGESEP - DEA.

Sheet C 13
A2: C.13 PERÚ: PRODUCCIÓN PECUARIA POR MES SEGÚN PRODUCTO, 2019 P.
A3: (Toneladas)
A5: Producto | C5: Anual | D5: Ene | E5: Feb | F5: Mar | G5: Abr | H5: May | I5: Jun | J5: Jul | K5: Ago | L5: Set | M5: Oct | N5: Nov | O5: Dic
A6: Carne
B7: Ave | C7: =SUM(D7:O7) -> 1762857 | D7: 139841 | E7: 125499 | F7: 141111 | G7: 145604 | H7: 149321 | I7: 149264 | J7: 154342 | K7: 156728 | L7: 150536 | M7: 152033 | N7: 144887 | O7: 153691
B8: Ovino | C8: =SUM(D8:O8) -> 33782 | D8: 2331 | E8: 2548 | F8: 2727 | G8: 3082 | H8: 3211 | I8: 3209 | J8: 3121 | K8: 2961 | L8: 2806 | M8: 2613 | N8: 2572 | O8: 2601
B9: Porcino | C9: =SUM(D9:O9) -> 173259 | D9: 13622 | E9: 13370 | F9: 13687 | G9: 13794 | H9: 14008 | I9: 14959 | J9: 16019 | K9: 14759 | L9: 14337 | M9: 14208 | N9: 14073 | O9: 16423
B10: Vacuno | C10: =SUM(D10:O10) -> 192920 | D10: 14436 | E10: 15165 | F10: 15698 | G10: 16742 | H10: 17211 | I10: 17310 | J10: 16979 | K10: 16417 | L10: 15835 | M10: 15544 | N10: 15493 | O10: 16090
B11: Caprino | C11: =SUM(D11:O11) -> 5102 | D11: 373 | E11: 404 | F11: 421 | G11: 432 | H11: 448 | I11: 472 | J11: 465 | K11: 444 | L11: 405 | M11: 386 | N11: 407 | O11: 445
B12: Alpaca | C12: =SUM(D12:O12) -> 12581 | D12: 821 | E12: 990 | F12: 1088 | G12: 1306 | H12: 1265 | I12: 1265 | J12: 1236 | K12: 1115 | L12: 952 | M12: 869 | N12: 866 | O12: 808
B13: Llama | C13: =SUM(D13:O13) -> 3849 | D13: 259 | E13: 302 | F13: 322 | G13: 373 | H13: 370 | I13: 381 | J13: 355 | K13: 327 | L13: 298 | M13: 271 | N13: 272 | O13: 319
A15: Menudencia
B16: Ovino | C16: =SUM(D16:O16) -> 26274.889 | D16: =(D8/0.45*0.35) -> 1813 | E16: =(E8/0.45*0.35) -> 1981.7778 | F16: =(F8/0.45*0.35) -> 2121 | G16: =(G8/0.45*0.35) -> 2397.1111 | H16: =(H8/0.45*0.35) -> 2497.4444 | I16: =(I8/0.45*0.35) -> 2495.8889 | J16: =(J8/0.45*0.35) -> 2427.4444 | K16: =(K8/0.45*0.35) -> 2303 | ... O16: =(O8/0.45*0.35) -> 2023
B17: Porcino | C17: =SUM(D17:O17) -> 34651.8 | D17: =(D9/0.75*0.15) -> 2724.4 | E17: =(E9/0.75*0.15) -> 2674 | F17: =(F9/0.75*0.15) -> 2737.4 | G17: =(G9/0.75*0.15) -> 2758.8 | H17: =(H9/0.75*0.15) -> 2801.6 | I17: =(I9/0.75*0.15) -> 2991.8 | J17: =(J9/0.75*0.15) -> 3203.8 | K17: =(K9/0.75*0.15) -> 2951.8 | ... O17: =(O9/0.75*0.15) -> 3284.6
B18: Vacuno | C18: =SUM(D18:O18) -> 94568.627 | D18: =(D10/0.51*0.25) -> 7076.4706 | E18: =(E10/0.51*0.25) -> 7433.8235 | F18: =(F10/0.51*0.25) -> 7695.098 | G18: =(G10/0.51*0.25) -> 8206.8627 | H18: =(H10/0.51*0.25) -> 8436.7647 | I18: =(I10/0.51*0.25) -> 8485.2941 | J18: =(J10/0.51*0.25) -> 8323.0392 | K18: =(K10/0.51*0.25) -> 8047.549 | ... O18: =(O10/0.51*0.25) -> 7887.2549
B19: Caprino | C19: =SUM(D19:O19) -> 3968.2222 | D19: =(D11/0.45*0.35) -> 290.11111 | E19: =(E11/0.45*0.35) -> 314.22222 | F19: =(F11/0.45*0.35) -> 327.44444 | G19: =(G11/0.45*0.35) -> 336 | H19: =(H11/0.45*0.35) -> 348.44444 | I19: =(I11/0.45*0.35) -> 367.11111 | J19: =(J11/0.45*0.35) -> 361.66667 | K19: =(K11/0.45*0.35) -> 345.33333 | ... O19: =(O11/0.45*0.35) -> 346.11111
A21: Huevo de Gallina | C21: =SUM(D21:O21) -> 488482 | D21: 40058 | E21: 40248 | F21: 40240 | G21: 40299 | H21: 40688 | I21: 40523 | J21: 40408 | K21: 40433 | L21: 40549 | M21: 41134 | N21: 41845 | O21: 42057
A23: Leche Fresca de Vaca | C23: =SUM(D23:O23) -> 2129366 | D23: 183746 | E23: 171137 | F23: 183859 | G23: 190048 | H23: 194641 | I23: 184681 | J23: 179033 | K23: 171442 | L23: 166239 | M23: 168249 | N23: 166490 | O23: 169801
A25: Fibra Alpaca | C25: =SUM(D25:O25) -> 4453 | D25: 331 | E25: 651 | F25: 655 | G25: 63 | H25: 55 | I25: 48 | J25: 2 | K25: 15 | L25: 6 | M25: 169 | N25: 1670 | O25: 788
A27: Fibra Llama | C27: =SUM(D27:O27) -> 658 | D27: 29 | E27: 114 | F27: 103 | G27: 9 | H27: 5 | I27: 3 | J27: 0 | K27: 0 | L27: 0 | M27: 45 | N27: 290 | O27: 60
A29: Lana Ovino | C29: =SUM(D29:O29) -> 7743 | D29: 655 | E29: 2691 | F29: 1941 | G29: 283 | H29: 455 | I29: 223 | J29: 196 | K29: 135 | L29: 180 | M29: 32 | N29: 555 | O29: 397
A30: P Preliminar.
A31: Fuente:Direcciones Regionales de Agricultura.
A32: Elaboración: MInisterio de Agricultura y Riego - DGESEP - DEA.

Sheet C 14
A2: C.14 PERÚ: POBLACIÓN DE VACUNOS POR AÑO SEGÚN REGIÓN, 2007-2019.
A3: (Unidades)
A5: Región | C5: 2005 | D5: 2006 | E5: 2007 | F5: 2008 | G5: 2009 | H5: 2010 | I5: 2011 | J5: 2012 | K5: 2013 | L5: 2014 | M5: 2015 | N5: 2016 | O5: 2017 | P5: 2018 | Q5: 2019 P
A6: Total Nacional | C6: =(C8+C9+C10+C11+C12+C13+C14+C15+C16+C17+C18+C19+C20+C21+C22+C23+C24+C25+C26+C27+C28+C29+C30+C31) -> 5249783 | D6: =(D8+D9+D10+D11+D12+D13+D14+D15+D16+D17+D18+D19+D20+D21+D22+D23+D24+D25+D26+D27+D28+D29+D30+D31) -> 5241101 | E6: =(E8+E9+E10+E11+E12+E13+E14+E15+E16+E17+E18+E19+E20+E21+E22+E23+E24+E25+E26+E27+E28+E29+E30+E31) -> 5420865 | F6: =(F8+F9+F10+F11+F12+F13+F14+F15+F16+F17+F18+F19+F20+F21+F22+F23+F24+F25+F26+F27+F28+F29+F30+F31) -> 5442989 | G6: =(G8+G9+G10+G11+G12+G13+G14+G15+G16+G17+G18+G19+G20+G21+G22+G23+G24+G25+G26+G27+G28+G29+G30+G31) -> 5459435 | H6: =(H8+H9+H10+H11+H12+H13+H14+H15+H16+H17+H18+H19+H20+H21+H22+H23+H24+H25+H26+H27+H28+H29+H30+H31) -> 5520198 | I6: =(I8+I9+I10+I11+I12+I13+I14+I15+I16+I17+I18+I19+I20+I21+I22+I23+I24+I25+I26+I27+I28+I29+I30+I31) -> 5589173 | J6: =(J8+J9+J10+J11+J12+J13+J14+J15+J16+J17+J18+J19+J20+J21+J22+J23+J24+J25+J26+J27+J28+J29+J30+J31) -> 5660984 | ... Q6: =(Q8+Q9+Q10+Q11+Q12+Q13+Q14+Q15+Q16+Q17+Q18+Q19+Q20+Q21+Q22+Q23+Q24+Q25+Q26+Q27+Q28+Q29+Q30+Q31) -> 5599893
B8: Tumbes | C8: 13800 | D8: 14000 | E8: 13890 | F8: 17461 | G8: 17100 | H8: 13729 | I8: 14447 | J8: 18070 | K8: 18447 | L8: 19414 | M8: 21346 | N8: 22427 | O8: 22350 | P8: 22050 | Q8: 22200
B9: Piura | C9: 234260 | D9: 234260 | E9: 237774 | F9: 227803 | G9: 230765 | H9: 302158 | I9: 310158 | J9: 324960 | K9: 308181 | L9: 301926 | M9: 298200 | N9: 290882 | O9: 276247 | P9: 268181 | Q9: 258181
B10: Lambayeque | C10: 86000 | D10: 87500 | E10: 96479 | F10: 113725 | G10: 114210 | H10: 110583 | I10: 109540 | J10: 89795 | K10: 89530 | L10: 85995 | M10: 86120 | N10: 86344 | O10: 113514 | P10: 112040 | Q10: 113602
B11: La Libertad | C11: 253482 | D11: 253925 | E11: 254014 | F11: 253872 | G11: 253917 | H11: 254699 | I11: 259557 | J11: 262771 | K11: 262017 | L11: 259231 | M11: 246630 | N11: 245857 | O11: 237501 | P11: 233412 | Q11: 235457
B12: Cajamarca | C12: 567252 | D12: 585191 | E12: 647924 | F12: 663444 | G12: 668400 | H12: 661441 | I12: 664574 | J12: 645466 | K12: 654160 | L12: 661156 | M12: 663500 | N12: 657561 | O12: 645182 | P12: 648080 | Q12: 655840
B13: Amazonas | C13: 201868 | D13: 203000 | E13: 232617 | F13: 239911 | G13: 238500 | H13: 231680 | I13: 230526 | J13: 230190 | K13: 231874 | L13: 240121 | M13: 250584 | N13: 246360 | O13: 247610 | P13: 248100 | Q13: 247855
B14: Ancash | C14: 342051 | D14: 301166 | E14: 301783 | F14: 302411 | G14: 305711 | H14: 307624 | I14: 304367 | J14: 300992 | K14: 294294 | L14: 304127 | M14: 304262 | N14: 309475 | O14: 305720 | P14: 306410 | Q14: 306065
B15: Lima | C15: 263480 | D15: 258000 | E15: 254986 | F15: 228844 | G15: 226800 | H15: 230422 | I15: 232109 | J15: 225265 | K15: 226410 | L15: 232070 | M15: 265104 | N15: 257939 | O15: 245851 | P15: 255851 | Q15: 250851
B16: Ica | C16: 36448 | D16: 36595 | E16: 36877 | F16: 37296 | G16: 38100 | H16: 37063 | I16: 38362 | J16: 43823 | K16: 45315 | L16: 46324 | M16: 47838 | N16: 47321 | O16: 50124 | P16: 49144 | Q16: 50530
B17: Huánuco | C17: 269149 | D17: 293273 | E17: 324363 | F17: 323160 | G17: 324200 | H17: 319829 | I17: 305300 | J17: 246716 | K17: 273992 | L17: 295422 | M17: 290997 | N17: 290400 | O17: 292412 | P17: 293320 | Q17: 292866
B18: Pasco | C18: 101588 | D18: 124095 | E18: 125933 | F18: 127193 | G18: 127367 | H18: 121506 | I18: 123433 | J18: 139412 | K18: 104710 | L18: 105754 | M18: 116831 | N18: 118002 | O18: 119663 | P18: 119420 | Q18: 119542
B19: Junín | C19: 222660 | D19: 221770 | E19: 222660 | F19: 234727 | G19: 230300 | H19: 225423 | I19: 226527 | J19: 308233 | K19: 312227 | L19: 288385 | M19: 298924 | N19: 296450 | O19: 321586 | P19: 331426 | Q19: 326506
... B31: Madre de Dios | C31: 44200 | D31: 45228 | E31: 46908 | F31: 48256 | G31: 53006 | H31: 52261 | I31: 51070 | J31: 51665 | K31: 54380 | L31: 54460 | M31: 54983 | N31: 57732 | O31: 56420 | P31: 57340 | Q31: 56880
A32: P Preliminar.
A33: Fuente:Direcciones Regionales de Agricultura.
A34: Elaboración: MInisterio de Agricultura y Riego - DGESEP - DEA.

Sheet C 15
A2: C.15 PERÚ: PRODUCCIÓN DE VACUNOS POR AÑO SEGÚN REGIÓN, 2007-2019.
A3: (Unidades)
A5: Región | C5: 2005 | D5: 2006 | E5: 2007 | F5: 2008 | G5: 2009 | H5: 2010 | I5: 2011 | J5: 2012 | K5: 2013 | L5: 2014 | M5: 2015 | N5: 2016 | O5: 2017 | P5: 2018 | Q5: 2019 P
A6: Total Nacional | C6: =(C8+C9+C10+C11+C12+C13+C14+C15+C16+C17+C18+C19+C20+C21+C22+C23+C24+C25+C26+C27+C28+C29+C30+C31) -> 1074578 | D6: =(D8+D9+D10+D11+D12+D13+D14+D15+D16+D17+D18+D19+D20+D21+D22+D23+D24+D25+D26+D27+D28+D29+D30+D31) -> 1127320 | E6: =(E8+E9+E10+E11+E12+E13+E14+E15+E16+E17+E18+E19+E20+E21+E22+E23+E24+E25+E26+E27+E28+E29+E30+E31) -> 1138578 | F6: =(F8+F9+F10+F11+F12+F13+F14+F15+F16+F17+F18+F19+F20+F21+F22+F23+F24+F25+F26+F27+F28+F29+F30+F31) -> 1151906 | G6: =(G8+G9+G10+G11+G12+G13+G14+G15+G16+G17+G18+G19+G20+G21+G22+G23+G24+G25+G26+G27+G28+G29+G30+G31) -> 1168497 | H6: =(H8+H9+H10+H11+H12+H13+H14+H15+H16+H17+H18+H19+H20+H21+H22+H23+H24+H25+H26+H27+H28+H29+H30+H31) -> 1218722 | I6: =(I8+I9+I10+I11+I12+I13+I14+I15+I16+I17+I18+I19+I20+I21+I22+I23+I24+I25+I26+I27+I28+I29+I30+I31) -> 1266710 | J6: =(J8+J9+J10+J11+J12+J13+J14+J15+J16+J17+J18+J19+J20+J21+J22+J23+J24+J25+J26+J27+J28+J29+J30+J31) -> 1319404 | ... Q6: =(Q8+Q9+Q10+Q11+Q12+Q13+Q14+Q15+Q16+Q17+Q18+Q19+Q20+Q21+Q22+Q23+Q24+Q25+Q26+Q27+Q28+Q29+Q30+Q31) -> 1357067
B8: Tumbes | C8: 2573 | D8: 2418 | E8: 2930 | F8: 3894 | G8: 5335 | H8: 5461 | I8: 5844 | J8: 6574 | K8: 7212 | L8: 8084 | M8: 7723 | N8: 3812 | O8: 5673 | P8: 4958 | Q8: 4510
B9: Piura | C9: 67649 | D9: 70283 | E9: 65745 | F9: 65730 | G9: 59431 | H9: 58172 | I9: 55889 | J9: 60264 | K9: 56967 | L9: 51654 | M9: 48938 | N9: 47065 | O9: 45661 | P9: 45440 | Q9: 47805
B10: Lambayeque | C10: 22582 | D10: 22280 | E10: 22069 | F10: 19767 | G10: 19385 | H10: 18682 | I10: 17423 | J10: 18996 | K10: 20641 | L10: 23846 | M10: 23209 | N10: 23032 | O10: 22198 | P10: 22165 | Q10: 21454
B11: La Libertad | C11: 38590 | D11: 39984 | E11: 41125 | F11: 42224 | G11: 42848 | H11: 43307 | I11: 45452 | J11: 45649 | K11: 48278 | L11: 49237 | M11: 50755 | N11: 51726 | O11: 54880 | P11: 55173 | Q11: 58195
B12: Cajamarca | C12: 137225 | D12: 159044 | E12: 173505 | F12: 168102 | G12: 172901 | H12: 192200 | I12: 204853 | J12: 200959 | K12: 215540 | L12: 223400 | M12: 217543 | N12: 214187 | O12: 210048 | P12: 192900 | Q12: 196668
B13: Amazonas | C13: 38436 | D13: 41714 | E13: 41250 | F13: 48751 | G13: 46747 | H13: 52759 | I13: 51187 | J13: 56188 | K13: 56942 | L13: 57637 | M13: 57779 | N13: 58697 | O13: 59675 | P13: 61709 | Q13: 62118
B14: Ancash | C14: 50607 | D14: 52411 | E14: 52497 | F14: 55602 | G14: 56224 | H14: 56350 | I14: 61256 | J14: 63253 | K14: 65763 | L14: 67129 | M14: 69381 | N14: 72348 | O14: 70685 | P14: 71244 | Q14: 72763
B15: Lima | C15: 106742 | D15: 110598 | E15: 111846 | F15: 106946 | G15: 106932 | H15: 110315 | I15: 112788 | J15: 114785 | K15: 113303 | L15: 113750 | M15: 113823 | N15: 114444 | O15: 116208 | P15: 115837 | Q15: 113481
B16: Ica | C16: 7578 | D16: 7754 | E16: 8014 | F16: 8724 | G16: 9240 | H16: 10332 | I16: 11597 | J16: 11731 | K16: 12686 | L16: 13112 | M16: 12407 | N16: 13999 | O16: 12350 | P16: 11880 | Q16: 13058
B17: Huánuco | C17: 59649 | D17: 63816 | E17: 72114 | F17: 76355 | G17: 79585 | H17: 85815 | I17: 94930 | J17: 114520 | K17: 140057 | L17: 141250 | M17: 144125 | N17: 144071 | O17: 120539 | P17: 146932 | Q17: 149251
B18: Pasco | C18: 24789 | D18: 21165 | E18: 21528 | F18: 21968 | G18: 22677 | H18: 23684 | I18: 23161 | J18: 23312 | K18: 24007 | L18: 22792 | M18: 22998 | N18: 21400 | O18: 21814 | P18: 22594 | Q18: 23223
B19: Junín | C19: 38200 | D19: 37880 | E19: 39227 | F19: 39152 | G19: 44461 | H19: 49775 | I19: 53811 | J19: 58536 | K19: 61110 | L19: 63524 | M19: 71403 | N19: 72302 | O19: 77250 | P19: 75790 | Q19: 61103
... B31: Madre de Dios | C31: 6836 | D31: 7770 | E31: 8030 | F31: 9887 | G31: 10167 | H31: 10508 | I31: 10214 | J31: 10276 | K31: 10012 | L31: 10601 | M31: 12103 | N31: 14299 | O31: 14409 | P31: 13908 | Q31: 14653
A32: P Preliminar.
A33: Fuente:Direcciones Regionales de Agricultura.
A34: Elaboración: MInisterio de Agricultura y Riego - DGESEP - DEA.

Sheet C 16
A2: C.16 PERÚ: PRODUCCIÓN DE CARNE DE VACUNO POR AÑO SEGÚN REGIÓN, 2007-2019.
A3: (Toneladas)
A5: Región | C5: 2005 | D5: 2006 | E5: 2007 | F5: 2008 | G5: 2009 | H5: 2010 | I5: 2011 | J5: 2012 | K5: 2013 | L5: 2014 | M5: 2015 | N5: 2016 | O5: 2017 | P5: 2018 | Q5: 2019 P
A6: Total Nacional | C6: =(C8+C9+C10+C11+C12+C13+C14+C15+C16+C17+C18+C19+C20+C21+C22+C23+C24+C25+C26+C27+C28+C29+C30+C31) -> 152496 | D6: =(D8+D9+D10+D11+D12+D13+D14+D15+D16+D17+D18+D19+D20+D21+D22+D23+D24+D25+D26+D27+D28+D29+D30+D31) -> 161580 | E6: =(E8+E9+E10+E11+E12+E13+E14+E15+E16+E17+E18+E19+E20+E21+E22+E23+E24+E25+E26+E27+E28+E29+E30+E31) -> 163237 | F6: =(F8+F9+F10+F11+F12+F13+F14+F15+F16+F17+F18+F19+F20+F21+F22+F23+F24+F25+F26+F27+F28+F29+F30+F31) -> 163316 | G6: =(G8+G9+G10+G11+G12+G13+G14+G15+G16+G17+G18+G19+G20+G21+G22+G23+G24+G25+G26+G27+G28+G29+G30+G31) -> 164701 | H6: =(H8+H9+H10+H11+H12+H13+H14+H15+H16+H17+H18+H19+H20+H21+H22+H23+H24+H25+H26+H27+H28+H29+H30+H31) -> 171872 | I6: =(I8+I9+I10+I11+I12+I13+I14+I15+I16+I17+I18+I19+I20+I21+I22+I23+I24+I25+I26+I27+I28+I29+I30+I31) -> 179086 | J6: =(J8+J9+J10+J11+J12+J13+J14+J15+J16+J17+J18+J19+J20+J21+J22+J23+J24+J25+J26+J27+J28+J29+J30+J31) -> 186619 | ... Q6: =(Q8+Q9+Q10+Q11+Q12+Q13+Q14+Q15+Q16+Q17+Q18+Q19+Q20+Q21+Q22+Q23+Q24+Q25+Q26+Q27+Q28+Q29+Q30+Q31) -> 192919
B8: Tumbes | C8: 356 | D8: 336 | E8: 414 | F8: 602 | G8: 761 | H8: 844 | I8: 903 | J8: 1034 | K8: 1082 | L8: 1205 | M8: 1154 | N8: 590 | O8: 880 | P8: 766 | Q8: 685
B9: Piura | C9: 10238 | D9: 10778 | E9: 9985 | F9: 9473 | G9: 8744 | H9: 8810 | I9: 8666 | J9: 9323 | K9: 8970 | L9: 9053 | M9: 8958 | N9: 8460 | O9: 7680 | P9: 7147 | Q9: 7217
B10: Lambayeque | C10: 2939 | D10: 3172 | E10: 3172 | F10: 2833 | G10: 2782 | H10: 2689 | I10: 2326 | J10: 2504 | K10: 2716 | L10: 3246 | M10: 3220 | N10: 3134 | O10: 3078 | P10: 3130 | Q10: 3101
B11: La Libertad | C11: 5255 | D11: 5492 | E11: 5648 | F11: 5783 | G11: 5901 | H11: 5963 | I11: 6233 | J11: 6309 | K11: 6715 | L11: 6893 | M11: 7093 | N11: 7246 | O11: 7718 | P11: 7798 | Q11: 8227
B12: Cajamarca | C12: 20836 | D12: 24037 | E12: 25896 | F12: 23904 | G12: 24466 | H12: 27368 | I12: 29302 | J12: 28012 | K12: 29741 | L12: 31983 | M12: 31499 | N12: 28488 | O12: 26794 | P12: 24002 | Q12: 24659
B13: Amazonas | C13: 5682 | D13: 6278 | E13: 6442 | F13: 7343 | G13: 7030 | H13: 7988 | I13: 7584 | J13: 8320 | K13: 8354 | L13: 8431 | M13: 8486 | N13: 8616 | O13: 8885 | P13: 9087 | Q13: 9172
B14: Ancash | C14: 6599 | D14: 6835 | E14: 6846 | F14: 7238 | G14: 7285 | H14: 7189 | I14: 7608 | J14: 7847 | K14: 8176 | L14: 8321 | M14: 8600 | N14: 8975 | O14: 9019 | P14: 9598 | Q14: 9831
B15: Lima | C15: 19359 | D15: 20479 | E15: 20915 | F15: 19931 | G15: 20243 | H15: 20937 | I15: 21509 | J15: 21696 | K15: 21295 | L15: 21390 | M15: 21553 | N15: 21548 | O15: 21842 | P15: 21736 | Q15: 21608
B16: Ica | C16: 1092 | D16: 1134 | E16: 1181 | F16: 1339 | G16: 1387 | H16: 1640 | I16: 1764 | J16: 1765 | K16: 1979 | L16: 2023 | M16: 2027 | N16: 2203 | O16: 2006 | P16: 1820 | Q16: 1992
B17: Huánuco | C17: 9010 | D17: 10026 | E17: 11491 | F17: 11902 | G17: 11645 | H17: 11851 | I17: 13732 | J17: 16459 | K17: 19399 | L17: 19575 | M17: 20069 | N17: 20246 | O17: 18495 | P17: 21638 | Q17: 22966
B18: Pasco | C18: 3372 | D18: 3040 | E18: 3054 | F18: 3394 | G18: 3435 | H18: 3704 | I18: 3789 | J18: 3753 | K18: 3966 | L18: 3588 | M18: 3565 | N18: 3417 | O18: 3407 | P18: 3520 | Q18: 3680
B19: Junín | C19: 4781 | D19: 4782 | E19: 4957 | F19: 5005 | G19: 5730 | H19: 6441 | I19: 6782 | J19: 7435 | K19: 7701 | L19: 8058 | M19: 9117 | N19: 8937 | O19: 9511 | P19: 9437 | Q19: 7969
... B31: Madre de Dios | C31: 1093 | D31: 1265 | E31: 1288 | F31: 1629 | G31: 1636 | H31: 1675 | I31: 1720 | J31: 1707 | K31: 1666 | L31: 1724 | M31: 1929 | N31: 2373 | O31: 2389 | P31: 2256 | Q31: 2373
A32: P Preliminar.
A33: Fuente:Direcciones Regionales de Agricultura.
A34: Elaboración: MInisterio de Agricultura y Riego - DGESEP - DEA.

Sheet C 17
A2: C.17 PERÚ: PRECIO RECIBIDO POR EL PRODUCTOR DE VACUNO POR AÑO SEGÚN REGIÓN, 2007-2019.
A3: (Soles x Kg)
A5: Región | C5: 2005 | D5: 2006 | E5: 2007 | F5: 2008 | G5: 2009 | H5: 2010 | I5: 2011 | J5: 2012 | K5: 2013 | L5: 2014 | M5: 2015 | N5: 2016 | O5: 2017 | P5: 2018 | Q5: 2019 P
A6: Promedio | C6: 3.36 | D6: 3.4 | E6: 3.5 | F6: 3.77 | G6: 4.08 | H6: 4.1 | I6: 4.25 | J6: 4.69 | K6: 4.84 | L6: 5.23 | M6: 5.42 | N6: 5.63 | O6: 5.53 | P6: 5.64 | Q6: 5.68
B8: Tumbes | C8: 3.57 | D8: 3.39 | E8: 3.62 | F8: 3.66 | G8: 3.69 | H8: 3.5 | I8: 3.58 | J8: 3.62 | K8: 3.51 | L8: 4.47 | M8: 5.74 | N8: 5.67 | O8: 5.41 | P8: 5.42 | Q8: 5.58
B9: Piura | C9: 3.4 | D9: 3.4 | E9: 3.75 | F9: 3.82 | G9: 4.02 | H9: 3.92 | I9: 3.76 | J9: 4.01 | K9: 4.55 | L9: 4.77 | M9: 5.06 | N9: 5.56 | O9: 5.49 | P9: 5.65 | Q9: 5.67
B10: Lambayeque | C10: 3.31 | D10: 3.54 | E10: 3.43 | F10: 3.62 | G10: 4.23 | H10: 4.03 | I10: 3.97 | J10: 4.07 | K10: 4.34 | L10: 4.88 | M10: 5.18 | N10: 5.62 | O10: 5.52 | P10: 5.72 | Q10: 5.8
B11: La Libertad | C11: 3.1 | D11: 3.13 | E11: 3.67 | F11: 3.78 | G11: 4.44 | H11: 4.23 | I11: 4.05 | J11: 3.86 | K11: 4.05 | L11: 4.05 | M11: 5.98 | N11: 6.87 | O11: 6.11 | P11: 6.07 | Q11: 6.12
B12: Cajamarca | C12: 3.81 | D12: 3.94 | E12: 3.7 | F12: 3.85 | G12: 4.14 | H12: 4.1 | I12: 4.06 | J12: 5.21 | K12: 4.74 | L12: 5.16 | M12: 4.93 | N12: 5.08 | O12: 5.48 | P12: 5.4 | Q12: 5.6
B13: Amazonas | C13: 3.42 | D13: 3.55 | E13: 3.86 | F13: 3.82 | G13: 4 | H13: 4.08 | I13: 4.53 | J13: 4.56 | K13: 5.58 | L13: 5.89 | M13: 5.04 | N13: 5.61 | O13: 5.47 | P13: 5.53 | Q13: 5.52
B14: Ancash | C14: 3.88 | D14: 3.53 | E14: 3.55 | F14: 3.81 | G14: 4.1 | H14: 3.43 | I14: 4.09 | J14: 4.21 | K14: 4.46 | L14: 5.24 | M14: 5.62 | N14: 5.57 | O14: 5 | P14: 5.16 | Q14: 5.11
B15: Lima | C15: 3.4 | D15: 3.49 | E15: 3.46 | F15: 4 | G15: 4.34 | H15: 3.66 | I15: 3.73 | J15: 4.05 | K15: 4.26 | L15: 4.59 | M15: 4.85 | N15: 5.65 | O15: 5.78 | P15: 5.72 | Q15: 5.9
B16: Ica | C16: 2.83 | D16: 3.05 | E16: 3.24 | F16: 3.84 | G16: 4.23 | H16: 4.39 | I16: 4.74 | J16: 4.98 | K16: 5.11 | L16: 5.57 | M16: 5.68 | N16: 5.18 | O16: 5.16 | P16: 5.28 | Q16: 5.23
B17: Huánuco | C17: 3.51 | D17: 3.54 | E17: 3.56 | F17: 3.65 | G17: 4.04 | H17: 4.44 | I17: 4.6 | J17: 4.47 | K17: 5.15 | L17: 5.09 | M17: 5.58 | N17: 5.42 | O17: 5.47 | P17: 5.6 | Q17: 5.56
B18: Pasco | C18: 2.65 | D18: 2.84 | E18: 3.41 | F18: 3.66 | G18: 3.7 | H18: 4.12 | I18: 4.39 | J18: 4.5 | K18: 4.79 | L18: 4.66 | M18: 4.79 | N18: 5.12 | O18: 5.01 | P18: 5.18 | Q18: 5.61
B19: Junín | C19: 3.15 | D19: 3.11 | E19: 3.12 | F19: 3.68 | G19: 3.74 | H19: 4.9 | I19: 5.11 | J19: 5.25 | K19: 5.49 | L19: 5.69 | M19: 6.1 | N19: 6.47 | O19: 6.05 | P19: 6.26 | Q19: 6.15
... B31: Madre de Dios | C31: 3.28 | D31: 3.1 | E31: 3.25 | F31: 3.42 | G31: 3.93 | H31: 4.43 | I31: 4.81 | J31: 4.25 | K31: 4.21 | L31: 5.2 | M31: 4.46 | N31: 4.57 | O31: 5.61 | P31: 5.52 | Q31: 5.57
A32: P Preliminar.
A33: Fuente:Direcciones Regionales de Agricultura.
A34: Elaboración: MInisterio de Agricultura y Riego - DGESEP - DEA.

Sheet C 18
A2: C.18 PERÚ: VACAS EN ORDEÑO POR AÑO SEGÚN REGIÓN, 2007-2019.
B3: (Unidades)
A5: Región | C5: 2005 | D5: 2006 | E5: 2007 | F5: 2008 | G5: 2009 | H5: 2010 | I5: 2011 | J5: 2012 | K5: 2013 | L5: 2014 | M5: 2015 | N5: 2016 | O5: 2017 | P5: 2018 | Q5: 2019 P
A6: Total Nacional | C6: =(C8+C9+C10+C11+C12+C13+C14+C15+C16+C17+C18+C19+C20+C21+C22+C23+C24+C25+C26+C27+C28+C29+C30+C31) -> 708119 | D6: =(D8+D9+D10+D11+D12+D13+D14+D15+D16+D17+D18+D19+D20+D21+D22+D23+D24+D25+D26+D27+D28+D29+D30+D31) -> 743672 | E6: =(E8+E9+E10+E11+E12+E13+E14+E15+E16+E17+E18+E19+E20+E21+E22+E23+E24+E25+E26+E27+E28+E29+E30+E31) -> 753192 | F6: =(F8+F9+F10+F11+F12+F13+F14+F15+F16+F17+F18+F19+F20+F21+F22+F23+F24+F25+F26+F27+F28+F29+F30+F31) -> 769582 | G6: =(G8+G9+G10+G11+G12+G13+G14+G15+G16+G17+G18+G19+G20+G21+G22+G23+G24+G25+G26+G27+G28+G29+G30+G31) -> 787010 | H6: =(H8+H9+H10+H11+H12+H13+H14+H15+H16+H17+H18+H19+H20+H21+H22+H23+H24+H25+H26+H27+H28+H29+H30+H31) -> 787601 | I6: =(I8+I9+I10+I11+I12+I13+I14+I15+I16+I17+I18+I19+I20+I21+I22+I23+I24+I25+I26+I27+I28+I29+I30+I31) -> 815395 | J6: =(J8+J9+J10+J11+J12+J13+J14+J15+J16+J17+J18+J19+J20+J21+J22+J23+J24+J25+J26+J27+J28+J29+J30+J31) -> 859630 | ... Q6: =(Q8+Q9+Q10+Q11+Q12+Q13+Q14+Q15+Q16+Q17+Q18+Q19+Q20+Q21+Q22+Q23+Q24+Q25+Q26+Q27+Q28+Q29+Q30+Q31) -> 905818
B8: Tumbes | C8: 205 | D8: 274 | E8: 312 | F8: 386 | G8: 468 | H8: 503 | I8: 513 | J8: 548 | K8: 618 | L8: 638 | M8: 607 | N8: 422 | O8: 389 | P8: 373 | Q8: 362
B9: Piura | C9: 30800 | D9: 35139 | E9: 34728 | F9: 33772 | G9: 34191 | H9: 30208 | I9: 35419 | J9: 38995 | K9: 34915 | L9: 34685 | M9: 31861 | N9: 30915 | O9: 24275 | P9: 23642 | Q9: 24072
B10: Lambayeque | C10: 11495 | D10: 13733 | E10: 11917 | F10: 12100 | G10: 12432 | H10: 13419 | I10: 15349 | J10: 16016 | K10: 15929 | L10: 18394 | M10: 18602 | N10: 20306 | O10: 18913 | P10: 18456 | Q10: 17837
B11: La Libertad | C11: 31910 | D11: 33386 | E11: 34127 | F11: 34893 | G11: 35121 | H11: 35989 | I11: 37489 | J11: 38090 | K11: 38786 | L11: 39057 | M11: 41974 | N11: 43042 | O11: 44082 | P11: 45118 | Q11: 48823
B12: Cajamarca | C12: 110070 | D12: 111986 | E12: 122855 | F12: 123702 | G12: 133538 | H12: 131082 | I12: 136630 | J12: 140044 | K12: 142803 | L12: 146401 | M12: 152976 | N12: 159826 | O12: 162289 | P12: 162487 | Q12: 164222
B13: Amazonas | C13: 57182 | D13: 55010 | E13: 54898 | F13: 58893 | G13: 59729 | H13: 60701 | I13: 59696 | J13: 60572 | K13: 63081 | L13: 64800 | M13: 67566 | N13: 71212 | O13: 74885 | P13: 78673 | Q13: 79623
B14: Ancash | C14: 15138 | D14: 15084 | E14: 15428 | F14: 15207 | G14: 14076 | H14: 14449 | I14: 14358 | J14: 14592 | K14: 13862 | L14: 14497 | M14: 12680 | N14: 13073 | O14: 13463 | P14: 14783 | Q14: 14847
B15: Lima | C15: 72396 | D15: 73854 | E15: 74318 | F15: 73291 | G15: 74109 | H15: 75086 | I15: 75684 | J15: 75347 | K15: 75768 | L15: 78501 | M15: 79149 | N15: 77763 | O15: 76070 | P15: 74764 | Q15: 71092
B16: Ica | C16: 6635 | D16: 6646 | E16: 6730 | F16: 7086 | G16: 7588 | H16: 7724 | I16: 7811 | J16: 8270 | K16: 8929 | L16: 9578 | M16: 9480 | N16: 10349 | O16: 11507 | P16: 11962 | Q16: 12537
B17: Huánuco | C17: 25270 | D17: 28936 | E17: 29011 | F17: 30504 | G17: 32688 | H17: 33823 | I17: 32902 | J17: 31689 | K17: 29252 | L17: 28250 | M17: 31466 | N17: 31905 | O17: 32349 | P17: 32464 | Q17: 34916
B18: Pasco | C18: 21448 | D18: 28867 | E18: 28841 | F18: 24494 | G18: 25378 | H18: 25471 | I18: 24424 | J18: 25984 | K18: 25040 | L18: 24350 | M18: 26278 | N18: 26348 | O18: 28427 | P18: 29170 | Q18: 29614
B19: Junín | C19: 23080 | D19: 23360 | E19: 22937 | F19: 23588 | G19: 22699 | H19: 22013 | I19: 28327 | J19: 29927 | K19: 30607 | L19: 31721 | M19: 32903 | N19: 36691 | O19: 37386 | P19: 38296 | Q19: 40669
... B31: Madre de Dios | C31: 1358 | D31: 1460 | E31: 1549 | F31: 1963 | G31: 2088 | H31: 2018 | I31: 2664 | J31: 2838 | K31: 3474 | L31: 3400 | M31: 2935 | N31: 1610 | O31: 1352 | P31: 1329 | Q31: 1354
A32: P Preliminar.
A33: Fuente:Direcciones Regionales de Agricultura.
A34: Elaboración: MInisterio de Agricultura y Riego - DGESEP - DEA.

Sheet C 19
A2: C.19 PERÚ: PRODUCCIÓN DE LECHE FRESCA DE VACA POR AÑO SEGÚN REGIÓN, 2007-2019.
A3: (Toneladas)
A5: Región | C5: 2005 | D5: 2006 | E5: 2007 | F5: 2008 | G5: 2009 | H5: 2010 | I5: 2011 | J5: 2012 | K5: 2013 | L5: 2014 | M5: 2015 | N5: 2016 | O5: 2017 | P5: 2018 | Q5: 2019 P
A6: Total Nacional | C6: =(C8+C9+C10+C11+C12+C13+C14+C15+C16+C17+C18+C19+C20+C21+C22+C23+C24+C25+C26+C27+C28+C29+C30+C31) -> 1236833 | D6: =(D8+D9+D10+D11+D12+D13+D14+D15+D16+D17+D18+D19+D20+D21+D22+D23+D24+D25+D26+D27+D28+D29+D30+D31) -> 1346991 | E6: =(E8+E9+E10+E11+E12+E13+E14+E15+E16+E17+E18+E19+E20+E21+E22+E23+E24+E25+E26+E27+E28+E29+E30+E31) -> 1455814 | F6: =(F8+F9+F10+F11+F12+F13+F14+F15+F16+F17+F18+F19+F20+F21+F22+F23+F24+F25+F26+F27+F28+F29+F30+F31) -> 1565531 | G6: =(G8+G9+G10+G11+G12+G13+G14+G15+G16+G17+G18+G19+G20+G21+G22+G23+G24+G25+G26+G27+G28+G29+G30+G31) -> 1652112 | H6: =(H8+H9+H10+H11+H12+H13+H14+H15+H16+H17+H18+H19+H20+H21+H22+H23+H24+H25+H26+H27+H28+H29+H30+H31) -> 1678373 | I6: =(I8+I9+I10+I11+I12+I13+I14+I15+I16+I17+I18+I19+I20+I21+I22+I23+I24+I25+I26+I27+I28+I29+I30+I31) -> 1755528 | J6: =(J8+J9+J10+J11+J12+J13+J14+J15+J16+J17+J18+J19+J20+J21+J22+J23+J24+J25+J26+J27+J28+J29+J30+J31) -> 1790672 | ... Q6: =(Q8+Q9+Q10+Q11+Q12+Q13+Q14+Q15+Q16+Q17+Q18+Q19+Q20+Q21+Q22+Q23+Q24+Q25+Q26+Q27+Q28+Q29+Q30+Q31) -> 2129366
B8: Tumbes | C8: 362 | D8: 397 | E8: 421 | F8: 460 | G8: 517 | H8: 568 | I8: 601 | J8: 651 | K8: 790 | L8: 692 | M8: 659 | N8: 409 | O8: 412 | P8: 385 | Q8: 374
B9: Piura | C9: 29012 | D9: 33615 | E9: 35006 | F9: 36402 | G9: 37152 | H9: 31497 | I9: 43867 | J9: 47125 | K9: 47581 | L9: 50081 | M9: 41556 | N9: 42578 | O9: 37240 | P9: 41416 | Q9: 42122
B10: Lambayeque | C10: 29656 | D10: 28602 | E10: 30980 | F10: 33397 | G10: 36814 | H10: 39517 | I10: 37262 | J10: 39291 | K10: 45080 | L10: 49837 | M10: 53136 | N10: 59215 | O10: 55426 | P10: 56242 | Q10: 56665
B11: La Libertad | C11: 79695 | D11: 90775 | E11: 94476 | F11: 99405 | G11: 98524 | H11: 100618 | I11: 113502 | J11: 116710 | K11: 118937 | L11: 121501 | M11: 125366 | N11: 129501 | O11: 132475 | P11: 135964 | Q11: 151171
B12: Cajamarca | C12: 225648 | D12: 239969 | E12: 262632 | F12: 277900 | G12: 304884 | H12: 303449 | I12: 310629 | J12: 318594 | K12: 324862 | L12: 323687 | M12: 345029 | N12: 352076 | O12: 360200 | P12: 367092 | Q12: 391136
B13: Amazonas | C13: 58117 | D13: 59002 | E13: 62315 | F13: 65354 | G13: 75111 | H13: 75125 | I13: 74369 | J13: 76184 | K13: 80358 | L13: 76093 | M13: 79208 | N13: 83366 | O13: 93894 | P13: 97640 | Q13: 98574
B14: Ancash | C14: 17683 | D14: 17603 | E14: 18003 | F14: 17748 | G14: 16439 | H14: 16921 | I14: 16803 | J14: 17356 | K14: 16635 | L14: 17456 | M14: 15271 | N14: 15749 | O14: 16107 | P14: 18170 | Q14: 18181
B15: Lima | C15: 222553 | D15: 238193 | E15: 245491 | F15: 272994 | G15: 286719 | H15: 306876 | I15: 322678 | J15: 318263 | K15: 329311 | L15: 335970 | M15: 342846 | N15: 348518 | O15: 354148 | P15: 362066 | Q15: 352868
B16: Ica | C16: 17112 | D16: 18626 | E16: 20790 | F16: 23872 | G16: 27723 | H16: 30278 | I16: 32109 | J16: 35909 | K16: 43361 | L16: 48046 | M16: 51005 | N16: 57139 | O16: 64979 | P16: 66143 | Q16: 68271
B17: Huánuco | C17: 21338 | D17: 25715 | E17: 30707 | F17: 35193 | G17: 35814 | H17: 39413 | I17: 40474 | J17: 44517 | K17: 39187 | L17: 38576 | M17: 42249 | N17: 44955 | O17: 48243 | P17: 49492 | Q17: 54682
B18: Pasco | C18: 18055 | D18: 18298 | E18: 18532 | F18: 18672 | G18: 18021 | H18: 18178 | I18: 18249 | J18: 25461 | K18: 24602 | L18: 24127 | M18: 26339 | N18: 25296 | O18: 32145 | P18: 31232 | Q18: 34999
B19: Junín | C19: 18612 | D19: 19206 | E19: 20850 | F19: 23613 | G19: 27223 | H19: 31111 | I19: 39435 | J19: 42385 | K19: 46276 | L19: 46710 | M19: 47870 | N19: 51250 | O19: 52094 | P19: 53135 | Q19: 57190
... B31: Madre de Dios | C31: 2191 | D31: 2421 | E31: 2828 | F31: 3080 | G31: 3054 | H31: 3063 | I31: 3726 | J31: 4214 | K31: 4839 | L31: 4210 | M31: 3653 | N31: 1808 | O31: 1522 | P31: 1526 | Q31: 1687
A32: P Preliminar.
A33: Fuente:Direcciones Regionales de Agricultura.
A34: Elaboración: MInisterio de Agricultura y Riego - DGESEP - DEA.
Q35: 362
Q36: 24072
Q37: 17837
Q38: 48823
Q39: 164222
Q40: 79623
Q41: 14847
Q42: 71092
Q43: 12537
Q44: 34916
Q45: 29614
Q46: 40669
... Q58: 1354

Sheet C 20
A2: C.20 PERÚ: PRECIO RECIBIDO POR EL PRODUCTOR DE LECHE FRESCA DE VACA POR AÑO SEGÚN REGIÓN, 2007-2019.
A3: (Soles x Kg)
A5: Región | C5: 2005 | D5: 2006 | E5: 2007 | F5: 2008 | G5: 2009 | H5: 2010 | I5: 2011 | J5: 2012 | K5: 2013 | L5: 2014 | M5: 2015 | N5: 2016 | O5: 2017 | P5: 2018 | Q5: 2019 P
A6: Promedio | C6: 0.84 | D6: 0.84 | E6: 0.83 | F6: 0.89 | G6: 0.94 | H6: 0.95 | I6: 0.98 | J6: 1.04 | K6: 1.1 | L6: 1.15 | M6: 1.18 | N6: 1.2 | O6: 1.24 | P6: 1.27 | Q6: 1.3
B8: Tumbes | C8: 1.41 | D8: 1.46 | E8: 1.56 | F8: 1.54 | G8: 1.53 | H8: 1.26 | I8: 1.25 | J8: 1.3 | K8: 1.61 | L8: 1.77 | M8: 1.87 | N8: 1.88 | O8: 1.75 | P8: 1.84 | Q8: 1.94
B9: Piura | C9: 1.03 | D9: 1.05 | E9: 1.03 | F9: 1.07 | G9: 1.18 | H9: 1.09 | I9: 1.05 | J9: 1.27 | K9: 1.4 | L9: 1.46 | M9: 1.44 | N9: 1.54 | O9: 1.58 | P9: 1.64 | Q9: 1.74
B10: Lambayeque | C10: 0.77 | D10: 0.7 | E10: 0.73 | F10: 0.9 | G10: 0.94 | H10: 0.94 | I10: 0.96 | J10: 1.01 | K10: 1.16 | L10: 1.31 | M10: 1.19 | N10: 1.21 | O10: 1.19 | P10: 1.26 | Q10: 1.29
B11: La Libertad | C11: 0.88 | D11: 0.89 | E11: 0.82 | F11: 0.84 | G11: 0.83 | H11: 0.82 | I11: 0.84 | J11: 0.88 | K11: 1.14 | L11: 1.14 | M11: 1.14 | N11: 1.11 | O11: 1.12 | P11: 1.15 | Q11: 1.2
B12: Cajamarca | C12: 0.69 | D12: 0.71 | E12: 0.71 | F12: 0.74 | G12: 0.81 | H12: 0.79 | I12: 0.84 | J12: 0.87 | K12: 0.91 | L12: 0.97 | M12: 1.02 | N12: 1.08 | O12: 1.2 | P12: 1.21 | Q12: 1.23
B13: Amazonas | C13: 0.92 | D13: 0.89 | E13: 0.86 | F13: 0.75 | G13: 0.8 | H13: 0.82 | I13: 0.99 | J13: 0.99 | K13: 1 | L13: 0.92 | M13: 0.97 | N13: 1.04 | O13: 1.14 | P13: 1.19 | Q13: 1.29
B14: Ancash | C14: 1.02 | D14: 1.08 | E14: 1 | F14: 0.96 | G14: 0.98 | H14: 1.01 | I14: 1 | J14: 1.02 | K14: 1.24 | L14: 1.3 | M14: 1.36 | N14: 1.45 | O14: 1.16 | P14: 1.15 | Q14: 1.26
B15: Lima | C15: 0.9 | D15: 0.89 | E15: 0.87 | F15: 0.9 | G15: 0.94 | H15: 1.01 | I15: 1.06 | J15: 1.09 | K15: 1.17 | L15: 1.22 | M15: 1.26 | N15: 1.27 | O15: 1.3 | P15: 1.36 | Q15: 1.39
B16: Ica | C16: 0.92 | D16: 0.81 | E16: 0.74 | F16: 0.81 | G16: 0.89 | H16: 0.92 | I16: 0.89 | J16: 0.91 | K16: 1.05 | L16: 1.04 | M16: 1.09 | N16: 1.18 | O16: 1.14 | P16: 1.19 | Q16: 1.26
B17: Huánuco | C17: 1.29 | D17: 1.3 | E17: 1.28 | F17: 1.26 | G17: 1.26 | H17: 1.28 | I17: 1.13 | J17: 1.14 | K17: 1.57 | L17: 1.42 | M17: 1.33 | N17: 1.4 | O17: 1.41 | P17: 1.44 | Q17: 1.48
B18: Pasco | C18: 1.19 | D18: 0.84 | E18: 1.24 | F18: 1.03 | G18: 1.07 | H18: 1.09 | I18: 1.11 | J18: 1.15 | K18: 1.19 | L18: 1.18 | M18: 1.25 | N18: 1.29 | O18: 1.38 | P18: 1.45 | Q18: 1.46
B19: Junín | C19: 0.93 | D19: 0.96 | E19: 0.99 | F19: 1.05 | G19: 1.12 | H19: 1.11 | I19: 1.1 | J19: 1.12 | K19: 1.22 | L19: 1.25 | M19: 1.31 | N19: 1.29 | O19: 1.35 | P19: 1.37 | Q19: 1.31
... B31: Madre de Dios | C31: 1.41 | D31: 1.41 | E31: 1.38 | F31: 1.5 | G31: 1.58 | H31: 1.56 | I31: 1.44 | J31: 1.45 | K31: 1.63 | L31: 1.81 | M31: 1.5 | N31: 1.62 | O31: 1.53 | P31: 1.6 | Q31: 1.54
A32: P Preliminar.
A33: Fuente:Direcciones Regionales de Agricultura.
A34: Elaboración: MInisterio de Agricultura y Riego - DGESEP - DEA.

Sheet C 21
A2: C.21 PERÚ: POBLACIÓN DE CAPRINOS POR AÑO SEGÚN REGIÓN, 2007-2019.
A3: (Unidades)
A5: Región | C5: 2005 | D5: 2006 | E5: 2007 | F5: 2008 | G5: 2009 | H5: 2010 | I5: 2011 | J5: 2012 | K5: 2013 | L5: 2014 | M5: 2015 | N5: 2016 | O5: 2017 | P5: 2018 | Q5: 2019 P
A6: Total Nacional | C6: =(C8+C9+C10+C11+C12+C13+C14+C15+C16+C17+C18+C19+C20+C21+C22+C23+C24+C25+C26+C27+C28+C29+C30+C31) -> 1946984 | D6: =(D8+D9+D10+D11+D12+D13+D14+D15+D16+D17+D18+D19+D20+D21+D22+D23+D24+D25+D26+D27+D28+D29+D30+D31) -> 1930625 | E6: =(E8+E9+E10+E11+E12+E13+E14+E15+E16+E17+E18+E19+E20+E21+E22+E23+E24+E25+E26+E27+E28+E29+E30+E31) -> 1925912 | F6: =(F8+F9+F10+F11+F12+F13+F14+F15+F16+F17+F18+F19+F20+F21+F22+F23+F24+F25+F26+F27+F28+F29+F30+F31) -> 1904124 | G6: =(G8+G9+G10+G11+G12+G13+G14+G15+G16+G17+G18+G19+G20+G21+G22+G23+G24+G25+G26+G27+G28+G29+G30+G31) -> 1928678 | H6: =(H8+H9+H10+H11+H12+H13+H14+H15+H16+H17+H18+H19+H20+H21+H22+H23+H24+H25+H26+H27+H28+H29+H30+H31) -> 1968305 | I6: =(I8+I9+I10+I11+I12+I13+I14+I15+I16+I17+I18+I19+I20+I21+I22+I23+I24+I25+I26+I27+I28+I29+I30+I31) -> 1946117 | J6: =(J8+J9+J10+J11+J12+J13+J14+J15+J16+J17+J18+J19+J20+J21+J22+J23+J24+J25+J26+J27+J28+J29+J30+J31) -> 1949502 | ... Q6: =(Q8+Q9+Q10+Q11+Q12+Q13+Q14+Q15+Q16+Q17+Q18+Q19+Q20+Q21+Q22+Q23+Q24+Q25+Q26+Q27+Q28+Q29+Q30+Q31) -> 1807961
B8: Tumbes | C8: 101220 | D8: 101000 | E8: 99100 | F8: 87027 | G8: 89050 | H8: 87290 | I8: 81400 | J8: 78900 | K8: 75000 | L8: 62600 | M8: 71620 | N8: 60648 | O8: 62430 | P8: 68210 | Q8: 65320
B9: Piura | C9: 335100 | D9: 341333 | E9: 342698 | F9: 343180 | G9: 359416 | H9: 415459 | I9: 412459 | J9: 417121 | K9: 395221 | L9: 396861 | M9: 391887 | N9: 382545 | O9: 345496 | P9: 346221 | Q9: 330221
B10: Lambayeque | C10: 60000 | D10: 72700 | E10: 66341 | F10: 74724 | G10: 78420 | H10: 75437 | I10: 77230 | J10: 78198 | K10: 78098 | L10: 75598 | M10: 77150 | N10: 83968 | O10: 91548 | P10: 90560 | Q10: 106151
B11: La Libertad | C11: 130433 | D11: 130173 | E11: 130243 | F11: 130423 | G11: 130953 | H11: 131492 | I11: 131643 | J11: 131719 | K11: 128495 | L11: 116803 | M11: 103065 | N11: 100605 | O11: 98187 | P11: 84588 | Q11: 91388
B12: Cajamarca | C12: 96690 | D12: 98238 | E12: 97950 | F12: 91315 | G12: 93900 | H12: 95518 | I12: 87325 | J12: 82835 | K12: 82206 | L12: 82910 | M12: 81616 | N12: 96193 | O12: 99202 | P12: 98335 | Q12: 107350
B13: Amazonas | C13: 7205 | D13: 7800 | E13: 10218 | F13: 9850 | G13: 9900 | H13: 8252 | I13: 9006 | J13: 11206 | K13: 12106 | L13: 12310 | M13: 12327 | N13: 12572 | O13: 12640 | P13: 12510 | Q13: 12575
B14: Ancash | C14: 190443 | D14: 182297 | E14: 178521 | F14: 183422 | G14: 176458 | H14: 175228 | I14: 167112 | J14: 166175 | K14: 168200 | L14: 170142 | M14: 169145 | N14: 170602 | O14: 169610 | P14: 169785 | Q14: 169698
B15: Lima | C15: 183469 | D15: 187600 | E15: 186019 | F15: 187188 | G15: 188100 | H15: 186475 | I15: 189053 | J15: 187765 | K15: 180470 | L15: 184982 | M15: 185186 | N15: 175075 | O15: 167335 | P15: 165431 | Q15: 169383
B16: Ica | C16: 65037 | D16: 66362 | E16: 68978 | F16: 68172 | G16: 67350 | H16: 67180 | I16: 66788 | J16: 67724 | K16: 72324 | L16: 76527 | M16: 80148 | N16: 78936 | O16: 78925 | P16: 77013 | Q16: 75880
B17: Huánuco | C17: 72984 | D17: 79774 | E17: 78338 | F17: 81567 | G17: 80200 | H17: 78573 | I17: 85480 | J17: 97911 | K17: 101640 | L17: 101762 | M17: 102840 | N17: 102064 | O17: 102170 | P17: 102350 | Q17: 102260
B18: Pasco | C18: 25049 | D18: 22586 | E18: 18694 | F18: 13049 | G18: 12271 | H18: 10520 | I18: 9471 | J18: 9626 | K18: 7543 | L18: 7547 | M18: 7168 | N18: 6810 | O18: 6173 | P18: 6517 | Q18: 6345
B19: Junín | C19: 8980 | D19: 8910 | E19: 8980 | F19: 8944 | G19: 8860 | H19: 8035 | I19: 7454 | J19: 9431 | K19: 10205 | L19: 9558 | M19: 9818 | N19: 10187 | O19: 10680 | P19: 10985 | Q19: 10833
... B31: Madre de Dios | C31: 0 | D31: 0 | E31: 0 | F31: 0 | G31: 0 | H31: 0 | I31: 0 | J31: 0 | K31: 0 | L31: 175 | M31: 179 | N31: 186 | O31: 195 | P31: 200 | Q31: 220
A32: P Preliminar.
A33: Fuente:Direcciones Regionales de Agricultura.
A34: Elaboración: MInisterio de Agricultura y Riego - DGESEP - DEA.

Sheet C 22
A2: C.22 PERÚ: PRODUCCIÓN DE CAPRINOS POR AÑO SEGÚN REGIÓN, 2007-2019.
A3: (Unidades)
A5: Región | C5: 2005 | D5: 2006 | E5: 2007 | F5: 2008 | G5: 2009 | H5: 2010 | I5: 2011 | J5: 2012 | K5: 2013 | L5: 2014 | M5: 2015 | N5: 2016 | O5: 2017 | P5: 2018 | Q5: 2019 P
A6: Total Nacional | C6: =(C8+C9+C10+C11+C12+C13+C14+C15+C16+C17+C18+C19+C20+C21+C22+C23+C24+C25+C26+C27+C28+C29+C30+C31) -> 527096 | D6: =(D8+D9+D10+D11+D12+D13+D14+D15+D16+D17+D18+D19+D20+D21+D22+D23+D24+D25+D26+D27+D28+D29+D30+D31) -> 518663 | E6: =(E8+E9+E10+E11+E12+E13+E14+E15+E16+E17+E18+E19+E20+E21+E22+E23+E24+E25+E26+E27+E28+E29+E30+E31) -> 506927 | F6: =(F8+F9+F10+F11+F12+F13+F14+F15+F16+F17+F18+F19+F20+F21+F22+F23+F24+F25+F26+F27+F28+F29+F30+F31) -> 496706 | G6: =(G8+G9+G10+G11+G12+G13+G14+G15+G16+G17+G18+G19+G20+G21+G22+G23+G24+G25+G26+G27+G28+G29+G30+G31) -> 505880 | H6: =(H8+H9+H10+H11+H12+H13+H14+H15+H16+H17+H18+H19+H20+H21+H22+H23+H24+H25+H26+H27+H28+H29+H30+H31) -> 499447 | I6: =(I8+I9+I10+I11+I12+I13+I14+I15+I16+I17+I18+I19+I20+I21+I22+I23+I24+I25+I26+I27+I28+I29+I30+I31) -> 489915 | J6: =(J8+J9+J10+J11+J12+J13+J14+J15+J16+J17+J18+J19+J20+J21+J22+J23+J24+J25+J26+J27+J28+J29+J30+J31) -> 496626 | ... Q6: =(Q8+Q9+Q10+Q11+Q12+Q13+Q14+Q15+Q16+Q17+Q18+Q19+Q20+Q21+Q22+Q23+Q24+Q25+Q26+Q27+Q28+Q29+Q30+Q31) -> 411441
B8: Tumbes | C8: 22914 | D8: 20617 | E8: 17664 | F8: 16080 | G8: 19470 | H8: 20921 | I8: 21074 | J8: 21403 | K8: 21022 | L8: 25563 | M8: 21596 | N8: 18127 | O8: 32867 | P8: 25750 | Q8: 22337
B9: Piura | C9: 149460 | D9: 159867 | E9: 145635 | F9: 149857 | G9: 139553 | H9: 137022 | I9: 129182 | J9: 134568 | K9: 127787 | L9: 124725 | M9: 117178 | N9: 110964 | O9: 94622 | P9: 86591 | Q9: 93286
B10: Lambayeque | C10: 41274 | D10: 38081 | E10: 38353 | F10: 32319 | G10: 39267 | H10: 34248 | I10: 32953 | J10: 24637 | K10: 24143 | L10: 26199 | M10: 20821 | N10: 19370 | O10: 30600 | P10: 27998 | Q10: 26996
B11: La Libertad | C11: 41250 | D11: 42572 | E11: 42758 | F11: 43874 | G11: 44198 | H11: 44529 | I11: 44768 | J11: 44998 | K11: 45374 | L11: 45895 | M11: 47182 | N11: 47693 | O11: 37209 | P11: 36726 | Q11: 35654
B12: Cajamarca | C12: 27525 | D12: 28734 | E12: 29177 | F12: 27350 | G12: 27705 | H12: 29810 | I12: 30574 | J12: 28576 | K12: 28313 | L12: 27139 | M12: 28125 | N12: 32585 | O12: 28609 | P12: 28894 | Q12: 29102
B13: Amazonas | C13: 2346 | D13: 2380 | E13: 2699 | F13: 2298 | G13: 2738 | H13: 3728 | I13: 3946 | J13: 4013 | K13: 3917 | L13: 4230 | M13: 4631 | N13: 4630 | O13: 4507 | P13: 4572 | Q13: 4816
B14: Ancash | C14: 19563 | D14: 19014 | E14: 16693 | F14: 16955 | G14: 13600 | H14: 15129 | I14: 13930 | J14: 14469 | K14: 14919 | L14: 14869 | M14: 16739 | N14: 20343 | O14: 20432 | P14: 20565 | Q14: 20509
B15: Lima | C15: 55950 | D15: 54403 | E15: 53532 | F15: 53005 | G15: 53710 | H15: 52654 | I15: 55445 | J15: 57039 | K15: 59796 | L15: 60713 | M15: 56179 | N15: 52628 | O15: 48379 | P15: 40586 | Q15: 40739
B16: Ica | C16: 17350 | D16: 17706 | E16: 17125 | F16: 16342 | G16: 15674 | H16: 15049 | I16: 14840 | J16: 15978 | K16: 16498 | L16: 17691 | M16: 16592 | N16: 16670 | O16: 14913 | P16: 14133 | Q16: 17363
B17: Huánuco | C17: 15218 | D17: 16580 | E17: 19147 | F17: 20484 | G17: 24021 | H17: 23936 | I17: 22276 | J17: 22265 | K17: 23407 | L17: 25115 | M17: 23243 | N17: 24427 | O17: 26502 | P17: 25971 | Q17: 23327
B18: Pasco | C18: 1054 | D18: 1389 | E18: 2906 | F18: 2403 | G18: 2225 | H18: 2348 | I18: 2561 | J18: 2932 | K18: 1867 | L18: 1771 | M18: 1485 | N18: 1281 | O18: 1189 | P18: 1109 | Q18: 1059
B19: Junín | C19: 1420 | D19: 1280 | E19: 1373 | F19: 1501 | G19: 1351 | H19: 1619 | I19: 1894 | J19: 2373 | K19: 2418 | L19: 2938 | M19: 3651 | N19: 3905 | O19: 4659 | P19: 5357 | Q19: 3585
... B31: Madre de Dios | C31: 0 | D31: 0 | E31: 0 | F31: 0 | G31: 0 | H31: 0 | I31: 0 | J31: 0 | K31: 0 | L31: 0 | M31: 0 | N31: 0 | O31: 0 | P31: 0 | Q31: 0
A32: P Preliminar.
A33: Fuente:Direcciones Regionales de Agricultura.
A34: Elaboración: MInisterio de Agricultura y Riego - DGESEP - DEA.

Sheet C 23
A2: C.23 PERÚ: PRODUCCIÓN DE CARNE DE CAPRINO POR AÑO SEGÚN REGIÓN, 2007-2019.
A3: (Toneladas)
A5: Región | C5: 2005 | D5: 2006 | E5: 2007 | F5: 2008 | G5: 2009 | H5: 2010 | I5: 2011 | J5: 2012 | K5: 2013 | L5: 2014 | M5: 2015 | N5: 2016 | O5: 2017 | P5: 2018 | Q5: 2019 P
A6: Total Nacional | C6: =(C8+C9+C10+C11+C12+C13+C14+C15+C16+C17+C18+C19+C20+C21+C22+C23+C24+C25+C26+C27+C28+C29+C30+C31) -> 6617 | D6: =(D8+D9+D10+D11+D12+D13+D14+D15+D16+D17+D18+D19+D20+D21+D22+D23+D24+D25+D26+D27+D28+D29+D30+D31) -> 6771 | E6: =(E8+E9+E10+E11+E12+E13+E14+E15+E16+E17+E18+E19+E20+E21+E22+E23+E24+E25+E26+E27+E28+E29+E30+E31) -> 6684 | F6: =(F8+F9+F10+F11+F12+F13+F14+F15+F16+F17+F18+F19+F20+F21+F22+F23+F24+F25+F26+F27+F28+F29+F30+F31) -> 6420 | G6: =(G8+G9+G10+G11+G12+G13+G14+G15+G16+G17+G18+G19+G20+G21+G22+G23+G24+G25+G26+G27+G28+G29+G30+G31) -> 6152 | H6: =(H8+H9+H10+H11+H12+H13+H14+H15+H16+H17+H18+H19+H20+H21+H22+H23+H24+H25+H26+H27+H28+H29+H30+H31) -> 6133 | I6: =(I8+I9+I10+I11+I12+I13+I14+I15+I16+I17+I18+I19+I20+I21+I22+I23+I24+I25+I26+I27+I28+I29+I30+I31) -> 6151 | J6: =(J8+J9+J10+J11+J12+J13+J14+J15+J16+J17+J18+J19+J20+J21+J22+J23+J24+J25+J26+J27+J28+J29+J30+J31) -> 6245 | ... Q6: =(Q8+Q9+Q10+Q11+Q12+Q13+Q14+Q15+Q16+Q17+Q18+Q19+Q20+Q21+Q22+Q23+Q24+Q25+Q26+Q27+Q28+Q29+Q30+Q31) -> 5100
B8: Tumbes | C8: 274 | D8: 261 | E8: 226 | F8: 215 | G8: 260 | H8: 283 | I8: 256 | J8: 266 | K8: 258 | L8: 292 | M8: 252 | N8: 205 | O8: 378 | P8: 273 | Q8: 220
B9: Piura | C9: 1970 | D9: 2250 | E9: 2114 | F9: 2190 | G9: 1819 | H9: 1854 | I9: 1833 | J9: 1923 | K9: 1990 | L9: 1895 | M9: 1781 | N9: 1666 | O9: 1377 | P9: 1128 | Q9: 1283
B10: Lambayeque | C10: 569 | D10: 536 | E10: 564 | F10: 473 | G10: 481 | H10: 434 | I10: 491 | J10: 384 | K10: 353 | L10: 365 | M10: 310 | N10: 385 | O10: 456 | P10: 416 | Q10: 375
B11: La Libertad | C11: 496 | D11: 516 | E11: 519 | F11: 531 | G11: 538 | H11: 543 | I11: 546 | J11: 548 | K11: 554 | L11: 560 | M11: 573 | N11: 579 | O11: 453 | P11: 451 | Q11: 437
B12: Cajamarca | C12: 339 | D12: 359 | E12: 366 | F12: 333 | G12: 333 | H12: 329 | I12: 324 | J12: 305 | K12: 323 | L12: 308 | M12: 299 | N12: 328 | O12: 234 | P12: 250 | Q12: 296
B13: Amazonas | C13: 27 | D13: 27 | E13: 32 | F13: 25 | G13: 29 | H13: 39 | I13: 40 | J13: 46 | K13: 45 | L13: 54 | M13: 59 | N13: 58 | O13: 57 | P13: 57 | Q13: 60
B14: Ancash | C14: 198 | D14: 207 | E14: 171 | F14: 174 | G14: 140 | H14: 155 | I14: 144 | J14: 145 | K14: 153 | L14: 154 | M14: 174 | N14: 210 | O14: 214 | P14: 218 | Q14: 219
B15: Lima | C15: 785 | D15: 769 | E15: 755 | F15: 743 | G15: 751 | H15: 709 | I15: 731 | J15: 719 | K15: 747 | L15: 758 | M15: 725 | N15: 659 | O15: 603 | P15: 533 | Q15: 533
B16: Ica | C16: 229 | D16: 235 | E16: 231 | F16: 203 | G16: 186 | H16: 189 | I16: 196 | J16: 216 | K16: 231 | L16: 228 | M16: 223 | N16: 228 | O16: 211 | P16: 198 | Q16: 247
B17: Huánuco | C17: 214 | D17: 233 | E17: 267 | F17: 246 | G17: 250 | H17: 240 | I17: 221 | J17: 211 | K17: 213 | L17: 232 | M17: 218 | N17: 222 | O17: 242 | P17: 251 | Q17: 237
B18: Pasco | C18: 11 | D18: 15 | E18: 30 | F18: 25 | G18: 21 | H18: 23 | I18: 27 | J18: 33 | K18: 21 | L18: 20 | M18: 18 | N18: 14 | O18: 14 | P18: 13 | Q18: 12
B19: Junín | C19: 14 | D19: 13 | E19: 14 | F19: 15 | G19: 14 | H19: 18 | I19: 21 | J19: 26 | K19: 27 | L19: 33 | M19: 42 | N19: 41 | O19: 48 | P19: 56 | Q19: 44
... B31: Madre de Dios | C31: 0 | D31: 0 | E31: 0 | F31: 0 | G31: 0 | H31: 0 | I31: 0 | J31: 0 | K31: 0 | L31: 0 | M31: 0 | N31: 0 | O31: 0 | P31: 0 | Q31: 0
A32: P Preliminar.
A33: Fuente:Direcciones Regionales de Agricultura.
A34: Elaboración: MInisterio de Agricultura y Riego - DGESEP - DEA.

Sheet C 24
A2: C.24 PERÚ: PRECIO RECIBIDO POR EL PRODUCTOR DE CAPRINOS POR AÑO SEGÚN REGIÓN, 2007-2019.
A3: (Soles x Kg)
A5: Región | C5: 2005 | D5: 2006 | E5: 2007 | F5: 2008 | G5: 2009 | H5: 2010 | I5: 2011 | J5: 2012 | K5: 2013 | L5: 2014 | M5: 2015 | N5: 2016 | O5: 2017 | P5: 2018 | Q5: 2019 P
A6: Promedio | C6: 3.05 | D6: 3.01 | E6: 3.17 | F6: 3.41 | G6: 3.61 | H6: 3.38 | I6: 3.53 | J6: 3.68 | K6: 3.93 | L6: 4.04 | M6: 4.28 | N6: 4.66 | O6: 4.74 | P6: 4.79 | Q6: 4.81
B8: Tumbes | C8: 3.01 | D8: 3.25 | E8: 3.2 | F8: 3.22 | G8: 3.35 | H8: 3.42 | I8: 3.43 | J8: 3.38 | K8: 3.6 | L8: 3.63 | M8: 4.45 | N8: 4.45 | O8: 4.47 | P8: 4.6 | Q8: 4.58
B9: Piura | C9: 2.91 | D9: 2.95 | E9: 3.22 | F9: 3.3 | G9: 3.46 | H9: 3.27 | I9: 3.49 | J9: 3.52 | K9: 3.68 | L9: 3.73 | M9: 3.93 | N9: 4.53 | O9: 4.77 | P9: 4.88 | Q9: 4.85
B10: Lambayeque | C10: 3.7 | D10: 3.49 | E10: 3.73 | F10: 3.77 | G10: 3.69 | H10: 3.47 | I10: 3.46 | J10: 3.55 | K10: 3.74 | L10: 3.9 | M10: 3.94 | N10: 4.66 | O10: 4.83 | P10: 4.63 | Q10: 4.6
B11: La Libertad | C11: 3.1 | D11: 2.95 | E11: 3.23 | F11: 3.56 | G11: 3.68 | H11: 3.16 | I11: 3.16 | J11: 3.67 | K11: 5.11 | L11: 5.11 | M11: 5.59 | N11: 5.42 | O11: 5.43 | P11: 5.62 | Q11: 5.72
B12: Cajamarca | C12: 3.64 | D12: 3.59 | E12: 3.33 | F12: 3.58 | G12: 3.84 | H12: 3.21 | I12: 3.46 | J12: 3.51 | K12: 3.55 | L12: 4.31 | M12: 3.91 | N12: 3.99 | O12: 4.25 | P12: 4.42 | Q12: 4.45
B13: Amazonas | C13: 3.34 | D13: 3.39 | E13: 3.66 | F13: 3.77 | G13: 3.81 | H13: 3.55 | I13: 3.25 | J13: 3.18 | K13: 3.34 | L13: 3.92 | M13: 4.09 | N13: 4.46 | O13: 4.55 | P13: 4.68 | Q13: 4.71
B14: Ancash | C14: 3.49 | D14: 3.33 | E14: 3.15 | F14: 3.78 | G14: 4.01 | H14: 3.13 | I14: 3.96 | J14: 3.65 | K14: 3.97 | L14: 4.02 | M14: 4.18 | N14: 4.46 | O14: 4.23 | P14: 4.3 | Q14: 4.54
B15: Lima | C15: 3.05 | D15: 3.14 | E15: 3.24 | F15: 3.88 | G15: 4.07 | H15: 3.34 | I15: 3.42 | J15: 3.54 | K15: 3.64 | L15: 3.82 | M15: 4.37 | N15: 5.2 | O15: 5.32 | P15: 5.12 | Q15: 5.26
B16: Ica | C16: 2.37 | D16: 2.55 | E16: 2.98 | F16: 3.12 | G16: 3.68 | H16: 3.79 | I16: 3.96 | J16: 4.49 | K16: 3.62 | L16: 4.62 | M16: 4.37 | N16: 4.76 | O16: 5.08 | P16: 5.22 | Q16: 5.15
B17: Huánuco | C17: 2.89 | D17: 2.9 | E17: 2.99 | F17: 3.07 | G17: 3.78 | H17: 3.88 | I17: 4.09 | J17: 4.23 | K17: 5.12 | L17: 4.6 | M17: 4.85 | N17: 5.08 | O17: 4.78 | P17: 4.88 | Q17: 4.94
B18: Pasco | C18: 2.19 | D18: 2.5 | E18: 2.81 | F18: 3.14 | G18: 3.7 | H18: 3.5 | I18: 3.59 | J18: 4.08 | K18: 4.25 | L18: 4.18 | M18: 4.12 | N18: 3.98 | O18: 4.02 | P18: 4.12 | Q18: 4.03
B19: Junín | C19: 3.13 | D19: 3.1 | E19: 3.07 | F19: 3.35 | G19: 3.74 | H19: 4.03 | I19: 3.86 | J19: 4.44 | K19: 4.36 | L19: 4.35 | M19: 4.7 | N19: 4.99 | O19: 4.82 | P19: 4.98 | Q19: 4.95
... B26: Cusco | C26: 2.84 | D26: 2.71 | E26: 3.1 | F26: 3.72 | G26: 3.84 | H26: 3.51 | I26: 4.11 | J26: 4.29 | K26: 4.55 | L26: 4.1 | M26: 3.99 | N26: 4.99 | O26: 4.95 | P26: 4.95 | Q26: 4.98
B27: Puno | C27: - | D27: - | E27: - | F27: - | G27: - | H27: - | I27: - | J27: - | K27: - | L27: - | M27: - | N27: - | O27: - | P27: - | Q27: -
B28: San Martín | C28: - | D28: - | E28: - | F28: - | G28: - | H28: - | I28: - | J28: - | K28: - | L28: - | M28: - | N28: - | O28: - | P28: - | Q28: -
B29: Loreto | C29: - | D29: - | E29: - | F29: - | G29: - | H29: - | I29: - | J29: - | K29: - | L29: - | M29: - | N29: - | O29: - | P29: - | Q29: -
B30: Ucayali | C30: - | D30: - | E30: - | F30: - | G30: - | H30: - | I30: - | J30: - | K30: - | L30: - | M30: - | N30: - | O30: - | P30: - | Q30: -
B31: Madre de Dios | C31: - | D31: - | E31: - | F31: - | G31: - | H31: - | I31: - | J31: - | K31: - | L31: - | M31: - | N31: - | O31: - | P31: - | Q31: -
A32: P Preliminar.
A33: Fuente:Direcciones Regionales de Agricultura.
A34: Elaboración: MInisterio de Agricultura y Riego - DGESEP - DEA.

Sheet C 25
A2: C.25 PERÚ: POBLACIÓN DE OVINOS POR AÑO SEGÚN REGIÓN, 2007-2019.
A3: (Unidades)
A5: Región | C5: 2005 | D5: 2006 | E5: 2007 | F5: 2008 | G5: 2009 | H5: 2010 | I5: 2011 | J5: 2012 | K5: 2013 | L5: 2014 | M5: 2015 | N5: 2016 | O5: 2017 | P5: 2018 | Q5: 2019 P
A6: Total Nacional | C6: =(C8+C9+C10+C11+C12+C13+C14+C15+C16+C17+C18+C19+C20+C21+C22+C23+C24+C25+C26+C27+C28+C29+C30+C31) -> 14813786 | D6: =(D8+D9+D10+D11+D12+D13+D14+D15+D16+D17+D18+D19+D20+D21+D22+D23+D24+D25+D26+D27+D28+D29+D30+D31) -> 14675255 | E6: =(E8+E9+E10+E11+E12+E13+E14+E15+E16+E17+E18+E19+E20+E21+E22+E23+E24+E25+E26+E27+E28+E29+E30+E31) -> 14580166 | F6: =(F8+F9+F10+F11+F12+F13+F14+F15+F16+F17+F18+F19+F20+F21+F22+F23+F24+F25+F26+F27+F28+F29+F30+F31) -> 14509628 | G6: =(G8+G9+G10+G11+G12+G13+G14+G15+G16+G17+G18+G19+G20+G21+G22+G23+G24+G25+G26+G27+G28+G29+G30+G31) -> 14137690 | H6: =(H8+H9+H10+H11+H12+H13+H14+H15+H16+H17+H18+H19+H20+H21+H22+H23+H24+H25+H26+H27+H28+H29+H30+H31) -> 14159719 | I6: =(I8+I9+I10+I11+I12+I13+I14+I15+I16+I17+I18+I19+I20+I21+I22+I23+I24+I25+I26+I27+I28+I29+I30+I31) -> 14050173 | J6: =(J8+J9+J10+J11+J12+J13+J14+J15+J16+J17+J18+J19+J20+J21+J22+J23+J24+J25+J26+J27+J28+J29+J30+J31) -> 12184143 | ... Q6: =(Q8+Q9+Q10+Q11+Q12+Q13+Q14+Q15+Q16+Q17+Q18+Q19+Q20+Q21+Q22+Q23+Q24+Q25+Q26+Q27+Q28+Q29+Q30+Q31) -> 11261559
B8: Tumbes | C8: 10010 | D8: 8700 | E8: 8750 | F8: 7352 | G8: 7460 | H8: 8230 | I8: 9430 | J8: 8950 | K8: 8700 | L8: 7410 | M8: 8468 | N8: 6290 | O8: 7580 | P8: 7450 | Q8: 7515
B9: Piura | C9: 278876 | D9: 275000 | E9: 263896 | F9: 248203 | G9: 256830 | H9: 338970 | I9: 338702 | J9: 344798 | K9: 313119 | L9: 292109 | M9: 309339 | N9: 302540 | O9: 341213 | P9: 293119 | Q9: 274119
B10: Lambayeque | C10: 72000 | D10: 70100 | E10: 77846 | F10: 95249 | G10: 93100 | H10: 87659 | I10: 86180 | J10: 77386 | K10: 85246 | L10: 84377 | M10: 84240 | N10: 82685 | O10: 68810 | P10: 67840 | Q10: 68325
B11: La Libertad | C11: 402413 | D11: 420429 | E11: 413495 | F11: 412886 | G11: 412338 | H11: 412672 | I11: 412407 | J11: 402621 | K11: 356517 | L11: 365201 | M11: 356682 | N11: 357814 | O11: 356486 | P11: 333412 | Q11: 344949
B12: Cajamarca | C12: 375069 | D12: 391715 | E12: 426561 | F12: 434653 | G12: 441100 | H12: 413819 | I12: 434278 | J12: 421175 | K12: 417560 | L12: 411297 | M12: 409942 | N12: 465641 | O12: 455567 | P12: 484116 | Q12: 480072
B13: Amazonas | C13: 37993 | D13: 38000 | E13: 39571 | F13: 39215 | G13: 40120 | H13: 41072 | I13: 42510 | J13: 31131 | K13: 40939 | L13: 40606 | M13: 38822 | N13: 29054 | O13: 21744 | P13: 24350 | Q13: 23047
B14: Ancash | C14: 847298 | D14: 807840 | E14: 793399 | F14: 814814 | G14: 806982 | H14: 814067 | I14: 808502 | J14: 650284 | K14: 640242 | L14: 602944 | M14: 694111 | N14: 672817 | O14: 672175 | P14: 671482 | Q14: 671829
B15: Lima | C15: 352067 | D15: 340000 | E15: 324238 | F15: 310789 | G15: 309200 | H15: 312259 | I15: 330004 | J15: 321131 | K15: 319450 | L15: 327436 | M15: 342802 | N15: 319535 | O15: 305462 | P15: 326462 | Q15: 315962
B16: Ica | C16: 20606 | D16: 21051 | E16: 21815 | F16: 23124 | G16: 22680 | H16: 21855 | I16: 23226 | J16: 27078 | K16: 28397 | L16: 25990 | M16: 26132 | N16: 28131 | O16: 29996 | P16: 27535 | Q16: 27552
B17: Huánuco | C17: 1147657 | D17: 1170866 | E17: 1054504 | F17: 1021725 | G17: 998000 | H17: 987550 | I17: 839260 | J17: 702282 | K17: 760617 | L17: 761384 | M17: 759953 | N17: 634318 | O17: 529453 | P17: 530212 | Q17: 529832
B18: Pasco | C18: 947800 | D18: 934944 | E18: 950105 | F18: 955224 | G18: 957700 | H18: 964060 | I18: 969245 | J18: 726314 | K18: 662425 | L18: 669260 | M18: 675939 | N18: 682688 | O18: 698536 | P18: 685310 | Q18: 691923
B19: Junín | C19: 1214210 | D19: 1216000 | E19: 1214210 | F19: 1151903 | G19: 1160000 | H19: 1080265 | I19: 1020168 | J19: 1304933 | K19: 1358604 | L19: 1345874 | M19: 1416083 | N19: 1234318 | O19: 1478438 | P19: 1554849 | Q19: 1516644
... B31: Madre de Dios | C31: 6112 | D31: 5901 | E31: 6245 | F31: 6585 | G31: 7067 | H31: 7231 | I31: 7750 | J31: 8490 | K31: 8765 | L31: 8742 | M31: 8670 | N31: 9104 | O31: 9559 | P31: 9430 | Q31: 9494
A32: P Preliminar.
A33: Fuente:Direcciones Regionales de Agricultura.
A34: Elaboración: MInisterio de Agricultura y Riego - DGESEP - DEA.

Sheet C 26
A2: C.26 PERÚ: PRODUCCIÓN DE OVINOS POR AÑO SEGÚN REGIÓN, 2007-2019.
A3: (Unidades)
A5: Región | C5: 2005 | D5: 2006 | E5: 2007 | F5: 2008 | G5: 2009 | H5: 2010 | I5: 2011 | J5: 2012 | K5: 2013 | L5: 2014 | M5: 2015 | N5: 2016 | O5: 2017 | P5: 2018 | Q5: 2019 P
A6: Total Nacional | C6: =(C8+C9+C10+C11+C12+C13+C14+C15+C16+C17+C18+C19+C20+C21+C22+C23+C24+C25+C26+C27+C28+C29+C30+C31) -> 2685627 | D6: =(D8+D9+D10+D11+D12+D13+D14+D15+D16+D17+D18+D19+D20+D21+D22+D23+D24+D25+D26+D27+D28+D29+D30+D31) -> 2692776 | E6: =(E8+E9+E10+E11+E12+E13+E14+E15+E16+E17+E18+E19+E20+E21+E22+E23+E24+E25+E26+E27+E28+E29+E30+E31) -> 2681208 | F6: =(F8+F9+F10+F11+F12+F13+F14+F15+F16+F17+F18+F19+F20+F21+F22+F23+F24+F25+F26+F27+F28+F29+F30+F31) -> 2678241 | G6: =(G8+G9+G10+G11+G12+G13+G14+G15+G16+G17+G18+G19+G20+G21+G22+G23+G24+G25+G26+G27+G28+G29+G30+G31) -> 2753681 | H6: =(H8+H9+H10+H11+H12+H13+H14+H15+H16+H17+H18+H19+H20+H21+H22+H23+H24+H25+H26+H27+H28+H29+H30+H31) -> 2788507 | I6: =(I8+I9+I10+I11+I12+I13+I14+I15+I16+I17+I18+I19+I20+I21+I22+I23+I24+I25+I26+I27+I28+I29+I30+I31) -> 2844229 | J6: =(J8+J9+J10+J11+J12+J13+J14+J15+J16+J17+J18+J19+J20+J21+J22+J23+J24+J25+J26+J27+J28+J29+J30+J31) -> 2910166 | ... Q6: =(Q8+Q9+Q10+Q11+Q12+Q13+Q14+Q15+Q16+Q17+Q18+Q19+Q20+Q21+Q22+Q23+Q24+Q25+Q26+Q27+Q28+Q29+Q30+Q31) -> 2682837
B8: Tumbes | C8: 2703 | D8: 3076 | E8: 3433 | F8: 4421 | G8: 6291 | H8: 6996 | I8: 7361 | J8: 7432 | K8: 7725 | L8: 8875 | M8: 7991 | N8: 1879 | O8: 3096 | P8: 2975 | Q8: 2941
B9: Piura | C9: 52122 | D9: 43913 | E9: 44550 | F9: 46959 | G9: 54726 | H9: 65733 | I9: 79684 | J9: 95356 | K9: 72692 | L9: 72390 | M9: 85817 | N9: 99029 | O9: 115853 | P9: 129317 | Q9: 120555
B10: Lambayeque | C10: 26905 | D10: 29137 | E10: 31065 | F10: 25846 | G10: 35149 | H10: 32645 | I10: 36796 | J10: 35311 | K10: 35422 | L10: 35542 | M10: 35260 | N10: 32775 | O10: 28880 | P10: 30784 | Q10: 31831
B11: La Libertad | C11: 137393 | D11: 141565 | E11: 152225 | F11: 154640 | G11: 158275 | H11: 161162 | I11: 162672 | J11: 162879 | K11: 170126 | L11: 176679 | M11: 181041 | N11: 183692 | O11: 184042 | P11: 185193 | Q11: 188941
B12: Cajamarca | C12: 108972 | D12: 113573 | E12: 121021 | F12: 112691 | G12: 117786 | H12: 125077 | I12: 124019 | J12: 119968 | K12: 135140 | L12: 135958 | M12: 125572 | N12: 114756 | O12: 102957 | P12: 100940 | Q12: 99840
B13: Amazonas | C13: 5246 | D13: 5085 | E13: 4657 | F13: 4766 | G13: 5695 | H13: 6359 | I13: 5956 | J13: 5867 | K13: 5781 | L13: 5379 | M13: 4964 | N13: 3787 | O13: 3305 | P13: 3378 | Q13: 3532
B14: Ancash | C14: 90154 | D14: 94659 | E14: 94586 | F14: 100636 | G14: 110962 | H14: 111240 | I14: 114956 | J14: 116068 | K14: 118809 | L14: 119287 | M14: 123464 | N14: 131065 | O14: 132419 | P14: 132674 | Q14: 132633
B15: Lima | C15: 87092 | D15: 95279 | E15: 94118 | F15: 94240 | G15: 97188 | H15: 101604 | I15: 101333 | J15: 105155 | K15: 103765 | L15: 104922 | M15: 90814 | N15: 85474 | O15: 80867 | P15: 67076 | Q15: 64093
B16: Ica | C16: 5864 | D16: 6126 | E16: 6424 | F16: 6911 | G16: 7141 | H16: 7031 | I16: 7376 | J16: 6206 | K16: 6540 | L16: 8272 | M16: 7686 | N16: 6486 | O16: 5024 | P16: 5913 | Q16: 9044
B17: Huánuco | C17: 194639 | D17: 179809 | E17: 162884 | F17: 159205 | G17: 160629 | H17: 158801 | I17: 152512 | J17: 151092 | K17: 152415 | L17: 148519 | M17: 156605 | N17: 160596 | O17: 163418 | P17: 165231 | Q17: 157449
B18: Pasco | C18: 135889 | D18: 136366 | E18: 150422 | F18: 177084 | G18: 170768 | H18: 157791 | I18: 165574 | J18: 149715 | K18: 150456 | L18: 125549 | M18: 117367 | N18: 97275 | O18: 99700 | P18: 104294 | Q18: 107119
B19: Junín | C19: 210220 | D19: 204520 | E19: 207310 | F19: 177719 | G19: 188486 | H19: 197568 | I19: 207597 | J19: 216734 | K19: 232178 | L19: 242652 | M19: 274679 | N19: 281037 | O19: 304545 | P19: 314170 | Q19: 303867
... B31: Madre de Dios | C31: 2331 | D31: 2059 | E31: 2146 | F31: 2867 | G31: 2997 | H31: 2839 | I31: 2988 | J31: 2712 | K31: 2919 | L31: 2907 | M31: 2518 | N31: 2524 | O31: 2549 | P31: 2225 | Q31: 2072
A32: P Preliminar.
A33: Fuente:Direcciones Regionales de Agricultura.
A34: Elaboración: MInisterio de Agricultura y Riego - DGESEP - DEA.

Sheet C 27
A2: C.27 PERÚ: PRODUCCIÓN DE CARNE DE OVINO POR AÑO SEGÚN REGIÓN, 2007-2019.
A3: (Toneladas)
A5: Región | C5: 2005 | D5: 2006 | E5: 2007 | F5: 2008 | G5: 2009 | H5: 2010 | I5: 2011 | J5: 2012 | K5: 2013 | L5: 2014 | M5: 2015 | N5: 2016 | O5: 2017 | P5: 2018 | Q5: 2019 P
A6: Total Nacional | C6: =(C8+C9+C10+C11+C12+C13+C14+C15+C16+C17+C18+C19+C20+C21+C22+C23+C24+C25+C26+C27+C28+C29+C30+C31) -> 33686 | D6: =(D8+D9+D10+D11+D12+D13+D14+D15+D16+D17+D18+D19+D20+D21+D22+D23+D24+D25+D26+D27+D28+D29+D30+D31) -> 33903 | E6: =(E8+E9+E10+E11+E12+E13+E14+E15+E16+E17+E18+E19+E20+E21+E22+E23+E24+E25+E26+E27+E28+E29+E30+E31) -> 33839 | F6: =(F8+F9+F10+F11+F12+F13+F14+F15+F16+F17+F18+F19+F20+F21+F22+F23+F24+F25+F26+F27+F28+F29+F30+F31) -> 33349 | G6: =(G8+G9+G10+G11+G12+G13+G14+G15+G16+G17+G18+G19+G20+G21+G22+G23+G24+G25+G26+G27+G28+G29+G30+G31) -> 33457 | H6: =(H8+H9+H10+H11+H12+H13+H14+H15+H16+H17+H18+H19+H20+H21+H22+H23+H24+H25+H26+H27+H28+H29+H30+H31) -> 33672 | I6: =(I8+I9+I10+I11+I12+I13+I14+I15+I16+I17+I18+I19+I20+I21+I22+I23+I24+I25+I26+I27+I28+I29+I30+I31) -> 34253 | J6: =(J8+J9+J10+J11+J12+J13+J14+J15+J16+J17+J18+J19+J20+J21+J22+J23+J24+J25+J26+J27+J28+J29+J30+J31) -> 35304 | ... Q6: =(Q8+Q9+Q10+Q11+Q12+Q13+Q14+Q15+Q16+Q17+Q18+Q19+Q20+Q21+Q22+Q23+Q24+Q25+Q26+Q27+Q28+Q29+Q30+Q31) -> 33782
B8: Tumbes | C8: 37 | D8: 43 | E8: 49 | F8: 57 | G8: 79 | H8: 96 | I8: 101 | J8: 95 | K8: 98 | L8: 102 | M8: 96 | N8: 21 | O8: 37 | P8: 34 | Q8: 33
B9: Piura | C9: 717 | D9: 650 | E9: 641 | F9: 669 | G9: 716 | H9: 756 | I9: 900 | J9: 1309 | K9: 1257 | L9: 1092 | M9: 1222 | N9: 1205 | O9: 1360 | P9: 1478 | Q9: 1493
B10: Lambayeque | C10: 390 | D10: 411 | E10: 464 | F10: 392 | G10: 439 | H10: 398 | I10: 454 | J10: 553 | K10: 583 | L10: 605 | M10: 577 | N10: 641 | O10: 539 | P10: 536 | Q10: 529
B11: La Libertad | C11: 1793 | D11: 1846 | E11: 1994 | F11: 2023 | G11: 2075 | H11: 2111 | I11: 2132 | J11: 2135 | K11: 2231 | L11: 2316 | M11: 2370 | N11: 2406 | O11: 2422 | P11: 2453 | Q11: 2504
B12: Cajamarca | C12: 1511 | D12: 1597 | E12: 1709 | F12: 1546 | G12: 1618 | H12: 1631 | I12: 1601 | J12: 1547 | K12: 1771 | L12: 1834 | M12: 1556 | N12: 1467 | O12: 1219 | P12: 1185 | Q12: 1211
B13: Amazonas | C13: 69 | D13: 68 | E13: 60 | F13: 58 | G13: 72 | H13: 80 | I13: 78 | J13: 88 | K13: 87 | L13: 82 | M13: 76 | N13: 57 | O13: 51 | P13: 54 | Q13: 56
B14: Ancash | C14: 948 | D14: 986 | E14: 985 | F14: 1048 | G14: 1155 | H14: 1158 | I14: 1197 | J14: 1210 | K14: 1228 | L14: 1242 | M14: 1304 | N14: 1365 | O14: 1376 | P14: 1398 | Q14: 1403
B15: Lima | C15: 1149 | D15: 1244 | E15: 1230 | F15: 1220 | G15: 1287 | H15: 1321 | I15: 1355 | J15: 1371 | K15: 1327 | L15: 1308 | M15: 1110 | N15: 1036 | O15: 976 | P15: 821 | Q15: 793
B16: Ica | C16: 69 | D16: 70 | E16: 73 | F16: 72 | G16: 73 | H16: 84 | I16: 89 | J16: 75 | K16: 80 | L16: 91 | M16: 90 | N16: 80 | O16: 61 | P16: 77 | Q16: 128
B17: Huánuco | C17: 2504 | D17: 2336 | E17: 2095 | F17: 1928 | G17: 1810 | H17: 1707 | I17: 1466 | J17: 1454 | K17: 1528 | L17: 1478 | M17: 1629 | N17: 1693 | O17: 1751 | P17: 1871 | Q17: 1799
B18: Pasco | C18: 1744 | D18: 1784 | E18: 1887 | F18: 2262 | G18: 2064 | H18: 1859 | I18: 2101 | J18: 1897 | K18: 1901 | L18: 1693 | M18: 1560 | N18: 1307 | O18: 1381 | P18: 1319 | Q18: 1338
B19: Junín | C19: 2597 | D19: 2575 | E19: 2640 | F19: 2307 | G19: 2013 | H19: 2113 | I19: 2224 | J19: 2327 | K19: 2526 | L19: 2605 | M19: 2964 | N19: 2951 | O19: 3300 | P19: 3325 | Q19: 3285
... B31: Madre de Dios | C31: 41 | D31: 36 | E31: 38 | F31: 51 | G31: 54 | H31: 50 | I31: 54 | J31: 50 | K31: 49 | L31: 52 | M31: 42 | N31: 45 | O31: 46 | P31: 39 | Q31: 36
A32: P Preliminar.
A33: Fuente:Direcciones Regionales de Agricultura.
A34: Elaboración: MInisterio de Agricultura y Riego - DGESEP - DEA.

Sheet C 28
A2: C.28 PERÚ: PRECIO RECIBIDO POR EL PRODUCTOR DE OVINOS POR AÑO SEGÚN REGIÓN, 2007-2019.
A3: (Soles x kg)
A5: Región | C5: 2005 | D5: 2006 | E5: 2007 | F5: 2008 | G5: 2009 | H5: 2010 | I5: 2011 | J5: 2012 | K5: 2013 | L5: 2014 | M5: 2015 | N5: 2016 | O5: 2017 | P5: 2018 | Q5: 2019 P
A6: Promedio | C6: 3.31 | D6: 3.32 | E6: 3.49 | F6: 3.9 | G6: 4.13 | H6: 4.46 | I6: 4.52 | J6: 4.9 | K6: 5.04 | L6: 5.73 | M6: 5.79 | N6: 5.91 | O6: 5.6 | P6: 5.56 | Q6: 5.6
B8: Tumbes | C8: 4.01 | D8: 3.68 | E8: 3.73 | F8: 3.76 | G8: 3.85 | H8: 3.55 | I8: 4.01 | J8: 4.01 | K8: 4.54 | L8: 4.51 | M8: 5.62 | N8: 5.5 | O8: 5.49 | P8: 5.56 | Q8: 5.5
B9: Piura | C9: 2.99 | D9: 3.07 | E9: 3.32 | F9: 3.87 | G9: 4.1 | H9: 4.23 | I9: 4.14 | J9: 4.18 | K9: 4.25 | L9: 4.45 | M9: 5.39 | N9: 5.8 | O9: 5.68 | P9: 5.62 | Q9: 5.61
B10: Lambayeque | C10: 3.44 | D10: 3.27 | E10: 3.64 | F10: 3.83 | G10: 4.21 | H10: 4.17 | I10: 4.15 | J10: 4.35 | K10: 4.46 | L10: 4.86 | M10: 5.31 | N10: 5.81 | O10: 5.78 | P10: 5.73 | Q10: 5.77
B11: La Libertad | C11: 3.36 | D11: 3.43 | E11: 3.65 | F11: 3.9 | G11: 3.72 | H11: 3.24 | I11: 4 | J11: 4.62 | K11: 4.91 | L11: 4.91 | M11: 5.05 | N11: 5.3 | O11: 5.55 | P11: 5.68 | Q11: 5.75
B12: Cajamarca | C12: 3.9 | D12: 3.63 | E12: 3.53 | F12: 3.87 | G12: 3.96 | H12: 3.94 | I12: 4.08 | J12: 4.59 | K12: 4.64 | L12: 4.9 | M12: 4.94 | N12: 4.94 | O12: 4.85 | P12: 4.8 | Q12: 4.76
B13: Amazonas | C13: 3.87 | D13: 3.81 | E13: 3.75 | F13: 3.67 | G13: 3.98 | H13: 4.06 | I13: 4.6 | J13: 4.4 | K13: 4.36 | L13: 6.42 | M13: 5.4 | N13: 5.49 | O13: 5.47 | P13: 5.33 | Q13: 5.24
B14: Ancash | C14: 3.32 | D14: 3.75 | E14: 4.03 | F14: 4.32 | G14: 4.14 | H14: 3.66 | I14: 3.78 | J14: 4.66 | K14: 4.97 | L14: 4.71 | M14: 4.81 | N14: 4.94 | O14: 4.78 | P14: 4.83 | Q14: 4.77
B15: Lima | C15: 3.43 | D15: 3.49 | E15: 3.4 | F15: 4.11 | G15: 4.41 | H15: 3.8 | I15: 4.73 | J15: 3.99 | K15: 4.32 | L15: 4.34 | M15: 4.88 | N15: 5.53 | O15: 5.76 | P15: 5.7 | Q15: 5.69
B16: Ica | C16: 2.44 | D16: 2.56 | E16: 2.93 | F16: 3.36 | G16: 4 | H16: 4.27 | I16: 4.46 | J16: 4.79 | K16: 5.42 | L16: 5.7 | M16: 5.43 | N16: 4.96 | O16: 5.27 | P16: 5.2 | Q16: 5.3
B17: Huánuco | C17: 3.47 | D17: 3.49 | E17: 3.53 | F17: 3.64 | G17: 4.71 | H17: 3.81 | I17: 4.66 | J17: 4.6 | K17: 4.59 | L17: 4.71 | M17: 5.59 | N17: 5.5 | O17: 5.45 | P17: 5.55 | Q17: 5.54
B18: Pasco | C18: 2.87 | D18: 2.94 | E18: 3.41 | F18: 3.94 | G18: 3.97 | H18: 4.14 | I18: 4.94 | J18: 5.37 | K18: 4.46 | L18: 5.73 | M18: 6.09 | N18: 5.66 | O18: 5.48 | P18: 5.52 | Q18: 5.46
B19: Junín | C19: 3.52 | D19: 3.48 | E19: 3.43 | F19: 4.43 | G19: 4.19 | H19: 4.85 | I19: 5.06 | J19: 5.84 | K19: 5.62 | L19: 5.88 | M19: 6.3 | N19: 6.53 | O19: 6.47 | P19: 6.21 | Q19: 6.07
... B31: Madre de Dios | C31: 4.02 | D31: 3.91 | E31: 3.84 | F31: 3.87 | G31: 4.04 | H31: 4.2 | I31: 5.03 | J31: 5.14 | K31: 4.91 | L31: 5.42 | M31: 4.9 | N31: 5.03 | O31: 5.47 | P31: 5.22 | Q31: 5.15
A32: P Preliminar.
A33: Fuente:Direcciones Regionales de Agricultura.
A34: Elaboración: MInisterio de Agricultura y Riego - DGESEP - DEA.

Sheet C 29
A2: C.29 PERÚ: OVINOS ESQUILADOS POR AÑO SEGÚN REGIÓN, 2007-2018.
A3: (Unidades)
A5: Región | C5: 2005 | D5: 2006 | E5: 2007 | F5: 2008 | G5: 2009 | H5: 2010 | I5: 2011 | J5: 2012 | K5: 2013 | L5: 2014 | M5: 2015 | N5: 2016 | O5: 2017 | P5: 2018 | Q5: 2019 P
A6: Total Nacional | C6: =(C8+C9+C10+C11+C12+C13+C14+C15+C16+C17+C18+C19+C20+C21+C22+C23+C24+C25+C26+C27+C28+C29+C30+C31) -> 6333240 | D6: =(D8+D9+D10+D11+D12+D13+D14+D15+D16+D17+D18+D19+D20+D21+D22+D23+D24+D25+D26+D27+D28+D29+D30+D31) -> 6054839 | E6: =(E8+E9+E10+E11+E12+E13+E14+E15+E16+E17+E18+E19+E20+E21+E22+E23+E24+E25+E26+E27+E28+E29+E30+E31) -> 6468169 | F6: =(F8+F9+F10+F11+F12+F13+F14+F15+F16+F17+F18+F19+F20+F21+F22+F23+F24+F25+F26+F27+F28+F29+F30+F31) -> 5869896 | G6: =(G8+G9+G10+G11+G12+G13+G14+G15+G16+G17+G18+G19+G20+G21+G22+G23+G24+G25+G26+G27+G28+G29+G30+G31) -> 6035367 | H6: =(H8+H9+H10+H11+H12+H13+H14+H15+H16+H17+H18+H19+H20+H21+H22+H23+H24+H25+H26+H27+H28+H29+H30+H31) -> 6004149 | I6: =(I8+I9+I10+I11+I12+I13+I14+I15+I16+I17+I18+I19+I20+I21+I22+I23+I24+I25+I26+I27+I28+I29+I30+I31) -> 5985893 | J6: =(J8+J9+J10+J11+J12+J13+J14+J15+J16+J17+J18+J19+J20+J21+J22+J23+J24+J25+J26+J27+J28+J29+J30+J31) -> 6618656 | ... Q6: =(Q8+Q9+Q10+Q11+Q12+Q13+Q14+Q15+Q16+Q17+Q18+Q19+Q20+Q21+Q22+Q23+Q24+Q25+Q26+Q27+Q28+Q29+Q30+Q31) -> 4304515
B8: Tumbes | C8: 0 | D8: 0 | E8: 0 | F8: 0 | G8: 0 | H8: 0 | I8: 0 | J8: 0 | K8: 0 | L8: 0 | M8: 0 | N8: 0 | O8: 0 | P8: 0 | Q8: 0
B9: Piura | C9: 0 | D9: 0 | E9: 0 | F9: 0 | G9: 0 | H9: 107736 | I9: 97404 | J9: 53488 | K9: 29541 | L9: 29537 | M9: 40324 | N9: 40651 | O9: 33100 | P9: 17665 | Q9: 18515
B10: Lambayeque | C10: 0 | D10: 0 | E10: 0 | F10: 0 | G10: 0 | H10: 0 | I10: 0 | J10: 0 | K10: 0 | L10: 0 | M10: 0 | N10: 0 | O10: 0 | P10: 0 | Q10: 0
B11: La Libertad | C11: 281748 | D11: 286802 | E11: 279649 | F11: 283207 | G11: 283873 | H11: 289844 | I11: 290743 | J11: 292769 | K11: 291404 | L11: 291951 | M11: 260787 | N11: 245858 | O11: 245396 | P11: 247738 | Q11: 249612
B12: Cajamarca | C12: 215929 | D12: 210011 | E12: 211100 | F12: 177507 | G12: 130630 | H12: 96513 | I12: 119101 | J12: 156318 | K12: 168682 | L12: 142168 | M12: 156231 | N12: 220329 | O12: 219313 | P12: 194266 | Q12: 165750
B13: Amazonas | C13: 16207 | D13: 16605 | E13: 20165 | F13: 7590 | G13: 18463 | H13: 18399 | I13: 12411 | J13: 16445 | K13: 15240 | L13: 15696 | M13: 11420 | N13: 6911 | O13: 6474 | P13: 6209 | Q13: 5255
B14: Ancash | C14: 48636 | D14: 44644 | E14: 36892 | F14: 34713 | G14: 7537 | H14: 7597 | I14: 38529 | J14: 13552 | K14: 5569 | L14: 4170 | M14: 9018 | N14: 11954 | O14: 7689 | P14: 7229 | Q14: 7076
B15: Lima | C15: 51382 | D15: 53479 | E15: 69851 | F15: 68198 | G15: 83497 | H15: 79799 | I15: 78888 | J15: 71441 | K15: 48547 | L15: 82242 | M15: 92565 | N15: 111905 | O15: 69508 | P15: 103820 | Q15: 91432
B16: Ica | C16: 0 | D16: 0 | E16: 0 | F16: 0 | G16: 0 | H16: 0 | I16: 0 | J16: 0 | K16: 0 | L16: 0 | M16: 0 | N16: 0 | O16: 0 | P16: 0 | Q16: 0
B17: Huánuco | C17: 373540 | D17: 283894 | E17: 207959 | F17: 140552 | G17: 142079 | H17: 121870 | I17: 62310 | J17: 146950 | K17: 221464 | L17: 214127 | M17: 193576 | N17: 173587 | O17: 164539 | P17: 162255 | Q17: 140446
B18: Pasco | C18: 522839 | D18: 559070 | E18: 561105 | F18: 565575 | G18: 569138 | H18: 676896 | I18: 493852 | J18: 660319 | K18: 609890 | L18: 402146 | M18: 420519 | N18: 333733 | O18: 349285 | P18: 370620 | Q18: 367427
B19: Junín | C19: 601360 | D19: 609680 | E19: 439697 | F19: 510031 | G19: 621211 | H19: 645082 | I19: 635182 | J19: 687908 | K19: 666029 | L19: 691762 | M19: 714025 | N19: 744843 | O19: 789102 | P19: 795972 | Q19: 723937
... B31: Madre de Dios | C31: 0 | D31: 0 | E31: 0 | F31: 0 | G31: 0 | H31: 0 | I31: 0 | J31: 0 | K31: 0 | L31: 0 | M31: 0 | N31: 0 | O31: 0 | P31: 0 | Q31: 0
A32: P Preliminar.
A33: Fuente:Direcciones Regionales de Agricultura.
A34: Elaboración: MInisterio de Agricultura y Riego - DGESEP - DEA.

Sheet C 30
A2: C.30 PERÚ: PRODUCCIÓN DE LANA DE OVINO POR AÑO SEGÚN REGIÓN, 2007-19.
A3: (Toneladas)
A5: Región | C5: 2005 | D5: 2006 | E5: 2007 | F5: 2008 | G5: 2009 | H5: 2010 | I5: 2011 | J5: 2012 | K5: 2013 | L5: 2014 | M5: 2015 | N5: 2016 | O5: 2017 | P5: 2018 | Q5: 2019 P
A6: Total Nacional | C6: =(C8+C9+C10+C11+C12+C13+C14+C15+C16+C17+C18+C19+C20+C21+C22+C23+C24+C25+C26+C27+C28+C29+C30+C31) -> 10914 | D6: =(D8+D9+D10+D11+D12+D13+D14+D15+D16+D17+D18+D19+D20+D21+D22+D23+D24+D25+D26+D27+D28+D29+D30+D31) -> 10375 | E6: =(E8+E9+E10+E11+E12+E13+E14+E15+E16+E17+E18+E19+E20+E21+E22+E23+E24+E25+E26+E27+E28+E29+E30+E31) -> 10894 | F6: =(F8+F9+F10+F11+F12+F13+F14+F15+F16+F17+F18+F19+F20+F21+F22+F23+F24+F25+F26+F27+F28+F29+F30+F31) -> 10087 | G6: =(G8+G9+G10+G11+G12+G13+G14+G15+G16+G17+G18+G19+G20+G21+G22+G23+G24+G25+G26+G27+G28+G29+G30+G31) -> 10280 | H6: =(H8+H9+H10+H11+H12+H13+H14+H15+H16+H17+H18+H19+H20+H21+H22+H23+H24+H25+H26+H27+H28+H29+H30+H31) -> 10219 | I6: =(I8+I9+I10+I11+I12+I13+I14+I15+I16+I17+I18+I19+I20+I21+I22+I23+I24+I25+I26+I27+I28+I29+I30+I31) -> 10293 | J6: =(J8+J9+J10+J11+J12+J13+J14+J15+J16+J17+J18+J19+J20+J21+J22+J23+J24+J25+J26+J27+J28+J29+J30+J31) -> 11029 | ... Q6: =(Q8+Q9+Q10+Q11+Q12+Q13+Q14+Q15+Q16+Q17+Q18+Q19+Q20+Q21+Q22+Q23+Q24+Q25+Q26+Q27+Q28+Q29+Q30+Q31) -> 7742
B8: Tumbes | C8: 0 | D8: 0 | E8: 0 | F8: 0 | G8: 0 | H8: 0 | I8: 0 | J8: 0 | K8: 0 | L8: 0 | M8: 0 | N8: 0 | O8: 0 | P8: 0 | Q8: 0
B9: Piura | C9: 0 | D9: 0 | E9: 0 | F9: 0 | G9: 0 | H9: 114 | I9: 116 | J9: 57 | K9: 45 | L9: 44 | M9: 60 | N9: 61 | O9: 50 | P9: 24 | Q9: 17
B10: Lambayeque | C10: 0 | D10: 0 | E10: 0 | F10: 0 | G10: 0 | H10: 0 | I10: 0 | J10: 0 | K10: 0 | L10: 0 | M10: 0 | N10: 0 | O10: 0 | P10: 0 | Q10: 0
B11: La Libertad | C11: 640 | D11: 686 | E11: 689 | F11: 688 | G11: 703 | H11: 709 | I11: 721 | J11: 733 | K11: 732 | L11: 735 | M11: 690 | N11: 706 | O11: 706 | P11: 724 | Q11: 734
B12: Cajamarca | C12: 335 | D12: 330 | E12: 324 | F12: 302 | G12: 213 | H12: 142 | I12: 189 | J12: 228 | K12: 253 | L12: 194 | M12: 212 | N12: 192 | O12: 443 | P12: 407 | Q12: 286
B13: Amazonas | C13: 20 | D13: 23 | E13: 29 | F13: 7 | G13: 19 | H13: 18 | I13: 10 | J13: 11 | K13: 10 | L13: 10 | M13: 7 | N13: 4 | O13: 4 | P13: 4 | Q13: 3
B14: Ancash | C14: 63 | D14: 57 | E14: 47 | F14: 44 | G14: 10 | H14: 10 | I14: 49 | J14: 17 | K14: 7 | L14: 5 | M14: 11 | N14: 15 | O14: 10 | P14: 10 | Q14: 9
B15: Lima | C15: 57 | D15: 60 | E15: 83 | F15: 77 | G15: 87 | H15: 82 | I15: 122 | J15: 123 | K15: 59 | L15: 97 | M15: 107 | N15: 135 | O15: 96 | P15: 133 | Q15: 120
B16: Ica | C16: 0 | D16: 0 | E16: 0 | F16: 0 | G16: 0 | H16: 0 | I16: 0 | J16: 0 | K16: 0 | L16: 0 | M16: 0 | N16: 0 | O16: 0 | P16: 0 | Q16: 0
B17: Huánuco | C17: 666 | D17: 496 | E17: 362 | F17: 237 | G17: 251 | H17: 181 | I17: 97 | J17: 191 | K17: 342 | L17: 278 | M17: 278 | N17: 214 | O17: 245 | P17: 228 | Q17: 209
B18: Pasco | C18: 1130 | D18: 1204 | E18: 1157 | F18: 1211 | G18: 1162 | H18: 1311 | I18: 895 | J18: 1165 | K18: 1071 | L18: 724 | M18: 778 | N18: 600 | O18: 659 | P18: 691 | Q18: 646
B19: Junín | C19: 943 | D19: 971 | E19: 730 | F19: 872 | G19: 1048 | H19: 1104 | I19: 1097 | J19: 1110 | K19: 1052 | L19: 1154 | M19: 1179 | N19: 1208 | O19: 1260 | P19: 1252 | Q19: 1306
... B31: Madre de Dios | C31: 0 | D31: 0 | E31: 0 | F31: 0 | G31: 0 | H31: 0 | I31: 0 | J31: 0 | K31: 0 | L31: 0 | M31: 0 | N31: 0 | O31: 0 | P31: 0 | Q31: 0
A32: P Preliminar.
A33: Fuente:Direcciones Regionales de Agricultura.
A34: Elaboración: MInisterio de Agricultura y Riego - DGESEP - DEA.

Sheet C 31
A2: C.31 PERÚ: PRECIO RECIBIDO POR EL PRODUCTOR DE LANA DE OVINO POR AÑO SEGÚN REGIÓN, 2007-2019.
A3: (Soles x Kg)
A5: Región | C5: 2005 | D5: 2006 | E5: 2007 | F5: 2008 | G5: 2009 | H5: 2010 | I5: 2011 | J5: 2012 | K5: 2013 | L5: 2014 | M5: 2015 | N5: 2016 | O5: 2017 | P5: 2018 | Q5: 2019 P
A6: Promedio | C6: 3.77 | D6: 3.79 | E6: 4.33 | F6: 4.59 | G6: 4.03 | H6: 4.48 | I6: 4.88 | J6: 5.16 | K6: 5.62 | L6: 5.51 | M6: 5.45 | N6: 5.84 | O6: 6.18 | P6: 6.45 | Q6: 6.94
B8: Tumbes | C8: - | D8: - | E8: - | F8: - | G8: - | H8: - | I8: - | J8: - | K8: - | L8: - | M8: - | N8: - | O8: - | P8: - | Q8: -
B9: Piura | C9: - | D9: - | E9: - | F9: - | G9: - | H9: 5.34 | I9: 5.62 | J9: 6.37 | K9: 7.28 | L9: 6.23 | M9: 6.79 | N9: 6.83 | O9: 7.45 | P9: 7.27 | Q9: 7.36
B10: Lambayeque | C10: - | D10: - | E10: - | F10: - | G10: - | H10: - | I10: - | J10: - | K10: - | L10: - | M10: - | N10: - | O10: - | P10: - | Q10: -
B11: La Libertad | C11: 7.35 | D11: 5.3 | E11: 5.08 | F11: 6.45 | G11: 4.7 | H11: 4.9 | I11: 7.5 | J11: 7.31 | K11: 7.63 | L11: 7.63 | M11: 7.41 | N11: 7.42 | O11: 7.42 | P11: 7.29 | Q11: 7.28
B12: Cajamarca | C12: 4.98 | D12: 5.83 | E12: 7.02 | F12: 6.07 | G12: 6.07 | H12: 5.54 | I12: 6.22 | J12: 4.06 | K12: 6.92 | L12: 7.48 | M12: 6.89 | N12: 6.79 | O12: 7.02 | P12: 7.25 | Q12: 7.4
B13: Amazonas | C13: 4.85 | D13: 3.31 | E13: 8.53 | F13: 4.45 | G13: 6.56 | H13: 5.14 | I13: 6.66 | J13: 6.69 | K13: 6.48 | L13: 7.01 | M13: 6.77 | N13: 6.26 | O13: 6.88 | P13: 7.38 | Q13: 7.35
B14: Ancash | C14: 3.31 | D14: 3.39 | E14: 3.64 | F14: 4.65 | G14: 4.54 | H14: 5.66 | I14: 7.01 | J14: 6.12 | K14: 6.66 | L14: 6.79 | M14: 6.74 | N14: 6.48 | O14: 6.3 | P14: 6.3 | Q14: 7.32
B15: Lima | C15: 3.3 | D15: 3.28 | E15: 3.81 | F15: 4.11 | G15: 4.54 | H15: 3.88 | I15: 5.66 | J15: 5.83 | K15: 6.79 | L15: 5.56 | M15: 7.06 | N15: 7.23 | O15: 6.84 | P15: 7.52 | Q15: 7.41
B16: Ica | C16: - | D16: - | E16: - | F16: - | G16: - | H16: - | I16: - | J16: - | K16: - | L16: - | M16: - | N16: - | O16: - | P16: - | Q16: -
B17: Huánuco | C17: 3.53 | D17: 3.44 | E17: 3.55 | F17: 3.58 | G17: 3.77 | H17: 4.39 | I17: 4.76 | J17: 4.97 | K17: 6.32 | L17: 5.23 | M17: 5.87 | N17: 6.52 | O17: 6.71 | P17: 6.66 | Q17: 7.03
B18: Pasco | C18: 3.94 | D18: 3.3 | E18: 3.33 | F18: 3.55 | G18: 3.61 | H18: 4.17 | I18: 4.48 | J18: 4.78 | K18: 5 | L18: 5.46 | M18: 5.62 | N18: 6.31 | O18: 6.08 | P18: 6.17 | Q18: 6.82
B19: Junín | C19: 1.51 | D19: 2.01 | E19: 2.7 | F19: 3.63 | G19: 4.78 | H19: 5.8 | I19: 4.88 | J19: 3.45 | K19: 5.11 | L19: 4.74 | M19: 5.63 | N19: 5.77 | O19: 5.54 | P19: 6.05 | Q19: 6.91
B20: Huancavelica | C20: 1.7 | D20: 2.22 | E20: 2.67 | F20: 3.58 | G20: 5.54 | H20: 5.52 | I20: 3.43 | J20: 3.6 | K20: 5.03 | L20: 4.8 | M20: 5.47 | N20: 6.33 | O20: 5.83 | P20: 5.84 | Q20: 6.86
B21: Arequipa | C21: 2.25 | D21: 2.35 | E21: 2.72 | F21: 2.5 | G21: 2.93 | H21: 3.88 | I21: 4.55 | J21: 5.35 | K21: 5.06 | L21: 5.04 | M21: 5.92 | N21: 6.13 | O21: 4.76 | P21: 6.19 | Q21: 6.96
B22: Moquegua | C22: 2.49 | D22: 3.27 | E22: 3.12 | F22: 2.21 | G22: 3.37 | H22: 3.89 | I22: 5.7 | J22: 0 | K22: 5.73 | L22: 5.29 | M22: 6.22 | N22: 6.49 | O22: 6.43 | P22: 6.16 | Q22: 7.38
B23: Tacna | O23: - | P23: - | Q23: V
B24: Ayacucho | C24: 4.28 | D24: 4.08 | E24: 4.47 | F24: 5.72 | G24: 6.17 | H24: 6.22 | I24: 5.63 | J24: 2.64 | K24: 5.79 | L24: 5.24 | M24: 4.88 | N24: 4.9 | O24: 6.11 | P24: 5.55 | Q24: 6.02
B25: Apurímac | C25: 2.65 | D25: 3.28 | E25: 4 | F25: 5.51 | G25: 4.83 | H25: 5.64 | I25: 4.66 | J25: 5.38 | K25: 5.41 | L25: 5.19 | M25: 4.92 | N25: 5.33 | O25: 5.64 | P25: 5.95 | Q25: 6.17
B26: Cusco | C26: 3.78 | D26: 4.16 | E26: 5.24 | F26: 5.33 | G26: 4.39 | H26: 5.77 | I26: 7.02 | J26: 5.84 | K26: 5.98 | L26: 4.97 | M26: 5.33 | N26: 6.17 | O26: 5.73 | P26: 5.78 | Q26: 6.13
B27: Puno | C27: 4.07 | D27: 4.14 | E27: 4.56 | F27: 4.62 | G27: 3.43 | H27: 3.79 | I27: 4.27 | J27: 5.55 | K27: 5.42 | L27: 5.47 | M27: 4.96 | N27: 5.42 | O27: 6.19 | P27: 6.63 | Q27: 7.11
B28: San Martín | C28: - | D28: - | E28: - | F28: - | G28: - | H28: - | I28: - | J28: - | K28: - | L28: - | M28: - | N28: - | O28: - | P28: - | Q28: -
B29: Loreto | C29: - | D29: - | E29: - | F29: - | G29: - | H29: - | I29: - | J29: - | K29: - | L29: - | M29: - | N29: - | O29: - | P29: - | Q29: -
B30: Ucayali | C30: - | D30: - | E30: - | F30: - | G30: - | H30: - | I30: - | J30: - | K30: - | L30: - | M30: - | N30: - | O30: - | P30: - | Q30: -
B31: Madre de Dios | C31: - | D31: - | E31: - | F31: - | G31: - | H31: - | I31: - | J31: - | K31: - | L31: - | M31: - | N31: - | O31: - | P31: - | Q31: -
A32: P Preliminar.
A33: Fuente:Direcciones Regionales de Agricultura.
A34: Elaboración: MInisterio de Agricultura y Riego - DGESEP - DEA.

Sheet C 32
A2: C.32 PERÚ: POBLACIÓN DE PORCINOS POR AÑO SEGÚN REGIÓN, 2007-2019.
A3: (Unidades)
A5: Región | C5: 2005 | D5: 2006 | E5: 2007 | F5: 2008 | G5: 2009 | H5: 2010 | I5: 2011 | J5: 2012 | K5: 2013 | L5: 2014 | M5: 2015 | N5: 2016 | O5: 2017 | P5: 2018 | Q5: 2019 P
A6: Total Nacional | C6: =(C8+C9+C10+C11+C12+C13+C14+C15+C16+C17+C18+C19+C20+C21+C22+C23+C24+C25+C26+C27+C28+C29+C30+C31) -> 3010724 | D6: =(D8+D9+D10+D11+D12+D13+D14+D15+D16+D17+D18+D19+D20+D21+D22+D23+D24+D25+D26+D27+D28+D29+D30+D31) -> 3073855 | E6: =(E8+E9+E10+E11+E12+E13+E14+E15+E16+E17+E18+E19+E20+E21+E22+E23+E24+E25+E26+E27+E28+E29+E30+E31) -> 3115772 | F6: =(F8+F9+F10+F11+F12+F13+F14+F15+F16+F17+F18+F19+F20+F21+F22+F23+F24+F25+F26+F27+F28+F29+F30+F31) -> 3151406 | G6: =(G8+G9+G10+G11+G12+G13+G14+G15+G16+G17+G18+G19+G20+G21+G22+G23+G24+G25+G26+G27+G28+G29+G30+G31) -> 3256809 | H6: =(H8+H9+H10+H11+H12+H13+H14+H15+H16+H17+H18+H19+H20+H21+H22+H23+H24+H25+H26+H27+H28+H29+H30+H31) -> 3254412 | I6: =(I8+I9+I10+I11+I12+I13+I14+I15+I16+I17+I18+I19+I20+I21+I22+I23+I24+I25+I26+I27+I28+I29+I30+I31) -> 3263254 | J6: =(J8+J9+J10+J11+J12+J13+J14+J15+J16+J17+J18+J19+J20+J21+J22+J23+J24+J25+J26+J27+J28+J29+J30+J31) -> 2987315 | ... Q6: =(Q8+Q9+Q10+Q11+Q12+Q13+Q14+Q15+Q16+Q17+Q18+Q19+Q20+Q21+Q22+Q23+Q24+Q25+Q26+Q27+Q28+Q29+Q30+Q31) -> 3258809
B8: Tumbes | C8: 15890 | D8: 13500 | E8: 14900 | F8: 17100 | G8: 18200 | H8: 20593 | I8: 20030 | J8: 18590 | K8: 31639 | L8: 31980 | M8: 28566 | N8: 29748 | O8: 30480 | P8: 29540 | Q8: 30010
B9: Piura | C9: 173054 | D9: 174000 | E9: 174958 | F9: 171344 | G9: 193831 | H9: 198118 | I9: 199520 | J9: 140298 | K9: 179945 | L9: 186647 | M9: 191114 | N9: 159009 | O9: 169531 | P9: 170860 | Q9: 167860
B10: Lambayeque | C10: 62000 | D10: 58400 | E10: 66583 | F10: 79393 | G10: 81100 | H10: 79495 | I10: 80365 | J10: 56964 | K10: 67510 | L10: 69264 | M10: 72480 | N10: 88160 | O10: 68810 | P10: 74560 | Q10: 73428
B11: La Libertad | C11: 160798 | D11: 160465 | E11: 162269 | F11: 162444 | G11: 161442 | H11: 159466 | I11: 159681 | J11: 162069 | K11: 157211 | L11: 119141 | M11: 111419 | N11: 116911 | O11: 113018 | P11: 113664 | Q11: 113341
B12: Cajamarca | C12: 202298 | D12: 215757 | E12: 239461 | F12: 249820 | G12: 250340 | H12: 245535 | I12: 255432 | J12: 251689 | K12: 278439 | L12: 304430 | M12: 304105 | N12: 287457 | O12: 297734 | P12: 295410 | Q12: 288252
B13: Amazonas | C13: 45553 | D13: 50500 | E13: 53874 | F13: 58488 | G13: 59100 | H13: 64896 | I13: 70916 | J13: 71548 | K13: 74617 | L13: 75528 | M13: 77261 | N13: 84502 | O13: 85690 | P13: 83710 | Q13: 85700
B14: Ancash | C14: 171696 | D14: 165436 | E14: 162067 | F14: 174756 | G14: 181032 | H14: 180997 | I14: 181021 | J14: 182009 | K14: 185348 | L14: 179640 | M14: 184777 | N14: 174016 | O14: 170334 | P14: 172620 | Q14: 171477
B15: Lima | C15: 417780 | D15: 415000 | E15: 391175 | F15: 390670 | G15: 395300 | H15: 402985 | I15: 404507 | J15: 455740 | K15: 430570 | L15: 457793 | M15: 462797 | N15: 450072 | O15: 460253 | P15: 469546 | Q15: 464900
B16: Ica | C16: 22684 | D16: 21690 | E16: 21548 | F16: 22290 | G16: 30790 | H16: 32800 | I16: 32998 | J16: 36673 | K16: 34648 | L16: 44196 | M16: 48256 | N16: 51510 | O16: 54124 | P16: 66840 | Q16: 102767
B17: Huánuco | C17: 352051 | D17: 388866 | E17: 407065 | F17: 379247 | G17: 380150 | H17: 371476 | I17: 339405 | J17: 219320 | K17: 318436 | L17: 392998 | M17: 402607 | N17: 403917 | O17: 405230 | P17: 406220 | Q17: 405725
B18: Pasco | C18: 119154 | D18: 117838 | E18: 122330 | F18: 123587 | G18: 124821 | H18: 127325 | I18: 129039 | J18: 110339 | K18: 98671 | L18: 89157 | M18: 89872 | N18: 51355 | O18: 51993 | P18: 55140 | Q18: 53567
B19: Junín | C19: 107640 | D19: 105560 | E19: 106600 | F19: 106692 | G19: 110100 | H19: 117318 | I19: 121673 | J19: 146182 | K19: 158559 | L19: 142667 | M19: 152638 | N19: 154609 | O19: 168586 | P19: 175222 | Q19: 171904
... B31: Madre de Dios | C31: 16968 | D31: 17439 | E31: 16952 | F31: 17640 | G31: 18069 | H31: 12537 | I31: 13253 | J31: 12895 | K31: 15765 | L31: 14330 | M31: 12476 | N31: 13100 | O31: 13750 | P31: 13240 | Q31: 13495
A32: P Preliminar.
A33: Fuente:Direcciones Regionales de Agricultura.
A34: Elaboración: MInisterio de Agricultura y Riego - DGESEP - DEA.

Sheet C 33
A2: C.33 PERÚ: PRODUCCIÓN DE PORCINOs POR AÑO SEGÚN REGIÓN, 2007-2019.
A3: (Unidades)
A5: Región | C5: 2005 | D5: 2006 | E5: 2007 | F5: 2008 | G5: 2009 | H5: 2010 | I5: 2011 | J5: 2012 | K5: 2013 | L5: 2014 | M5: 2015 | N5: 2016 | O5: 2017 | P5: 2018 | Q5: 2019 P
A6: Total Nacional | C6: =(C8+C9+C10+C11+C12+C13+C14+C15+C16+C17+C18+C19+C20+C21+C22+C23+C24+C25+C26+C27+C28+C29+C30+C31) -> 1991346 | D6: =(D8+D9+D10+D11+D12+D13+D14+D15+D16+D17+D18+D19+D20+D21+D22+D23+D24+D25+D26+D27+D28+D29+D30+D31) -> 2074715 | E6: =(E8+E9+E10+E11+E12+E13+E14+E15+E16+E17+E18+E19+E20+E21+E22+E23+E24+E25+E26+E27+E28+E29+E30+E31) -> 2153141 | F6: =(F8+F9+F10+F11+F12+F13+F14+F15+F16+F17+F18+F19+F20+F21+F22+F23+F24+F25+F26+F27+F28+F29+F30+F31) -> 2131518 | G6: =(G8+G9+G10+G11+G12+G13+G14+G15+G16+G17+G18+G19+G20+G21+G22+G23+G24+G25+G26+G27+G28+G29+G30+G31) -> 2213057 | H6: =(H8+H9+H10+H11+H12+H13+H14+H15+H16+H17+H18+H19+H20+H21+H22+H23+H24+H25+H26+H27+H28+H29+H30+H31) -> 2186978 | I6: =(I8+I9+I10+I11+I12+I13+I14+I15+I16+I17+I18+I19+I20+I21+I22+I23+I24+I25+I26+I27+I28+I29+I30+I31) -> 2298432 | J6: =(J8+J9+J10+J11+J12+J13+J14+J15+J16+J17+J18+J19+J20+J21+J22+J23+J24+J25+J26+J27+J28+J29+J30+J31) -> 2401633 | ... Q6: =(Q8+Q9+Q10+Q11+Q12+Q13+Q14+Q15+Q16+Q17+Q18+Q19+Q20+Q21+Q22+Q23+Q24+Q25+Q26+Q27+Q28+Q29+Q30+Q31) -> 3284607
B8: Tumbes | C8: 5736 | D8: 7869 | E8: 9080 | F8: 10918 | G8: 11209 | H8: 14190 | I8: 15640 | J8: 19998 | K8: 24652 | L8: 21552 | M8: 20650 | N8: 6572 | O8: 7991 | P8: 6650 | Q8: 6339
B9: Piura | C9: 152979 | D9: 170014 | E9: 145669 | F9: 149359 | G9: 135724 | H9: 137639 | I9: 122597 | J9: 139342 | K9: 130455 | L9: 120101 | M9: 112784 | N9: 90860 | O9: 110734 | P9: 105011 | Q9: 113620
B10: Lambayeque | C10: 33542 | D10: 31247 | E10: 39613 | F10: 26657 | G10: 27764 | H10: 29463 | I10: 29848 | J10: 28328 | K10: 32765 | L10: 34051 | M10: 28202 | N10: 29575 | O10: 29483 | P10: 30218 | Q10: 31654
B11: La Libertad | C11: 139090 | D11: 144342 | E11: 150446 | F11: 154816 | G11: 160211 | H11: 166714 | I11: 175710 | J11: 178913 | K11: 185442 | L11: 234537 | M11: 253558 | N11: 264408 | O11: 298028 | P11: 306250 | Q11: 309578
B12: Cajamarca | C12: 84639 | D12: 98925 | E12: 105153 | F12: 105587 | G12: 108232 | H12: 116202 | I12: 119828 | J12: 119415 | K12: 142525 | L12: 148397 | M12: 162359 | N12: 155454 | O12: 147970 | P12: 145709 | Q12: 150866
B13: Amazonas | C13: 18668 | D13: 19397 | E13: 19950 | F13: 19849 | G13: 20993 | H13: 22991 | I13: 23235 | J13: 24958 | K13: 27777 | L13: 29076 | M13: 28474 | N13: 31085 | O13: 33563 | P13: 33636 | Q13: 34042
B14: Ancash | C14: 34091 | D14: 32063 | E14: 30399 | F14: 30933 | G14: 32536 | H14: 33286 | I14: 34841 | J14: 35664 | K14: 36073 | L14: 36192 | M14: 38450 | N14: 41738 | O14: 42272 | P14: 49016 | Q14: 49555
B15: Lima | C15: 670896 | D15: 687025 | E15: 752628 | F15: 750189 | G15: 806438 | H15: 716445 | I15: 771492 | J15: 815897 | K15: 871136 | L15: 929600 | M15: 989849 | N15: 1027092 | O15: 1132149 | P15: 1127542 | Q15: 1178439
B16: Ica | C16: 33677 | D16: 32195 | E16: 10888 | F16: 24262 | G16: 27101 | H16: 34977 | I16: 38138 | J16: 33913 | K16: 33367 | L16: 41179 | M16: 51202 | N16: 66046 | O16: 93401 | P16: 102194 | Q16: 212080
B17: Huánuco | C17: 207248 | D17: 212324 | E17: 213191 | F17: 208343 | G17: 216791 | H17: 211314 | I17: 186646 | J17: 168580 | K17: 157253 | L17: 178281 | M17: 186154 | N17: 195634 | O17: 207816 | P17: 219610 | Q17: 208424
B18: Pasco | C18: 42504 | D18: 57967 | E18: 62155 | F18: 48615 | G18: 57733 | H18: 63216 | I18: 68788 | J18: 70533 | K18: 60559 | L18: 54680 | M18: 50254 | N18: 31465 | O18: 34316 | P18: 34195 | Q18: 36228
B19: Junín | C19: 59570 | D19: 58120 | E19: 58844 | F19: 54863 | G19: 54207 | H19: 62646 | I19: 64691 | J19: 72184 | K19: 80903 | L19: 83141 | M19: 88757 | N19: 97680 | O19: 106651 | P19: 102607 | Q19: 114371
... B31: Madre de Dios | C31: 4175 | D31: 4068 | E31: 4126 | F31: 4681 | G31: 6082 | H31: 4741 | I31: 5301 | J31: 6265 | K31: 7114 | L31: 7908 | M31: 7764 | N31: 11893 | O31: 14155 | P31: 14474 | Q31: 17517
A32: P Preliminar.
A33: Fuente:Direcciones Regionales de Agricultura.
A34: Elaboración: MInisterio de Agricultura y Riego - DGESEP - DEA.

Sheet C 34
A2: C.34 PERÚ: PRODUCCIÓN DE CARNE DE PORCINO POR AÑO SEGÚN REGIÓN, 2007-2019.
A3: (Toneladas)
A5: Región | C5: 2005 | D5: 2006 | E5: 2007 | F5: 2008 | G5: 2009 | H5: 2010 | I5: 2011 | J5: 2012 | K5: 2013 | L5: 2014 | M5: 2015 | N5: 2016 | O5: 2017 | P5: 2018 | Q5: 2019 P
A6: Total Nacional | C6: =(C8+C9+C10+C11+C12+C13+C14+C15+C16+C17+C18+C19+C20+C21+C22+C23+C24+C25+C26+C27+C28+C29+C30+C31) -> 104254 | D6: =(D8+D9+D10+D11+D12+D13+D14+D15+D16+D17+D18+D19+D20+D21+D22+D23+D24+D25+D26+D27+D28+D29+D30+D31) -> 109012 | E6: =(E8+E9+E10+E11+E12+E13+E14+E15+E16+E17+E18+E19+E20+E21+E22+E23+E24+E25+E26+E27+E28+E29+E30+E31) -> 114520 | F6: =(F8+F9+F10+F11+F12+F13+F14+F15+F16+F17+F18+F19+F20+F21+F22+F23+F24+F25+F26+F27+F28+F29+F30+F31) -> 115197 | G6: =(G8+G9+G10+G11+G12+G13+G14+G15+G16+G17+G18+G19+G20+G21+G22+G23+G24+G25+G26+G27+G28+G29+G30+G31) -> 114717 | H6: =(H8+H9+H10+H11+H12+H13+H14+H15+H16+H17+H18+H19+H20+H21+H22+H23+H24+H25+H26+H27+H28+H29+H30+H31) -> 115654 | I6: =(I8+I9+I10+I11+I12+I13+I14+I15+I16+I17+I18+I19+I20+I21+I22+I23+I24+I25+I26+I27+I28+I29+I30+I31) -> 117588 | J6: =(J8+J9+J10+J11+J12+J13+J14+J15+J16+J17+J18+J19+J20+J21+J22+J23+J24+J25+J26+J27+J28+J29+J30+J31) -> 122352 | ... Q6: =(Q8+Q9+Q10+Q11+Q12+Q13+Q14+Q15+Q16+Q17+Q18+Q19+Q20+Q21+Q22+Q23+Q24+Q25+Q26+Q27+Q28+Q29+Q30+Q31) -> 173258
B8: Tumbes | C8: 190 | D8: 228 | E8: 306 | F8: 408 | G8: 420 | H8: 582 | I8: 626 | J8: 863 | K8: 998 | L8: 827 | M8: 780 | N8: 316 | O8: 398 | P8: 279 | Q8: 345
B9: Piura | C9: 6387 | D9: 7231 | E9: 6857 | F9: 6388 | G9: 6499 | H9: 7171 | I9: 6138 | J9: 5969 | K9: 5987 | L9: 5651 | M9: 6266 | N9: 4635 | O9: 4739 | P9: 5048 | Q9: 5825
B10: Lambayeque | C10: 1565 | D10: 1452 | E10: 2022 | F10: 1210 | G10: 1214 | H10: 1283 | I10: 1480 | J10: 1244 | K10: 1317 | L10: 1486 | M10: 1400 | N10: 1529 | O10: 1665 | P10: 1732 | Q10: 1721
B11: La Libertad | C11: 8050 | D11: 8378 | E11: 8663 | F11: 8965 | G11: 9251 | H11: 9748 | I11: 10226 | J11: 10412 | K11: 10789 | L11: 14105 | M11: 14504 | N11: 15047 | O11: 16879 | P11: 17459 | Q11: 17654
B12: Cajamarca | C12: 3547 | D12: 4158 | E12: 4663 | F12: 4426 | G12: 4781 | H12: 5128 | I12: 5122 | J12: 4931 | K12: 5786 | L12: 5981 | M12: 6169 | N12: 6590 | O12: 6393 | P12: 6251 | Q12: 6484
B13: Amazonas | C13: 994 | D13: 1085 | E13: 1109 | F13: 1052 | G13: 1129 | H13: 1202 | I13: 1227 | J13: 1340 | K13: 1470 | L13: 1551 | M13: 1537 | N13: 1662 | O13: 1712 | P13: 1781 | Q13: 1806
B14: Ancash | C14: 1095 | D14: 1048 | E14: 976 | F14: 994 | G14: 1043 | H14: 1068 | I14: 1133 | J14: 1168 | K14: 1186 | L14: 1190 | M14: 1265 | N14: 1375 | O14: 1375 | P14: 1579 | Q14: 1593
B15: Lima | C15: 45295 | D15: 46669 | E15: 50069 | F15: 51802 | G15: 49670 | H15: 47735 | I15: 48882 | J15: 51971 | K15: 55446 | L15: 59187 | M15: 62813 | N15: 65479 | O15: 71500 | P15: 72791 | Q15: 74813
B16: Ica | C16: 1343 | D16: 1336 | E16: 637 | F16: 1621 | G16: 1825 | H16: 1971 | I16: 2174 | J16: 2249 | K16: 2218 | L16: 2514 | M16: 3494 | N16: 3621 | O16: 3935 | P16: 4101 | Q16: 11484
B17: Huánuco | C17: 11654 | D17: 12043 | E17: 12160 | F17: 11073 | G17: 10418 | H17: 9920 | I17: 7964 | J17: 6312 | K17: 5409 | L17: 5745 | M17: 6100 | N17: 6628 | O17: 6784 | P17: 7946 | Q17: 8079
B18: Pasco | C18: 1361 | D18: 1971 | E18: 1937 | F18: 2049 | G18: 2281 | H18: 2221 | I18: 2347 | J18: 2450 | K18: 2045 | L18: 1878 | M18: 1755 | N18: 1144 | O18: 1265 | P18: 1345 | Q18: 1328
B19: Junín | C19: 2414 | D19: 2351 | E19: 2407 | F19: 2227 | G19: 2346 | H19: 2576 | I19: 2678 | J19: 3045 | K19: 3434 | L19: 3479 | M19: 3695 | N19: 4081 | O19: 4447 | P19: 4347 | Q19: 4855
... B31: Madre de Dios | C31: 161 | D31: 156 | E31: 171 | F31: 188 | G31: 268 | H31: 216 | I31: 178 | J31: 254 | K31: 275 | L31: 300 | M31: 354 | N31: 798 | O31: 917 | P31: 902 | Q31: 1050
A32: P Preliminar.
A33: Fuente:Direcciones Regionales de Agricultura.
A34: Elaboración: MInisterio de Agricultura y Riego - DGESEP - DEA.

Sheet C 35
A2: C.35 PERÚ: PRECIO RECIBIDO POR EL PRODUCTOR DE PORCINOS POR AÑO SEGÚN REGIÓN, 2007-2019.
A3: (Soles x Kg)
A5: Región | C5: 2005 | D5: 2006 | E5: 2007 | F5: 2008 | G5: 2009 | H5: 2010 | I5: 2011 | J5: 2012 | K5: 2013 | L5: 2014 | M5: 2015 | N5: 2016 | O5: 2017 | P5: 2018 | Q5: 2019 P
A6: Promedio | C6: 3.43 | D6: 3.47 | E6: 3.5 | F6: 3.8 | G6: 4.12 | H6: 4.25 | I6: 5.05 | J6: 5.24 | K6: 5.91 | L6: 6.08 | M6: 6.43 | N6: 6.8 | O6: 6.97 | P6: 7.05 | Q6: 6.95
B8: Tumbes | C8: 3.6 | D8: 3.49 | E8: 3.47 | F8: 3.67 | G8: 3.75 | H8: 3.42 | I8: 3.45 | J8: 3.75 | K8: 4.99 | L8: 6.56 | M8: 6.61 | N8: 6.45 | O8: 6.21 | P8: 5.9 | Q8: 5.91
B9: Piura | C9: 3.11 | D9: 3.22 | E9: 3.27 | F9: 3.93 | G9: 4.05 | H9: 3.45 | I9: 3.58 | J9: 4.21 | K9: 4.38 | L9: 6.6 | M9: 6.38 | N9: 6.81 | O9: 6.61 | P9: 6.75 | Q9: 6.76
B10: Lambayeque | C10: 3.36 | D10: 3.74 | E10: 3.59 | F10: 3.5 | G10: 4 | H10: 3.84 | I10: 4.15 | J10: 4.32 | K10: 4.46 | L10: 6.72 | M10: 6.53 | N10: 6.7 | O10: 6.68 | P10: 6.88 | Q10: 6.88
B11: La Libertad | C11: 3.51 | D11: 3.31 | E11: 3.39 | F11: 3.75 | G11: 3.67 | H11: 3.67 | I11: 3.82 | J11: 4.58 | K11: 7.19 | L11: 7.19 | M11: 7.16 | N11: 7.15 | O11: 7.82 | P11: 7.72 | Q11: 7.69
B12: Cajamarca | C12: 3.67 | D12: 3.57 | E12: 3.62 | F12: 3.81 | G12: 3.95 | H12: 4.44 | I12: 4 | J12: 4.32 | K12: 4.56 | L12: 5.81 | M12: 6.07 | N12: 6.38 | O12: 6.1 | P12: 6.19 | Q12: 5.92
B13: Amazonas | C13: 3.61 | D13: 3.61 | E13: 3.77 | F13: 3.75 | G13: 3.94 | H13: 3.95 | I13: 4.79 | J13: 4.4 | K13: 4.58 | L13: 6.2 | M13: 5.25 | N13: 5.63 | O13: 5.76 | P13: 6.1 | Q13: 6.15
B14: Ancash | C14: 3.32 | D14: 3.35 | E14: 3.69 | F14: 3.83 | G14: 4.09 | H14: 4.43 | I14: 4.15 | J14: 4.28 | K14: 5.57 | L14: 7.23 | M14: 6.79 | N14: 6.66 | O14: 6.27 | P14: 7.02 | Q14: 6.97
B15: Lima | C15: 3.53 | D15: 3.6 | E15: 3.55 | F15: 3.85 | G15: 4.3 | H15: 4.3 | I15: 5.22 | J15: 5.33 | K15: 6.03 | L15: 5.67 | M15: 5.78 | N15: 6.32 | O15: 6.49 | P15: 6.72 | Q15: 6.71
B16: Ica | C16: 2.38 | D16: 2.49 | E16: 2.94 | F16: 4.03 | G16: 4.34 | H16: 4.69 | I16: 6.32 | J16: 6.9 | K16: 7.55 | L16: 5.92 | M16: 6.04 | N16: 7.14 | O16: 6.15 | P16: 6.47 | Q16: 6.39
B17: Huánuco | C17: 3.5 | D17: 3.46 | E17: 3.54 | F17: 3.62 | G17: 4.02 | H17: 4.36 | I17: 6.21 | J17: 5.87 | K17: 6.13 | L17: 6.68 | M17: 7.29 | N17: 7.12 | O17: 6.84 | P17: 7.12 | Q17: 7.06
B18: Pasco | C18: 2.63 | D18: 2.75 | E18: 3.39 | F18: 3.62 | G18: 3.84 | H18: 4.14 | I18: 5.64 | J18: 5.92 | K18: 5.69 | L18: 6.69 | M18: 6.22 | N18: 6.1 | O18: 6.22 | P18: 6.4 | Q18: 6.31
B19: Junín | C19: 2.82 | D19: 2.91 | E19: 3.13 | F19: 4.07 | G19: 3.96 | H19: 5.04 | I19: 6.48 | J19: 5.17 | K19: 5.58 | L19: 5.72 | M19: 6.35 | N19: 7.15 | O19: 6.8 | P19: 6.75 | Q19: 6.73
... B31: Madre de Dios | C31: 3.88 | D31: 3.89 | E31: 3.95 | F31: 4.01 | G31: 4.36 | H31: 4.61 | I31: 6.14 | J31: 6.85 | K31: 6.28 | L31: 6.22 | M31: 6.59 | N31: 6.47 | O31: 6.47 | P31: 6.32 | Q31: 6.37
A32: P Preliminar.
A33: Fuente:Direcciones Regionales de Agricultura.
A34: Elaboración: MInisterio de Agricultura y Riego - DGESEP - DEA.

Sheet C 36
A2: C.36 PERÚ: POBLACIÓN DE ALPACAS POR AÑO SEGÚN REGIÓN, 2007-2019.
A3: (Unidades)
A5: Región | C5: 2005 | D5: 2006 | E5: 2007 | F5: 2008 | G5: 2009 | H5: 2010 | I5: 2011 | J5: 2012 | K5: 2013 | L5: 2014 | M5: 2015 | N5: 2016 | O5: 2017 | P5: 2018 | Q5: 2019 P
A6: Total Nacional | C6: =(C8+C9+C10+C11+C12+C13+C14+C15+C16+C17+C18+C19+C20+C21+C22+C23+C24+C25+C26+C27+C28+C29+C30+C31) -> 3594515 | D6: =(D8+D9+D10+D11+D12+D13+D14+D15+D16+D17+D18+D19+D20+D21+D22+D23+D24+D25+D26+D27+D28+D29+D30+D31) -> 3625627 | E6: 3687340 | F6: 3780806 | G6: 4105582 | H6: 4177499 | I6: 4322258 | J6: 3927361 | K6: 4005315 | L6: 4315793 | M6: 4318457 | N6: 4319228 | O6: 4330710 | P6: 4384848 | Q6: 4449505
B8: Tumbes | C8: 0 | D8: 0 | E8: - | F8: - | G8: - | H8: - | I8: - | J8: - | K8: - | L8: - | M8: - | N8: - | O8: - | P8: - | Q8: -
B9: Piura | C9: 0 | D9: 0 | E9: - | F9: - | G9: - | H9: - | I9: - | J9: - | K9: - | L9: - | M9: 135 | N9: 82 | O9: 79 | P9: 97 | Q9: 100
B10: Lambayeque | C10: 0 | D10: 0 | E10: - | F10: - | G10: - | H10: - | I10: - | J10: - | K10: - | L10: - | M10: - | N10: - | O10: - | P10: - | Q10: -
B11: La Libertad | C11: 7505 | D11: 7529 | E11: 7913 | F11: 7815 | G11: 7740 | H11: 7624 | I11: 8018 | J11: 7767 | K11: 7878 | L11: 7902 | M11: 7998 | N11: 7999 | O11: 7851 | P11: 7562 | Q11: 7710
B12: Cajamarca | C12: 1333 | D12: 1285 | E12: 1380 | F12: 1200 | G12: 1280 | H12: 1296 | I12: 1120 | J12: 1120 | K12: 1210 | L12: 1165 | M12: 1190 | N12: 1150 | O12: 1180 | P12: 1173 | Q12: 1190
B13: Amazonas | C13: 0 | D13: 0 | E13: - | F13: - | G13: - | H13: - | I13: - | J13: - | K13: - | L13: - | M13: - | N13: - | O13: - | Q13: -
B14: Ancash | C14: 12142 | D14: 11815 | E14: 12085 | F14: 12071 | G14: 11547 | H14: 11932 | I14: 11844 | J14: 10120 | K14: 8310 | L14: 10294 | M14: 9715 | N14: 10201 | O14: 10320 | P14: 10080 | Q14: 10200
B15: Lima | C15: 34173 | D15: 31300 | E15: 33948 | F15: 33888 | G15: 32560 | H15: 33174 | I15: 37345 | J15: 35259 | K15: 36140 | L15: 37044 | M15: 39756 | N15: 40511 | O15: 46625 | P15: 46870 | Q15: 46625
B16: Ica | C16: 0 | D16: 0 | E16: - | F16: - | G16: - | H16: - | I16: - | J16: - | K16: - | L16: - | M16: - | N16: - | O16: - | P16: - | Q16: -
B17: Huánuco | C17: 2637 | D17: 2583 | E17: 4386 | F17: 4343 | G17: 4200 | H17: 3630 | I17: 3250 | J17: 4151 | K17: 5072 | L17: 5173 | M17: 5915 | N17: 6967 | O17: 6850 | P17: 6670 | Q17: 6760
B18: Pasco | C18: 31823 | D18: 32205 | E18: 35557 | F18: 44657 | G18: 48902 | H18: 66112 | I18: 69640 | J18: 89091 | K18: 97491 | L18: 108023 | M18: 116664 | N18: 125956 | O18: 133225 | P18: 128330 | Q18: 130778
B19: Junín | C19: 36687 | D19: 38717 | E19: 40707 | F19: 35115 | G19: 36000 | H19: 39445 | I19: 45498 | J19: 84791 | K19: 88418 | L19: 90222 | M19: 81434 | N19: 82535 | O19: 91678 | P19: 96543 | Q19: 94111
B20: Huancavelica | C20: 223704 | D20: 224045 | E20: 224720 | F20: 220709 | G20: 246980 | H20: 243032 | I20: 245816 | J20: 225470 | K20: 269650 | L20: 258403 | M20: 264220 | N20: 273249 | O20: 252713 | P20: 263410 | Q20: 270053
B21: Arequipa | C21: 346625 | D21: 357461 | E21: 356776 | F21: 357866 | G21: 491768 | H21: 486110 | I21: 494004 | J21: 500211 | K21: 466010 | L21: 465020 | M21: 442336 | N21: 430271 | O21: 421292 | P21: 422680 | Q21: 430134
B22: Moquegua | C22: 75189 | D22: 83042 | E22: 97966 | F22: 88220 | G22: 89200 | H22: 88723 | I22: 93947 | J22: 91335 | K22: 92410 | L22: 147535 | M22: 140718 | N22: 147754 | O22: 145310 | P22: 144630 | Q22: 144970
B23: Tacna | C23: 40000 | D23: 40830 | E23: 39670 | F23: 40736 | G23: 44282 | H23: 54328 | I23: 55078 | J23: 54141 | K23: 77515 | L23: 80352 | M23: 74512 | N23: 78238 | O23: 78245 | P23: 75869 | Q23: 77057
B24: Ayacucho | C24: 193467 | D24: 156155 | E24: 166666 | F24: 191739 | G24: 203016 | H24: 194281 | I24: 220945 | J24: 203520 | K24: 209947 | L24: 261049 | M24: 267950 | N24: 255377 | O24: 209143 | P24: 259727 | Q24: 309833
B25: Apurímac | C25: 149250 | D25: 188860 | E25: 184766 | F25: 191249 | G25: 193122 | H25: 191449 | I25: 188587 | J25: 203967 | K25: 212360 | L25: 207969 | M25: 215490 | N25: 216265 | O25: 215050 | P25: 215602 | Q25: 215340
B26: Cusco | C26: 453190 | D26: 450200 | E26: 454200 | F26: 485468 | G26: 553985 | H26: 584483 | I26: 654726 | J26: 608978 | K26: 552509 | L26: 569352 | M26: 577964 | N26: 610184 | O26: 674939 | P26: 671585 | Q26: 669365
B27: Puno | C27: 1986790 | D27: 1999600 | E27: 2026600 | F27: 2065730 | G27: 2141000 | H27: 2171880 | I27: 2192440 | J27: 1807440 | K27: 1880395 | L27: 2066290 | M27: 2072460 | N27: 2032490 | O27: 2036210 | P27: 2034020 | Q27: 2035280
B28: San Martín | C28: 0 | D28: 0 | E28: - | F28: - | G28: - | H28: - | I28: - | J28: - | K28: - | L28: - | M28: - | N28: - | O28: - | P28: - | Q28: -
B29: Loreto | C29: 0 | D29: 0 | E29: - | F29: - | G29: - | H29: - | I29: - | J29: - | K29: - | L29: - | M29: - | N29: - | O29: - | P29: - | Q29: -
B30: Ucayali | C30: 0 | D30: 0 | E30: - | F30: - | G30: - | H30: - | I30: - | J30: - | K30: - | L30: - | M30: - | N30: - | O30: - | P30: - | Q30: -
B31: Madre de Dios | C31: 0 | D31: 0 | E31: - | F31: - | G31: - | H31: - | I31: - | J31: - | K31: - | L31: - | M31: - | N31: - | O31: - | P31: - | Q31: -
A32: P Preliminar.
A33: Fuente:Direcciones Regionales de Agricultura.
A34: Elaboración: MInisterio de Agricultura y Riego - DGESEP - DEA.

Sheet C 37
A2: C.37 PERÚ: PRODUCCIÓN DE ALPACAS POR AÑO SEGÚN REGION REGIÓN, 2007-2019.
A3: (Unidades)
A5: Región | C5: 2005 | D5: 2006 | E5: 2007 | F5: 2008 | G5: 2009 | H5: 2010 | I5: 2011 | J5: 2012 | K5: 2013 | L5: 2014 | M5: 2015 | N5: 2016 | O5: 2017 | P5: 2018 | Q5: 2019 P
A6: Total Nacional | C6: =(C8+C9+C10+C11+C12+C13+C14+C15+C16+C17+C18+C19+C20+C21+C22+C23+C24+C25+C26+C27+C28+C29+C30+C31) -> 321478 | D6: =(D8+D9+D10+D11+D12+D13+D14+D15+D16+D17+D18+D19+D20+D21+D22+D23+D24+D25+D26+D27+D28+D29+D30+D31) -> 330072 | E6: 355174 | F6: 365555 | G6: 387980 | H6: 410085 | I6: 424100 | J6: 455558 | K6: 463354 | L6: 481847 | M6: 446199 | N6: 474135 | O6: 479063 | P6: 470464 | Q6: 473283
B8: Tumbes | C8: 0 | D8: 0 | E8: - | F8: - | G8: - | H8: - | I8: - | J8: - | K8: - | L8: - | M8: - | N8: - | O8: - | P8: - | Q8: -
B9: Piura | C9: 0 | D9: 0 | E9: - | F9: - | G9: - | H9: - | I9: - | J9: - | K9: - | L9: - | M9: - | N9: - | O9: - | P9: - | Q9: -
B10: Lambayeque | C10: 0 | D10: 0 | E10: - | F10: - | G10: - | H10: - | I10: - | J10: - | K10: - | L10: - | M10: - | N10: - | O10: - | P10: - | Q10: -
B11: La Libertad | C11: 203 | D11: 241 | E11: 358 | F11: 381 | G11: 435 | H11: 480 | I11: 610 | J11: 742 | K11: 725 | L11: 828 | M11: 868 | N11: 949 | O11: 1144 | P11: 1259 | Q11: 1377
B12: Cajamarca | C12: 0 | D12: 0 | E12: - | F12: - | G12: - | H12: - | I12: - | J12: - | K12: - | L12: - | M12: - | N12: - | O12: - | P12: - | Q12: -
B13: Amazonas | C13: 0 | D13: 0 | E13: - | F13: - | G13: - | H13: - | I13: - | J13: - | K13: - | L13: - | M13: - | N13: - | O13: - | P13: - | Q13: -
B14: Ancash | C14: 424 | D14: 332 | E14: 588 | F14: 323 | G14: 478 | H14: 395 | I14: 412 | J14: 275 | K14: 356 | L14: 412 | M14: 377 | N14: 242 | O14: 348 | P14: 381 | Q14: 390
B15: Lima | C15: 4575 | D15: 4911 | E15: 5099 | F15: 4855 | G15: 4467 | H15: 3352 | I15: 2519 | J15: 3165 | K15: 3829 | L15: 3956 | M15: 3099 | N15: 2452 | O15: 2939 | P15: 2841 | Q15: 2831
B16: Ica | C16: 0 | D16: 0 | E16: - | F16: - | G16: - | H16: - | I16: - | J16: - | K16: - | L16: - | M16: - | N16: - | O16: - | P16: - | Q16: -
B17: Huánuco | C17: 0 | D17: 0 | E17: - | F17: - | G17: - | H17: - | I17: 247 | J17: 217 | K17: 586 | L17: 568 | M17: 650 | N17: 837 | O17: 978 | P17: 1137 | Q17: 1256
B18: Pasco | C18: 3119 | D18: 3180 | E18: 4917 | F18: 5641 | G18: 6186 | H18: 6174 | I18: 7044 | J18: 5939 | K18: 6102 | L18: 6687 | M18: 6847 | N18: 12923 | O18: 13273 | P18: 15428 | Q18: 15701
B19: Junín | C19: 3360 | D19: 2740 | E19: 3035 | F19: 2989 | G19: 4024 | H19: 5036 | I19: 8817 | J19: 10245 | K19: 11050 | L19: 12225 | M19: 12240 | N19: 13619 | O19: 14982 | P19: 11575 | Q19: 12751
B20: Huancavelica | C20: 26885 | D20: 25401 | E20: 26263 | F20: 26101 | G20: 28126 | H20: 26254 | I20: 28424 | J20: 33367 | K20: 36809 | L20: 38518 | M20: 31243 | N20: 33803 | O20: 30246 | P20: 25355 | Q20: 22349
B21: Arequipa | C21: 30228 | D21: 34095 | E21: 40960 | F21: 41512 | G21: 46576 | H21: 52215 | I21: 45146 | J21: 55690 | K21: 58999 | L21: 61350 | M21: 50317 | N21: 49467 | O21: 47101 | P21: 41142 | Q21: 37588
B22: Moquegua | C22: 3386 | D22: 3209 | E22: 3243 | F22: 2811 | G22: 3661 | H22: 3860 | I22: 4289 | J22: 4477 | K22: 4718 | L22: 3772 | M22: 3332 | N22: 3597 | O22: 4653 | P22: 4610 | Q22: 4117
B23: Tacna | C23: 6513 | D23: 6426 | E23: 5465 | F23: 5332 | G23: 5427 | H23: 5516 | I23: 5337 | J23: 5567 | K23: 5493 | L23: 5874 | M23: 5907 | N23: 6258 | O23: 6322 | P23: 7332 | Q23: 7956
B24: Ayacucho | C24: 19912 | D24: 16481 | E24: 19620 | F24: 21273 | G24: 22465 | H24: 22429 | I24: 22306 | J24: 23382 | K24: 22130 | L24: 28373 | M24: 30588 | N24: 36425 | O24: 42540 | P24: 41197 | Q24: 44781
B25: Apurímac | C25: 16330 | D25: 16943 | E25: 17667 | F25: 17727 | G25: 17528 | H25: 17350 | I25: 16583 | J25: 23290 | K25: 23047 | L25: 22308 | M25: 22227 | N25: 22667 | O25: 22936 | P25: 22643 | Q25: 22860
B26: Cusco | C26: 31443 | D26: 36943 | E26: 43939 | F26: 48125 | G26: 52407 | H26: 61574 | I26: 72446 | J26: 79000 | K26: 74600 | L26: 77081 | M26: 81857 | N26: 83728 | O26: 83906 | P26: 85680 | Q26: 90127
B27: Puno | C27: 175100 | D27: 179170 | E27: 184020 | F27: 188485 | G27: 196200 | H27: 205450 | I27: 209920 | J27: 210202 | K27: 214910 | L27: 219895 | M27: 196647 | N27: 207168 | O27: 207665 | P27: 209884 | Q27: 209199
B28: San Martín | C28: 0 | D28: 0 | E28: - | F28: - | G28: - | H28: - | I28: - | J28: - | K28: - | L28: - | M28: - | N28: - | O28: - | P28: - | Q28: -
B29: Loreto | C29: 0 | D29: 0 | E29: - | F29: - | G29: - | H29: - | I29: - | J29: - | K29: - | L29: - | M29: - | N29: - | O29: - | P29: - | Q29: -
B30: Ucayali | C30: 0 | D30: 0 | E30: - | F30: - | G30: - | H30: - | I30: - | J30: - | K30: - | L30: - | M30: - | N30: - | O30: - | P30: - | Q30: -
B31: Madre de Dios | C31: 0 | D31: 0 | E31: - | F31: - | G31: - | H31: - | I31: - | J31: - | K31: - | L31: - | M31: - | N31: - | O31: - | P31: - | Q31: -
A32: P Preliminar.
A33: Fuente:Direcciones Regionales de Agricultura.
A34: Elaboración: MInisterio de Agricultura y Riego - DGESEP - DEA.

Sheet C 38
A2: C.38 PERÚ: PRODUCCIÓN DE CARNE DE ALPACA POR AÑO SEGÚN REGIÓN, 2007-2019.
A3: (Toneladas)
A5: Región | C5: 2005 | D5: 2006 | E5: 2007 | F5: 2008 | G5: 2009 | H5: 2010 | I5: 2011 | J5: 2012 | K5: 2013 | L5: 2014 | M5: 2015 | N5: 2016 | O5: 2017 | P5: 2018 | Q5: 2019 P
A6: Total Nacional | C6: =(C8+C9+C10+C11+C12+C13+C14+C15+C16+C17+C18+C19+C20+C21+C22+C23+C24+C25+C26+C27+C28+C29+C30+C31) -> 8671 | D6: =(D8+D9+D10+D11+D12+D13+D14+D15+D16+D17+D18+D19+D20+D21+D22+D23+D24+D25+D26+D27+D28+D29+D30+D31) -> 8794 | E6: 9366 | F6: 9527 | G6: 10189 | H6: 10761 | I6: 11318 | J6: 11999 | K6: 12169 | L6: 12594 | M6: 11917 | N6: 12445 | O6: 12747 | P6: 12689 | Q6: =SUM(Q11:Q31) -> 12579
B8: Tumbes | C8: 0 | D8: 0 | E8: - | F8: - | G8: - | H8: - | I8: - | J8: - | K8: - | L8: - | M8: - | N8: - | O8: - | P8: - | Q8: -
B9: Piura | C9: 0 | D9: 0 | E9: - | F9: - | G9: - | H9: - | I9: - | J9: - | K9: - | L9: - | M9: - | N9: - | O9: - | P9: - | Q9: -
B10: Lambayeque | C10: 0 | D10: 0 | E10: - | F10: - | G10: - | H10: - | I10: - | J10: - | K10: - | L10: - | M10: - | N10: - | O10: - | P10: - | Q10: -
B11: La Libertad | C11: 5 | D11: 6 | E11: 9 | F11: 11 | G11: 11 | H11: 14 | I11: 17 | J11: 22 | K11: 21 | L11: 25 | M11: 27 | N11: 29 | O11: 35 | P11: 39 | Q11: 43
B12: Cajamarca | C12: 0 | D12: 0 | E12: - | F12: - | G12: - | H12: - | I12: - | J12: - | K12: - | L12: - | M12: - | N12: - | O12: - | P12: - | Q12: -
B13: Amazonas | C13: 0 | D13: 0 | E13: - | F13: - | G13: - | H13: - | I13: - | J13: - | K13: - | L13: - | M13: - | N13: - | O13: - | P13: - | Q13: -
B14: Ancash | C14: 13 | D14: 11 | E14: 18 | F14: 11 | G14: 13 | H14: 11 | I14: 10 | J14: 7 | K14: 10 | L14: 10 | M14: 10 | N14: 7 | O14: 10 | P14: 11 | Q14: 11
B15: Lima | C15: 138 | D15: 145 | E15: 152 | F15: 144 | G15: 129 | H15: 102 | I15: 81 | J15: 94 | K15: 119 | L15: 124 | M15: 100 | N15: 71 | O15: 80 | P15: 76 | Q15: 76
B16: Ica | C16: 0 | D16: 0 | E16: - | F16: - | G16: - | H16: - | I16: - | J16: - | K16: - | L16: - | M16: - | N16: 0 | O16: 0 | P16: 0 | Q16: 0
B17: Huánuco | C17: 0 | D17: 0 | E17: - | F17: - | G17: - | H17: - | I17: 5 | J17: 5 | K17: 16 | L17: 16 | M17: 19 | N17: 22 | O17: 26 | P17: 34 | Q17: 34
B18: Pasco | C18: 97 | D18: 93 | E18: 137 | F18: 141 | G18: 160 | H18: 153 | I18: 171 | J18: 146 | K18: 149 | L18: 162 | M18: 173 | N18: 312 | O18: 321 | P18: 361 | Q18: 361
B19: Junín | C19: 94 | D19: 77 | E19: 86 | F19: 81 | G19: 90 | H19: 110 | I19: 196 | J19: 228 | K19: 242 | L19: 265 | M19: 264 | N19: 290 | O19: 321 | P19: 281 | Q19: 281
B20: Huancavelica | C20: 694 | D20: 654 | E20: 676 | F20: 660 | G20: 702 | H20: 677 | I20: 831 | J20: 864 | K20: 934 | L20: 954 | M20: 831 | N20: 781 | O20: 783 | P20: 564 | Q20: 564
B21: Arequipa | C21: 843 | D21: 916 | E21: 996 | F21: 1005 | G21: 1196 | H21: 1287 | I21: 1294 | J21: 1389 | K21: 1439 | L21: 1529 | M21: 1233 | N21: 1209 | O21: 1189 | P21: 926 | Q21: 926
B22: Moquegua | C22: 112 | D22: 106 | E22: 103 | F22: 90 | G22: 112 | H22: 117 | I22: 129 | J22: 130 | K22: 134 | L22: 114 | M22: 103 | N22: 110 | O22: 145 | P22: 127 | Q22: 127
B23: Tacna | C23: 210 | D23: 189 | E23: 159 | F23: 158 | G23: 157 | H23: 156 | I23: 152 | J23: 159 | K23: 166 | L23: 177 | M23: 171 | N23: 177 | O23: 182 | P23: 226 | Q23: 226
B24: Ayacucho | C24: 502 | D24: 430 | E24: 531 | F24: 562 | G24: 607 | H24: 586 | I24: 567 | J24: 598 | K24: 578 | L24: 735 | M24: 807 | N24: 973 | O24: 1132 | P24: 1193 | Q24: 1193
B25: Apurímac | C25: 392 | D25: 396 | E25: 432 | F25: 405 | G25: 413 | H25: 405 | I25: 432 | J25: 598 | K25: 573 | L25: 568 | M25: 562 | N25: 570 | O25: 569 | P25: 556 | Q25: 556
B26: Cusco | C26: 952 | D26: 1095 | E26: 1240 | F26: 1316 | G26: 1417 | H26: 1622 | I26: 1809 | J26: 2074 | K26: 1891 | L26: 1954 | M26: 2209 | N26: 2265 | O26: 2267 | P26: 2397 | Q26: 2397
B27: Puno | C27: 4619 | D27: 4676 | E27: 4828 | F27: 4943 | G27: 5179 | H27: 5520 | I27: 5624 | J27: 5685 | K27: 5897 | L27: 5961 | M27: 5407 | N27: 5627 | O27: 5687 | P27: 5784 | Q27: 5784
B28: San Martín | C28: 0 | D28: 0 | E28: - | F28: - | G28: - | H28: - | I28: - | J28: - | K28: - | L28: - | M28: - | N28: - | O28: - | P28: - | Q28: -
B29: Loreto | C29: 0 | D29: 0 | E29: - | F29: - | G29: - | H29: - | I29: - | J29: - | K29: - | L29: - | M29: - | N29: - | O29: - | P29: - | Q29: -
B30: Ucayali | C30: 0 | D30: 0 | E30: - | F30: - | G30: - | H30: - | I30: - | J30: - | K30: - | L30: - | M30: - | N30: - | O30: - | P30: - | Q30: -
B31: Madre de Dios | C31: 0 | D31: 0 | E31: - | F31: - | G31: - | H31: - | I31: - | J31: - | K31: - | L31: - | M31: - | N31: - | O31: - | P31: - | Q31: -
A32: P Preliminar.
A33: Fuente:Direcciones Regionales de Agricultura.
A34: Elaboración: MInisterio de Agricultura y Riego - DGESEP - DEA.

Sheet C 39
A2: C.39 PERÚ: PRECIO RECIBIDO POR EL PRODUCTOR DE ALPACAS POR AÑO SEGÚN REGIÓN, 2007-2019.
A3: (Soles x Kg)
A5: Región | C5: 2005 | D5: 2006 | E5: 2007 | F5: 2008 | G5: 2009 | H5: 2010 | I5: 2011 | J5: 2012 | K5: 2013 | L5: 2014 | M5: 2015 | N5: 2016 | O5: 2017 | P5: 2018 | Q5: 2019 P
A6: Promedio | C6: 2.61 | D6: 2.51 | E6: 2.5 | F6: 2.91 | G6: 3.13 | H6: 3.43 | I6: 3.65 | J6: 4.03 | K6: 4.43 | L6: 4.78 | M6: 4.64 | N6: 4.83 | O6: 4.92 | P6: 4.96 | Q6: 4.94
B8: Tumbes | C8: - | D8: - | E8: - | F8: - | G8: - | H8: - | I8: - | J8: - | K8: - | L8: - | M8: - | N8: - | O8: - | P8: - | Q8: -
B9: Piura | C9: - | D9: - | E9: - | F9: - | G9: - | H9: - | I9: - | J9: - | K9: - | L9: - | M9: - | N9: - | O9: - | P9: - | Q9: -
B10: Lambayeque | C10: - | D10: - | E10: - | F10: - | G10: - | H10: - | I10: - | J10: - | K10: - | L10: - | M10: - | N10: - | O10: - | P10: - | Q10: -
B11: La Libertad | C11: 2.56 | D11: 2.6 | E11: 2.18 | F11: 2.72 | G11: 2.93 | H11: 2.92 | I11: 3.11 | J11: 3.07 | K11: 3.07 | L11: 4.67 | M11: 4.7 | N11: 4.56 | O11: 4.68 | P11: 4.57 | Q11: 4.63
B12: Cajamarca | C12: - | D12: - | E12: - | F12: - | G12: - | H12: - | I12: - | J12: - | K12: - | L12: - | M12: - | N12: - | O12: - | P12: - | Q12: -
B13: Amazonas | C13: - | D13: - | E13: - | F13: - | G13: - | H13: - | I13: - | J13: - | K13: - | L13: - | M13: - | N13: - | O13: - | P13: - | Q13: -
B14: Ancash | C14: 2.4 | D14: 2.5 | E14: 2.41 | F14: 2.34 | G14: 2.49 | H14: 2.77 | I14: 3.08 | J14: 3.36 | K14: 3.39 | L14: 3.78 | M14: 3.94 | N14: 4.04 | O14: 4 | P14: 3.95 | Q14: 4.09
B15: Lima | C15: 2.78 | D15: 2.89 | E15: 2.8 | F15: 3.13 | G15: 3.02 | H15: 3.18 | I15: 3.34 | J15: 3.28 | K15: 3.58 | L15: 3.78 | M15: 4.29 | N15: 4.93 | O15: 4.24 | P15: 4.25 | Q15: 4.21
B16: Ica | C16: - | D16: - | E16: - | F16: - | G16: - | H16: - | I16: - | J16: - | K16: - | L16: - | M16: - | N16: - | O16: - | P16: - | Q16: -
B17: Huánuco | C17: - | D17: - | E17: - | F17: - | G17: - | H17: - | I17: - | J17: - | K17: - | L17: 4.4 | M17: 4.71 | N17: 4.91 | O17: 4.84 | P17: 4.84 | Q17: 4.79
B18: Pasco | C18: 2.21 | D18: 2.27 | E18: 2.85 | F18: 3.27 | G18: 3.54 | H18: 3.48 | I18: 4.1 | J18: 3.71 | K18: 3.64 | L18: 4.23 | M18: 5.19 | N18: 4.92 | O18: 4.81 | P18: 4.78 | Q18: 4.72
B19: Junín | C19: 2.17 | D19: 2.24 | E19: 2.35 | F19: 2.95 | G19: 3.4 | H19: 3.39 | I19: 3.58 | J19: 3.8 | K19: 3.9 | L19: 3.99 | M19: 4.25 | N19: 4.57 | O19: 4.96 | P19: 4.75 | Q19: 4.96
B20: Huancavelica | C20: 3.1 | D20: 2.47 | E20: 2.23 | F20: 2.72 | G20: 3.53 | H20: 3.29 | I20: 3.65 | J20: 3.67 | K20: 4.09 | L20: 3.84 | M20: 4.5 | N20: 4.66 | O20: 4.52 | P20: 4.5 | Q20: 4.49
B21: Arequipa | C21: 2.61 | D21: 2.23 | E21: 1.89 | F21: 2.81 | G21: 3.02 | H21: 3.17 | I21: 3.49 | J21: 4.19 | K21: 4.68 | L21: 4.73 | M21: 4.68 | N21: 4.67 | O21: 4.85 | P21: 4.93 | Q21: 4.98
B22: Moquegua | C22: 2.31 | D22: 2.28 | E22: 2.3 | F22: 2.61 | G22: 2.9 | H22: 3 | I22: 3.25 | J22: 3.7 | K22: 3.91 | L22: 4.65 | M22: 4.67 | N22: 4.6 | O22: 4.54 | P22: 4.7 | Q22: 4.69
B23: Tacna | C23: 2.81 | D23: 3.06 | E23: 2.42 | F23: 2.74 | G23: 2.91 | H23: 3.11 | I23: 3.31 | J23: 3.8 | K23: 4.01 | L23: 4.77 | M23: 4.87 | N23: 4.74 | O23: 4.72 | P23: 4.85 | Q23: 4.93
B24: Ayacucho | C24: 2.44 | D24: 2.43 | E24: 2.37 | F24: 2.83 | G24: 3.09 | H24: 3.5 | I24: 3.52 | J24: 3.75 | K24: 3.88 | L24: 4.03 | M24: 4.23 | N24: 4.54 | O24: 4.5 | P24: 4.57 | Q24: 4.56
B25: Apurímac | C25: 2.85 | D25: 2.67 | E25: 2.38 | F25: 2.36 | G25: 2.49 | H25: 2.77 | I25: 3.69 | J25: 3.91 | K25: 3.46 | L25: 3.64 | M25: 3.7 | N25: 3.69 | O25: 3.73 | P25: 3.85 | Q25: 3.87
B26: Cusco | C26: 2.86 | D26: 2.98 | E26: 2.65 | F26: 2.72 | G26: 2.72 | H26: 3.07 | I26: 3.47 | J26: 3.72 | K26: 3.97 | L26: 4.1 | M26: 4.15 | N26: 4.16 | O26: 4.12 | P26: 4.33 | Q26: 4.46
B27: Puno | C27: 2.5 | D27: 2.43 | E27: 2.64 | F27: 3.06 | G27: 3.28 | H27: 3.67 | I27: 3.78 | J27: 4.25 | K27: 4.81 | L27: 5.45 | M27: 4.99 | N27: 5.33 | O27: 5.55 | P27: 5.49 | Q27: 5.38
B28: San Martín | C28: - | D28: - | E28: - | F28: - | G28: - | H28: - | I28: - | J28: - | K28: - | L28: - | M28: - | N28: - | O28: - | P28: - | Q28: -
B29: Loreto | C29: - | D29: - | E29: - | F29: - | G29: - | H29: - | I29: - | J29: - | K29: - | L29: - | M29: - | N29: - | O29: - | P29: - | Q29: -
B30: Ucayali | C30: - | D30: - | E30: - | F30: - | G30: - | H30: - | I30: - | J30: - | K30: - | L30: - | M30: - | N30: - | O30: - | P30: - | Q30: -
B31: Madre de Dios | C31: - | D31: - | E31: - | F31: - | G31: - | H31: - | I31: - | J31: - | K31: - | L31: - | M31: - | N31: - | O31: - | P31: - | Q31: -
A32: P Preliminar.
A33: Fuente:Direcciones Regionales de Agricultura.
A34: Elaboración: MInisterio de Agricultura y Riego - DGESEP - DEA.

Sheet C 40
A2: C.40 PERÚ: ALPACAS ESQUILADAS POR AÑO SEGÚN REGIÓN, 2007-2019.
A3: (Unidades)
A5: Región | C5: 2005 | D5: 2006 | E5: 2007 | F5: 2008 | G5: 2009 | H5: 2010 | I5: 2011 | J5: 2012 | K5: 2013 | L5: 2014 | M5: 2015 | N5: 2016 | O5: 2017 | P5: 2018 | Q5: 2019 P
A6: Total Nacional | C6: =(C8+C9+C10+C11+C12+C13+C14+C15+C16+C17+C18+C19+C20+C21+C22+C23+C24+C25+C26+C27+C28+C29+C30+C31) -> 1995906 | D6: =(D8+D9+D10+D11+D12+D13+D14+D15+D16+D17+D18+D19+D20+D21+D22+D23+D24+D25+D26+D27+D28+D29+D30+D31) -> 1980553 | E6: 2208305 | F6: 2325284 | G6: 2513106 | H6: 2481124 | I6: 2573193 | J6: 2636389 | K6: 2391039 | L6: 2894758 | M6: 2372976 | N6: 2420549 | O6: 2296839 | P6: 2365529 | Q6: =SUM(Q8:Q31) -> 2254980
B8: Tumbes | C8: 0 | D8: 0 | E8: - | F8: - | G8: - | H8: - | I8: - | J8: - | K8: - | L8: - | M8: - | N8: - | O8: - | P8: - | Q8: -
B9: Piura | C9: 0 | D9: 0 | E9: - | F9: - | G9: - | H9: - | I9: - | J9: - | K9: - | L9: - | M9: 135 | N9: 33 | O9: 74 | P9: 48 | Q9: 53
B10: Lambayeque | C10: 0 | D10: 0 | E10: - | F10: - | G10: - | H10: - | I10: - | J10: - | K10: - | L10: - | M10: - | N10: - | O10: - | P10: - | Q10: -
B11: La Libertad | C11: 4028 | D11: 4320 | E11: 4415 | F11: 3804 | G11: 5953 | H11: 5366 | I11: 5072 | J11: 5594 | K11: 5899 | L11: 5988 | M11: 6189 | N11: 6140 | O11: 6568 | P11: 6590 | Q11: 6520
B12: Cajamarca | C12: 615 | D12: 670 | E12: 540 | F12: 125 | G12: 150 | H12: - | I12: - | J12: - | K12: - | L12: - | M12: - | N12: - | O12: - | P12: - | Q12: -
B13: Amazonas | C13: 0 | D13: 0 | E13: - | F13: - | G13: - | H13: - | I13: - | J13: - | K13: - | L13: - | M13: - | N13: - | O13: - | P13: - | Q13: -
B14: Ancash | C14: 4285 | D14: 3089 | E14: 5010 | F14: 1737 | G14: 1683 | H14: 1520 | I14: 1683 | J14: 1420 | K14: - | L14: - | M14: - | N14: - | O14: - | P14: - | Q14: -
B15: Lima | C15: 485 | D15: 3369 | E15: 3708 | F15: 4565 | G15: 3148 | H15: 2941 | I15: 2086 | J15: 3080 | K15: 3155 | L15: 2891 | M15: 3695 | N15: 22803 | O15: 20363 | P15: 19639 | Q15: 18461
B16: Ica | C16: 0 | D16: 0 | E16: - | F16: - | G16: - | H16: - | I16: - | J16: - | K16: - | L16: - | M16: - | N16: - | O16: - | P16: - | Q16: -
B17: Huánuco | C17: 1154 | D17: 1002 | E17: 613 | F17: 978 | G17: 100 | H17: 17 | I17: 0 | J17: 723 | K17: 187 | L17: 250 | M17: 773 | N17: 2084 | O17: 2742 | P17: 2772 | Q17: 1457
B18: Pasco | C18: 17989 | D18: 21293 | E18: 31731 | F18: 35641 | G18: 35058 | H18: 34872 | I18: 46412 | J18: 48600 | K18: 49774 | L18: 56683 | M18: 65388 | N18: 71070 | O18: 74094 | P18: 81469 | Q18: 85162
B19: Junín | C19: 20030 | D19: 20420 | E19: 13605 | F19: 34313 | G19: 33970 | H19: 33616 | I19: 48775 | J19: 53277 | K19: 41363 | L19: 57138 | M19: 49034 | N19: 51378 | O19: 50060 | P19: 55627 | Q19: 55889
B20: Huancavelica | C20: 93497 | D20: 87269 | E20: 70402 | F20: 37578 | G20: 62597 | H20: 60037 | I20: 57757 | J20: 79033 | K20: 43508 | L20: 33261 | M20: 46571 | N20: 76383 | O20: 64571 | P20: 89649 | Q20: 57877
B21: Arequipa | C21: 119251 | D21: 153477 | E21: 179722 | F21: 192907 | G21: 228350 | H21: 224945 | I21: 213292 | J21: 195858 | K21: 187980 | L21: 210921 | M21: 150095 | N21: 140598 | O21: 105822 | P21: 96849 | Q21: 94709
B22: Moquegua | C22: 5254 | D22: 5629 | E22: 9022 | F22: 8934 | G22: 3729 | H22: 18308 | I22: 54487 | J22: 49180 | K22: 23680 | L22: 17423 | M22: 32525 | N22: 26987 | O22: 35831 | P22: 41211 | Q22: 37844
B23: Tacna | C23: 5100 | D23: 3970 | E23: 7768 | F23: 3100 | G23: 1968 | H23: 13802 | I23: 11800 | J23: 24119 | K23: 16561 | L23: 15450 | M23: 39643 | N23: 32160 | O23: 32501 | P23: 61545 | Q23: 53650
B24: Ayacucho | C24: 67180 | D24: 53218 | E24: 62264 | F24: 61204 | G24: 75043 | H24: 53567 | I24: 74721 | J24: 85040 | K24: 89479 | L24: 80283 | M24: 75801 | N24: 93171 | O24: 95838 | P24: 97555 | Q24: 109742
B25: Apurímac | C25: 110926 | D25: 100982 | E25: 115710 | F25: 113568 | G25: 78155 | H25: 77382 | I25: 109546 | J25: 78748 | K25: 72850 | L25: 65394 | M25: 61614 | N25: 54680 | O25: 45100 | P25: 40810 | Q25: 40458
B26: Cusco | C26: 167952 | D26: 117405 | E26: 272075 | F26: 352710 | G26: 447362 | H26: 393621 | I26: 355242 | J26: 399422 | K26: 312713 | L26: 326344 | M26: 330367 | N26: 320643 | O26: 314905 | P26: 355005 | Q26: 323548
B27: Puno | C27: 1378160 | D27: 1404440 | E27: 1431720 | F27: 1474120 | G27: 1535840 | H27: 1561130 | I27: 1592320 | J27: 1612295 | K27: 1543890 | L27: 2022732 | M27: 1511145 | N27: 1522420 | O27: 1448371 | P27: 1416760 | Q27: 1369610
B28: San Martín | C28: 0 | D28: 0 | E28: - | F28: - | G28: - | H28: - | I28: - | J28: - | K28: - | L28: - | M28: - | N28: - | O28: - | P28: - | Q28: -
B29: Loreto | C29: 0 | D29: 0 | E29: - | F29: - | G29: - | H29: - | I29: - | J29: - | K29: - | L29: - | M29: - | N29: - | O29: - | P29: - | Q29: -
B30: Ucayali | C30: 0 | D30: 0 | E30: - | F30: - | G30: - | H30: - | I30: - | J30: - | K30: - | L30: - | M30: - | N30: - | O30: - | P30: - | Q30: -
B31: Madre de Dios | C31: 0 | D31: 0 | E31: - | F31: - | G31: - | H31: - | I31: - | J31: - | K31: - | L31: - | M31: - | N31: - | O31: - | P31: - | Q31: -
A32: P Preliminar.
A33: Fuente:Direcciones Regionales de Agricultura.
A34: Elaboración: MInisterio de Agricultura y Riego - DGESEP - DEA.

Sheet C 41
A2: C.41 PERÚ: PRODUCCIÓN DE FIBRA DE ALPACA POR AÑO SEGÚN REGIÓN, 2007-2019.
A3: (Toneladas)
A5: Región | C5: 2005 | D5: 2006 | E5: 2007 | F5: 2008 | G5: 2009 | H5: 2010 | I5: 2011 | J5: 2012 | K5: 2013 | L5: 2014 | M5: 2015 | N5: 2016 | O5: 2017 | P5: 2018 | Q5: 2019 P
A6: Total Nacional | C6: =(C8+C9+C10+C11+C12+C13+C14+C15+C16+C17+C18+C19+C20+C21+C22+C23+C24+C25+C26+C27+C28+C29+C30+C31) -> 3596 | D6: =(D8+D9+D10+D11+D12+D13+D14+D15+D16+D17+D18+D19+D20+D21+D22+D23+D24+D25+D26+D27+D28+D29+D30+D31) -> 3510 | E6: 3895 | F6: 4019 | G6: 4387 | H6: 4352 | I6: 4661 | J6: 4797 | K6: 4420 | L6: 4485 | M6: 4438 | N6: 4508 | O6: 4314 | P6: 4575 | Q6: =SUM(Q8:Q31) -> 4453.1
B8: Tumbes | C8: 0 | D8: 0 | E8: - | F8: - | G8: - | H8: - | I8: - | J8: - | K8: - | L8: - | M8: - | N8: - | O8: - | Q8: -
B9: Piura | C9: 0 | D9: 0 | E9: - | F9: - | G9: - | H9: - | I9: - | J9: - | K9: - | L9: - | M9: 0.2 | N9: 0 | O9: 0.1 | P9: 0.1 | Q9: 0.1
B10: Lambayeque | C10: 0 | D10: 0 | E10: - | F10: - | G10: - | H10: - | I10: - | J10: - | K10: - | L10: - | M10: - | N10: - | O10: - | Q10: -
B11: La Libertad | C11: 12 | D11: 13 | E11: 13 | F11: 11 | G11: 14 | H11: 14 | I11: 14 | J11: 15 | K11: 17 | L11: 17 | M11: 17 | N11: 18 | O11: 18 | P11: 18 | Q11: 17
B12: Cajamarca | C12: 2 | D12: 2 | E12: 1 | F12: 0.4 | G12: 0.4 | H12: - | I12: - | J12: - | K12: - | L12: - | M12: - | N12: - | O12: - | Q12: -
B13: Amazonas | C13: 0 | D13: 0 | E13: - | F13: - | G13: - | H13: - | I13: - | J13: - | K13: - | L13: - | M13: - | N13: - | O13: - | Q13: -
B14: Ancash | C14: 10 | D14: 7 | E14: 12 | F14: 5 | G14: 4 | H14: 3 | I14: 4 | J14: 3 | K14: - | L14: - | M14: - | N14: - | O14: - | Q14: -
B15: Lima | C15: 1 | D15: 6 | E15: 5 | F15: 7 | G15: 5 | H15: 4 | I15: 5 | J15: 8 | K15: 4 | L15: 4 | M15: 5 | N15: 33 | O15: 31 | P15: 35 | Q15: 29
B16: Ica | C16: 0 | D16: 0 | E16: - | F16: - | G16: - | H16: - | I16: - | J16: - | K16: - | L16: - | M16: - | N16: 0 | O16: 0 | P16: 0 | Q16: 0
B17: Huánuco | C17: 2 | D17: 2 | E17: 1 | F17: 2 | G17: 0.2 | H17: 0 | I17: - | J17: 1.2 | K17: 0.5 | L17: 1 | M17: 2 | N17: 5 | O17: 6 | P17: 6 | Q17: 4
