Workbook
Name \c: #REF!
Name \x: 'C 5'!#REF!
Name \x: #REF!
Name A: 'C 5'!$W$20:$DB$20
Name A: #REF!
Name A_IMPRESION_IM: 'C 91 - 99'!#REF!
Name A_IMPRESION_IM: #REF!
Name A_impresión_IM: 'C 100 - 101'!$A$1:$K$52
Name A_impresión_IM: 'C 102 - 103'!$A$1:$I$45
Name A_impresión_IM: 'C 104-105'!$A$1:$K$53
Name A_impresión_IM: 'C 106 - 107'!$A$1:$H$45
Name A_impresión_IM: 'C 108 - 109 '!#REF!
Name A_IMPRESIÓN_IM: [1]CYPPOLLO!#REF!
Name A_IMPRESIÓN_IM: [1]CYPPOLLO!#REF!
Name A_IMPRESIÓN_IM: [1]CYPPOLLO!#REF!
Name A_impresión_IM: #REF!
Name A_impresión_IM: 'C 90'!$A$1:$D$44
Name A_IMPRESIÓN_IM: 'C 91 - 99'!$A$3:$DH$40
Name A_IMPRESIÓN_IM: [1]CYPPOLLO!#REF!
Name A_impresión_IM: #REF!
Name A_impresión_IM: 'C-88'!$A$1:$D$44
Name A_impresión_IM: 'C-89'!$A$1:$D$44
Name A_impresión_IM: #REF!

Sheet 1. INDICADORES ECONÓMICOS

Sheet C 1 - C 2 - C 3
A2: C.1 PERÚ: EVOLUCIÓN DEL VALOR BRUTO DE LA PRODUCCIÓN (VBP) AGROPECUARIA POR AÑO, SEGÚN SUB SECTORES Y PRINCIPALES ESPECIES | AP2: Tasa
A3: Y PRODUCTOS PECUARIOS, 2007-20
A4: (Millones de soles a precios 2007) | AP4: Crec.
A6: Sector / Producto | C6: 2000 | D6: 2001 | E6: 2002 | F6: 2003 | G6: 2004 | H6: 2005 | I6: 2006 | J6: 2007 | K6: 2008 | L6: 2009 | M6: 2010 | N6: 2011 | O6: 2012 | P6: 2013 | Q6: 2014 | R6: 2015 | S6: 2016 | T6: 2017 | U6: 2018 | V6: 2019 | W6: 2020P | X6: Var. % 20/19
A7: Sector agropecuario | C7: 17474.3 | D7: 17601.8 | E7: 18603.6 | F7: 18969.3 | G7: 19096 | H7: 20511.9 | I7: 22151.7 | J7: 22808.2 | K7: 24741.8 | L7: 25379.1 | M7: 26407.4 | N7: 27861.2 | O7: 29538.1 | P7: 30131.9 | Q7: 30698.2 | R7: 31894 | S7: 32592.3 | T7: 33502.4 | U7: 36117.6 | V7: 37417.505 | W7: 37946.306 | X7: =((W7/V7)-1)*100 -> 1.4132447 | AP7: 3.9
A8: Subsector agrícola | C8: 11577.1 | D8: 11537.3 | E8: 12282.8 | F8: 12444.9 | G8: 12391.7 | H8: 13289.3 | I8: 14340.7 | J8: 14533.2 | K8: 15862.1 | L8: 15991.2 | M8: 16616 | N8: 17377.3 | O8: 18471.3 | P8: 18672.8 | Q8: 18833.5 | R8: 19407.9 | S8: 19601 | T8: 20149 | U8: 22019.3 | V8: 22754.466 | W8: 23543.403 | X8: =((W8/V8)-1)*100 -> 3.4671721 | AP8: 3.3
A9: Subsector pecuario | C9: 5897.2 | D9: 6064.5 | E9: 6320.8 | F9: 6524.4 | G9: 6704.3 | H9: 7222.6 | I9: 7811 | J9: 8275 | K9: 8879.7 | L9: 9387.9 | M9: 9791.4 | N9: 10483.9 | O9: 11066.7 | P9: 11459.1 | Q9: 11864.7 | R9: 12486.1 | S9: 12991.3 | T9: 13353.4 | U9: 14098.3 | V9: 14663.039 | W9: 14402.903 | X9: =((W9/V9)-1)*100 -> -1.7740907 | AP9: 4.9
B11: Industria avícola 1 | C11: =SUM(C12:C14) -> 2892.6 | D11: =SUM(D12:D14) -> 2958.5 | E11: =SUM(E12:E14) -> 3140.9 | F11: =SUM(F12:F14) -> 3262.9 | G11: =SUM(G12:G14) -> 3280.1 | H11: =SUM(H12:H14) -> 3623.2 | I11: =SUM(I12:I14) -> 4017.6 | J11: =J12+J14 -> 4330.6 | K11: =K12+K14 -> 4847.7 | L11: =L12+L14 -> 5254.6 | M11: =M12+M14 -> 5560.1 | N11: =N12+N14 -> 6092.8 | O11: =O12+O14 -> 6526.6 | P11: =P12+P14 -> 6835.4 | Q11: =Q12+Q14 -> 7152.1 | ... W11: =W12+W14 -> 9444.161 | X11: =((W11/V11)-1)*100 -> -1.5905866 | AP11: 6.5
A12: 1 | B12: Ave | C12: 2340.6 | D12: 2376.6 | E12: 2551.2 | F12: 2651.8 | G12: 2655 | H12: 2983.5 | I12: 3259.4 | J12: 3534.8 | K12: 4024.4 | L12: 4424.6 | M12: 4679.4 | N12: 5111.6 | O12: 5556.6 | P12: 5754.9 | Q12: 6044.3 | R12: 6531.3 | S12: 6945.9 | T12: 7199.8 | U12: 7742.8 | V12: 8087.8781 | W12: 7907.3051 | X12: =((W12/V12)-1)*100 -> -2.2326376 | AP12: 6.8
B13: Pollo | J13: 3273.1 | K13: 3727.9 | L13: 4121.7 | M13: 4362.7 | N13: 4582.9 | O13: 5195.8 | P13: 5394.3 | Q13: 5657.9 | R13: 6101.3 | S13: 6448.2 | T13: 6719.3 | U13: 7257.1 | V13: 7579.0435 | W13: 7415.882 | X13: =((W13/V13)-1)*100 -> -2.152797
B14: Huevo de Gallina | C14: 552 | D14: 581.9 | E14: 589.7 | F14: 611.1 | G14: 625.1 | H14: 639.7 | I14: 758.2 | J14: 795.8 | K14: 823.3 | L14: 830 | M14: 880.7 | N14: 981.2 | O14: 970 | P14: 1080.5 | Q14: 1107.8 | R14: 1193.1 | S14: 1238.6 | T14: 1283 | U14: 1397 | V14: 1508.9284 | W14: 1536.8559 | X14: =((W14/V14)-1)*100 -> 1.8508164 | AP14: 5.1
A15: 2 | B15: Ovino | C15: 378.7 | D15: 388.4 | E15: 383.2 | F15: 389.2 | G15: 410.8 | H15: 410.6 | I15: 413.3 | J15: 412.5 | K15: 406.5 | L15: 407.8 | M15: 410.4 | N15: 417.6 | O15: 430.3 | P15: 425.5 | Q15: 419.6 | R15: 404.2 | S15: 413.9 | T15: 407.8 | U15: 410.4 | V15: 411.76818 | W15: 393.85032 | X15: =((W15/V15)-1)*100 -> -4.3514444 | AP15: 0.4
A16: 3 | B16: Porcino | C16: 433.8 | D16: 442.2 | E16: 438.5 | F16: 439.5 | G16: 468.6 | H16: 494 | I16: 516.6 | J16: 542.7 | K16: 545.9 | L16: 543.6 | M16: 548.1 | N16: 557.2 | O16: 579.8 | P16: 605 | Q16: 641.6 | R16: 677.3 | S16: 708 | T16: 747.5 | U16: 781.6 | V16: 821.01301 | W16: 804.64578 | X16: =((W16/V16)-1)*100 -> -1.9935406 | AP16: 3.3
A17: 4 | B17: Vacuno | C17: 1114.1 | D17: 1114.3 | E17: 1147.4 | F17: 1174.2 | G17: 1227.9 | H17: 1304.4 | I17: 1382.1 | J17: 1396.3 | K17: 1397 | L17: 1408.9 | M17: 1470.2 | N17: 1531.9 | O17: 1596.3 | P17: 1651.6 | Q17: 1678.5 | R17: 1676.7 | S17: 1648.4 | T17: 1614.4 | U17: 1622.7 | V17: 1650.2126 | W17: 1573.4119 | X17: =((W17/V17)-1)*100 -> -4.6539914 | AP17: 2.2
A18: 5 | B18: Caprino | C18: 57.6 | D18: 54.4 | E18: 53.3 | F18: 57.9 | G18: 59.5 | H18: 60.8 | I18: 62.3 | J18: 61.5 | K18: 59 | L18: 56.6 | M18: 56.4 | N18: 56.5 | O18: 57.4 | P18: 59.2 | Q18: 56.7 | R18: 54.3 | S18: 53.6 | T18: 50.5 | U18: 45.7 | V18: 46.913211 | W18: 45.580929 | X18: =((W18/V18)-1)*100 -> -2.8398869 | AP18: -0.7
A19: 6 | B19: Alpaca | C19: 130.1 | D19: 137.3 | E19: 147.3 | F19: 146 | G19: 148.2 | H19: 154.4 | I19: 156.5 | J19: 166.7 | K19: 169.6 | L19: 181.4 | M19: 191.6 | N19: 201.5 | O19: 213.6 | P19: 216.6 | Q19: 224.2 | R19: 212.1 | S19: 221.5 | T19: 226.9 | U19: 225.9 | V19: 223.9348 | W19: 220.07176 | X19: =((W19/V19)-1)*100 -> -1.7250749 | AP19: 3.3
A20: 7 | B20: Llama | C20: 25.2 | D20: 25.5 | E20: 25.5 | F20: 27.5 | G20: 29.1 | H20: 30.4 | I20: 30.3 | J20: 31.9 | K20: 31.3 | L20: 32.9 | M20: 32.1 | N20: 33.4 | O20: 34.3 | P20: 32.9 | Q20: 32.9 | R20: 31.4 | S20: 31.3 | T20: 31.6 | U20: 31.5 | V20: 30.317809 | W20: 30.087406 | X20: =((W20/V20)-1)*100 -> -0.75995854 | AP20: 1.3
A21: 9 | B21: Leche Fresca de Vaca | C21: 750.6 | D21: 822.4 | E21: 873.8 | F21: 918.1 | G21: 968.1 | H21: 1027.8 | I21: 1119.3 | J21: 1209.8 | K21: 1301 | L21: 1372.9 | M21: 1394.7 | N21: 1458.8 | O21: 1488 | P21: 1502.3 | Q21: 1529.2 | R21: 1581.5 | S21: 1624 | T21: 1673.4 | U21: 1717.8 | V21: 1762.855 | W21: 1774.9174 | X21: =((W21/V21)-1)*100 -> 0.68425107 | AP21: 4.8
A22: 10 | B22: Fibra Alpaca | C22: 57 | D22: 62.3 | E22: 58 | F22: 56.9 | G22: 59.6 | H22: 66 | I22: 64.3 | J22: 71.4 | K22: 73.7 | L22: 80.4 | M22: 79.8 | N22: 85.5 | O22: 88 | P22: 81 | Q22: 82.2 | R22: 81.4 | S22: 82.7 | T22: 79.1 | U22: 83.9 | V22: 81.647227 | W22: 79.78887 | X22: =((W22/V22)-1)*100 -> -2.2760813 | AP22: 1.9
A23: 11 | B23: Fibra Llama | C23: 4.6 | D23: 4.7 | E23: 3.8 | F23: 3.9 | G23: 3.8 | H23: 3.7 | I23: 3.8 | J23: 4.5 | K23: 4.3 | L23: 4.3 | M23: 3.9 | N23: 4.2 | O23: 4.6 | P23: 4.4 | Q23: 4.6 | R23: 4 | S23: 4.1 | T23: 4.2 | U23: 4 | V23: 4.0275383 | W23: 4.0731775 | X23: =((W23/V23)-1)*100 -> 1.1331784 | AP23: -0.5
A24: 12 | B24: Lana Ovino | C24: 53.5 | D24: 54.4 | E24: 48.9 | F24: 49 | G24: 48.6 | H24: 47.2 | I24: 44.9 | J24: 47.2 | K24: 43.6 | L24: 44.5 | M24: 44.2 | N24: 44.5 | O24: 47.7 | P24: 45 | Q24: 43.2 | R24: 38.8 | S24: 40.5 | T24: 35.2 | U24: 34.9 | V24: 33.542736 | W24: 32.314588 | X24: =((W24/V24)-1)*100 -> -3.6614432 | AP24: -2.4
A25: P Preliminar
A26: 1 Considera ave y huevo de gallina
A27: Fuente: Direcciones Regionales de Agricultura
A28: Elaboración: Ministerio de Desarrollo Agrario y Riego - DGESEP - DEIA
A30: C.2 PERÚ: PARTICIPACIÓN POR AÑO, SEGÚN SUB SECTORES Y PRINCIPALES ESPECIES Y PRODUCTOS PECUARIOS EN EL VALOR BRUTO, 2007-20
A31: (%)
A33: Sector / Producto | C33: 2000 | D33: 2001 | E33: 2002 | F33: 2003 | G33: 2004 | H33: 2005 | I33: 2006 | J33: 2007 | K33: 2008 | L33: 2009 | M33: 2010 | N33: 2011 | O33: 2012 | P33: 2013 | Q33: 2014 | R33: 2015 | S33: 2016 | T33: 2017 | U33: 2018 | V33: 2019 | W33: 2020P
A34: Sector agropecuario | C34: =C7/$C$7*100 -> 100 | D34: =D7/$D$7*100 -> 100 | E34: =E7/$E$7*100 -> 100 | F34: =F7/$F$7*100 -> 100 | G34: =G7/$G$7*100 -> 100 | H34: =H7/$H$7*100 -> 100 | I34: =I7/$I$7*100 -> 100 | J34: =J7/$J$7*100 -> 100 | K34: =K7/$K$7*100 -> 100 | L34: =L7/$L$7*100 -> 100 | M34: =M7/$M$7*100 -> 100 | N34: =N7/$N$7*100 -> 100 | O34: =O7/$O$7*100 -> 100 | P34: =P7/$P$7*100 -> 100 | Q34: =Q7/$Q$7*100 -> 100 | R34: =R7/$R$7*100 -> 100 | S34: =S7/$S$7*100 -> 100 | T34: =T7/$T$7*100 -> 100 | U34: =U7/$U$7*100 -> 100 | V34: =V7/$V$7*100 -> 100 | W34: =W7/$W$7*100 -> 100
A35: Subsector agrícola | C35: =C8/$C$7*100 -> 66.252153 | D35: =D8/$D$7*100 -> 65.546137 | E35: =E8/$E$7*100 -> 66.02378 | F35: =F8/$F$7*100 -> 65.605478 | G35: =G8/$G$7*100 -> 64.8916 | H35: =H8/$H$7*100 -> 64.788245 | I35: =I8/$I$7*100 -> 64.738598 | J35: =J8/$J$7*100 -> 63.719189 | K35: =K8/$K$7*100 -> 64.110534 | L35: =L8/$L$7*100 -> 63.009327 | M35: =M8/$M$7*100 -> 62.921757 | N35: =N8/$N$7*100 -> 62.370968 | O35: =O8/$O$7*100 -> 62.533812 | P35: =P8/$P$7*100 -> 61.970204 | Q35: =Q8/$Q$7*100 -> 61.350503 | R35: =R8/$R$7*100 -> 60.851257 | S35: =S8/$S$7*100 -> 60.139972 | T35: =T8/$T$7*100 -> 60.14196 | U35: =U8/$U$7*100 -> 60.965568 | V35: =V8/$V$7*100 -> 60.812356 | W35: =W8/$W$7*100 -> 62.043991
A36: Subsector pecuario | C36: =C9/$C$7*100 -> 33.747847 | D36: =D9/$D$7*100 -> 34.453863 | E36: =E9/$E$7*100 -> 33.97622 | F36: =F9/$F$7*100 -> 34.394522 | G36: =G9/$G$7*100 -> 35.1084 | H36: =H9/$H$7*100 -> 35.211755 | I36: =I9/$I$7*100 -> 35.261402 | J36: =J9/$J$7*100 -> 36.280811 | K36: =K9/$K$7*100 -> 35.889466 | L36: =L9/$L$7*100 -> 36.990673 | M36: =M9/$M$7*100 -> 37.078243 | N36: =N9/$N$7*100 -> 37.629032 | O36: =O9/$O$7*100 -> 37.465849 | P36: =P9/$P$7*100 -> 38.029796 | Q36: =Q9/$Q$7*100 -> 38.649497 | R36: =R9/$R$7*100 -> 39.148743 | S36: =S9/$S$7*100 -> 39.860028 | T36: =T9/$T$7*100 -> 39.85804 | U36: =U9/$U$7*100 -> 39.034432 | V36: =V9/$V$7*100 -> 39.187644 | W36: =W9/$W$7*100 -> 37.956009
B38: Industria avícola 1 | C38: =C11/$C$7*100 -> 16.553453 | D38: =D11/$D$7*100 -> 16.80794 | E38: =E11/$E$7*100 -> 16.883291 | F38: =F11/$F$7*100 -> 17.200951 | G38: =G11/$G$7*100 -> 17.176896 | H38: =H11/$H$7*100 -> 17.663893 | I38: =I11/$I$7*100 -> 18.136757 | J38: =J11/$J$7*100 -> 18.987031 | K38: =K11/$K$7*100 -> 19.593158 | L38: =L11/$L$7*100 -> 20.704438 | M38: =M11/$M$7*100 -> 21.055083 | N38: =N11/$N$7*100 -> 21.868405 | O38: =O11/$O$7*100 -> 22.095531 | P38: =P11/$P$7*100 -> 22.684929 | Q38: =Q11/$Q$7*100 -> 23.298109 | R38: =R11/$R$7*100 -> 24.218975 | S38: =S11/$S$7*100 -> 25.11176 | T38: =T11/$T$7*100 -> 25.319977 | U38: =U11/$U$7*100 -> 25.305668 | V38: =V11/$V$7*100 -> 25.647906 | W38: =W11/$W$7*100 -> 24.888223
B39: Ave | C39: =C12/$C$7*100 -> 13.394528 | D39: =D12/$D$7*100 -> 13.502028 | E39: =E12/$E$7*100 -> 13.713475 | F39: =F12/$F$7*100 -> 13.97943 | G39: =G12/$G$7*100 -> 13.903435 | H39: =H12/$H$7*100 -> 14.545215 | I39: =I12/$I$7*100 -> 14.713995 | J39: =J12/$J$7*100 -> 15.497935 | K39: =K12/$K$7*100 -> 16.265591 | L39: =L12/$L$7*100 -> 17.43403 | M39: =M12/$M$7*100 -> 17.720033 | N39: =N12/$N$7*100 -> 18.346661 | O39: =O12/$O$7*100 -> 18.811636 | P39: =P12/$P$7*100 -> 19.099028 | Q39: =Q12/$Q$7*100 -> 19.689428 | R39: =R12/$R$7*100 -> 20.478146 | S39: =S12/$S$7*100 -> 21.311475 | T39: =T12/$T$7*100 -> 21.490401 | U39: =U12/$U$7*100 -> 21.437748 | V39: =V12/$V$7*100 -> 21.615226 | W39: =W12/$W$7*100 -> 20.838142
B40: Pollo | J40: =J13/$J$7*100 -> 14.350541 | K40: =K13/$K$7*100 -> 15.067214 | L40: =L13/$L$7*100 -> 16.240529 | M40: =M13/$M$7*100 -> 16.520748 | N40: =N13/$N$7*100 -> 16.44904 | O40: =O13/$O$7*100 -> 17.590163 | P40: =P13/$P$7*100 -> 17.90229 | Q40: =Q13/$Q$7*100 -> 18.430722 | R40: =R13/$R$7*100 -> 19.12993 | S40: =S13/$S$7*100 -> 19.784428 | T40: =T13/$T$7*100 -> 20.056175 | U40: =U13/$U$7*100 -> 20.092974 | V40: =V13/$V$7*100 -> 20.255342 | W40: =W13/$W$7*100 -> 19.543094
A41: 1 | B41: Huevo de Gallina | C41: =C14/$C$7*100 -> 3.1589248 | D41: =D14/$D$7*100 -> 3.3059119 | E41: =E14/$E$7*100 -> 3.1698166 | F41: =F14/$F$7*100 -> 3.2215211 | G41: =G14/$G$7*100 -> 3.2734604 | H41: =H14/$H$7*100 -> 3.1186775 | I41: =I14/$I$7*100 -> 3.4227621 | J41: =J14/$J$7*100 -> 3.489096 | K41: =K14/$K$7*100 -> 3.3275671 | L41: =L14/$L$7*100 -> 3.2704075 | M41: =M14/$M$7*100 -> 3.33505 | N41: =N14/$N$7*100 -> 3.5217435 | O41: =O14/$O$7*100 -> 3.2838944 | P41: =P14/$P$7*100 -> 3.5859007 | Q41: =Q14/$Q$7*100 -> 3.6086806 | R41: =R14/$R$7*100 -> 3.740829 | S41: =S14/$S$7*100 -> 3.8002841 | T41: =T14/$T$7*100 -> 3.8295764 | U41: =U14/$U$7*100 -> 3.8679203 | V41: =V14/$V$7*100 -> 4.0326805 | W41: =W14/$W$7*100 -> 4.0500805
B42: Ovino | C42: =C15/$C$7*100 -> 2.1671827 | D42: =D15/$D$7*100 -> 2.2065925 | E42: =E15/$E$7*100 -> 2.0598164 | F42: =F15/$F$7*100 -> 2.0517362 | G42: =G15/$G$7*100 -> 2.1512359 | H42: =H15/$H$7*100 -> 2.0017648 | I42: =I15/$I$7*100 -> 1.865771 | J42: =J15/$J$7*100 -> 1.8085601 | K42: =K15/$K$7*100 -> 1.6429686 | L42: =L15/$L$7*100 -> 1.606834 | M42: =M15/$M$7*100 -> 1.5541098 | N42: =N15/$N$7*100 -> 1.4988586 | O42: =O15/$O$7*100 -> 1.4567626 | P42: =P15/$P$7*100 -> 1.4121247 | Q42: =Q15/$Q$7*100 -> 1.3668554 | R42: =R15/$R$7*100 -> 1.267323 | S42: =S15/$S$7*100 -> 1.2699319 | T42: =T15/$T$7*100 -> 1.2172262 | U42: =U15/$U$7*100 -> 1.1362881 | V42: =V15/$V$7*100 -> 1.1004694 | W42: =W15/$W$7*100 -> 1.0379148
B43: Porcino | C43: =C16/$C$7*100 -> 2.4825029 | D43: =D16/$D$7*100 -> 2.5122431 | E43: =E16/$E$7*100 -> 2.3570707 | F43: =F16/$F$7*100 -> 2.3169015 | G43: =G16/$G$7*100 -> 2.4539171 | H43: =H16/$H$7*100 -> 2.4083581 | I43: =I16/$I$7*100 -> 2.3321009 | J43: =J16/$J$7*100 -> 2.3794074 | K43: =K16/$K$7*100 -> 2.2063876 | L43: =L16/$L$7*100 -> 2.1419199 | M43: =M16/$M$7*100 -> 2.0755546 | N43: =N16/$N$7*100 -> 1.9999139 | O43: =O16/$O$7*100 -> 1.9628886 | P43: =P16/$P$7*100 -> 2.0078389 | Q43: =Q16/$Q$7*100 -> 2.0900248 | R43: =R16/$R$7*100 -> 2.1235969 | S43: =S16/$S$7*100 -> 2.1722922 | T43: =T16/$T$7*100 -> 2.2311834 | U43: =U16/$U$7*100 -> 2.1640419 | V43: =V16/$V$7*100 -> 2.194195 | W43: =W16/$W$7*100 -> 2.1204852
B44: Vacuno | C44: =C17/$C$7*100 -> 6.3756488 | D44: =D17/$D$7*100 -> 6.3306026 | E44: =E17/$E$7*100 -> 6.1676235 | F44: =F17/$F$7*100 -> 6.1900017 | G44: =G17/$G$7*100 -> 6.4301424 | H44: =H17/$H$7*100 -> 6.3592354 | I44: =I17/$I$7*100 -> 6.2392503 | J44: =J17/$J$7*100 -> 6.1219211 | K44: =K17/$K$7*100 -> 5.6463151 | L44: =L17/$L$7*100 -> 5.5514183 | M44: =M17/$M$7*100 -> 5.5673788 | N44: =N17/$N$7*100 -> 5.4983274 | O44: =O17/$O$7*100 -> 5.4042068 | P44: =P17/$P$7*100 -> 5.4812342 | Q44: =Q17/$Q$7*100 -> 5.4677473 | R44: =R17/$R$7*100 -> 5.2571016 | S44: =S17/$S$7*100 -> 5.0576363 | T44: =T17/$T$7*100 -> 4.8187593 | U44: =U17/$U$7*100 -> 4.4928234 | V44: =V17/$V$7*100 -> 4.4102691 | W44: =W17/$W$7*100 -> 4.1464165
B45: Caprino | C45: =C18/$C$7*100 -> 0.32962694 | D45: =D18/$D$7*100 -> 0.3090593 | E45: =E18/$E$7*100 -> 0.28650369 | F45: =F18/$F$7*100 -> 0.30523003 | G45: =G18/$G$7*100 -> 0.31158358 | H45: =H18/$H$7*100 -> 0.2964133 | I45: =I18/$I$7*100 -> 0.28124252 | J45: =J18/$J$7*100 -> 0.26963987 | K45: =K18/$K$7*100 -> 0.23846284 | L45: =L18/$L$7*100 -> 0.22301815 | M45: =M18/$M$7*100 -> 0.2135765 | N45: =N18/$N$7*100 -> 0.20279098 | O45: =O18/$O$7*100 -> 0.1943253 | P45: =P18/$P$7*100 -> 0.19646952 | Q45: =Q18/$Q$7*100 -> 0.18470138 | R45: =R18/$R$7*100 -> 0.17025146 | S45: =S18/$S$7*100 -> 0.16445602 | T45: =T18/$T$7*100 -> 0.15073547 | U45: =U18/$U$7*100 -> 0.12653111 | V45: =V18/$V$7*100 -> 0.12537771 | W45: =W18/$W$7*100 -> 0.12011954
B46: Alpaca | C46: =C19/$C$7*100 -> 0.74452196 | D46: =D19/$D$7*100 -> 0.78003386 | E46: =E19/$E$7*100 -> 0.79178224 | F46: =F19/$F$7*100 -> 0.76966467 | G46: =G19/$G$7*100 -> 0.77607876 | H46: =H19/$H$7*100 -> 0.75273378 | I46: =I19/$I$7*100 -> 0.70649205 | J46: =J19/$J$7*100 -> 0.73087749 | K46: =K19/$K$7*100 -> 0.68547963 | L46: =L19/$L$7*100 -> 0.71476136 | M46: =M19/$M$7*100 -> 0.7255542 | N46: =N19/$N$7*100 -> 0.723228 | O46: =O19/$O$7*100 -> 0.72313385 | P46: =P19/$P$7*100 -> 0.7188395 | Q46: =Q19/$Q$7*100 -> 0.73033598 | R46: =R19/$R$7*100 -> 0.66501536 | S46: =S19/$S$7*100 -> 0.67960837 | T46: =T19/$T$7*100 -> 0.67726491 | U46: =U19/$U$7*100 -> 0.62545684 | V46: =V19/$V$7*100 -> 0.59847604 | W46: =W19/$W$7*100 -> 0.57995569
B47: Llama | C47: =C20/$C$7*100 -> 0.14421179 | D47: =D20/$D$7*100 -> 0.14487155 | E47: =E20/$E$7*100 -> 0.13707024 | F47: =F20/$F$7*100 -> 0.14497108 | G47: =G20/$G$7*100 -> 0.15238793 | H47: =H20/$H$7*100 -> 0.14820665 | I47: =I20/$I$7*100 -> 0.13678408 | J47: =J20/$J$7*100 -> 0.13986198 | K47: =K20/$K$7*100 -> 0.12650656 | L47: =L20/$L$7*100 -> 0.12963423 | M47: =M20/$M$7*100 -> 0.12155684 | N47: =N20/$N$7*100 -> 0.11987998 | O47: =O20/$O$7*100 -> 0.11612121 | P47: =P20/$P$7*100 -> 0.10918661 | Q47: =Q20/$Q$7*100 -> 0.10717241 | R47: =R20/$R$7*100 -> 0.098451119 | S47: =S20/$S$7*100 -> 0.096034953 | T47: =T20/$T$7*100 -> 0.094321601 | U47: =U20/$U$7*100 -> 0.087215097 | V47: =V20/$V$7*100 -> 0.081025736 | W47: =W20/$W$7*100 -> 0.07928942
B48: Leche Fresca de Vaca | C48: =C21/$C$7*100 -> 4.295451 | D48: =D21/$D$7*100 -> 4.6722494 | E48: =E21/$E$7*100 -> 4.6969404 | F48: =F21/$F$7*100 -> 4.8399256 | G48: =G21/$G$7*100 -> 5.0696481 | H48: =H21/$H$7*100 -> 5.0107499 | I48: =I21/$I$7*100 -> 5.0528853 | J48: =J21/$J$7*100 -> 5.3042327 | K48: =K21/$K$7*100 -> 5.2583078 | L48: =L21/$L$7*100 -> 5.4095693 | M48: =M21/$M$7*100 -> 5.2814741 | N48: =N21/$N$7*100 -> 5.2359554 | O48: =O21/$O$7*100 -> 5.0375617 | P48: =P21/$P$7*100 -> 4.985746 | Q48: =Q21/$Q$7*100 -> 4.9813996 | R48: =R21/$R$7*100 -> 4.9586129 | S48: =S21/$S$7*100 -> 4.982772 | T48: =T21/$T$7*100 -> 4.994866 | U48: =U21/$U$7*100 -> 4.75613 | V48: =V21/$V$7*100 -> 4.711311 | W48: =W21/$W$7*100 -> 4.6774445
B49: Fibra Alpaca | C49: =C22/$C$7*100 -> 0.32619332 | D49: =D22/$D$7*100 -> 0.35394107 | E49: =E22/$E$7*100 -> 0.31176761 | F49: =F22/$F$7*100 -> 0.29995835 | G49: =G22/$G$7*100 -> 0.31210725 | H49: =H22/$H$7*100 -> 0.32176444 | I49: =I22/$I$7*100 -> 0.29027118 | J49: =J22/$J$7*100 -> 0.31304531 | K49: =K22/$K$7*100 -> 0.29787647 | L49: =L22/$L$7*100 -> 0.3167961 | M49: =M22/$M$7*100 -> 0.30218802 | N49: =N22/$N$7*100 -> 0.30687838 | O49: =O22/$O$7*100 -> 0.29792031 | P49: =P22/$P$7*100 -> 0.2688181 | Q49: =Q22/$Q$7*100 -> 0.26776814 | R49: =R22/$R$7*100 -> 0.25522042 | S49: =S22/$S$7*100 -> 0.25374091 | T49: =T22/$T$7*100 -> 0.23610249 | U49: =U22/$U$7*100 -> 0.23229672 | V49: =V22/$V$7*100 -> 0.21820597 | W49: =W22/$W$7*100 -> 0.21026782
B50: Fibra Llama | C50: =C23/$C$7*100 -> 0.026324374 | D50: =D23/$D$7*100 -> 0.026701815 | E50: =E23/$E$7*100 -> 0.020426154 | F50: =F23/$F$7*100 -> 0.020559536 | G50: =G23/$G$7*100 -> 0.019899455 | H50: =H23/$H$7*100 -> 0.018038309 | I50: =I23/$I$7*100 -> 0.01715444 | J50: =J23/$J$7*100 -> 0.019729746 | K50: =K23/$K$7*100 -> 0.017379495 | L50: =L23/$L$7*100 -> 0.016943075 | M50: =M23/$M$7*100 -> 0.014768588 | N50: =N23/$N$7*100 -> 0.015074728 | O50: =O23/$O$7*100 -> 0.015573107 | P50: =P23/$P$7*100 -> 0.014602464 | Q50: =Q23/$Q$7*100 -> 0.014984592 | R50: =R23/$R$7*100 -> 0.012541544 | S50: =S23/$S$7*100 -> 0.012579658 | T50: =T23/$T$7*100 -> 0.012536415 | U50: =U23/$U$7*100 -> 0.011074933 | V50: =V23/$V$7*100 -> 0.010763781 | W50: =W23/$W$7*100 -> 0.010734056
A51: 3 | B51: Lana ovino | C51: =C24/$C$7*100 -> 0.30616391 | D51: =D24/$D$7*100 -> 0.3090593 | E51: =E24/$E$7*100 -> 0.26285235 | F51: =F24/$F$7*100 -> 0.25831211 | G51: =G24/$G$7*100 -> 0.25450356 | H51: =H24/$H$7*100 -> 0.23011033 | I51: =I24/$I$7*100 -> 0.20269325 | J51: =J24/$J$7*100 -> 0.20694312 | K51: =K24/$K$7*100 -> 0.17622 | L51: =L24/$L$7*100 -> 0.17534113 | M51: =M24/$M$7*100 -> 0.16737733 | N51: =N24/$N$7*100 -> 0.15972033 | O51: =O24/$O$7*100 -> 0.16148635 | P51: =P24/$P$7*100 -> 0.14934339 | Q51: =Q24/$Q$7*100 -> 0.14072486 | R51: =R24/$R$7*100 -> 0.12165298 | S51: =S24/$S$7*100 -> 0.12426248 | T51: =T24/$T$7*100 -> 0.1050671 | U51: =U24/$U$7*100 -> 0.09662879 | V51: =V24/$V$7*100 -> 0.089644503 | W51: =W24/$W$7*100 -> 0.085158719
A52: P Preliminar
A53: 1 Considera ave y huevo de gallina
A54: Fuente: Direcciones Regionales de Agricultura
A55: Elaboración: Ministerio de Desarrollo Agrario y Riego - DGESEP - DEIA
A57: C.3 PERÚ: EVOLUCIÓN DE LA PRODUCCIÓN PECUARIA POR AÑO, SEGÚN ESPECIE Y PRODUCTO, 2007-20
A58: (Miles de toneladas)
A60: Especie / Producto | C60: 2000 | D60: 2001 | E60: 2002 | F60: 2003 | G60: 2004 | H60: 2005 | I60: 2006 | J60: 2007 | K60: 2008 | L60: 2009 | M60: 2010 | N60: 2011 | O60: 2012 | P60: 2013 | Q60: 2014 | R60: 2015 | S60: 2016 | T60: 2017 | U60: 2018 | V60: 2019 | W60: 2020P
B62: Subsector pecuario
B63: Ave 1 | C63: 622.1 | D63: 631.7 | E63: 678.1 | F63: 704.9 | G63: 705.7 | H63: 793 | I63: 866.4 | J63: 939.6 | K63: 1069.7 | L63: 1176.1 | M63: 1243.8 | N63: 1358.7 | O63: 1477 | P63: 1529.7 | Q63: 1606.6 | R63: 1736.1 | S63: 1846.3 | T63: 1913.8 | U63: 2058.1 | V63: 2149.824 | W63: 2101.8262
B64: Pollo 1 | J64: 870 | K64: 990.9 | L64: 1095.6 | M64: 1159.6 | N64: 1218.2 | O64: 1381.1 | P64: 1433.8 | Q64: 1503.9 | R64: 1621.8 | S64: 1714 | T64: 1786 | U64: 1929 | V64: 2014.5716 | W64: 1971.2019
B65: Ovino 1 | C65: 77.7 | D65: 79.7 | E65: 78.6 | F65: 79.8 | G65: 84.2 | H65: 84.2 | I65: 84.8 | J65: 84.6 | K65: 83.4 | L65: 83.6 | M65: 84.2 | N65: 85.6 | O65: 88.3 | P65: 87.3 | Q65: 86.1 | R65: 82.9 | S65: 84.9 | T65: 83.6 | U65: 84.2 | V65: 84.452368 | W65: 80.77747
B66: Porcino 1 | C66: 122.1 | D66: 124.4 | E66: 123.4 | F66: 123.7 | G66: 131.8 | H66: 139 | I66: 145.3 | J66: 152.7 | K66: 153.6 | L66: 153 | M66: 154.2 | N66: 156.8 | O66: 163.1 | P66: 170.2 | Q66: 180.5 | R66: 190.6 | S66: 199.2 | T66: 210.3 | U66: 219.9 | V66: 231.01155 | W66: 226.40624
B67: Vacuno 1 | C67: 255.4 | D67: 255.4 | E67: 263 | F67: 269.2 | G67: 281.5 | H67: 299 | I67: 316.8 | J67: 320.1 | K67: 320.2 | L67: 322.9 | M67: 337 | N67: 351.1 | O67: 365.9 | P67: 378.6 | Q67: 384.8 | R67: 384.3 | S67: 373 | T67: 370.1 | U67: 372 | V67: 378.2737 | W67: 360.66887
B68: Caprino 1 | C68: 15.5 | D68: 14.8 | E68: 14.5 | F68: 15.7 | G68: 16.2 | H68: 16.5 | I68: 16.9 | J68: 16.7 | K68: 16 | L68: 15.4 | M68: 15.3 | N68: 15.4 | O68: 15.6 | P68: 16.1 | Q68: 15.4 | R68: 14.8 | S68: 14.6 | T68: 13.7 | U68: 12.4 | V68: 12.75563 | W68: 12.393384
B69: Alpaca 1 | C69: 16.2 | D69: 17.1 | E69: 18.4 | F69: 18.2 | G69: 18.5 | H69: 19.3 | I69: 19.5 | J69: 20.8 | K69: 21.2 | L69: 22.6 | M69: 23.9 | N69: 25.2 | O69: 26.7 | P69: 27 | Q69: 28 | R69: 26.5 | S69: 27.7 | T69: 28.3 | U69: 28.2 | V69: 27.954751 | W69: 27.472511
B70: Llama 1 | C70: 7.1 | D70: 7.2 | E70: 7.2 | F70: 7.8 | G70: 8.2 | H70: 8.6 | I70: 8.5 | J70: 9 | K70: 8.8 | L70: 9.3 | M70: 9.1 | N70: 9.4 | O70: 9.7 | P70: 9.3 | Q70: 9.3 | R70: 8.8 | S70: 8.8 | T70: 8.9 | U70: 8.9 | V70: 8.5502046 | W70: 8.4852266
B71: Huevo Gallina | C71: 178.7 | D71: 188.4 | E71: 190.9 | F71: 197.8 | G71: 202.4 | H71: 207.1 | I71: 245.5 | J71: 257.6 | K71: 266.5 | L71: 268.7 | M71: 285.1 | N71: 317.7 | O71: 314 | P71: 349.8 | Q71: 358.6 | R71: 386.3 | S71: 401 | T71: 415.3 | U71: 452.2 | V71: 488.48444 | W71: 497.52539
B72: Leche Fresca de Vaca | C72: 903.2 | D72: 989.7 | E72: 1051.5 | F72: 1104.8 | G72: 1165 | H72: 1236.8 | I72: 1347 | J72: 1455.8 | K72: 1565.5 | L72: 1652.1 | M72: 1678.4 | N72: 1755.5 | O72: 1790.7 | P72: 1807.8 | Q72: 1840.2 | R72: 1903.2 | S72: 1954.2 | T72: 2013.7 | U72: 2067.1 | V72: 2121.3659 | W72: 2135.8813
B73: Fibra Alpaca | C73: 3.1 | D73: 3.4 | E73: 3.2 | F73: 3.1 | G73: 3.2 | H73: 3.6 | I73: 3.5 | J73: 3.9 | K73: 4 | L73: 4.4 | M73: 4.4 | N73: 4.7 | O73: 4.8 | P73: 4.4 | Q73: 4.5 | R73: 4.4 | S73: 4.5 | T73: 4.3 | U73: 4.6 | V73: 4.4530293 | W73: 4.3516747
B74: Fibra Llama | C74: 0.7 | D74: 0.8 | E74: 0.6 | F74: 0.6 | G74: 0.6 | H74: 0.6 | I74: 0.6 | J74: 0.7 | K74: 0.7 | L74: 0.7 | M74: 0.6 | N74: 0.7 | O74: 0.7 | P74: 0.7 | Q74: 0.7 | R74: 0.7 | S74: 0.7 | T74: 0.7 | U74: 0.7 | V74: 0.65710991 | W74: 0.66455614
B75: Lana Ovino | C75: 12.4 | D75: 12.6 | E75: 11.3 | F75: 11.3 | G75: 11.2 | H75: 10.9 | I75: 10.4 | J75: 10.9 | K75: 10.1 | L75: 10.3 | M75: 10.2 | N75: 10.3 | O75: 11 | P75: 10.4 | Q75: 10 | R75: 9 | S75: 9.4 | T75: 8.1 | U75: 8.1 | V75: 7.7501701 | W75: 7.466402
A76: P Preliminar
A77: 1 Peso de animal vivo
A78: Fuente: Direcciones Regionales de Agricultura
A79: Elaboración: Ministerio de Desarrollo Agrario y Riego - DGESEP - DEIA

Sheet 2. POBLACION Y ...

Sheet C-4
A2: C.4 PERÚ: POBLACIÓN PECUARIA POR ESPECIE, SEGÚN REGIÓN, 2020P
A3: (Unidades)
A5: Región | B5: Ave | C5: Alpaca | D5: LLama | E5: Caprino | F5: Ovino | G5: Porcino | H5: Vacuno | I5: Vacas en Ordeño
A6: Total Nacional | B6: =(B8+B9+B10+B11+B12+B16+B17+B18+B19+B20+B21+B22+B23+B24+B25+B26+B27+B28+B31+B32+B33+B34+B35+B36) -> 1.7105863e+08 | C6: =(C8+C9+C10+C11+C12+C16+C17+C18+C19+C20+C21+C22+C23+C24+C25+C26+C27+C28+C31+C32+C33+C34+C35+C36) -> 4492025 | D6: =(D8+D9+D10+D11+D12+D16+D17+D18+D19+D20+D21+D22+D23+D24+D25+D26+D27+D28+D31+D32+D33+D34+D35+D36) -> 1092770.7 | E6: =(E8+E9+E10+E11+E12+E16+E17+E18+E19+E20+E21+E22+E23+E24+E25+E26+E27+E28+E31+E32+E33+E34+E35+E36) -> 1801257 | F6: =(F8+F9+F10+F11+F12+F16+F17+F18+F19+F20+F21+F22+F23+F24+F25+F26+F27+F28+F31+F32+F33+F34+F35+F36) -> 11097551 | G6: =(G8+G9+G10+G11+G12+G16+G17+G18+G19+G20+G21+G22+G23+G24+G25+G26+G27+G28+G31+G32+G33+G34+G35+G36) -> 3265145 | H6: =(H8+H9+H10+H11+H12+H16+H17+H18+H19+H20+H21+H22+H23+H24+H25+H26+H27+H28+H31+H32+H33+H34+H35+H36) -> 5636388 | I6: =(I8+I9+I10+I11+I12+I16+I17+I18+I19+I20+I21+I22+I23+I24+I25+I26+I27+I28+I31+I32+I33+I34+I35+I36) -> 906688.63
A8: Tumbes | B8: 183420 | C8: 0 | D8: 0 | E8: 63823 | F8: 10210 | G8: 29015 | H8: 19258 | I8: 310.45
A9: Piura | B9: 5987048 | C9: 92 | D9: 0 | E9: 330308 | F9: 263119 | G9: 157810 | H9: 265987 | I9: 24007.677
A10: Lambayeque | B10: 2626033 | C10: 0 | D10: 0 | E10: 105050 | F10: 73859 | G10: 70227 | H10: 114530 | I10: 17819.717
A11: La Libertad | B11: 24980325 | C11: 7650 | D11: 0 | E11: 88812 | F11: 360982 | G11: 111448 | H11: 234083 | I11: 49775
A12: Cajamarca | B12: =SUM(B13:B15) -> 887067 | C12: =SUM(C13:C15) -> 1181 | D12: =SUM(D13:D15) -> 0 | E12: =SUM(E13:E15) -> 106138 | F12: =SUM(F13:F15) -> 484440 | G12: =SUM(G13:G15) -> 288467 | H12: =SUM(H13:H15) -> 657166 | I12: 164025.34
A13: Cajamarca | B13: 379140 | C13: 1181 | D13: 0 | E13: 65890 | F13: 342580 | G13: 75685 | H13: 264587 | I13: 99168.333
A14: Chota | B14: 211030 | C14: 0 | D14: 0 | E14: 20796 | F14: 102895 | G14: 104325 | H14: 274122 | I14: 59224.253
A15: Jaén | B15: 296897 | C15: 0 | D15: 0 | E15: 19452 | F15: 38965 | G15: 108457 | H15: 118457 | I15: 5632.75
A16: Amazonas | B16: 1528411 | C16: 0 | D16: 0 | E16: 14397 | F16: 27990 | G16: 92127 | H16: 252797 | I16: 79621.833
A17: Ancash | B17: 2628030 | C17: 11654 | D17: 0 | E17: 168457 | F17: 670125 | G17: 170544 | H17: 308564 | I17: 14894.083
A18: Lima | B18: 73917840 | C18: 46625 | D18: 19780 | E18: 168458 | F18: 312547 | G18: 470025 | H18: 251406 | I18: 71842.292
A19: Ica | B19: 16978545 | C19: 0 | D19: 0 | E19: 75149 | F19: 26787 | G19: 91117 | H19: 47756 | I19: 14028.083
A20: Huánuco | B20: 1750450 | C20: 6648 | D20: 3460 | E20: 101568 | F20: 526457 | G20: 402365 | H20: 290125 | I20: 37713.417
A21: Pasco | B21: 140558 | C21: 131241 | D21: 46750 | E21: 6430 | F21: 680129 | G21: 52698 | H21: 118658 | I21: 29894
A22: Junín | B22: 2567455 | C22: 100923 | D22: 65597 | E22: 13304 | F22: 1547309 | G22: 178317 | H22: 320442 | I22: 41323.917
A23: Huancavelica | B23: 387425 | C23: 268457 | D23: 129197.67 | E23: 188124 | F23: 622124 | G23: 155475 | H23: 180546 | I23: 12124.987
A24: Arequipa | B24: 16305432 | C24: 471737 | D24: 94372 | E24: 26786 | F24: 190639 | G24: 116838 | H24: 232737 | I24: 75698.583
... A27: Ayacucho | B27: 570441 | C27: 295233 | D27: 78570 | E27: 180518 | F27: 602326 | G27: 111843 | H27: 457818 | I27: 28386.333
A28: Apurímac | B28: =SUM(B29:B30) -> 305020 | C28: =SUM(C29:C30) -> 214727 | D28: =SUM(D29:D30) -> 72240 | E28: =SUM(E29:E30) -> 107810 | F28: =SUM(F29:F30) -> 454242 | G28: =SUM(G29:G30) -> 140538 | H28: =SUM(H29:H30) -> 295076 | I28: 31233.119
A29: Abancay | B29: 187565 | C29: 194877 | D29: 54090 | E29: 54720 | F29: 310988 | G29: 48951 | H29: 189748 | I29: 19696.651
A30: Andahuaylas | B30: 117455 | C30: 19850 | D30: 18150 | E30: 53090 | F30: 143254 | G30: 91587 | H30: 105328 | I30: 11536.468
A31: Cusco | B31: 1205779 | C31: 675889 | D31: 148034 | E31: 30039 | F31: 1425497 | G31: 123995 | H31: 440840 | I31: 82653.167
A32: Puno | B32: 1699105 | C32: 2039330 | D32: 369725 | E32: 0 | F32: 2699105 | G32: 120306 | H32: 733660 | I32: 95302.5
A33: San Martín | B33: 4565213 | C33: 0 | D33: 0 | E33: 0 | F33: 9080 | G33: 180451 | H33: 212548 | I33: 19157.667
A34: Loreto | B34: 4190254 | C34: 0 | D34: 0 | E34: 291 | F34: 11303 | G34: 95430 | H34: 48827 | I34: 1180.75
A35: Ucayali | B35: 5924587 | C35: 0 | D35: 0 | E35: 178 | F35: 8931 | G35: 43273 | H35: 50090 | I35: 3479.3867
A36: Madre de Dios | B36: 485451.1 | C36: 0 | D36: 0 | E36: 210 | F36: 6669 | G36: 12684 | H36: 60875 | I36: 1005.6667
A37: P Preliminar
A38: Fuente: Direcciones Regionales de Agricultura
A39: Elaboración: Ministerio de Desarrollo Agrario y Riego - DGESEP - DEIA

Sheet C 5
A2: C.5 PERÚ: EVOLUCIÓN DE LA POBLACIÓN, SACA, PRODUCCIÓN, RENDIMIENTO Y PRECIOS RECIBIDOS POR EL PRODUCTOR POR AÑO, SEGÚN ESPECIE Y PRODUCTO, 2007-20
A4: Especie/ Producto | B4: Variable | C4: 2000 | D4: 2001 | E4: 2002 | F4: 2003 | G4: 2004 | H4: 2005 | I4: 2006 | J4: 2007 | K4: 2008 | L4: 2009 | M4: 2010 | N4: 2011 | O4: 2012 | P4: 2013 | Q4: 2014 | R4: 2015 | S4: 2016 | T4: 2017 | U4: 2018 | V4: 2019 | W4: 2020 P
B5: Población (Miles) | C5: 88010358 | D5: 85621159 | E5: 90354182 | F5: 92846109 | G5: 97761003 | H5: 99278818 | I5: 117976702 | J5: 120227.6 | K5: 131179.1 | L5: 137838 | M5: 130779 | N5: 128943.5 | O5: 138554.1 | P5: 138179.8 | Q5: 144703.7 | R5: 151000.9 | S5: 158263.2 | T5: 156637.7 | U5: 160959.3 | V5: 168172.6 | W5: 171058.63
B6: Saca (Miles) | C6: 283733046 | D6: 287860594 | E6: 307094298 | F6: 310943489 | G6: 308485309 | H6: 342073628 | I6: 368545799 | J6: 394749.6 | K6: 435909.3 | L6: 476340.3 | M6: 504986.8 | N6: 535421.1 | O6: 575566.4 | P6: 594004.2 | Q6: 621140.1 | R6: 645016.2 | S6: 690892.3 | T6: 709233 | U6: 755841.1 | V6: 786256.92 | W6: 753602.34
A7: Ave | B7: Produción carne (t) | C7: 510161 | D7: 518010 | E7: 556076 | F7: 577989 | G7: 578693 | H7: 650296 | I7: 710428 | J7: 770444 | K7: 877171 | L7: 964407 | M7: 1019935 | N7: 1108345 | O7: 1211140 | P7: 1254348 | Q7: 1317426 | R7: 1423586 | S7: 1513950 | T7: 1569280 | U7: 1687636 | V7: 1762855.6 | W7: 1723497.5
B8: Rendimiento (Kg/Unidad) | C8: =(C7/C6)*1000 -> 1.7980317 | D8: =(D7/D6)*1000 -> 1.7995169 | E8: =(E7/E6)*1000 -> 1.8107663 | F8: =(F7/F6)*1000 -> 1.8588233 | G8: =(G7/G6)*1000 -> 1.8759175 | H8: =(H7/H6)*1000 -> 1.901041 | I8: =(I7/I6)*1000 -> 1.9276519 | J8: =(J7/J6) -> 1.9517284 | K8: =(K7/K6) -> 2.0122787 | L8: =(L7/L6) -> 2.0246177 | M8: =(M7/M6) -> 2.0197261 | N8: =(N7/N6) -> 2.0700436 | O8: =(O7/O6) -> 2.1042576 | P8: =(P7/P6) -> 2.111682 | Q8: =(Q7/Q6) -> 2.1209804 | ... W8: =(W7/W6) -> 2.2870118
B9: Precio (S/ x Kg) | C9: 3.06 | D9: 3.19 | E9: 3.07 | F9: 3.09 | G9: 3.48 | H9: 3.46 | I9: 3.6 | J9: 3.63 | K9: 4.18 | L9: 4.33 | M9: 4.64 | N9: 4.67 | O9: 4.7 | P9: 4.75 | Q9: 4.78 | R9: 4.82 | S9: 4.84 | T9: 4.84 | U9: 4.86 | V9: 4.67 | W9: 5.02
B10: Población (Unidades) | C10: 14800991 | D10: 14727155 | E10: 14690547 | F10: 14721243 | G10: 14696522 | H10: 14813786 | I10: 14675255 | J10: 14580166 | K10: 14509628 | L10: 14137690 | M10: 14159720 | N10: 14050173 | O10: 12184143 | P10: 11830977 | Q10: 11652272 | R10: 11982580 | S10: 11450657 | T10: 11338424 | U10: 11331908 | V10: 11261557 | W10: 11097551
B11: Saca (Unidades) | C11: 2521661 | D11: 2571321 | E11: 2517896 | F11: 2535935 | G11: 2709847 | H11: 2685627 | I11: 2692776 | J11: 2681208 | K11: 2678241 | L11: 2753681 | M11: 2788507 | N11: 2844228 | O11: 2910166 | P11: 2832371 | Q11: 2788555 | R11: 2698887 | S11: 2745951 | T11: 2699282 | U11: 2687624 | V11: 2682837 | W11: 2544650.7
A12: Ovino | B12: Produción carne (t) | C12: 31068 | D12: 31868 | E12: 31437 | F12: 31926 | G12: 33698 | H12: 33686 | I12: 33904 | J12: 33839 | K12: 33350 | L12: 33458 | M12: 33669 | N12: 34256 | O12: 35304 | P12: 34906 | Q12: 34421 | R12: 33163 | S12: 33955 | T12: 33458 | U12: 33672 | V12: 33780.947 | W12: 32310.988
B13: Rendimiento (Kg/Unidad) | C13: =(C12/C11)*1000 -> 12.320451 | D13: =(D12/D11)*1000 -> 12.39363 | E13: =(E12/E11)*1000 -> 12.485424 | F13: =(F12/F11)*1000 -> 12.589439 | G13: =(G12/G11)*1000 -> 12.435388 | H13: =(H12/H11)*1000 -> 12.543067 | I13: =(I12/I11)*1000 -> 12.590724 | J13: =(J12/J11)*1000 -> 12.620804 | ... W13: =(W12/W11)*1000 -> 12.697612
B14: Precio (S/ x Kg) | C14: 2.99 | D14: 3.13 | E14: 3.29 | F14: 3.29 | G14: 3.27 | H14: 3.31 | I14: 3.32 | J14: 3.49 | K14: 3.9 | L14: 4.13 | M14: 4.46 | N14: 4.52 | O14: 4.9 | P14: 5.04 | Q14: 5.72 | R14: 5.72 | S14: 5.9 | T14: 5.6 | U14: 5.56 | V14: 5.58 | W14: 5.43
B15: Población (Unidades) | C15: 2845573 | D15: 2809888 | E15: 2941036 | F15: 2990499 | G15: 3000199 | H15: 3010724 | I15: 3073855 | J15: 3115772 | K15: 3151406 | L15: 3256809 | M15: 3254413 | N15: 3263254 | O15: 2987315 | P15: 3176115 | Q15: 3173015 | R15: 3200714 | S15: 3104911 | T15: 3217254 | U15: 3209742 | V15: 3258808 | W15: 3265145
B16: Saca (Unidades) | C16: 1540534 | D16: 1650886 | E16: 1637129 | F16: 1670387 | G16: 1884573 | H16: 1991346 | I16: 2074715 | J16: 2153141 | K16: 2131518 | L16: 2213057 | M16: 2186978 | N16: 2298432 | O16: 2401634 | P16: 2499031 | Q16: 2629566 | R16: 2764884 | S16: 2876803 | T16: 3073656 | U16: 3090907 | V16: 3284606.4 | W16: 3191164.1
A17: Porcino | B17: Produción carne (t) | C17: 91554 | D17: 93313 | E17: 92530 | F17: 92738 | G17: 98880 | H17: 104254 | I17: 109010 | J17: 114520 | K17: 115196 | L17: 114719 | M17: 115655 | N17: 117588 | O17: 122353 | P17: 127684 | Q17: 135390 | R17: 142925 | S17: 149399 | T17: 157824 | U17: 162421 | V17: 173258.66 | W17: 169804.68
B18: Rendimiento (Kg/Unidad) | C18: =(C17/C16)*1000 -> 59.430042 | D18: =(D17/D16)*1000 -> 56.522982 | E18: =(E17/E16)*1000 -> 56.519676 | F18: =(F17/F16)*1000 -> 55.518871 | G18: =(G17/G16)*1000 -> 52.468119 | H18: =(H17/H16)*1000 -> 52.353534 | I18: =(I17/I16)*1000 -> 52.542156 | J18: =(J17/J16)*1000 -> 53.187413 | ... W18: =(W17/W16)*1000 -> 53.21089
B19: Precio (S/ x Kg) | C19: 3.31 | D19: 3.34 | E19: 3.35 | F19: 3.39 | G19: 3.42 | H19: 3.43 | I19: 3.47 | J19: 3.5 | K19: 3.8 | L19: 4.12 | M19: 4.25 | N19: 5.05 | O19: 5.24 | P19: 5.91 | Q19: 6.07 | R19: 6.42 | S19: 6.77 | T19: 6.96 | U19: 7.05 | V19: 6.94 | W19: 6.72
B20: Población (Unidades) | C20: 4980291 | D20: 5035612 | E20: 5163700 | F20: 5193414 | G20: 5184822 | H20: 5249783 | I20: 5241102 | J20: 5420865 | K20: 5442989 | L20: 5459435 | M20: 5520200 | N20: 5589173 | O20: 5660984 | P20: 5555988 | Q20: 5577959 | R20: 5553470 | S20: 5525454 | T20: 5535569 | U20: 5575483 | V20: 5599890.5 | W20: 5636388
B21: Saca (Unidades) | C21: 875746 | D21: 920031 | E21: 951383 | F21: 986402 | G21: 1020294 | H21: 1074578 | I21: 1127321 | J21: 1138578 | K21: 1151906 | L21: 1168497 | M21: 1218723 | N21: 1266710 | O21: 1319404 | P21: 1375095 | Q21: 1376391 | R21: 1367797 | S21: 1364230 | T21: 1331223 | U21: 1348165 | V21: 1357066.5 | W21: 1250069
A22: Vacuno | B22: Produción carne (t) | C22: 130249 | D22: 130269 | E22: 134137 | F22: 137271 | G22: 143554 | H22: 152497 | I22: 161578 | J22: 163235 | K22: 163318 | L22: 164704 | M22: 171872 | N22: 179084 | O22: 186617 | P22: 193087 | Q22: 196232 | R22: 196015 | S22: 192703 | T22: 188738 | U22: 189703 | V22: 192919.59 | W22: 183941.13
B23: Rendimiento (Kg/Unidad) | C23: =(C22/C21)*1000 -> 148.7292 | D23: =(D22/D21)*1000 -> 141.59197 | E23: =(E22/E21)*1000 -> 140.99159 | F23: =(F22/F21)*1000 -> 139.16334 | G23: =(G22/G21)*1000 -> 140.69866 | H23: =(H22/H21)*1000 -> 141.91338 | I23: =(I22/I21)*1000 -> 143.32918 | J23: =(J22/J21)*1000 -> 143.36743 | ... W23: =(W22/W21)*1000 -> 147.14478
B24: Precio (S/ x Kg) | C24: 3.34 | D24: 3.41 | E24: 3.29 | F24: 3.52 | G24: 3.33 | H24: 3.36 | I24: 3.4 | J24: 3.5 | K24: 3.77 | L24: 4.08 | M24: 4.1 | N24: 4.25 | O24: 4.69 | P24: 4.84 | Q24: 5.23 | R24: 5.41 | S24: 5.45 | T24: 5.53 | U24: 5.64 | V24: 5.69 | W24: 6.73
B25: Población (Unidades) | C25: 2034914 | D25: 2017808 | E25: 1983128 | F25: 1983302 | G25: 1971863 | H25: 1952956 | I25: 1936855 | J25: 1925912 | K25: 1904124 | L25: 1928678 | M25: 1968306 | N25: 1946117 | O25: 1949502 | P25: 1928631 | Q25: 1905462 | R25: 1882361 | S25: 1865047 | T25: 1814704 | U25: 1811630 | V25: 1807959 | W25: 1801257
B26: Saca (Unidades) | C26: 451247 | D26: 468861 | E26: 476569 | F26: 523993 | G26: 524448 | H26: 527096 | I26: 518663 | J26: 506927 | K26: 496706 | L26: 505880 | M26: 499447 | N26: 489915 | O26: 496626 | P26: 505262 | Q26: 489956 | R26: 464018 | S26: 458812 | T26: 444799 | U26: 410567 | V26: 411262.69 | W26: 392865.58
A27: Caprino | B27: Produción carne (t) | C27: 6268 | D27: 5912 | E27: 5793 | F27: 6294 | G27: 6476 | H27: 6618 | I27: 6772 | J27: 6686 | K27: 6419 | L27: 6153 | M27: 6131 | N27: 6150 | O27: 6247 | P27: 6439 | Q27: 6167 | R27: 5901 | S27: 5827 | T27: 5494 | U27: 4966 | V27: 5102.2518 | W27: 4957.3536
B28: Rendimiento (Kg/Unidad) | C28: =(C27/C26)*1000 -> 13.890397 | D28: =(D27/D26)*1000 -> 12.609281 | E28: =(E27/E26)*1000 -> 12.155637 | F28: =(F27/F26)*1000 -> 12.011611 | G28: =(G27/G26)*1000 -> 12.348221 | H28: =(H27/H26)*1000 -> 12.555588 | I28: =(I27/I26)*1000 -> 13.056648 | J28: =(J27/J26)*1000 -> 13.189276 | ... W28: =(W27/W26)*1000 -> 12.618447
B29: Precio (S/ x Kg) | C29: 3.33 | D29: 3.28 | E29: 3.31 | F29: 3.22 | G29: 3.27 | H29: 3.05 | I29: 3.01 | J29: 3.17 | K29: 3.41 | L29: 3.61 | M29: 3.38 | N29: 3.53 | O29: 3.68 | P29: 3.93 | Q29: 4.04 | R29: 4.28 | S29: 4.66 | T29: 4.74 | U29: 4.79 | V29: 4.81 | W29: 4.8
B30: Población (Unidades) | C30: 3078524 | D30: 3190373 | E30: 3335721 | F30: 3422557 | G30: 3429019 | H30: 3594515 | I30: 3625627 | J30: 3687340 | K30: 3780806 | L30: 4105582 | M30: 4177499 | N30: 4322258 | O30: 3927361 | P30: 4005315 | Q30: 4315793 | R30: 4318457 | S30: 4319228 | T30: 4330710 | U30: 4384846 | V30: 4449505 | W30: 4492025
B31: Saca (Unidades) | C31: 269643 | D31: 288318 | E31: 313415 | F31: 304890 | G31: 312092 | H31: 321478 | I31: 330072 | J31: 355174 | K31: 365555 | L31: 387980 | M31: 410085 | N31: 424100 | O31: 455558 | P31: 463354 | Q31: 481847 | R31: 446199 | S31: 474135 | T31: 479033 | U31: 470464 | V31: 473283 | W31: 464229.43
A32: Alpaca | B32: Produción carne (t) | C32: 7307 | D32: 7713 | E32: 8277 | F32: 8204 | G32: 8323 | H32: 8671 | I32: 8793 | J32: 9366 | K32: 9527 | L32: 10189 | M32: 10761 | N32: 11318 | O32: 11999 | P32: 12169 | Q32: 12594 | R32: 11917 | S32: 12445 | T32: 12747 | U32: 12689 | V32: 12579.638 | W32: 12362.63
B33: Rendimiento (Kg/Unidad) | C33: =(C32/C31)*1000 -> 27.098794 | D33: =(D32/D31)*1000 -> 26.751712 | E33: =(E32/E31)*1000 -> 26.409074 | F33: =(F32/F31)*1000 -> 26.908065 | G33: =(G32/G31)*1000 -> 26.668418 | H33: =(H32/H31)*1000 -> 26.972297 | I33: =(I32/I31)*1000 -> 26.639642 | J33: =(J32/J31)*1000 -> 26.370173 | ... W33: =(W32/W31)*1000 -> 26.630431
B34: Precio (S/ x Kg) | C34: 2.4 | D34: 2.57 | E34: 2.48 | F34: 2.53 | G34: 2.66 | H34: 2.61 | I34: 2.51 | J34: 2.5 | K34: 2.91 | L34: 3.13 | M34: 3.43 | N34: 3.65 | O34: 4.03 | P34: 4.43 | Q34: 4.77 | R34: 4.63 | S34: 4.81 | T34: 4.91 | U34: 4.96 | V34: 4.94 | W34: 5
W35: sigue…
A36: continúa C.5
A37: Especie/ Producto | B37: Variable | C37: 2000 | D37: 2001 | E37: 2002 | F37: 2003 | G37: 2004 | H37: 2005 | I37: 2006 | J37: 2007 | K37: 2008 | L37: 2009 | M37: 2010 | N37: 2011 | O37: 2012 | P37: 2013 | Q37: 2014 | R37: 2015 | S37: 2016 | T37: 2017 | U37: 2018 | V37: 2019 | W37: 2020 P
B38: Población (Unidades) | C38: 1183908 | D38: 1179088 | E38: 1207275 | F38: 1230543 | G38: 1236984 | H38: 1269979 | I38: 1256101 | J38: 1274425 | K38: 1262782 | L38: 1237593 | M38: 1245169 | N38: 1226612 | O38: 1194404 | P38: 1234089 | Q38: 1211917 | R38: 1194708 | S38: 1105018 | T38: 1106201 | U38: 1093124 | V38: 1089699 | W38: 1092770.7
B39: Saca (Unidades) | C39: 91890 | D39: 95157 | E39: 97389 | F39: 101826 | G39: 109330 | H39: 112106 | I39: 113801 | J39: 118399 | K39: 119237 | L39: 127316 | M39: 123384 | N39: 128346 | O39: 130530 | P39: 125729 | Q39: 123360 | R39: 119806 | S39: 119195 | T39: 120748 | U39: 119726 | V39: 115790.03 | W39: 113685.48
A40: Llama | B40: Produción carne (t) | C40: 3194 | D40: 3232 | E40: 3242 | F40: 3496 | G40: 3699 | H40: 3863 | I40: 3839 | J40: 4053 | K40: 3971 | L40: 4175 | M40: 4075 | N40: 4235 | O40: 4350 | P40: 4179 | Q40: 4170 | R40: 3980 | S40: 3977 | T40: 4009 | U40: 4003 | V40: 3847.5921 | W40: 3818.352
B41: Rendimiento (Kg/Unidad) | C41: =(C40/C39)*1000 -> 34.758951 | D41: =(D40/D39)*1000 -> 33.964921 | E41: =(E40/E39)*1000 -> 33.289181 | F41: =(F40/F39)*1000 -> 34.333078 | G41: =(G40/G39)*1000 -> 33.833349 | H41: =(H40/H39)*1000 -> 34.458459 | I41: =(I40/I39)*1000 -> 33.734326 | J41: =(J40/J39)*1000 -> 34.231708 | ... W41: =(W40/W39)*1000 -> 33.58698
B42: Precio (S/ x Kg) | C42: 1.93 | D42: 2.18 | E42: 2.39 | F42: 2.4 | G42: 2.45 | H42: 2.49 | I42: 2.39 | J42: 2.31 | K42: 2.7 | L42: 2.88 | M42: 3.02 | N42: 3.4 | O42: 3.61 | P42: 3.87 | Q42: 4.25 | R42: 4.09 | S42: 4.32 | T42: 4.25 | U42: 4.28 | V42: 4.27 | W42: 4.13
B43: Gallinas (Unidades) | C43: 11899785 | D43: 12705402 | E43: 12651366 | F43: 13059118 | G43: 13362491 | H43: 13654721 | I43: 15842743 | J43: 16572273 | K43: 17048710 | L43: 17206413 | M43: 18156674 | N43: 19950695 | O43: 19846405 | P43: 21805630 | Q43: 22353253 | R43: 23883311 | S43: 24752078 | T43: 25559765 | U43: 27705670 | V43: 29468986 | W43: 29325849
A44: Huevo Gallina | B44: Producción (t) | C44: 178686 | D44: 188391 | E44: 190915 | F44: 197839 | G44: 202357 | H44: 207086 | I44: 245451 | J44: 257621 | K44: 266541 | L44: 268707 | M44: 285102 | N44: 317654 | O44: 314024 | P44: 349791 | Q44: 358630 | R44: 386255 | S44: 400980 | T44: 415336 | U44: 452234 | V44: 488484.44 | W44: 497525.39
B45: Rendimiento (Kg/gallina) | C45: =(C44/C43)*1000 -> 15.015902 | D45: =(D44/D43)*1000 -> 14.82763 | E45: =(E44/E43)*1000 -> 15.090465 | F45: =(F44/F43)*1000 -> 15.149492 | G45: =(G44/G43)*1000 -> 15.143658 | H45: =(H44/H43)*1000 -> 15.16589 | I45: =(I44/I43)*1000 -> 15.492961 | J45: =(J44/J43)*1000 -> 15.545303 | ... W45: =(W44/W43)*1000 -> 16.965422
B46: Precio (S/ x Kg) | C46: 2.74 | D46: 2.73 | E46: 2.91 | F46: 2.78 | G46: 3.07 | H46: 3.2 | I46: 3.07 | J46: 3.09 | K46: 3.81 | L46: 3.79 | M46: 3.73 | N46: 3.88 | O46: 4.15 | P46: 4.33 | Q46: 4.63 | R46: 4.66 | S46: 4.72 | T46: 4.75 | U46: 4.67 | V46: 4.14 | W46: 4.21
B47: Vacas (Unidades) | C47: 553872 | D47: 570399 | E47: 635516 | F47: 649791 | G47: 674830 | H47: 708120 | I47: 743671 | J47: 753189 | K47: 769581 | L47: 787007 | M47: 787604 | N47: 815393 | O47: 859630 | P47: 859468 | Q47: 874941 | R47: 886143 | S47: 895716 | T47: 890154 | U47: 896710 | V47: 905817.25 | W47: 906688.63
A48: Leche Vaca | B48: Producción (t) | C48: 903216 | D48: 989706 | E48: 1051482 | F48: 1104820 | G48: 1164973 | H48: 1236836 | I48: 1346991 | J48: 1455815 | K48: 1565528 | L48: 1652112 | M48: 1678372 | N48: 1755529 | O48: 1790670 | P48: 1807806 | Q48: 1840226 | R48: 1903177 | S48: 1954232 | T48: 2013674 | U48: 2067143 | V48: 2121365.9 | W48: 2135881.3
B49: Rdto. (Kg/Vaca/Año) | C49: =(C48/C47)*1000 -> 1630.7306 | D49: =(D48/D47)*1000 -> 1735.1117 | E49: =(E48/E47)*1000 -> 1654.5327 | F49: =(F48/F47)*1000 -> 1700.2698 | G49: =(G48/G47)*1000 -> 1726.3207 | H49: =(H48/H47)*1000 -> 1746.6475 | I49: =(I48/I47)*1000 -> 1811.2727 | J49: =(J48/J47)*1000 -> 1932.8681 | ... W49: =(W48/W47)*1000 -> 2355.6944
B50: Precio (S/ x Litro) | C50: 0.78 | D50: 0.79 | E50: 0.8 | F50: 0.8 | G50: 0.83 | H50: 0.86 | I50: 0.86 | J50: 0.86 | K50: 0.92 | L50: 0.97 | M50: 0.98 | N50: 1.01 | O50: 1.07 | P50: 1.14 | Q50: 1.15 | R50: 1.21 | S50: 1.24 | T50: 1.29 | U50: 1.31 | V50: 1.34 | W50: 1.37
B51: Esquilados (Unidades) | C51: 1825696 | D51: 1936439 | E51: 1784549 | F51: 1774369 | G51: 1831357 | H51: 1995906 | I51: 1980553 | J51: 2208305 | K51: 2325284 | L51: 2513106 | M51: 2481124 | N51: 2573193 | O51: 2636389 | P51: 2391039 | Q51: 2894758 | R51: 2372976 | S51: 2420549 | T51: 2296839 | U51: 2365529 | V51: 2254979.6 | W51: 2131029
A52: Fibra Alpaca | B52: Producción (t) | C52: 3110 | D52: 3399 | E52: 3165 | F52: 3103 | G52: 3248 | H52: 3597 | I52: 3510 | J52: 3895 | K52: 4019 | L52: 4387 | M52: 4352 | N52: 4661 | O52: 4797 | P52: 4420 | Q52: 4485 | R52: 4438 | S52: 4508 | T52: 4314 | U52: 4575 | V52: 4453.0293 | W52: 4351.6747
B53: Rdto. (Kg/Alpaca) | C53: =(C52/C51)*1000 -> 1.7034599 | D53: =(D52/D51)*1000 -> 1.7552838 | E53: =(E52/E51)*1000 -> 1.7735574 | F53: =(F52/F51)*1000 -> 1.7487907 | G53: =(G52/G51)*1000 -> 1.7735482 | H53: =(H52/H51)*1000 -> 1.8021891 | I53: =(I52/I51)*1000 -> 1.7722323 | J53: =(J52/J51)*1000 -> 1.7637962 | ... W53: =(W52/W51)*1000 -> 2.0420533
B54: Precio (S/ x Libra) | C54: 5.69 | D54: 4.95 | E54: 5.05 | F54: 4.78 | G54: 4.58 | H54: 5.21 | I54: 7.68 | J54: 8.33 | K54: 8.47 | L54: 5.51 | M54: 5.83 | N54: 6.65 | O54: 6.71 | P54: 7.28 | Q54: 7.75 | R54: 8.09 | S54: 7.59 | T54: 7.88 | U54: 7.92 | V54: 7.27 | W54: 6.16
B55: Esquilados (Unidades) | C55: 484051 | D55: 519736 | E55: 402772 | F55: 413808 | G55: 399255 | H55: 388716 | I55: 400609 | J55: 452090 | K55: 444255 | L55: 447983 | M55: 403510 | N55: 434702 | O55: 449117 | P55: 415602 | Q55: 485141 | R55: 365636 | S55: 374408 | T55: 373971 | U55: 356929 | V55: 340347.23 | W55: 331804.37
A56: Fibra Llama | B56: Producción (t) | C56: 742 | D56: 760 | E56: 628 | F56: 634 | G56: 622 | H56: 604 | I56: 623 | J56: 740 | K56: 704 | L56: 696 | M56: 632 | N56: 677 | O56: 745 | P56: 726 | Q56: 745 | R56: 656 | S56: 670 | T56: 681 | U56: 660 | V56: 657.10991 | W56: 664.55614
B57: Rendimiento (Kg/Llama) | C57: =(C56/C55)*1000 -> 1.5328963 | D57: =(D56/D55)*1000 -> 1.4622809 | E57: =(E56/E55)*1000 -> 1.5591948 | F57: =(F56/F55)*1000 -> 1.5321115 | G57: =(G56/G55)*1000 -> 1.5579016 | H57: =(H56/H55)*1000 -> 1.5538336 | I57: =(I56/I55)*1000 -> 1.5551323 | J57: =(J56/J55)*1000 -> 1.6368422 | ... W57: =(W56/W55)*1000 -> 2.0028553
B58: Precio (S/ x Libra) | C58: 2.68 | D58: 3.16 | E58: 2.86 | F58: 2.36 | G58: 1.98 | H58: 2.23 | I58: 2.38 | J58: 2.79 | K58: 2.92 | L58: 2.3 | M58: 2.59 | N58: 2.82 | O58: 2.84 | P58: 2.75 | Q58: 2.84 | R58: 3 | S58: 3.12 | T58: 3.1 | U58: 3.28 | V58: 3.13 | W58: 3.18
B59: Esquilados (Unidades) | C59: 7371783 | D59: 7431849 | E59: 6658609 | F59: 6683557 | G59: 6645652 | H59: 6333240 | I59: 6054839 | J59: 6468169 | K59: 5869896 | L59: 6035367 | M59: 6004149 | N59: 5985893 | O59: 6618656 | P59: 6104258 | Q59: 5741017 | R59: 5162592 | S59: 5575610 | T59: 4574331 | U59: 4559586 | V59: 4304514.7 | W59: 4099800.6
A60: Lana Ovino | B60: Producción (t) | C60: 12361 | D60: 12577 | E60: 11307 | F60: 11319 | G60: 11237 | H60: 10912 | I60: 10374 | J60: 10895 | K60: 10085 | L60: 10279 | M60: 10218 | N60: 10292 | O60: 11029 | P60: 10403 | Q60: 9975 | R60: 8954 | S60: 9352 | T60: 8138 | U60: 8056 | V60: 7750.1701 | W60: 7466.402
B61: Rendimiento (Kg/Ovino) | C61: =(C60/C59)*1000 -> 1.6767992 | D61: =(D60/D59)*1000 -> 1.692311 | E61: =(E60/E59)*1000 -> 1.6981024 | F61: =(F60/F59)*1000 -> 1.6935593 | G61: =(G60/G59)*1000 -> 1.69088 | H61: =(H60/H59)*1000 -> 1.7229728 | I61: =(I60/I59)*1000 -> 1.7133404 | J61: =(J60/J59)*1000 -> 1.6844025 | ... W61: =(W60/W59)*1000 -> 1.8211622
B62: Precio (S/ x Libra) | C62: 1.49 | D62: 1.38 | E62: 1.38 | F62: 1.07 | G62: 1.63 | H62: 1.71 | I62: 1.72 | J62: 1.96 | K62: 2.08 | L62: 1.83 | M62: 2.03 | N62: 2.21 | O62: 2.34 | P62: 2.55 | Q62: 2.5 | R62: 2.47 | S62: 2.64 | T62: 2.8 | U62: 2.92 | V62: 3.14 | W62: 3.02
A63: P Preliminar | D63: 1/ Precio en chacra de animales en pie.
A64: Fuente: Direcciones Regionales de Agricultura
A65: Elaboración: Ministerio de Desarrollo Agrario y Riego - DGESEP - DEIA

Sheet C -6
A2: C.6 PERÚ: POBLACIÓN, SACA, PRODUCCIÓN, RENDIMIENTO Y PRECIOS RECIBIDOS POR EL PRODUCTOR POR MES, SEGÚN PRINCIPALES ESPECIES Y PRODUCTOS PECUARIOS, 2020P
A4: Especie/ producto | B4: Variable | C4: Anual | D4: Ene | E4: Feb | F4: Mar | G4: Abr | H4: May | I4: Jun | J4: Jul | K4: Ago | L4: Set | M4: Oct | N4: Nov | O4: Dic
A5: Ave | B5: Población | C5: 1.7105863e+08
B6: Saca (Unidades) | C6: =SUM(D6:O6) -> 7.5360234e+08 | D6: 64118997 | E6: 58577201 | F6: 64403431 | G6: 64613064 | H6: 62012170 | I6: 62062473 | J6: 64398250 | K6: 61433493 | L6: 61327093 | M6: 63875776 | N6: 60870050 | O6: 65910343
B7: Producción carne (t) | C7: =SUM(D7:O7) -> 1723497.5 | D7: 144266.58 | E7: 129817.51 | F7: 145281.01 | G7: 148722.82 | H7: 145796.07 | I7: 145025.13 | J7: 148818.41 | K7: 143127.77 | L7: 142346.86 | M7: 145100.21 | N7: 138327.51 | O7: 146867.58
B8: Rendimiento (Kg/Unidad) | C8: =(C7/C6)*1000 -> 2.2870118 | D8: =D7/D6*1000 -> 2.2499819 | E8: =E7/E6*1000 -> 2.2161781 | F8: =F7/F6*1000 -> 2.2557961 | G8: =G7/G6*1000 -> 2.3017454 | H8: =H7/H6*1000 -> 2.3510881 | I8: =I7/I6*1000 -> 2.3367604 | J8: =J7/J6*1000 -> 2.3109077 | K8: =K7/K6*1000 -> 2.3298002 | ... O8: =O7/O6*1000 -> 2.2282934
B9: Precio (S/ x Kg) 1/ | C9: 4.65 | D9: 4.69 | E9: 4.66 | F9: 4.69 | G9: 4.68 | H9: 4.71 | I9: 4.68 | J9: 4.66 | K9: 4.62 | L9: 4.6 | M9: 4.6 | N9: 4.61 | O9: 4.66
A10: Ovino | B10: Población | C10: 11097551
B11: Saca (Unidades) | C11: =SUM(D11:O11) -> 2544650.7 | D11: 189001.38 | E11: 200339 | F11: 203461.3 | G11: 216344.2 | H11: 226159.66 | I11: 235601.05 | J11: 229788.6 | K11: 228044.8 | L11: 210860.1 | M11: 201767.14 | N11: 202013 | O11: 201270.5
B12: Producción carne (t) | C12: =SUM(D12:O12) -> 32310.988 | D12: 2350.3108 | E12: 2519.4602 | F12: 2611.7116 | G12: 2820.3902 | H12: 2952.2476 | I12: 3091.549 | J12: 2858.4396 | K12: 2873.6862 | L12: 2669.0461 | M12: 2535.2993 | N12: 2506.6117 | O12: 2522.2356
B13: Rendimiento (Kg/Unidad) | C13: =(C12/C11)*1000 -> 12.697612 | D13: =D12/D11*1000 -> 12.435416 | E13: =E12/E11*1000 -> 12.575985 | F13: =F12/F11*1000 -> 12.836405 | G13: =G12/G11*1000 -> 13.036588 | H13: =H12/H11*1000 -> 13.053821 | I13: =I12/I11*1000 -> 13.121966 | J13: =J12/J11*1000 -> 12.439432 | K13: =K12/K11*1000 -> 12.601411 | ... O13: =O12/O11*1000 -> 12.531571
B14: Precio (S/ x Kg) 1/ | C14: 5.6 | D14: 5.57 | E14: 5.59 | F14: 5.61 | G14: 5.64 | H14: 5.64 | I14: 5.62 | J14: 5.61 | K14: 5.6 | L14: 5.58 | M14: 5.57 | N14: 5.57 | O14: 5.56
A15: Porcino | B15: Población | C15: 3265145
B16: Saca (Unidades) | C16: =SUM(D16:O16) -> 3191164.1 | D16: 270097.12 | E16: 261956.32 | F16: 259264.4 | G16: 258589.55 | H16: 253079.02 | I16: 258781.51 | J16: 274432.18 | K16: 265488.39 | L16: 263808.71 | M16: 260745.74 | N16: 263761.33 | O16: 301159.8
B17: Producción carne (t) | C17: =SUM(D17:O17) -> 169804.68 | D17: 14423.923 | E17: 13947.495 | F17: 13785.016 | G17: 13531.404 | H17: 13222.615 | I17: 13544.055 | J17: 14728.738 | K17: 14194.711 | L17: 14091.127 | M17: 13814.507 | N17: 14101.269 | O17: 16419.821
B18: Rendimiento (Kg/Unidad) | C18: =(C17/C16)*1000 -> 53.21089 | D18: =D17/D16*1000 -> 53.402727 | E18: =E17/E16*1000 -> 53.243591 | F18: =F17/F16*1000 -> 53.169721 | G18: =G17/G16*1000 -> 52.327729 | H18: =H17/H16*1000 -> 52.246984 | I18: =I17/I16*1000 -> 52.3378 | J18: =J17/J16*1000 -> 53.669867 | K18: =K17/K16*1000 -> 53.466409 | ... O18: =O17/O16*1000 -> 54.521955
B19: Precio (S/ x Kg) 1/ | C19: 7.04 | D19: 6.91 | E19: 6.9 | F19: 6.91 | G19: 6.93 | H19: 6.94 | I19: 6.93 | J19: 6.95 | K19: 6.96 | L19: 6.96 | M19: 6.97 | N19: 6.98 | O19: 7.03
A20: Vacuno | B20: Población | C20: 5636388
B21: Saca (Unidades) | C21: =SUM(D21:O21) -> 1250069 | D21: 101473.12 | E21: 105888 | F21: 101864.26 | G21: 103678.3 | H21: 106418.65 | I21: 107177.6 | J21: 108943.83 | K21: 104423.3 | L21: 102214.14 | M21: 100253.2 | N21: 102554.6 | O21: 105180
B22: Producción carne (t) | C22: =SUM(D22:O22) -> 183941.13 | D22: 14705.702 | E22: 15540.037 | F22: 14888.801 | G22: 15372.888 | H22: 15737.35 | I22: 15799.316 | J22: 16052.969 | K22: 15459.912 | L22: 15079.657 | M22: 14724.681 | N22: 15008 | O22: 15571.811
B23: Rendimiento (Kg/Unidad) | C23: =(C22/C21)*1000 -> 147.14478 | D23: =D22/D21*1000 -> 144.92214 | E23: =E22/E21*1000 -> 146.75919 | F23: =F22/F21*1000 -> 146.16315 | G23: =G22/G21*1000 -> 148.27488 | H23: =H22/H21*1000 -> 147.88151 | I23: =I22/I21*1000 -> 147.41248 | J23: =J22/J21*1000 -> 147.35088 | K23: =K22/K21*1000 -> 148.05041 | ... O23: =O22/O21*1000 -> 148.04917
B24: Precio (S/ x Kg) 1/ | C24: 5.64 | D24: 5.65 | E24: 5.67 | F24: 5.68 | G24: 5.69 | H24: 5.69 | I24: 5.69 | J24: 5.69 | K24: 5.69 | L24: 5.68 | M24: 5.69 | N24: 5.68 | O24: 5.69
A25: Caprino | B25: Población | C25: 1801257
B26: Saca (Unidades) | C26: =SUM(D26:O26) -> 392865.58 | D26: 30348 | E26: 31542 | F26: 32832.02 | G26: 33212 | H26: 33582.86 | I26: 35071.7 | J26: 34927.3 | K26: 34222.6 | L26: 31664 | M26: 31718.6 | N26: 30864.5 | O26: 32880
B27: Producción carne (t) | C27: =SUM(D27:O27) -> 4957.3536 | D27: 378.06962 | E27: 396.38737 | F27: 407.65505 | G27: 412.85324 | H27: 424.31851 | I27: 456.70795 | J27: 451.82706 | K27: 437.98508 | L27: 400.56208 | M27: 385.8977 | N27: 388.37199 | O27: 416.71798
B28: Rendimiento (Kg/Unidad) | C28: =(C27/C26)*1000 -> 12.618447 | D28: =D27/D26*1000 -> 12.45781 | E28: =E27/E26*1000 -> 12.56697 | F28: =F27/F26*1000 -> 12.416387 | G28: =G27/G26*1000 -> 12.430846 | H28: =H27/H26*1000 -> 12.634972 | I28: =I27/I26*1000 -> 13.022122 | J28: =J27/J26*1000 -> 12.936215 | K28: =K27/K26*1000 -> 12.798124 | ... O28: =O27/O26*1000 -> 12.673904
B29: Precio (S/ x Kg) 1/ | C29: 4.79 | D29: 4.81 | E29: 4.81 | F29: 4.81 | G29: 4.8 | H29: 4.81 | I29: 4.8 | J29: 4.81 | K29: 4.81 | L29: 4.82 | M29: 4.82 | N29: 4.82 | O29: 4.84
A30: Alpaca | B30: Población | C30: 4492025
B31: Saca (Unidades) | C31: =SUM(D31:O31) -> 464229.44 | D31: 31720 | E31: 37786 | F31: 40577.407 | G31: 46625 | H31: 45108.65 | I31: 44763.05 | J31: 45015.428 | K31: 41217.9 | L31: 36015 | M31: 32850.2 | N31: 33051.4 | O31: 29499.4
B32: Producción carne (t) | C32: =SUM(D32:O32) -> 12363.609 | D32: 830.2483 | E32: 1000.0565 | F32: 1071.9981 | G32: 1272.714 | H32: 1227.0379 | I32: 1217.2462 | J32: 1217.9604 | K32: 1097.4494 | L32: 948.6679 | M32: 860.74126 | N32: 852.79958 | O32: 766.68924
B33: Rendimiento (Kg/Unidad) | C33: =(C32/C31)*1000 -> 26.63254 | D33: =D32/D31*1000 -> 26.174284 | E33: =E32/E31*1000 -> 26.466323 | F33: =F32/F31*1000 -> 26.418596 | G33: =G32/G31*1000 -> 27.296816 | H33: =H32/H31*1000 -> 27.201832 | I33: =I32/I31*1000 -> 27.193103 | J33: =J32/J31*1000 -> 27.056509 | K33: =K32/K31*1000 -> 26.625554 | ... O33: =O32/O31*1000 -> 25.989994
B34: Precio (S/ x Kg) 1/ | C34: 4.96 | D34: 4.91 | E34: 4.97 | F34: 4.98 | G34: 5.02 | H34: 4.98 | I34: 4.96 | J34: 4.95 | K34: 4.92 | L34: 4.89 | M34: 4.89 | N34: 4.87 | O34: 4.8
O35: sigue…
A36: continúa C.6
A37: Especie/ producto | B37: Variable | C37: Anual | D37: Ene | E37: Feb | F37: Mar | G37: Abr | H37: May | I37: Jun | J37: Jul | K37: Ago | L37: Set | M37: Oct | N37: Nov | O37: Dic
A38: Llama | B38: Población | C38: 1092770.7
B39: Saca (Unidades) | C39: =SUM(D39:O39) -> 113685.48 | D39: 8109 | E39: 9264 | F39: 9732.5 | G39: 10326 | H39: 10020.12 | I39: 10521.82 | J39: 10442.2 | K39: 9835.3 | L39: 9010 | M39: 8463.54 | N39: 8516 | O39: 9445
B40: Producción carne (t) | C40: =SUM(D40:O40) -> 3818.352 | D40: 269.3921 | E40: 308.61304 | F40: 322.00654 | G40: 359.60536 | H40: 346.47366 | I40: 361.73254 | J40: 353.22221 | K40: 328.99652 | L40: 301.24878 | M40: 284.44055 | N40: 276.72933 | O40: 305.89131
B41: Rendimiento (Kg/Unidad) | C41: =(C40/C39)*1000 -> 33.58698 | D41: =D40/D39*1000 -> 33.221371 | E41: =E40/E39*1000 -> 33.313152 | F41: =F40/F39*1000 -> 33.085697 | G41: =G40/G39*1000 -> 34.825234 | H41: =H40/H39*1000 -> 34.577796 | I41: =I40/I39*1000 -> 34.379274 | J41: =J40/J39*1000 -> 33.826416 | K41: =K40/K39*1000 -> 33.450583 | ... O41: =O40/O39*1000 -> 32.386587
B42: Precio (S/ x Kg) 1/ | C42: 4.28 | D42: 4.27 | E42: 4.3 | F42: 4.29 | G42: 4.33 | H42: 4.31 | I42: 4.29 | J42: 4.26 | K42: 4.25 | L42: 4.25 | M42: 4.22 | N42: 4.21 | O42: 4.22
A43: Huevo Gallina | B43: Gallinas en producción 3/ | C43: =AVERAGE(D43:O43) -> 29325849 | D43: 29009930 | E43: 29457300 | F43: 29523974 | G43: 29855957 | H43: 29507050 | I43: 29344647 | J43: 29166058 | K43: 29107940 | L43: 28900238 | M43: 29682653 | N43: 29199904 | O43: 29154531
B44: Producción huevo (t) | C44: =SUM(D44:O44) -> 497525.39 | D44: 40862.929 | E44: 41243.43 | F44: 41095.162 | G44: 41045.589 | H44: 41255.119 | I44: 41141.449 | J44: 41193.184 | K44: 41229.491 | L44: 41357.598 | M44: 41907.411 | N44: 42460.705 | O44: 42733.319
B45: Rendimiento (Kg/gallina) | C45: =(C44/C43)*1000 -> 16.965422 | D45: =D44/D43*1000 -> 1.4085842 | E45: =E44/E43*1000 -> 1.400109 | F45: =F44/F43*1000 -> 1.3919252 | G45: =G44/G43*1000 -> 1.3747872 | H45: =H44/H43*1000 -> 1.3981445 | I45: =I44/I43*1000 -> 1.4020087 | J45: =J44/J43*1000 -> 1.4123672 | K45: =K44/K43*1000 -> 1.4164345 | ... O45: =O44/O43*1000 -> 1.4657522
B46: Precio (S/ x Kg) | C46: 4.67 | D46: 4.06 | E46: 4.08 | F46: 4.1 | G46: 4.12 | H46: 4.15 | I46: 4.17 | J46: 4.21 | K46: 4.19 | L46: 4.17 | M46: 4.16 | N46: 4.15 | O46: 4.13
A47: Leche Vaca | B47: Vacas en producción 3/ | C47: =AVERAGE(D47:O47) -> 906688.63 | D47: 889884.89 | E47: 931901.63 | F47: 948247.27 | G47: 963821.95 | H47: 962140.02 | I47: 928706.36 | J47: 893343.92 | K47: 883503.97 | L47: 863831.97 | M47: 862081.8 | N47: 871933.52 | O47: 880866.27
B48: Producción leche (t) | C48: =SUM(D48:O48) -> 2135881.3 | D48: 177635.86 | E48: 174738.18 | F48: 187870.91 | G48: 189155.95 | H48: 191436.53 | I48: 183530.37 | J48: 178732.12 | K48: 176201.71 | L48: 167812.12 | M48: 169146.59 | N48: 166931.15 | O48: 172689.82
B49: Rendimiento (Kg/vaca/día) | C49: =(C48/C47)*1000/305 -> 7.7235882 | D49: =(D48/D47)*1000/31 -> 6.4392476 | E49: =(E48/E47)*1000/28 -> 6.6966823 | F49: =(F48/F47)*1000/31 -> 6.3911093 | G49: =(G48/G47)*1000/30 -> 6.5418703 | H49: =(H48/H47)*1000/31 -> 6.4183714 | I49: =(I48/I47)*1000/30 -> 6.5873126 | J49: =(J48/J47)*1000/31 -> 6.4539 | K49: =(K48/K47)*1000/31 -> 6.4333907 | L49: =(L48/L47)*1000/30 -> 6.4754926 | M49: =(M48/M47)*1000/31 -> 6.3292621 | N49: =(N48/N47)*1000/30 -> 6.3816467 | O49: =(O48/O47)*1000/31 -> 6.3240466
B50: Precio (S/ x Kg) | C50: 1.27 | D50: 1.28 | E50: 1.28 | F50: 1.29 | G50: 1.3 | H50: 1.31 | I50: 1.31 | J50: 1.3 | K50: 1.3 | L50: 1.3 | M50: 1.3 | N50: 1.3 | O50: 1.31
A51: Fibra Alpaca | B51: Alpacas esquiladas | C51: =SUM(D51:O51) -> 2131029 | D51: 154275.21 | E51: 330172 | F51: 327306.55 | G51: 23477.89 | H51: 32403.2 | I51: 26434.21 | J51: 562 | K51: 78 | L51: 4505 | M51: 79334.4 | N51: 791677.7 | O51: 360802.8
B52: Producción fibra (t) | C52: =SUM(D52:O52) -> 4351.8474 | D52: 306.42009 | E52: 635.45197 | F52: 631.99583 | G52: 43.498061 | H52: 58.557904 | I52: 48.723687 | J52: 1.3062147 | K52: 0.202038 | L52: 12.271214 | M52: 165.78471 | N52: 1680.6719 | O52: 766.96378
B53: Rendimiento (Kg/alpaca) | C53: =C52/C51*1000 -> 2.0421343 | D53: =D52/D51*1000 -> 1.9861914 | E53: =E52/E51*1000 -> 1.9246089 | F53: =F52/F51*1000 -> 1.9308988 | G53: =G52/G51*1000 -> 1.8527245 | H53: =H52/H51*1000 -> 1.8071642 | I53: =I52/I51*1000 -> 1.8432057 | J53: =J52/J51*1000 -> 2.3242254 | ... O53: =O52/O51*1000 -> 2.1257146
B54: Precio (S/ x Kg) | C54: 17.49 | D54: 14.7 | E54: 14.59 | F54: 14.55 | G54: 13.41 | H54: 14.37 | I54: 15.39 | J54: 13.77 | K54: 13.43 | L54: 14.21 | M54: 15.06 | N54: 14.73 | O54: 14.5
A55: Fibra Llama | B55: Llamas esquiladas | C55: =SUM(D55:O55) -> 331804.37 | D55: 16135 | E55: 61848 | F55: 55456.83 | G55: 5125 | H55: 4116 | I55: 1761.54 | J55: 65 | K55: 0 | L55: 32 | M55: 20196 | N55: 140790.6 | O55: 26278.4
B56: Producción fibra (t) | C56: =SUM(D56:O56) -> 664.55614 | D56: 29.891482 | E56: 117.17207 | F56: 106.36298 | G56: 7.9685646 | H56: 5.844392 | I56: 3.151124 | J56: 0.0879984 | K56: 0 | L56: 0.07584 | M56: 45.558741 | N56: 289.74607 | O56: 58.696878
B57: Rendimiento (Kg/llama) | C57: =C56/C55*1000 -> 2.0028553 | D57: =D56/D55*1000 -> 1.8525864 | E57: =E56/E55*1000 -> 1.8945168 | F57: =F56/F55*1000 -> 1.9179419 | G57: =G56/G55*1000 -> 1.5548419 | H57: =H56/H55*1000 -> 1.4199203 | I57: =I56/I55*1000 -> 1.7888461 | J57: =J56/J55*1000 -> 1.3538215 | K57: 0 | L57: =L56/L55*1000 -> 2.37 | M57: =M56/M55*1000 -> 2.2558299 | N57: =N56/N55*1000 -> 2.057993 | O57: =O56/O55*1000 -> 2.2336549
B58: Precio (S/ x Kg) | C58: 7.25 | D58: 6.6 | E58: 6.88 | F58: 7.02 | G58: 5.91 | H58: 5.84 | I58: 5.82 | J58: 6.25 | K58: 0 | L58: 7.06 | M58: 5.94 | N58: 7.07 | O58: 7.05
A59: Lana Ovino | B59: Ovinos esquilados | C59: =SUM(D59:O59) -> 4099800.6 | D59: 394810 | E59: 1443508 | F59: 1048209.3 | G59: 135860.2 | H59: 203868.48 | I59: 100864.24 | J59: 88308.33 | K59: 56516.6 | L59: 82376.55 | M59: 17500.1 | N59: 290529.6 | O59: 237449.2
B60: Producción lana (t) | C60: =SUM(D60:O60) -> 7466.402 | D60: 654.74878 | E60: 2587.5432 | F60: 1849.4032 | G60: 212.04104 | H60: 469.58881 | I60: 230.51353 | J60: 191.70887 | K60: 133.62368 | L60: 162.11784 | M60: 30.413624 | N60: 541.62247 | O60: 403.07697
B61: Rendimiento (Kg/ovino) | C61: =C60/C59*1000 -> 1.8211622 | D61: =D60/D59*1000 -> 1.6583896 | E61: =E60/E59*1000 -> 1.7925382 | F61: =F60/F59*1000 -> 1.7643454 | G61: =G60/G59*1000 -> 1.5607296 | H61: =H60/H59*1000 -> 2.303391 | I61: =I60/I59*1000 -> 2.2853841 | J61: =J60/J59*1000 -> 2.1709036 | ... O61: =O60/O59*1000 -> 1.6975293
B62: Precio (S/ x Kg) | C62: 6.45 | D62: 6.7 | E62: 6.95 | F62: 6.94 | G62: 6.68 | H62: 7.21 | I62: 7.25 | J62: 7.33 | K62: 7.32 | L62: 7.2 | M62: 7.15 | N62: 6.71 | O62: 6.79
A63: P Preliminar | F63: 1/ Precio de animal vivo
A64: Fuente: Direcciones Regionales de Agricultura
A65: Elaboración: Ministerio de Desarrollo Agrario y Riego - DGESEP - DEIA

Sheet C 7
A2: C.7 PERÚ: PRODUCCIÓN PECUARIA POR ESPECIE, SEGÚN REGIÓN, 2020P
A3: (Unidades)
A5: Región | B5: Ave | C5: Ovino | D5: Porcino | E5: Vacuno | F5: Caprino | G5: Alpaca | H5: Llama
A6: Nacional | B6: =(B8+B9+B10+B11+B12+B16+B17+B18+B19+B20+B21+B22+B23+B24+B25+B26+B27+B28+B31+B32+B33+B34+B35+B36) -> 7.5360234e+08 | C6: =(C8+C9+C10+C11+C12+C16+C17+C18+C19+C20+C21+C22+C23+C24+C25+C26+C27+C28+C31+C32+C33+C34+C35+C36) -> 2544650.7 | D6: =(D8+D9+D10+D11+D12+D16+D17+D18+D19+D20+D21+D22+D23+D24+D25+D26+D27+D28+D31+D32+D33+D34+D35+D36) -> 3191164.1 | E6: =(E8+E9+E10+E11+E12+E16+E17+E18+E19+E20+E21+E22+E23+E24+E25+E26+E27+E28+E31+E32+E33+E34+E35+E36) -> 1250069 | F6: =(F8+F9+F10+F11+F12+F16+F17+F18+F19+F20+F21+F22+F23+F24+F25+F26+F27+F28+F31+F32+F33+F34+F35+F36) -> 392865.58 | G6: =(G8+G9+G10+G11+G12+G16+G17+G18+G19+G20+G21+G22+G23+G24+G25+G26+G27+G28+G31+G32+G33+G34+G35+G36) -> 464229.43 | H6: =(H8+H9+H10+H11+H12+H16+H17+H18+H19+H20+H21+H22+H23+H24+H25+H26+H27+H28+H31+H32+H33+H34+H35+H36) -> 113685.48
A8: Tumbes | B8: 100948.61 | C8: 2585 | D8: 6827.8 | E8: 4115.21 | F8: 18938.32 | G8: 0 | H8: 0
A9: Piura | B9: 14541835 | C9: 115546.38 | D9: 114836.54 | E9: 47306.123 | F9: 95060 | G9: 0 | H9: 0
A10: Lambayeque | B10: 11620617 | C10: 29877.52 | D10: 29989.18 | E10: 19737.6 | F10: 22921.44 | G10: 0 | H10: 0
A11: La Libertad | B11: 1.3730516e+08 | C11: 192047 | D11: 326814 | E11: 60576 | F11: 37143 | G11: 1394 | H11: 0
A12: Cajamarca | B12: 1742873.7 | C12: 79719 | D12: 131905 | E12: 165617 | F12: 23891.62 | G12: 0 | H12: 0
A13: Cajamarca | B13: 1105896.5 | C13: 55394 | D13: 53946 | E13: 85203 | F13: 12615 | G13: 0 | H13: 0
A14: Chota | B14: 307028.04 | C14: 19568 | D14: 41348 | E14: 50035 | F14: 1379.62 | G14: 0 | H14: 0
A15: Jaén | B15: 329949.08 | C15: 4757 | D15: 36611 | E15: 30379 | F15: 9897 | G15: 0 | H15: 0
A16: Amazonas | B16: 394488.31 | C16: 2948 | D16: 30202 | E16: 54126 | F16: 4182 | G16: 0 | H16: 0
A17: Ancash | B17: 16264595 | C17: 132083 | D17: 49768 | E17: 68633 | F17: 19925 | G17: 391 | H17: 0
A18: Lima | B18: 3.9272628e+08 | C18: 57495 | D18: 1147785.7 | E18: 106805 | F18: 37543 | G18: 2694 | H18: 2296
A19: Ica | B19: 44486452 | C19: 10985 | D19: 218375 | E19: 15834 | F19: 19360 | G19: 0 | H19: 0
... A36: Madre de Dios | B36: 4244124.4 | C36: 2043 | D36: 17486 | E36: 12717 | F36: 0 | G36: 0 | H36: 0
A37: P Preliminar
A38: Fuente: Direcciones Regionales de Agricultura
A39: Elaboración: Ministerio de Desarrollo Agrario y Riego - DGESEP - DEIA

Sheet C 8
A2: C.8 PERÚ: PRODUCCIÓN DE CARNES POR ESPECIE, SEGÚN REGIÓN, 2020P
A3: (Toneladas)
A5: Región | B5: Ave | C5: Ovino | D5: Porcino | E5: Vacuno | F5: Caprino | G5: Alpaca | H5: Llama
A6: Nacional | B6: =(B8+B9+B10+B11+B12+B16+B17+B18+B19+B20+B21+B22+B23+B24+B25+B26+B27+B28+B31+B32+B33+B34+B35+B36) -> 1723497.5 | C6: =(C8+C9+C10+C11+C12+C16+C17+C18+C19+C20+C21+C22+C23+C24+C25+C26+C27+C28+C31+C32+C33+C34+C35+C36) -> 32310.988 | D6: =(D8+D9+D10+D11+D12+D16+D17+D18+D19+D20+D21+D22+D23+D24+D25+D26+D27+D28+D31+D32+D33+D34+D35+D36) -> 169804.68 | E6: =(E8+E9+E10+E11+E12+E16+E17+E18+E19+E20+E21+E22+E23+E24+E25+E26+E27+E28+E31+E32+E33+E34+E35+E36) -> 183941.13 | F6: =(F8+F9+F10+F11+F12+F16+F17+F18+F19+F20+F21+F22+F23+F24+F25+F26+F27+F28+F31+F32+F33+F34+F35+F36) -> 4957.3536 | G6: =(G8+G9+G10+G11+G12+G16+G17+G18+G19+G20+G21+G22+G23+G24+G25+G26+G27+G28+G31+G32+G33+G34+G35+G36) -> 12362.63 | H6: =(H8+H9+H10+H11+H12+H16+H17+H18+H19+H20+H21+H22+H23+H24+H25+H26+H27+H28+H31+H32+H33+H34+H35+H36) -> 3818.352
A8: Tumbes | B8: 253.11027 | C8: 29.791768 | D8: 332.68621 | E8: 627.00292 | F8: 203.86113 | G8: 0 | H8: 0
A9: Piura | B9: 32603.805 | C9: 1615.8147 | D9: 6006.9631 | E9: 7051.1532 | F9: 1306.847 | G9: 0 | H9: 0
A10: Lambayeque | B10: 25696.715 | C10: 476.24322 | D10: 1625.3261 | E10: 2872.9791 | F10: 344.65964 | G10: 0 | H10: 0
A11: La Libertad | B11: 309576.61 | C11: 2545.5254 | D11: 18996.627 | E11: 8574.3473 | F11: 455.7058 | G11: 43.434243 | H11: 0
A12: Cajamarca | B12: 3679.7746 | C12: 907.51533 | D12: 5721.8283 | E12: 21897.775 | F12: 256.92216 | G12: 0 | H12: 0
A13: Cajamarca | B13: 2373.7829 | C13: 596.42185 | D13: 1953.6544 | E13: 10407.211 | F13: 140.42062 | G13: 0 | H13: 0
A14: Chota | B14: 632.48005 | C14: 264.94776 | D14: 1987.9771 | E14: 6922.8868 | F14: 16.969734 | G14: 0 | H14: 0
A15: Jaén | B15: 673.51168 | C15: 46.14572 | D15: 1780.1967 | E15: 4567.677 | F15: 99.531805 | G15: 0 | H15: 0
A16: Amazonas | B16: 816.72477 | C16: 46.8512 | D16: 1707.2014 | E16: 8181.5494 | F16: 52.8744 | G16: 0 | H16: 0
A17: Ancash | B17: 37251.835 | C17: 1275.2907 | D17: 1605.4004 | E17: 9772.9746 | F17: 213.96908 | G17: 10.036891 | H17: 0
A18: Lima | B18: 920320.72 | C18: 705.27152 | D18: 73425.731 | E18: 20562.92 | F18: 498.62511 | G18: 73.473435 | H18: 68.831775
A19: Ica | B19: 96610.451 | C19: 130.74823 | D19: 11271.689 | E19: 2158.732 | F19: 280.42021 | G19: 0 | H19: 0
... A36: Madre de Dios | B36: 9412.4821 | C36: 32.7436 | D36: 1107.8706 | E36: 2061.5452 | F36: 0 | G36: 0 | H36: 0
A37: P Preliminar
A38: Fuente: Direcciones Regionales de Agricultura
A39: Elaboración: Ministerio de Desarrollo Agrario y Riego - DGESEP - DEIA

Sheet C 9
A2: C.9 PERÚ: RENDIMIENTO DE CARNES POR ESPECIE, SEGÚN REGIÓN, 2020P
A3: (Kg/Unidad )
A5: Región | B5: Ave | C5: Ovino | D5: Porcino | E5: Vacuno | F5: Caprino | G5: Alpaca | H5: Llama
A6: Nacional | B6: =('C 8'!B6/'C 7'!B6)*1000 -> 2.2870118 | C6: =('C 8'!C6/'C 7'!C6)*1000 -> 12.697612 | D6: =('C 8'!D6/'C 7'!D6)*1000 -> 53.21089 | E6: =('C 8'!E6/'C 7'!E6)*1000 -> 147.14478 | F6: =('C 8'!F6/'C 7'!F6)*1000 -> 12.618447 | G6: =('C 8'!G6/'C 7'!G6)*1000 -> 26.630431 | H6: =('C 8'!H6/'C 7'!H6)*1000 -> 33.58698
A8: Tumbes | B8: =('C 8'!B8/'C 7'!B8)*1000 -> 2.5073181 | C8: =('C 8'!C8/'C 7'!C8)*1000 -> 11.524862 | D8: =('C 8'!D8/'C 7'!D8)*1000 -> 48.725242 | E8: ='C 8'!E8/'C 7'!E8*1000 -> 152.36231 | F8: =('C 8'!F8/'C 7'!F8)*1000 -> 10.764478 | G8: 0 | H8: 0 | I8: -
A9: Piura | B9: =('C 8'!B9/'C 7'!B9)*1000 -> 2.2420696 | C9: =('C 8'!C9/'C 7'!C9)*1000 -> 13.984122 | D9: =('C 8'!D9/'C 7'!D9)*1000 -> 52.308814 | E9: =('C 8'!E9/'C 7'!E9)*1000 -> 149.05371 | F9: =('C 8'!F9/'C 7'!F9)*1000 -> 13.747601 | G9: 0 | H9: 0
A10: Lambayeque | B10: =('C 8'!B10/'C 7'!B10)*1000 -> 2.2113038 | C10: =('C 8'!C10/'C 7'!C10)*1000 -> 15.939851 | D10: =('C 8'!D10/'C 7'!D10)*1000 -> 54.197085 | E10: =('C 8'!E10/'C 7'!E10)*1000 -> 145.55869 | F10: =('C 8'!F10/'C 7'!F10)*1000 -> 15.036562 | G10: 0 | H10: 0
A11: La Libertad | B11: =('C 8'!B11/'C 7'!B11)*1000 -> 2.2546611 | C11: =('C 8'!C11/'C 7'!C11)*1000 -> 13.2547 | D11: =('C 8'!D11/'C 7'!D11)*1000 -> 58.126724 | E11: =('C 8'!E11/'C 7'!E11)*1000 -> 141.54694 | F11: =('C 8'!F11/'C 7'!F11)*1000 -> 12.268955 | G11: =('C 8'!G11/'C 7'!G11)*1000 -> 31.157994 | H11: 0
A12: Cajamarca | B12: =('C 8'!B12/'C 7'!B12)*1000 -> 2.1113261 | C12: =('C 8'!C12/'C 7'!C12)*1000 -> 11.383928 | D12: =('C 8'!D12/'C 7'!D12)*1000 -> 43.378403 | E12: =('C 8'!E12/'C 7'!E12)*1000 -> 132.21937 | F12: =('C 8'!F12/'C 7'!F12)*1000 -> 10.753652 | G12: 0 | H12: 0
A13: Cajamarca | B13: =('C 8'!B13/'C 7'!B13)*1000 -> 2.1464783 | C13: =('C 8'!C13/'C 7'!C13)*1000 -> 10.766903 | D13: =('C 8'!D13/'C 7'!D13)*1000 -> 36.215 | E13: =('C 8'!E13/'C 7'!E13)*1000 -> 122.14607 | F13: =('C 8'!F13/'C 7'!F13)*1000 -> 11.131242 | G13: 0 | H13: 0
A14: Chota | B14: =('C 8'!B14/'C 7'!B14)*1000 -> 2.0600074 | C14: =('C 8'!C14/'C 7'!C14)*1000 -> 13.539849 | D14: =('C 8'!D14/'C 7'!D14)*1000 -> 48.079161 | E14: =('C 8'!E14/'C 7'!E14)*1000 -> 138.36088 | F14: =('C 8'!F14/'C 7'!F14)*1000 -> 12.300296 | G14: 0 | H14: 0
A15: Jaén | B15: =('C 8'!B15/'C 7'!B15)*1000 -> 2.0412595 | C15: =('C 8'!C15/'C 7'!C15)*1000 -> 9.7005929 | D15: =('C 8'!D15/'C 7'!D15)*1000 -> 48.624641 | E15: =('C 8'!E15/'C 7'!E15)*1000 -> 150.3564 | F15: =('C 8'!F15/'C 7'!F15)*1000 -> 10.056765 | G15: 0 | H15: 0
A16: Amazonas | B16: =('C 8'!B16/'C 7'!B16)*1000 -> 2.0703396 | C16: =('C 8'!C16/'C 7'!C16)*1000 -> 15.892537 | D16: =('C 8'!D16/'C 7'!D16)*1000 -> 56.526103 | E16: =('C 8'!E16/'C 7'!E16)*1000 -> 151.15747 | F16: =('C 8'!F16/'C 7'!F16)*1000 -> 12.643329 | G16: 0 | H16: 0
A17: Ancash | B17: =('C 8'!B17/'C 7'!B17)*1000 -> 2.2903635 | C17: =('C 8'!C17/'C 7'!C17)*1000 -> 9.655222 | D17: =('C 8'!D17/'C 7'!D17)*1000 -> 32.257683 | E17: =('C 8'!E17/'C 7'!E17)*1000 -> 142.39469 | F17: =('C 8'!F17/'C 7'!F17)*1000 -> 10.738724 | G17: =('C 8'!G17/'C 7'!G17)*1000 -> 25.669799 | H17: 0
A18: Lima | B18: =('C 8'!B18/'C 7'!B18)*1000 -> 2.3434151 | C18: =('C 8'!C18/'C 7'!C18)*1000 -> 12.266658 | D18: =('C 8'!D18/'C 7'!D18)*1000 -> 63.97164 | E18: =('C 8'!E18/'C 7'!E18)*1000 -> 192.5277 | F18: =('C 8'!F18/'C 7'!F18)*1000 -> 13.28144 | G18: =('C 8'!G18/'C 7'!G18)*1000 -> 27.27299 | H18: =('C 8'!H18/'C 7'!H18)*1000 -> 29.978996
A19: Ica | B19: =('C 8'!B19/'C 7'!B19)*1000 -> 2.1716825 | C19: =('C 8'!C19/'C 7'!C19)*1000 -> 11.902434 | D19: =('C 8'!D19/'C 7'!D19)*1000 -> 51.616206 | E19: =('C 8'!E19/'C 7'!E19)*1000 -> 136.33523 | F19: =('C 8'!F19/'C 7'!F19)*1000 -> 14.484515 | G19: 0 | H19: 0
A20: Huánuco | B20: =('C 8'!B20/'C 7'!B20)*1000 -> 2.0760786 | C20: =('C 8'!C20/'C 7'!C20)*1000 -> 11.23413 | D20: =('C 8'!D20/'C 7'!D20)*1000 -> 35.442513 | E20: =('C 8'!E20/'C 7'!E20)*1000 -> 167.86276 | F20: =('C 8'!F20/'C 7'!F20)*1000 -> 10.281768 | G20: =('C 8'!G20/'C 7'!G20)*1000 -> 26.333364 | H20: 0
A21: Pasco | B21: =('C 8'!B21/'C 7'!B21)*1000 -> 2.1400884 | C21: =('C 8'!C21/'C 7'!C21)*1000 -> 12.484944 | D21: =('C 8'!D21/'C 7'!D21)*1000 -> 36.586599 | E21: =('C 8'!E21/'C 7'!E21)*1000 -> 160.50904 | F21: =('C 8'!F21/'C 7'!F21)*1000 -> 11.516306 | G21: =('C 8'!G21/'C 7'!G21)*1000 -> 21.896224 | H21: =('C 8'!H21/'C 7'!H21)*1000 -> 27.987284
A22: Junín | B22: =('C 8'!B22/'C 7'!B22)*1000 -> 2.2330118 | C22: =('C 8'!C22/'C 7'!C22)*1000 -> 10.741145 | D22: =('C 8'!D22/'C 7'!D22)*1000 -> 44.55075 | E22: =('C 8'!E22/'C 7'!E22)*1000 -> 131.24322 | F22: =('C 8'!F22/'C 7'!F22)*1000 -> 11.325165 | G22: =('C 8'!G22/'C 7'!G22)*1000 -> 22.386266 | H22: =('C 8'!H22/'C 7'!H22)*1000 -> 27.552146
A23: Huancavelica | B23: =('C 8'!B23/'C 7'!B23)*1000 -> 2.03487 | C23: =('C 8'!C23/'C 7'!C23)*1000 -> 13.496113 | D23: =('C 8'!D23/'C 7'!D23)*1000 -> 38.877429 | E23: =('C 8'!E23/'C 7'!E23)*1000 -> 116.27745 | F23: =('C 8'!F23/'C 7'!F23)*1000 -> 13.194386 | G23: =('C 8'!G23/'C 7'!G23)*1000 -> 25.999276 | H23: =('C 8'!H23/'C 7'!H23)*1000 -> 33.978729
A24: Arequipa | B24: =('C 8'!B24/'C 7'!B24)*1000 -> 2.2113093 | C24: =('C 8'!C24/'C 7'!C24)*1000 -> 14.580505 | D24: =('C 8'!D24/'C 7'!D24)*1000 -> 56.044835 | E24: =('C 8'!E24/'C 7'!E24)*1000 -> 163.36053 | F24: =('C 8'!F24/'C 7'!F24)*1000 -> 12.212188 | G24: =('C 8'!G24/'C 7'!G24)*1000 -> 24.548749 | H24: =('C 8'!H24/'C 7'!H24)*1000 -> 34.490646
A25: Moquegua | B25: =('C 8'!B25/'C 7'!B25)*1000 -> 2.0635919 | C25: =('C 8'!C25/'C 7'!C25)*1000 -> 19.249974 | D25: =('C 8'!D25/'C 7'!D25)*1000 -> 47.342332 | E25: =('C 8'!E25/'C 7'!E25)*1000 -> 206.53076 | F25: =('C 8'!F25/'C 7'!F25)*1000 -> 16.635244 | G25: =('C 8'!G25/'C 7'!G25)*1000 -> 31.235426 | H25: =('C 8'!H25/'C 7'!H25)*1000 -> 42.82171
A26: Tacna | B26: =('C 8'!B26/'C 7'!B26)*1000 -> 2.2914593 | C26: =('C 8'!C26/'C 7'!C26)*1000 -> 23.260524 | D26: =('C 8'!D26/'C 7'!D26)*1000 -> 40.143288 | E26: =('C 8'!E26/'C 7'!E26)*1000 -> 190.71608 | F26: =('C 8'!F26/'C 7'!F26)*1000 -> 14.886726 | G26: =('C 8'!G26/'C 7'!G26)*1000 -> 28.463639 | H26: =('C 8'!H26/'C 7'!H26)*1000 -> 29.445232
A27: Ayacucho | B27: =('C 8'!B27/'C 7'!B27)*1000 -> 2.0626968 | C27: =('C 8'!C27/'C 7'!C27)*1000 -> 11.744101 | D27: =('C 8'!D27/'C 7'!D27)*1000 -> 44.899494 | E27: =('C 8'!E27/'C 7'!E27)*1000 -> 123.34209 | F27: =('C 8'!F27/'C 7'!F27)*1000 -> 11.720316 | G27: =('C 8'!G27/'C 7'!G27)*1000 -> 26.911491 | H27: =('C 8'!H27/'C 7'!H27)*1000 -> 29.614371
A28: Apurímac | B28: =('C 8'!B28/'C 7'!B28)*1000 -> 2.0013809 | C28: =('C 8'!C28/'C 7'!C28)*1000 -> 11.277563 | D28: =('C 8'!D28/'C 7'!D28)*1000 -> 38.89589 | E28: =('C 8'!E28/'C 7'!E28)*1000 -> 110.55161 | F28: =('C 8'!F28/'C 7'!F28)*1000 -> 10.543656 | G28: =('C 8'!G28/'C 7'!G28)*1000 -> 24.255781 | H28: =('C 8'!H28/'C 7'!H28)*1000 -> 30.047484
A29: Abancay | B29: =('C 8'!B29/'C 7'!B29)*1000 -> 2.0103034 | C29: =('C 8'!C29/'C 7'!C29)*1000 -> 11.828433 | D29: =('C 8'!D29/'C 7'!D29)*1000 -> 36.56015 | E29: =('C 8'!E29/'C 7'!E29)*1000 -> 113.6524 | F29: =('C 8'!F29/'C 7'!F29)*1000 -> 10.739684 | G29: =('C 8'!G29/'C 7'!G29)*1000 -> 24.763179 | H29: =('C 8'!H29/'C 7'!H29)*1000 -> 30.855738
A30: Andahuaylas | B30: =('C 8'!B30/'C 7'!B30)*1000 -> 1.9877572 | C30: =('C 8'!C30/'C 7'!C30)*1000 -> 10.692459 | D30: =('C 8'!D30/'C 7'!D30)*1000 -> 40.230823 | E30: =('C 8'!E30/'C 7'!E30)*1000 -> 107.39706 | F30: =('C 8'!F30/'C 7'!F30)*1000 -> 10.455073 | G30: =('C 8'!G30/'C 7'!G30)*1000 -> 23.188496 | H30: =('C 8'!H30/'C 7'!H30)*1000 -> 29.247136
A31: Cusco | B31: =('C 8'!B31/'C 7'!B31)*1000 -> 2.1531972 | C31: =('C 8'!C31/'C 7'!C31)*1000 -> 12.682441 | D31: =('C 8'!D31/'C 7'!D31)*1000 -> 43.164651 | E31: =('C 8'!E31/'C 7'!E31)*1000 -> 152.77604 | F31: =('C 8'!F31/'C 7'!F31)*1000 -> 12.822769 | G31: =('C 8'!G31/'C 7'!G31)*1000 -> 26.644636 | H31: =('C 8'!H31/'C 7'!H31)*1000 -> 29.644704
A32: Puno | B32: =('C 8'!B32/'C 7'!B32)*1000 -> 2.000433 | C32: =('C 8'!C32/'C 7'!C32)*1000 -> 13.915551 | D32: =('C 8'!D32/'C 7'!D32)*1000 -> 33.665354 | E32: =('C 8'!E32/'C 7'!E32)*1000 -> 143.78144 | F32: 0 | G32: =('C 8'!G32/'C 7'!G32)*1000 -> 27.712455 | H32: =('C 8'!H32/'C 7'!H32)*1000 -> 38.737677
A33: San Martín | B33: =('C 8'!B33/'C 7'!B33)*1000 -> 2.1989427 | C33: =('C 8'!C33/'C 7'!C33)*1000 -> 11.094977 | D33: =('C 8'!D33/'C 7'!D33)*1000 -> 41.986596 | E33: =('C 8'!E33/'C 7'!E33)*1000 -> 133.62624 | F33: 0 | G33: 0 | H33: 0
A34: Loreto | B34: =('C 8'!B34/'C 7'!B34)*1000 -> 2.2115663 | C34: =('C 8'!C34/'C 7'!C34)*1000 -> 12.930233 | D34: =('C 8'!D34/'C 7'!D34)*1000 -> 45.816782 | E34: =('C 8'!E34/'C 7'!E34)*1000 -> 133.95768 | F34: 0 | G34: 0 | H34: 0
A35: Ucayali | B35: =('C 8'!B35/'C 7'!B35)*1000 -> 2.1537397 | C35: =('C 8'!C35/'C 7'!C35)*1000 -> 10.556676 | D35: =('C 8'!D35/'C 7'!D35)*1000 -> 45.15856 | E35: =('C 8'!E35/'C 7'!E35)*1000 -> 126.37458 | F35: 0 | G35: 0 | H35: 0
A36: Madre de Dios | B36: =('C 8'!B36/'C 7'!B36)*1000 -> 2.2177677 | C36: =('C 8'!C36/'C 7'!C36)*1000 -> 16.027215 | D36: =('C 8'!D36/'C 7'!D36)*1000 -> 63.357575 | E36: =('C 8'!E36/'C 7'!E36)*1000 -> 162.10939 | F36: 0 | G36: 0 | H36: 0
A37: P Preliminar
A38: Fuente: Direcciones Regionales de Agricultura
A39: Elaboración: Ministerio de Desarrollo Agrario y Riego - DGESEP - DEIA

Sheet C 10
A2: C.10 PERÚ: ESPECIES PECUARIAS EN PRODUCCIÓN Y ANIMALES ESQUILADOS POR ESPECIE, SEGÚN REGIÓN, 2020P
A3: (Unidades)
A5: Región | B5: Gallinas en Postura | C5: Vacas en Ordeño | D5: Alpacas esquiladas | E5: LLamas esquiladas | F5: Ovinos esquilados
A6: Nacional | B6: =(B8+B9+B10+B11+B12+B16++B17+B18+B19+B20+B21+B22+B23+B24+B25+B26+B27+B28+B31+B32+B33+B34+B35+B36) -> 29325849 | C6: =(C8+C9+C10+C11+C12+C16++C17+C18+C19+C20+C21+C22+C23+C24+C25+C26+C27+C28+C31+C32+C33+C34+C35+C36) -> 906688.63 | D6: =(D8+D9+D10+D11+D12+D16++D17+D18+D19+D20+D21+D22+D23+D24+D25+D26+D27+D28+D31+D32+D33+D34+D35+D36) -> 2131029 | E6: =(E8+E9+E10+E11+E12+E16++E17+E18+E19+E20+E21+E22+E23+E24+E25+E26+E27+E28+E31+E32+E33+E34+E35+E36) -> 331804.37 | F6: =(F8+F9+F10+F11+F12+F16++F17+F18+F19+F20+F21+F22+F23+F24+F25+F26+F27+F28+F31+F32+F33+F34+F35+F36) -> 4099800.6
A8: Tumbes | B8: 15260.655 | C8: 310.45 | D8: 0 | E8: 0 | F8: 0
A9: Piura | B9: 391273.16 | C9: 24007.677 | D9: 56 | E9: 0 | F9: 23964
A10: Lambayeque | B10: 499455.72 | C10: 17819.717 | D10: 0 | E10: 0 | F10: 0
A11: La Libertad | B11: 4899576.3 | C11: 49775 | D11: 6479 | E11: 0 | F11: 252084
A12: Cajamarca | B12: 425471.93 | C12: 164025.34 | D12: 0 | E12: 0 | F12: 158054
A13: Cajamarca | B13: 206410.29 | C13: 99168.333 | D13: 0 | E13: 0 | F13: 120763.5
A14: Chota | B14: 143234.26 | C14: 59224.253 | D14: 0 | E14: 0 | F14: 37290.5
A15: Jaén | B15: 75827.371 | C15: 5632.75 | D15: 0 | E15: 0 | F15: 0
A16: Amazonas | B16: 129176.53 | C16: 79621.833 | D16: 0 | E16: 0 | F16: 6041
A17: Ancash | B17: 207275.47 | C17: 14894.083 | D17: 0 | E17: 0 | F17: 6515
A18: Lima | B18: 7463067.3 | C18: 71842.292 | D18: 17667.42 | E18: 1792 | F18: 84125
A19: Ica | B19: 10644513 | C19: 14028.083 | D19: 0 | E19: 0 | F19: 0
... A36: Madre de Dios | B36: 212380.47 | C36: 1005.6667 | D36: 0 | E36: 0 | F36: 0
A37: P Preliminar
A38: Fuente: Direcciones Regionales de Agricultura
A39: Elaboración: Ministerio de Desarrollo Agrario y Riego - DGESEP - DEIA

Sheet C 11
A2: C.11 PERÚ: PRODUCCIÓN DE PRINCIPALES PRODUCTOS PECUARIOS SEGÚN REGIÓN, 2020P
A3: (Toneladas)
A5: Región | B5: Huevo gallina | C5: Leche fresca | D5: Fibra Alpaca | E5: Fibra Llama | F5: Lana ovino
A6: Nacional | B6: =(B8+B9+B10+B11+B12+B16++B17+B18+B19+B20+B21+B22+B23+B24+B25+B26+B27+B28+B31+B32+B33+B34+B35+B36) -> 497525.39 | C6: =(C8+C9+C10+C11+C12+C16++C17+C18+C19+C20+C21+C22+C23+C24+C25+C26+C27+C28+C31+C32+C33+C34+C35+C36) -> 2135881.3 | D6: =(D8+D9+D10+D11+D12+D16++D17+D18+D19+D20+D21+D22+D23+D24+D25+D26+D27+D28+D31+D32+D33+D34+D35+D36) -> 4351.6747 | E6: =(E8+E9+E10+E11+E12+E16++E17+E18+E19+E20+E21+E22+E23+E24+E25+E26+E27+E28+E31+E32+E33+E34+E35+E36) -> 664.55614 | F6: =(F8+F9+F10+F11+F12+F16++F17+F18+F19+F20+F21+F22+F23+F24+F25+F26+F27+F28+F31+F32+F33+F34+F35+F36) -> 7466.402
A8: Tumbes | B8: 100.7665 | C8: 343.13043 | D8: 0 | E8: 0 | F8: 0
A9: Piura | B9: 4715.9462 | C9: 42903.995 | D9: 0.0745205 | E9: 0 | F9: 25.021439
A10: Lambayeque | B10: 7811.0701 | C10: 54175.979 | D10: 0 | E10: 0 | F10: 0
A11: La Libertad | B11: 86530.85 | C11: 157622.84 | D11: 18.554976 | E11: 0 | F11: 745.2646
A12: Cajamarca | B12: 2364.8413 | C12: 367230.59 | D12: 0 | E12: 0 | F12: 271.59382
A13: Cajamarca | B13: 1340.7068 | C13: 225330.28 | D13: 0 | E13: 0 | F13: 217.9815
A14: Chota | B14: 664.21623 | C14: 132792.26 | D14: 0 | E14: 0 | F14: 53.61232
A15: Jaén | B15: 359.91819 | C15: 9108.054 | D15: 0 | E15: 0 | F15: 0
A16: Amazonas | B16: 1446.1817 | C16: 100570.05 | D16: 0 | E16: 0 | F16: 3.8134152
A17: Ancash | B17: 1354.9921 | C17: 18261.065 | D17: 0 | E17: 0 | F17: 9.223
A18: Lima | B18: 134863.95 | C18: 362239.61 | D18: 26.269337 | E18: 2.4248128 | F18: 109.95337
A19: Ica | B19: 200811.02 | C19: 78920.453 | D19: 0 | E19: 0 | F19: 0
... A36: Madre de Dios | B36: 3437.2531 | C36: 1465.8704 | D36: 0 | E36: 0 | F36: 0
A37: P Preliminar
A38: Fuente: Direcciones Regionales de Agricultura
A39: Elaboración: Ministerio de Desarrollo Agrario y Riego - DGESEP - DEIA

Sheet C 12
A2: C.12 PERÚ: RENDIMIENTO PROMEDIO POR PRODUCTO, SEGÚN REGIÓN, 2020P
A3: (Kg/Unidad/Año)
A5: Región | B5: Huevo gallina | C5: Leche fresca | D5: Fibra Alpaca | E5: Fibra Llama | F5: Lana ovino
A6: Nacional | B6: =('C 11'!B6/'C 10'!B6)*1000 -> 16.965422 | C6: =('C 11'!C6/'C 10'!C6)*1000 -> 2355.6944 | D6: =('C 11'!D6/'C 10'!D6)*1000 -> 2.0420533 | E6: =('C 11'!E6/'C 10'!E6)*1000 -> 2.0028553 | F6: =('C 11'!F6/'C 10'!F6)*1000 -> 1.8211622
A8: Tumbes | B8: ='C 11'!B8/'C 10'!B8*1000 -> 6.603026 | C8: ='C 11'!C8/'C 10'!C8*1000 -> 1105.2679 | D8: 0 | E8: 0 | F8: 0
A9: Piura | B9: ='C 11'!B9/'C 10'!B9*1000 -> 12.052823 | C9: ='C 11'!C9/'C 10'!C9*1000 -> 1787.0948 | D9: ='C 11'!D9/'C 10'!D9*1000 -> 1.3307232 | E9: 0 | F9: ='C 11'!F9/'C 10'!F9*1000 -> 1.0441261
A10: Lambayeque | B10: ='C 11'!B10/'C 10'!B10*1000 -> 15.639164 | C10: ='C 11'!C10/'C 10'!C10*1000 -> 3040.2267 | D10: 0 | E10: 0 | F10: 0
A11: La Libertad | B11: ='C 11'!B11/'C 10'!B11*1000 -> 17.660884 | C11: ='C 11'!C11/'C 10'!C11*1000 -> 3166.707 | D11: ='C 11'!D11/'C 10'!D11*1000 -> 2.8638642 | E11: 0 | F11: ='C 11'!F11/'C 10'!F11*1000 -> 2.9564137
A12: Cajamarca | B12: ='C 11'!B12/'C 10'!B12*1000 -> 5.5581605 | C12: ='C 11'!C12/'C 10'!C12*1000 -> 2238.865 | D12: 0 | E12: 0 | F12: ='C 11'!F12/'C 10'!F12*1000 -> 1.7183609
A13: Cajamarca | B13: ='C 11'!B13/'C 10'!B13*1000 -> 6.4953487 | C13: ='C 11'!C13/'C 10'!C13*1000 -> 2272.1999 | D13: 0 | E13: 0 | F13: ='C 11'!F13/'C 10'!F13*1000 -> 1.805028
A14: Chota | B14: ='C 11'!B14/'C 10'!B14*1000 -> 4.6372719 | C14: ='C 11'!C14/'C 10'!C14*1000 -> 2242.1938 | D14: 0 | E14: 0 | F14: ='C 11'!F14/'C 10'!F14*1000 -> 1.4376938
A15: Jaén | B15: ='C 11'!B15/'C 10'!B15*1000 -> 4.7465471 | C15: ='C 11'!C15/'C 10'!C15*1000 -> 1616.9818 | D15: 0 | E15: 0 | F15: 0
A16: Amazonas | B16: ='C 11'!B16/'C 10'!B16*1000 -> 11.195391 | C16: ='C 11'!C16/'C 10'!C16*1000 -> 1263.0964 | D16: 0 | E16: 0 | F16: ='C 11'!F16/'C 10'!F16*1000 -> 0.63125562
A17: Ancash | B17: ='C 11'!B17/'C 10'!B17*1000 -> 6.5371558 | C17: ='C 11'!C17/'C 10'!C17*1000 -> 1226.0617 | D17: 0 | E17: 0 | F17: ='C 11'!F17/'C 10'!F17*1000 -> 1.4156562
A18: Lima | B18: ='C 11'!B18/'C 10'!B18*1000 -> 18.070848 | C18: ='C 11'!C18/'C 10'!C18*1000 -> 5042.1501 | D18: ='C 11'!D18/'C 10'!D18*1000 -> 1.4868802 | E18: ='C 11'!E18/'C 10'!E18*1000 -> 1.3531321 | F18: ='C 11'!F18/'C 10'!F18*1000 -> 1.3070237
A19: Ica | B19: ='C 11'!B19/'C 10'!B19*1000 -> 18.865214 | C19: ='C 11'!C19/'C 10'!C19*1000 -> 5625.8899 | D19: 0 | E19: 0 | F19: 0
A20: Huánuco | B20: ='C 11'!B20/'C 10'!B20*1000 -> 6.8532513 | C20: ='C 11'!C20/'C 10'!C20*1000 -> 1558.4576 | D20: ='C 11'!D20/'C 10'!D20*1000 -> 2.6700995 | E20: 0 | F20: ='C 11'!F20/'C 10'!F20*1000 -> 1.7200683
A21: Pasco | B21: ='C 11'!B21/'C 10'!B21*1000 -> 4.7959653 | C21: ='C 11'!C21/'C 10'!C21*1000 -> 1279.2379 | D21: ='C 11'!D21/'C 10'!D21*1000 -> 2.0597293 | E21: ='C 11'!E21/'C 10'!E21*1000 -> 1.4727328 | F21: ='C 11'!F21/'C 10'!F21*1000 -> 1.7356107
A22: Junín | B22: ='C 11'!B22/'C 10'!B22*1000 -> 6.5751989 | C22: ='C 11'!C22/'C 10'!C22*1000 -> 1418.4963 | D22: ='C 11'!D22/'C 10'!D22*1000 -> 2.7672369 | E22: ='C 11'!E22/'C 10'!E22*1000 -> 2.3929559 | F22: ='C 11'!F22/'C 10'!F22*1000 -> 1.7646018
A23: Huancavelica | B23: ='C 11'!B23/'C 10'!B23*1000 -> 4.6083889 | C23: ='C 11'!C23/'C 10'!C23*1000 -> 1880.1496 | D23: ='C 11'!D23/'C 10'!D23*1000 -> 1.8356211 | E23: ='C 11'!E23/'C 10'!E23*1000 -> 1.8577316 | F23: ='C 11'!F23/'C 10'!F23*1000 -> 1.5486997
A24: Arequipa | B24: ='C 11'!B24/'C 10'!B24*1000 -> 16.648742 | C24: ='C 11'!C24/'C 10'!C24*1000 -> 4736.3501 | D24: ='C 11'!D24/'C 10'!D24*1000 -> 1.9176533 | E24: ='C 11'!E24/'C 10'!E24*1000 -> 2.1808638 | F24: ='C 11'!F24/'C 10'!F24*1000 -> 1.5031648
A25: Moquegua | B25: ='C 11'!B25/'C 10'!B25*1000 -> 10.905544 | C25: ='C 11'!C25/'C 10'!C25*1000 -> 3125.5443 | D25: ='C 11'!D25/'C 10'!D25*1000 -> 2.0107866 | E25: ='C 11'!E25/'C 10'!E25*1000 -> 2.2820974 | F25: ='C 11'!F25/'C 10'!F25*1000 -> 1.3649305
A26: Tacna | B26: ='C 11'!B26/'C 10'!B26*1000 -> 17.044113 | C26: ='C 11'!C26/'C 10'!C26*1000 -> 4392.9435 | D26: ='C 11'!D26/'C 10'!D26*1000 -> 1.8744141 | E26: 0 | F26: 0
A27: Ayacucho | B27: ='C 11'!B27/'C 10'!B27*1000 -> 5.4884502 | C27: ='C 11'!C27/'C 10'!C27*1000 -> 1841.0458 | D27: ='C 11'!D27/'C 10'!D27*1000 -> 2.0008237 | E27: ='C 11'!E27/'C 10'!E27*1000 -> 1.2803563 | F27: ='C 11'!F27/'C 10'!F27*1000 -> 1.3618368
A28: Apurímac | B28: ='C 11'!B28/'C 10'!B28*1000 -> 5.0767186 | C28: ='C 11'!C28/'C 10'!C28*1000 -> 1071.797 | D28: ='C 11'!D28/'C 10'!D28*1000 -> 1.968027 | E28: ='C 11'!E28/'C 10'!E28*1000 -> 1.759446 | F28: ='C 11'!F28/'C 10'!F28*1000 -> 1.8385022
A29: Abancay | B29: ='C 11'!B29/'C 10'!B29*1000 -> 5.3382494 | C29: ='C 11'!C29/'C 10'!C29*1000 -> 929.60947 | D29: ='C 11'!D29/'C 10'!D29*1000 -> 2.0268274 | E29: ='C 11'!E29/'C 10'!E29*1000 -> 1.6862503 | F29: ='C 11'!F29/'C 10'!F29*1000 -> 1.8548662
A30: Andahuaylas | B30: ='C 11'!B30/'C 10'!B30*1000 -> 4.8111985 | C30: ='C 11'!C30/'C 10'!C30*1000 -> 1314.5591 | D30: ='C 11'!D30/'C 10'!D30*1000 -> 1.7575411 | E30: ='C 11'!E30/'C 10'!E30*1000 -> 1.8790464 | F30: ='C 11'!F30/'C 10'!F30*1000 -> 1.7656934
A31: Cusco | B31: ='C 11'!B31/'C 10'!B31*1000 -> 3.7421383 | C31: ='C 11'!C31/'C 10'!C31*1000 -> 1404.8008 | D31: ='C 11'!D31/'C 10'!D31*1000 -> 1.9594633 | E31: ='C 11'!E31/'C 10'!E31*1000 -> 1.579393 | F31: ='C 11'!F31/'C 10'!F31*1000 -> 1.4828569
A32: Puno | B32: ='C 11'!B32/'C 10'!B32*1000 -> 4.7799792 | C32: ='C 11'!C32/'C 10'!C32*1000 -> 1382.502 | D32: ='C 11'!D32/'C 10'!D32*1000 -> 2.0612854 | E32: ='C 11'!E32/'C 10'!E32*1000 -> 2.0313134 | F32: ='C 11'!F32/'C 10'!F32*1000 -> 1.9173807
A33: San Martín | B33: ='C 11'!B33/'C 10'!B33*1000 -> 15.58516 | C33: ='C 11'!C33/'C 10'!C33*1000 -> 1706.7125 | D33: 0 | E33: 0 | F33: 0
A34: Loreto | B34: ='C 11'!B34/'C 10'!B34*1000 -> 12.672435 | C34: ='C 11'!C34/'C 10'!C34*1000 -> 1365.4529 | D34: 0 | E34: 0 | F34: 0
A35: Ucayali | B35: ='C 11'!B35/'C 10'!B35*1000 -> 13.953566 | C35: ='C 11'!C35/'C 10'!C35*1000 -> 1484.6252 | D35: 0 | E35: 0 | F35: 0
A36: Madre de Dios | B36: ='C 11'!B36/'C 10'!B36*1000 -> 16.184412 | C36: ='C 11'!C36/'C 10'!C36*1000 -> 1457.6106 | D36: 0 | E36: 0 | F36: 0
A37: P Preliminar
A38: Fuente: Direcciones Regionales de Agricultura
A39: Elaboración: Ministerio de Desarrollo Agrario y Riego - DGESEP - DEIA

Sheet C 13
A2: C.13 PERÚ: PRODUCCIÓN PECUARIA POR MES, SEGÚN PRODUCTO, 2020P
A3: (Toneladas)
A5: Producto | C5: Anual | D5: Ene | E5: Feb | F5: Mar | G5: Abr | H5: May | I5: Jun | J5: Jul | K5: Ago | L5: Set | M5: Oct | N5: Nov | O5: Dic
A6: Carne
B7: Ave | C7: =SUM(D7:O7) -> 1723497.5 | D7: 144266.58 | E7: 129817.51 | F7: 145281.01 | G7: 148722.82 | H7: 145796.07 | I7: 145025.13 | J7: 148818.41 | K7: 143127.77 | L7: 142346.86 | M7: 145100.21 | N7: 138327.51 | O7: 146867.58
B8: Ovino | C8: =SUM(D8:O8) -> 32310.988 | D8: 2350.3108 | E8: 2519.4602 | F8: 2611.7116 | G8: 2820.3902 | H8: 2952.2476 | I8: 3091.549 | J8: 2858.4396 | K8: 2873.6862 | L8: 2669.0461 | M8: 2535.2993 | N8: 2506.6117 | O8: 2522.2356
B9: Porcino | C9: =SUM(D9:O9) -> 169804.68 | D9: 14423.923 | E9: 13947.495 | F9: 13785.016 | G9: 13531.404 | H9: 13222.615 | I9: 13544.055 | J9: 14728.738 | K9: 14194.711 | L9: 14091.127 | M9: 13814.507 | N9: 14101.269 | O9: 16419.821
B10: Vacuno | C10: =SUM(D10:O10) -> 183941.13 | D10: 14705.702 | E10: 15540.037 | F10: 14888.801 | G10: 15372.888 | H10: 15737.35 | I10: 15799.316 | J10: 16052.969 | K10: 15459.912 | L10: 15079.657 | M10: 14724.681 | N10: 15008 | O10: 15571.811
B11: Caprino | C11: =SUM(D11:O11) -> 4957.3536 | D11: 378.06962 | E11: 396.38737 | F11: 407.65505 | G11: 412.85324 | H11: 424.31851 | I11: 456.70795 | J11: 451.82706 | K11: 437.98508 | L11: 400.56208 | M11: 385.8977 | N11: 388.37199 | O11: 416.71798
B12: Alpaca | C12: =SUM(D12:O12) -> 12363.609 | D12: 830.2483 | E12: 1000.0565 | F12: 1071.9981 | G12: 1272.714 | H12: 1227.0379 | I12: 1217.2462 | J12: 1217.9604 | K12: 1097.4494 | L12: 948.6679 | M12: 860.74126 | N12: 852.79958 | O12: 766.68924
B13: Llama | C13: =SUM(D13:O13) -> 3818.352 | D13: 269.3921 | E13: 308.61304 | F13: 322.00654 | G13: 359.60536 | H13: 346.47366 | I13: 361.73254 | J13: 353.22221 | K13: 328.99652 | L13: 301.24878 | M13: 284.44055 | N13: 276.72933 | O13: 305.89131
A15: Menudencia
B16: Ovino | C16: =SUM(D16:O16) -> 25130.768 | D16: =(D8/0.45*0.35) -> 1828.0195 | E16: =(E8/0.45*0.35) -> 1959.5802 | F16: =(F8/0.45*0.35) -> 2031.3312 | G16: =(G8/0.45*0.35) -> 2193.6368 | H16: =(H8/0.45*0.35) -> 2296.1926 | I16: =(I8/0.45*0.35) -> 2404.5381 | J16: =(J8/0.45*0.35) -> 2223.2308 | K16: =(K8/0.45*0.35) -> 2235.0892 | ... O16: =(O8/0.45*0.35) -> 1961.7388
B17: Porcino | C17: =SUM(D17:O17) -> 33960.936 | D17: =(D9/0.75*0.15) -> 2884.7845 | E17: =(E9/0.75*0.15) -> 2789.499 | F17: =(F9/0.75*0.15) -> 2757.0032 | G17: =(G9/0.75*0.15) -> 2706.2808 | H17: =(H9/0.75*0.15) -> 2644.5231 | I17: =(I9/0.75*0.15) -> 2708.811 | J17: =(J9/0.75*0.15) -> 2945.7477 | K17: =(K9/0.75*0.15) -> 2838.9421 | ... O17: =(O9/0.75*0.15) -> 3283.9642
B18: Vacuno | C18: =SUM(D18:O18) -> 90167.218 | D18: =(D10/0.51*0.25) -> 7208.6775 | E18: =(E10/0.51*0.25) -> 7617.665 | F18: =(F10/0.51*0.25) -> 7298.432 | G18: =(G10/0.51*0.25) -> 7535.7294 | H18: =(H10/0.51*0.25) -> 7714.3874 | I18: =(I10/0.51*0.25) -> 7744.7629 | J18: =(J10/0.51*0.25) -> 7869.1026 | K18: =(K10/0.51*0.25) -> 7578.3883 | ... O18: =(O10/0.51*0.25) -> 7633.2409
B19: Caprino | C19: =SUM(D19:O19) -> 3855.7195 | D19: =(D11/0.45*0.35) -> 294.05415 | E19: =(E11/0.45*0.35) -> 308.30129 | F19: =(F11/0.45*0.35) -> 317.06504 | G19: =(G11/0.45*0.35) -> 321.10808 | H19: =(H11/0.45*0.35) -> 330.02551 | I19: =(I11/0.45*0.35) -> 355.21729 | J19: =(J11/0.45*0.35) -> 351.42105 | K19: =(K11/0.45*0.35) -> 340.65506 | ... O19: =(O11/0.45*0.35) -> 324.11398
A21: Huevo de Gallina | C21: =SUM(D21:O21) -> 497525.39 | D21: 40862.929 | E21: 41243.43 | F21: 41095.162 | G21: 41045.589 | H21: 41255.119 | I21: 41141.449 | J21: 41193.184 | K21: 41229.491 | L21: 41357.598 | M21: 41907.411 | N21: 42460.705 | O21: 42733.319
A23: Leche Fresca de Vaca | C23: =SUM(D23:O23) -> 2135881.3 | D23: 177635.86 | E23: 174738.18 | F23: 187870.91 | G23: 189155.95 | H23: 191436.53 | I23: 183530.37 | J23: 178732.12 | K23: 176201.71 | L23: 167812.12 | M23: 169146.59 | N23: 166931.15 | O23: 172689.82
A25: Fibra Alpaca | C25: =SUM(D25:O25) -> 4351.8474 | D25: 306.42009 | E25: 635.45197 | F25: 631.99583 | G25: 43.498061 | H25: 58.557904 | I25: 48.723687 | J25: 1.3062147 | K25: 0.202038 | L25: 12.271214 | M25: 165.78471 | N25: 1680.6719 | O25: 766.96378
A27: Fibra Llama | C27: =SUM(D27:O27) -> 664.55614 | D27: 29.891482 | E27: 117.17207 | F27: 106.36298 | G27: 7.9685646 | H27: 5.844392 | I27: 3.151124 | J27: 0.0879984 | K27: 0 | L27: 0.07584 | M27: 45.558741 | N27: 289.74607 | O27: 58.696878
A29: Lana Ovino | C29: =SUM(D29:O29) -> 7466.402 | D29: 654.74878 | E29: 2587.5432 | F29: 1849.4032 | G29: 212.04104 | H29: 469.58881 | I29: 230.51353 | J29: 191.70887 | K29: 133.62368 | L29: 162.11784 | M29: 30.413624 | N29: 541.62247 | O29: 403.07697
A30: P Preliminar
A31: Fuente: Direcciones Regionales de Agricultura
A32: Elaboración: Ministerio de Desarrollo Agrario y Riego - DGESEP - DEIA

Sheet C 14
A2: C.14 PERÚ: POBLACIÓN DE VACUNOS POR AÑO, SEGÚN REGIÓN, 2007-2020
A3: (Unidades)
A5: Región | C5: 2005 | D5: 2006 | E5: 2007 | F5: 2008 | G5: 2009 | H5: 2010 | I5: 2011 | J5: 2012 | K5: 2013 | L5: 2014 | M5: 2015 | N5: 2016 | O5: 2017 | P5: 2018 | Q5: 2019 | R5: 2020 P
A6: Total Nacional | C6: =(C8+C9+C10+C11+C12+C13+C14+C15+C16+C17+C18+C19+C20+C21+C22+C23+C24+C25+C26+C27+C28+C29+C30+C31) -> 5249783 | D6: =(D8+D9+D10+D11+D12+D13+D14+D15+D16+D17+D18+D19+D20+D21+D22+D23+D24+D25+D26+D27+D28+D29+D30+D31) -> 5241101 | E6: =(E8+E9+E10+E11+E12+E13+E14+E15+E16+E17+E18+E19+E20+E21+E22+E23+E24+E25+E26+E27+E28+E29+E30+E31) -> 5420865 | F6: =(F8+F9+F10+F11+F12+F13+F14+F15+F16+F17+F18+F19+F20+F21+F22+F23+F24+F25+F26+F27+F28+F29+F30+F31) -> 5442989 | G6: =(G8+G9+G10+G11+G12+G13+G14+G15+G16+G17+G18+G19+G20+G21+G22+G23+G24+G25+G26+G27+G28+G29+G30+G31) -> 5459435 | H6: =(H8+H9+H10+H11+H12+H13+H14+H15+H16+H17+H18+H19+H20+H21+H22+H23+H24+H25+H26+H27+H28+H29+H30+H31) -> 5520198 | I6: =(I8+I9+I10+I11+I12+I13+I14+I15+I16+I17+I18+I19+I20+I21+I22+I23+I24+I25+I26+I27+I28+I29+I30+I31) -> 5589173 | J6: =(J8+J9+J10+J11+J12+J13+J14+J15+J16+J17+J18+J19+J20+J21+J22+J23+J24+J25+J26+J27+J28+J29+J30+J31) -> 5660984 | ... R6: =(R8+R9+R10+R11+R12+R13+R14+R15+R16+R17+R18+R19+R20+R21+R22+R23+R24+R25+R26+R27+R28+R29+R30+R31) -> 5636388
B8: Tumbes | C8: 13800 | D8: 14000 | E8: 13890 | F8: 17461 | G8: 17100 | H8: 13729 | I8: 14447 | J8: 18070 | K8: 18447 | L8: 19414 | M8: 21346 | N8: 22427 | O8: 22350 | P8: 22050 | Q8: 22200 | R8: 19258
B9: Piura | C9: 234260 | D9: 234260 | E9: 237774 | F9: 227803 | G9: 230765 | H9: 302158 | I9: 310158 | J9: 324960 | K9: 308181 | L9: 301926 | M9: 298200 | N9: 290882 | O9: 276247 | P9: 268181 | Q9: 258181 | R9: 265987
B10: Lambayeque | C10: 86000 | D10: 87500 | E10: 96479 | F10: 113725 | G10: 114210 | H10: 110583 | I10: 109540 | J10: 89795 | K10: 89530 | L10: 85995 | M10: 86120 | N10: 86344 | O10: 113514 | P10: 112040 | Q10: 113602 | R10: 114530
B11: La Libertad | C11: 253482 | D11: 253925 | E11: 254014 | F11: 253872 | G11: 253917 | H11: 254699 | I11: 259557 | J11: 262771 | K11: 262017 | L11: 259231 | M11: 246630 | N11: 245857 | O11: 237501 | P11: 233412 | Q11: 235457 | R11: 234083
B12: Cajamarca | C12: 567252 | D12: 585191 | E12: 647924 | F12: 663444 | G12: 668400 | H12: 661441 | I12: 664574 | J12: 645466 | K12: 654160 | L12: 661156 | M12: 663500 | N12: 657561 | O12: 645182 | P12: 648080 | Q12: 655840 | R12: 657166
B13: Amazonas | C13: 201868 | D13: 203000 | E13: 232617 | F13: 239911 | G13: 238500 | H13: 231680 | I13: 230526 | J13: 230190 | K13: 231874 | L13: 240121 | M13: 250584 | N13: 246360 | O13: 247610 | P13: 248100 | Q13: 247855 | R13: 252797
B14: Ancash | C14: 342051 | D14: 301166 | E14: 301783 | F14: 302411 | G14: 305711 | H14: 307624 | I14: 304367 | J14: 300992 | K14: 294294 | L14: 304127 | M14: 304262 | N14: 309475 | O14: 305720 | P14: 306410 | Q14: 306065 | R14: 308564
B15: Lima | C15: 263480 | D15: 258000 | E15: 254986 | F15: 228844 | G15: 226800 | H15: 230422 | I15: 232109 | J15: 225265 | K15: 226410 | L15: 232070 | M15: 265104 | N15: 257939 | O15: 245851 | P15: 255851 | Q15: 250851 | R15: 251406
B16: Ica | C16: 36448 | D16: 36595 | E16: 36877 | F16: 37296 | G16: 38100 | H16: 37063 | I16: 38362 | J16: 43823 | K16: 45315 | L16: 46324 | M16: 47838 | N16: 47321 | O16: 50124 | P16: 49144 | Q16: 50530 | R16: 47756
B17: Huánuco | C17: 269149 | D17: 293273 | E17: 324363 | F17: 323160 | G17: 324200 | H17: 319829 | I17: 305300 | J17: 246716 | K17: 273992 | L17: 295422 | M17: 290997 | N17: 290400 | O17: 292412 | P17: 293320 | Q17: 292866 | R17: 290125
B18: Pasco | C18: 101588 | D18: 124095 | E18: 125933 | F18: 127193 | G18: 127367 | H18: 121506 | I18: 123433 | J18: 139412 | K18: 104710 | L18: 105754 | M18: 116831 | N18: 118002 | O18: 119663 | P18: 119420 | Q18: 119542 | R18: 118658
B19: Junín | C19: 222660 | D19: 221770 | E19: 222660 | F19: 234727 | G19: 230300 | H19: 225423 | I19: 226527 | J19: 308233 | K19: 312227 | L19: 288385 | M19: 298924 | N19: 296450 | O19: 321586 | P19: 331426 | Q19: 326506 | R19: 320442
... B31: Madre de Dios | C31: 44200 | D31: 45228 | E31: 46908 | F31: 48256 | G31: 53006 | H31: 52261 | I31: 51070 | J31: 51665 | K31: 54380 | L31: 54460 | M31: 54983 | N31: 57732 | O31: 56420 | P31: 57340 | Q31: 56880 | R31: 60875
A32: P Preliminar
A33: Fuente: Direcciones Regionales de Agricultura
A34: Elaboración: Ministerio de Desarrollo Agrario y Riego - DGESEP - DEIA

Sheet C 15
A2: C.15 PERÚ: PRODUCCIÓN DE VACUNOS POR AÑO, SEGÚN REGIÓN, 2007-2020
A3: (Unidades)
A5: Región | C5: 2005 | D5: 2006 | E5: 2007 | F5: 2008 | G5: 2009 | H5: 2010 | I5: 2011 | J5: 2012 | K5: 2013 | L5: 2014 | M5: 2015 | N5: 2016 | O5: 2017 | P5: 2018 | Q5: 2019 | R5: 2020
A6: Total Nacional | C6: =(C8+C9+C10+C11+C12+C13+C14+C15+C16+C17+C18+C19+C20+C21+C22+C23+C24+C25+C26+C27+C28+C29+C30+C31) -> 1074578 | D6: =(D8+D9+D10+D11+D12+D13+D14+D15+D16+D17+D18+D19+D20+D21+D22+D23+D24+D25+D26+D27+D28+D29+D30+D31) -> 1127320 | E6: =(E8+E9+E10+E11+E12+E13+E14+E15+E16+E17+E18+E19+E20+E21+E22+E23+E24+E25+E26+E27+E28+E29+E30+E31) -> 1138578 | F6: =(F8+F9+F10+F11+F12+F13+F14+F15+F16+F17+F18+F19+F20+F21+F22+F23+F24+F25+F26+F27+F28+F29+F30+F31) -> 1151906 | G6: =(G8+G9+G10+G11+G12+G13+G14+G15+G16+G17+G18+G19+G20+G21+G22+G23+G24+G25+G26+G27+G28+G29+G30+G31) -> 1168497 | H6: =(H8+H9+H10+H11+H12+H13+H14+H15+H16+H17+H18+H19+H20+H21+H22+H23+H24+H25+H26+H27+H28+H29+H30+H31) -> 1218722 | I6: =(I8+I9+I10+I11+I12+I13+I14+I15+I16+I17+I18+I19+I20+I21+I22+I23+I24+I25+I26+I27+I28+I29+I30+I31) -> 1266710 | J6: =(J8+J9+J10+J11+J12+J13+J14+J15+J16+J17+J18+J19+J20+J21+J22+J23+J24+J25+J26+J27+J28+J29+J30+J31) -> 1319404 | ... R6: =(R8+R9+R10+R11+R12+R13+R14+R15+R16+R17+R18+R19+R20+R21+R22+R23+R24+R25+R26+R27+R28+R29+R30+R31) -> 1250069
B8: Tumbes | C8: 2573 | D8: 2418 | E8: 2930 | F8: 3894 | G8: 5335 | H8: 5461 | I8: 5844 | J8: 6574 | K8: 7212 | L8: 8084 | M8: 7723 | N8: 3812 | O8: 5673 | P8: 4958 | Q8: 4510 | R8: 4115.21
B9: Piura | C9: 67649 | D9: 70283 | E9: 65745 | F9: 65730 | G9: 59431 | H9: 58172 | I9: 55889 | J9: 60264 | K9: 56967 | L9: 51654 | M9: 48938 | N9: 47065 | O9: 45661 | P9: 45440 | Q9: 47805 | R9: 47306.123
B10: Lambayeque | C10: 22582 | D10: 22280 | E10: 22069 | F10: 19767 | G10: 19385 | H10: 18682 | I10: 17423 | J10: 18996 | K10: 20641 | L10: 23846 | M10: 23209 | N10: 23032 | O10: 22198 | P10: 22165 | Q10: 21454 | R10: 19737.6
B11: La Libertad | C11: 38590 | D11: 39984 | E11: 41125 | F11: 42224 | G11: 42848 | H11: 43307 | I11: 45452 | J11: 45649 | K11: 48278 | L11: 49237 | M11: 50755 | N11: 51726 | O11: 54880 | P11: 55173 | Q11: 58195 | R11: 60576
B12: Cajamarca | C12: 137225 | D12: 159044 | E12: 173505 | F12: 168102 | G12: 172901 | H12: 192200 | I12: 204853 | J12: 200959 | K12: 215540 | L12: 223400 | M12: 217543 | N12: 214187 | O12: 210048 | P12: 192900 | Q12: 196668 | R12: 165617
B13: Amazonas | C13: 38436 | D13: 41714 | E13: 41250 | F13: 48751 | G13: 46747 | H13: 52759 | I13: 51187 | J13: 56188 | K13: 56942 | L13: 57637 | M13: 57779 | N13: 58697 | O13: 59675 | P13: 61709 | Q13: 62118 | R13: 54126
B14: Ancash | C14: 50607 | D14: 52411 | E14: 52497 | F14: 55602 | G14: 56224 | H14: 56350 | I14: 61256 | J14: 63253 | K14: 65763 | L14: 67129 | M14: 69381 | N14: 72348 | O14: 70685 | P14: 71244 | Q14: 72763 | R14: 68633
B15: Lima | C15: 106742 | D15: 110598 | E15: 111846 | F15: 106946 | G15: 106932 | H15: 110315 | I15: 112788 | J15: 114785 | K15: 113303 | L15: 113750 | M15: 113823 | N15: 114444 | O15: 116208 | P15: 115837 | Q15: 113481 | R15: 106805
B16: Ica | C16: 7578 | D16: 7754 | E16: 8014 | F16: 8724 | G16: 9240 | H16: 10332 | I16: 11597 | J16: 11731 | K16: 12686 | L16: 13112 | M16: 12407 | N16: 13999 | O16: 12350 | P16: 11880 | Q16: 13058 | R16: 15834
B17: Huánuco | C17: 59649 | D17: 63816 | E17: 72114 | F17: 76355 | G17: 79585 | H17: 85815 | I17: 94930 | J17: 114520 | K17: 140057 | L17: 141250 | M17: 144125 | N17: 144071 | O17: 120539 | P17: 146932 | Q17: 149251 | R17: 148059
B18: Pasco | C18: 24789 | D18: 21165 | E18: 21528 | F18: 21968 | G18: 22677 | H18: 23684 | I18: 23161 | J18: 23312 | K18: 24007 | L18: 22792 | M18: 22998 | N18: 21400 | O18: 21814 | P18: 22594 | Q18: 23223 | R18: 22902
B19: Junín | C19: 38200 | D19: 37880 | E19: 39227 | F19: 39152 | G19: 44461 | H19: 49775 | I19: 53811 | J19: 58536 | K19: 61110 | L19: 63524 | M19: 71403 | N19: 72302 | O19: 77250 | P19: 75790 | Q19: 61103 | R19: 49952
... B31: Madre de Dios | C31: 6836 | D31: 7770 | E31: 8030 | F31: 9887 | G31: 10167 | H31: 10508 | I31: 10214 | J31: 10276 | K31: 10012 | L31: 10601 | M31: 12103 | N31: 14299 | O31: 14409 | P31: 13908 | Q31: 14653 | R31: 12717
A32: P Preliminar
A33: Fuente: Direcciones Regionales de Agricultura
A34: Elaboración: Ministerio de Desarrollo Agrario y Riego - DGESEP - DEIA

Sheet C 16
A2: C.16 PERÚ: PRODUCCIÓN DE CARNE DE VACUNO POR AÑO, SEGÚN REGIÓN, 2007-2020
A3: (Toneladas)
A5: Región | C5: 2005 | D5: 2006 | E5: 2007 | F5: 2008 | G5: 2009 | H5: 2010 | I5: 2011 | J5: 2012 | K5: 2013 | L5: 2014 | M5: 2015 | N5: 2016 | O5: 2017 | P5: 2018 | Q5: 2019 | R5: 2020 P
A6: Total Nacional | C6: =(C8+C9+C10+C11+C12+C13+C14+C15+C16+C17+C18+C19+C20+C21+C22+C23+C24+C25+C26+C27+C28+C29+C30+C31) -> 152496 | D6: =(D8+D9+D10+D11+D12+D13+D14+D15+D16+D17+D18+D19+D20+D21+D22+D23+D24+D25+D26+D27+D28+D29+D30+D31) -> 161580 | E6: =(E8+E9+E10+E11+E12+E13+E14+E15+E16+E17+E18+E19+E20+E21+E22+E23+E24+E25+E26+E27+E28+E29+E30+E31) -> 163237 | F6: =(F8+F9+F10+F11+F12+F13+F14+F15+F16+F17+F18+F19+F20+F21+F22+F23+F24+F25+F26+F27+F28+F29+F30+F31) -> 163316 | G6: =(G8+G9+G10+G11+G12+G13+G14+G15+G16+G17+G18+G19+G20+G21+G22+G23+G24+G25+G26+G27+G28+G29+G30+G31) -> 164701 | H6: =(H8+H9+H10+H11+H12+H13+H14+H15+H16+H17+H18+H19+H20+H21+H22+H23+H24+H25+H26+H27+H28+H29+H30+H31) -> 171872 | I6: =(I8+I9+I10+I11+I12+I13+I14+I15+I16+I17+I18+I19+I20+I21+I22+I23+I24+I25+I26+I27+I28+I29+I30+I31) -> 179086 | J6: =(J8+J9+J10+J11+J12+J13+J14+J15+J16+J17+J18+J19+J20+J21+J22+J23+J24+J25+J26+J27+J28+J29+J30+J31) -> 186619 | ... R6: =(R8+R9+R10+R11+R12+R13+R14+R15+R16+R17+R18+R19+R20+R21+R22+R23+R24+R25+R26+R27+R28+R29+R30+R31) -> 183941.13
B8: Tumbes | C8: 356 | D8: 336 | E8: 414 | F8: 602 | G8: 761 | H8: 844 | I8: 903 | J8: 1034 | K8: 1082 | L8: 1205 | M8: 1154 | N8: 590 | O8: 880 | P8: 766 | Q8: 685 | R8: 627.00292
B9: Piura | C9: 10238 | D9: 10778 | E9: 9985 | F9: 9473 | G9: 8744 | H9: 8810 | I9: 8666 | J9: 9323 | K9: 8970 | L9: 9053 | M9: 8958 | N9: 8460 | O9: 7680 | P9: 7147 | Q9: 7217 | R9: 7051.1532
B10: Lambayeque | C10: 2939 | D10: 3172 | E10: 3172 | F10: 2833 | G10: 2782 | H10: 2689 | I10: 2326 | J10: 2504 | K10: 2716 | L10: 3246 | M10: 3220 | N10: 3134 | O10: 3078 | P10: 3130 | Q10: 3101 | R10: 2872.9791
B11: La Libertad | C11: 5255 | D11: 5492 | E11: 5648 | F11: 5783 | G11: 5901 | H11: 5963 | I11: 6233 | J11: 6309 | K11: 6715 | L11: 6893 | M11: 7093 | N11: 7246 | O11: 7718 | P11: 7798 | Q11: 8227 | R11: 8574.3473
B12: Cajamarca | C12: 20836 | D12: 24037 | E12: 25896 | F12: 23904 | G12: 24466 | H12: 27368 | I12: 29302 | J12: 28012 | K12: 29741 | L12: 31983 | M12: 31499 | N12: 28488 | O12: 26794 | P12: 24002 | Q12: 24659 | R12: 21897.775
B13: Amazonas | C13: 5682 | D13: 6278 | E13: 6442 | F13: 7343 | G13: 7030 | H13: 7988 | I13: 7584 | J13: 8320 | K13: 8354 | L13: 8431 | M13: 8486 | N13: 8616 | O13: 8885 | P13: 9087 | Q13: 9172 | R13: 8181.5494
B14: Ancash | C14: 6599 | D14: 6835 | E14: 6846 | F14: 7238 | G14: 7285 | H14: 7189 | I14: 7608 | J14: 7847 | K14: 8176 | L14: 8321 | M14: 8600 | N14: 8975 | O14: 9019 | P14: 9598 | Q14: 9831 | R14: 9772.9746
B15: Lima | C15: 19359 | D15: 20479 | E15: 20915 | F15: 19931 | G15: 20243 | H15: 20937 | I15: 21509 | J15: 21696 | K15: 21295 | L15: 21390 | M15: 21553 | N15: 21548 | O15: 21842 | P15: 21736 | Q15: 21608 | R15: 20562.92
B16: Ica | C16: 1092 | D16: 1134 | E16: 1181 | F16: 1339 | G16: 1387 | H16: 1640 | I16: 1764 | J16: 1765 | K16: 1979 | L16: 2023 | M16: 2027 | N16: 2203 | O16: 2006 | P16: 1820 | Q16: 1992 | R16: 2158.732
B17: Huánuco | C17: 9010 | D17: 10026 | E17: 11491 | F17: 11902 | G17: 11645 | H17: 11851 | I17: 13732 | J17: 16459 | K17: 19399 | L17: 19575 | M17: 20069 | N17: 20246 | O17: 18495 | P17: 21638 | Q17: 22966 | R17: 24853.592
B18: Pasco | C18: 3372 | D18: 3040 | E18: 3054 | F18: 3394 | G18: 3435 | H18: 3704 | I18: 3789 | J18: 3753 | K18: 3966 | L18: 3588 | M18: 3565 | N18: 3417 | O18: 3407 | P18: 3520 | Q18: 3680 | R18: 3675.9781
B19: Junín | C19: 4781 | D19: 4782 | E19: 4957 | F19: 5005 | G19: 5730 | H19: 6441 | I19: 6782 | J19: 7435 | K19: 7701 | L19: 8058 | M19: 9117 | N19: 8937 | O19: 9511 | P19: 9437 | Q19: 7969 | R19: 6555.8613
... B31: Madre de Dios | C31: 1093 | D31: 1265 | E31: 1288 | F31: 1629 | G31: 1636 | H31: 1675 | I31: 1720 | J31: 1707 | K31: 1666 | L31: 1724 | M31: 1929 | N31: 2373 | O31: 2389 | P31: 2256 | Q31: 2373 | R31: 2061.5452
A32: P Preliminar
A33: Fuente: Direcciones Regionales de Agricultura
A34: Elaboración: Ministerio de Desarrollo Agrario y Riego - DGESEP - DEIA

Sheet C 17
A2: C.17 PERÚ: PRECIO RECIBIDO POR EL PRODUCTOR DE VACUNO POR AÑO, SEGÚN REGIÓN, 2007-2020
A3: (Soles x Kg)
A5: Región | C5: 2005 | D5: 2006 | E5: 2007 | F5: 2008 | G5: 2009 | H5: 2010 | I5: 2011 | J5: 2012 | K5: 2013 | L5: 2014 | M5: 2015 | N5: 2016 | O5: 2017 | P5: 2018 | Q5: 2019 | R5: 2020 P
A6: Promedio | C6: 3.36 | D6: 3.4 | E6: 3.5 | F6: 3.77 | G6: 4.08 | H6: 4.1 | I6: 4.25 | J6: 4.69 | K6: 4.84 | L6: 5.23 | M6: 5.42 | N6: 5.63 | O6: 5.53 | P6: 5.64 | Q6: 5.68 | R6: 5.7252429
B8: Tumbes | C8: 3.57 | D8: 3.39 | E8: 3.62 | F8: 3.66 | G8: 3.69 | H8: 3.5 | I8: 3.58 | J8: 3.62 | K8: 3.51 | L8: 4.47 | M8: 5.74 | N8: 5.67 | O8: 5.41 | P8: 5.42 | Q8: 5.58 | R8: 5.6413354
B9: Piura | C9: 3.4 | D9: 3.4 | E9: 3.75 | F9: 3.82 | G9: 4.02 | H9: 3.92 | I9: 3.76 | J9: 4.01 | K9: 4.55 | L9: 4.77 | M9: 5.06 | N9: 5.56 | O9: 5.49 | P9: 5.65 | Q9: 5.67 | R9: 5.7373505
B10: Lambayeque | C10: 3.31 | D10: 3.54 | E10: 3.43 | F10: 3.62 | G10: 4.23 | H10: 4.03 | I10: 3.97 | J10: 4.07 | K10: 4.34 | L10: 4.88 | M10: 5.18 | N10: 5.62 | O10: 5.52 | P10: 5.72 | Q10: 5.8 | R10: 5.8658706
B11: La Libertad | C11: 3.1 | D11: 3.13 | E11: 3.67 | F11: 3.78 | G11: 4.44 | H11: 4.23 | I11: 4.05 | J11: 3.86 | K11: 4.05 | L11: 4.05 | M11: 5.98 | N11: 6.87 | O11: 6.11 | P11: 6.07 | Q11: 6.12 | R11: 6.2009861
B12: Cajamarca | C12: 3.81 | D12: 3.94 | E12: 3.7 | F12: 3.85 | G12: 4.14 | H12: 4.1 | I12: 4.06 | J12: 5.21 | K12: 4.74 | L12: 5.16 | M12: 4.93 | N12: 5.08 | O12: 5.48 | P12: 5.4 | Q12: 5.6 | R12: 5.7053432
B13: Amazonas | C13: 3.42 | D13: 3.55 | E13: 3.86 | F13: 3.82 | G13: 4 | H13: 4.08 | I13: 4.53 | J13: 4.56 | K13: 5.58 | L13: 5.89 | M13: 5.04 | N13: 5.61 | O13: 5.47 | P13: 5.53 | Q13: 5.52 | R13: 5.548997
B14: Ancash | C14: 3.88 | D14: 3.53 | E14: 3.55 | F14: 3.81 | G14: 4.1 | H14: 3.43 | I14: 4.09 | J14: 4.21 | K14: 4.46 | L14: 5.24 | M14: 5.62 | N14: 5.57 | O14: 5 | P14: 5.16 | Q14: 5.11 | R14: 5.2219921
B15: Lima | C15: 3.4 | D15: 3.49 | E15: 3.46 | F15: 4 | G15: 4.34 | H15: 3.66 | I15: 3.73 | J15: 4.05 | K15: 4.26 | L15: 4.59 | M15: 4.85 | N15: 5.65 | O15: 5.78 | P15: 5.72 | Q15: 5.9 | R15: 5.9822053
B16: Ica | C16: 2.83 | D16: 3.05 | E16: 3.24 | F16: 3.84 | G16: 4.23 | H16: 4.39 | I16: 4.74 | J16: 4.98 | K16: 5.11 | L16: 5.57 | M16: 5.68 | N16: 5.18 | O16: 5.16 | P16: 5.28 | Q16: 5.23 | R16: 5.3504151
B17: Huánuco | C17: 3.51 | D17: 3.54 | E17: 3.56 | F17: 3.65 | G17: 4.04 | H17: 4.44 | I17: 4.6 | J17: 4.47 | K17: 5.15 | L17: 5.09 | M17: 5.58 | N17: 5.42 | O17: 5.47 | P17: 5.6 | Q17: 5.56 | R17: 5.6569949
B18: Pasco | C18: 2.65 | D18: 2.84 | E18: 3.41 | F18: 3.66 | G18: 3.7 | H18: 4.12 | I18: 4.39 | J18: 4.5 | K18: 4.79 | L18: 4.66 | M18: 4.79 | N18: 5.12 | O18: 5.01 | P18: 5.18 | Q18: 5.61 | R18: 5.5737094
B19: Junín | C19: 3.15 | D19: 3.11 | E19: 3.12 | F19: 3.68 | G19: 3.74 | H19: 4.9 | I19: 5.11 | J19: 5.25 | K19: 5.49 | L19: 5.69 | M19: 6.1 | N19: 6.47 | O19: 6.05 | P19: 6.26 | Q19: 6.15 | R19: 6.1820445
... B31: Madre de Dios | C31: 3.28 | D31: 3.1 | E31: 3.25 | F31: 3.42 | G31: 3.93 | H31: 4.43 | I31: 4.81 | J31: 4.25 | K31: 4.21 | L31: 5.2 | M31: 4.46 | N31: 4.57 | O31: 5.61 | P31: 5.52 | Q31: 5.57 | R31: 5.599544
A32: P Preliminar
A33: Fuente: Direcciones Regionales de Agricultura
A34: Elaboración: Ministerio de Desarrollo Agrario y Riego - DGESEP - DEIA

Sheet C 18
A2: C.18 PERÚ: VACAS EN ORDEÑO POR AÑO, SEGÚN REGIÓN, 2007-2020
B3: (Unidades)
A5: Región | C5: 2005 | D5: 2006 | E5: 2007 | F5: 2008 | G5: 2009 | H5: 2010 | I5: 2011 | J5: 2012 | K5: 2013 | L5: 2014 | M5: 2015 | N5: 2016 | O5: 2017 | P5: 2018 | Q5: 2019 | R5: 2020 P
A6: Total Nacional | C6: =(C8+C9+C10+C11+C12+C13+C14+C15+C16+C17+C18+C19+C20+C21+C22+C23+C24+C25+C26+C27+C28+C29+C30+C31) -> 708119 | D6: =(D8+D9+D10+D11+D12+D13+D14+D15+D16+D17+D18+D19+D20+D21+D22+D23+D24+D25+D26+D27+D28+D29+D30+D31) -> 743672 | E6: =(E8+E9+E10+E11+E12+E13+E14+E15+E16+E17+E18+E19+E20+E21+E22+E23+E24+E25+E26+E27+E28+E29+E30+E31) -> 753192 | F6: =(F8+F9+F10+F11+F12+F13+F14+F15+F16+F17+F18+F19+F20+F21+F22+F23+F24+F25+F26+F27+F28+F29+F30+F31) -> 769582 | G6: =(G8+G9+G10+G11+G12+G13+G14+G15+G16+G17+G18+G19+G20+G21+G22+G23+G24+G25+G26+G27+G28+G29+G30+G31) -> 787010 | H6: =(H8+H9+H10+H11+H12+H13+H14+H15+H16+H17+H18+H19+H20+H21+H22+H23+H24+H25+H26+H27+H28+H29+H30+H31) -> 787601 | I6: =(I8+I9+I10+I11+I12+I13+I14+I15+I16+I17+I18+I19+I20+I21+I22+I23+I24+I25+I26+I27+I28+I29+I30+I31) -> 815395 | J6: =(J8+J9+J10+J11+J12+J13+J14+J15+J16+J17+J18+J19+J20+J21+J22+J23+J24+J25+J26+J27+J28+J29+J30+J31) -> 859630 | ... R6: =(R8+R9+R10+R11+R12+R13+R14+R15+R16+R17+R18+R19+R20+R21+R22+R23+R24+R25+R26+R27+R28+R29+R30+R31) -> 906688.63
B8: Tumbes | C8: 205 | D8: 274 | E8: 312 | F8: 386 | G8: 468 | H8: 503 | I8: 513 | J8: 548 | K8: 618 | L8: 638 | M8: 607 | N8: 422 | O8: 389 | P8: 373 | Q8: 361.5 | R8: 310.45
B9: Piura | C9: 30800 | D9: 35139 | E9: 34728 | F9: 33772 | G9: 34191 | H9: 30208 | I9: 35419 | J9: 38995 | K9: 34915 | L9: 34685 | M9: 31861 | N9: 30915 | O9: 24275 | P9: 23642 | Q9: 24072.116 | R9: 24007.677
B10: Lambayeque | C10: 11495 | D10: 13733 | E10: 11917 | F10: 12100 | G10: 12432 | H10: 13419 | I10: 15349 | J10: 16016 | K10: 15929 | L10: 18394 | M10: 18602 | N10: 20306 | O10: 18913 | P10: 18456 | Q10: 17837.167 | R10: 17819.717
B11: La Libertad | C11: 31910 | D11: 33386 | E11: 34127 | F11: 34893 | G11: 35121 | H11: 35989 | I11: 37489 | J11: 38090 | K11: 38786 | L11: 39057 | M11: 41974 | N11: 43042 | O11: 44082 | P11: 45118 | Q11: 48823.25 | R11: 49775
B12: Cajamarca | C12: 110070 | D12: 111986 | E12: 122855 | F12: 123702 | G12: 133538 | H12: 131082 | I12: 136630 | J12: 140044 | K12: 142803 | L12: 146401 | M12: 152976 | N12: 159826 | O12: 162289 | P12: 162487 | Q12: 164222.08 | R12: 164025.34
B13: Amazonas | C13: 57182 | D13: 55010 | E13: 54898 | F13: 58893 | G13: 59729 | H13: 60701 | I13: 59696 | J13: 60572 | K13: 63081 | L13: 64800 | M13: 67566 | N13: 71212 | O13: 74885 | P13: 78673 | Q13: 79622.667 | R13: 79621.833
B14: Ancash | C14: 15138 | D14: 15084 | E14: 15428 | F14: 15207 | G14: 14076 | H14: 14449 | I14: 14358 | J14: 14592 | K14: 13862 | L14: 14497 | M14: 12680 | N14: 13073 | O14: 13463 | P14: 14783 | Q14: 14846.667 | R14: 14894.083
B15: Lima | C15: 72396 | D15: 73854 | E15: 74318 | F15: 73291 | G15: 74109 | H15: 75086 | I15: 75684 | J15: 75347 | K15: 75768 | L15: 78501 | M15: 79149 | N15: 77763 | O15: 76070 | P15: 74764 | Q15: 71091.56 | R15: 71842.292
B16: Ica | C16: 6635 | D16: 6646 | E16: 6730 | F16: 7086 | G16: 7588 | H16: 7724 | I16: 7811 | J16: 8270 | K16: 8929 | L16: 9578 | M16: 9480 | N16: 10349 | O16: 11507 | P16: 11962 | Q16: 12537.167 | R16: 14028.083
B17: Huánuco | C17: 25270 | D17: 28936 | E17: 29011 | F17: 30504 | G17: 32688 | H17: 33823 | I17: 32902 | J17: 31689 | K17: 29252 | L17: 28250 | M17: 31466 | N17: 31905 | O17: 32349 | P17: 32464 | Q17: 34915.583 | R17: 37713.417
B18: Pasco | C18: 21448 | D18: 28867 | E18: 28841 | F18: 24494 | G18: 25378 | H18: 25471 | I18: 24424 | J18: 25984 | K18: 25040 | L18: 24350 | M18: 26278 | N18: 26348 | O18: 28427 | P18: 29170 | Q18: 29614.167 | R18: 29894
B19: Junín | C19: 23080 | D19: 23360 | E19: 22937 | F19: 23588 | G19: 22699 | H19: 22013 | I19: 28327 | J19: 29927 | K19: 30607 | L19: 31721 | M19: 32903 | N19: 36691 | O19: 37386 | P19: 38296 | Q19: 40669.494 | R19: 41323.917
... B31: Madre de Dios | C31: 1358 | D31: 1460 | E31: 1549 | F31: 1963 | G31: 2088 | H31: 2018 | I31: 2664 | J31: 2838 | K31: 3474 | L31: 3400 | M31: 2935 | N31: 1610 | O31: 1352 | P31: 1329 | Q31: 1354 | R31: 1005.6667
A32: P Preliminar
A33: Fuente: Direcciones Regionales de Agricultura
A34: Elaboración: Ministerio de Desarrollo Agrario y Riego - DGESEP - DEIA

Sheet C 19
A2: C.19 PERÚ: PRODUCCIÓN DE LECHE FRESCA DE VACA POR AÑO, SEGÚN REGIÓN, 2007-2020
A3: (Toneladas)
A5: Región | C5: 2005 | D5: 2006 | E5: 2007 | F5: 2008 | G5: 2009 | H5: 2010 | I5: 2011 | J5: 2012 | K5: 2013 | L5: 2014 | M5: 2015 | N5: 2016 | O5: 2017 | P5: 2018 | Q5: 2019 | R5: 2020 P
A6: Total Nacional | C6: =(C8+C9+C10+C11+C12+C13+C14+C15+C16+C17+C18+C19+C20+C21+C22+C23+C24+C25+C26+C27+C28+C29+C30+C31) -> 1236833 | D6: =(D8+D9+D10+D11+D12+D13+D14+D15+D16+D17+D18+D19+D20+D21+D22+D23+D24+D25+D26+D27+D28+D29+D30+D31) -> 1346991 | E6: =(E8+E9+E10+E11+E12+E13+E14+E15+E16+E17+E18+E19+E20+E21+E22+E23+E24+E25+E26+E27+E28+E29+E30+E31) -> 1455814 | F6: =(F8+F9+F10+F11+F12+F13+F14+F15+F16+F17+F18+F19+F20+F21+F22+F23+F24+F25+F26+F27+F28+F29+F30+F31) -> 1565531 | G6: =(G8+G9+G10+G11+G12+G13+G14+G15+G16+G17+G18+G19+G20+G21+G22+G23+G24+G25+G26+G27+G28+G29+G30+G31) -> 1652112 | H6: =(H8+H9+H10+H11+H12+H13+H14+H15+H16+H17+H18+H19+H20+H21+H22+H23+H24+H25+H26+H27+H28+H29+H30+H31) -> 1678373 | I6: =(I8+I9+I10+I11+I12+I13+I14+I15+I16+I17+I18+I19+I20+I21+I22+I23+I24+I25+I26+I27+I28+I29+I30+I31) -> 1755528 | J6: =(J8+J9+J10+J11+J12+J13+J14+J15+J16+J17+J18+J19+J20+J21+J22+J23+J24+J25+J26+J27+J28+J29+J30+J31) -> 1790672 | ... R6: =(R8+R9+R10+R11+R12+R13+R14+R15+R16+R17+R18+R19+R20+R21+R22+R23+R24+R25+R26+R27+R28+R29+R30+R31) -> 2135881.3
B8: Tumbes | C8: 362 | D8: 397 | E8: 421 | F8: 460 | G8: 517 | H8: 568 | I8: 601 | J8: 651 | K8: 790 | L8: 692 | M8: 659 | N8: 409 | O8: 412 | P8: 385 | Q8: 374.3166 | R8: 343.13043
B9: Piura | C9: 29012 | D9: 33615 | E9: 35006 | F9: 36402 | G9: 37152 | H9: 31497 | I9: 43867 | J9: 47125 | K9: 47581 | L9: 50081 | M9: 41556 | N9: 42578 | O9: 37240 | P9: 41416 | Q9: 42121.715 | R9: 42903.995
B10: Lambayeque | C10: 29656 | D10: 28602 | E10: 30980 | F10: 33397 | G10: 36814 | H10: 39517 | I10: 37262 | J10: 39291 | K10: 45080 | L10: 49837 | M10: 53136 | N10: 59215 | O10: 55426 | P10: 56242 | Q10: 56664.946 | R10: 54175.979
B11: La Libertad | C11: 79695 | D11: 90775 | E11: 94476 | F11: 99405 | G11: 98524 | H11: 100618 | I11: 113502 | J11: 116710 | K11: 118937 | L11: 121501 | M11: 125366 | N11: 129501 | O11: 132475 | P11: 135964 | Q11: 151171.36 | R11: 157622.84
B12: Cajamarca | C12: 225648 | D12: 239969 | E12: 262632 | F12: 277900 | G12: 304884 | H12: 303449 | I12: 310629 | J12: 318594 | K12: 324862 | L12: 323687 | M12: 345029 | N12: 352076 | O12: 360200 | P12: 367092 | Q12: 383135.7 | R12: 367230.59
B13: Amazonas | C13: 58117 | D13: 59002 | E13: 62315 | F13: 65354 | G13: 75111 | H13: 75125 | I13: 74369 | J13: 76184 | K13: 80358 | L13: 76093 | M13: 79208 | N13: 83366 | O13: 93894 | P13: 97640 | Q13: 98574.148 | R13: 100570.05
B14: Ancash | C14: 17683 | D14: 17603 | E14: 18003 | F14: 17748 | G14: 16439 | H14: 16921 | I14: 16803 | J14: 17356 | K14: 16635 | L14: 17456 | M14: 15271 | N14: 15749 | O14: 16107 | P14: 18170 | Q14: 18180.571 | R14: 18261.065
B15: Lima | C15: 222553 | D15: 238193 | E15: 245491 | F15: 272994 | G15: 286719 | H15: 306876 | I15: 322678 | J15: 318263 | K15: 329311 | L15: 335970 | M15: 342846 | N15: 348518 | O15: 354148 | P15: 362066 | Q15: 352867.93 | R15: 362239.61
B16: Ica | C16: 17112 | D16: 18626 | E16: 20790 | F16: 23872 | G16: 27723 | H16: 30278 | I16: 32109 | J16: 35909 | K16: 43361 | L16: 48046 | M16: 51005 | N16: 57139 | O16: 64979 | P16: 66143 | Q16: 68271.025 | R16: 78920.453
B17: Huánuco | C17: 21338 | D17: 25715 | E17: 30707 | F17: 35193 | G17: 35814 | H17: 39413 | I17: 40474 | J17: 44517 | K17: 39187 | L17: 38576 | M17: 42249 | N17: 44955 | O17: 48243 | P17: 49492 | Q17: 54681.512 | R17: 58774.76
B18: Pasco | C18: 18055 | D18: 18298 | E18: 18532 | F18: 18672 | G18: 18021 | H18: 18178 | I18: 18249 | J18: 25461 | K18: 24602 | L18: 24127 | M18: 26339 | N18: 25296 | O18: 32145 | P18: 31232 | Q18: 34999.069 | R18: 38241.537
B19: Junín | C19: 18612 | D19: 19206 | E19: 20850 | F19: 23613 | G19: 27223 | H19: 31111 | I19: 39435 | J19: 42385 | K19: 46276 | L19: 46710 | M19: 47870 | N19: 51250 | O19: 52094 | P19: 53135 | Q19: 57189.616 | R19: 58617.824
... B31: Madre de Dios | C31: 2191 | D31: 2421 | E31: 2828 | F31: 3080 | G31: 3054 | H31: 3063 | I31: 3726 | J31: 4214 | K31: 4839 | L31: 4210 | M31: 3653 | N31: 1808 | O31: 1522 | P31: 1526 | Q31: 1687.4708 | R31: 1465.8704
A32: P Preliminar
A33: Fuente: Direcciones Regionales de Agricultura
A34: Elaboración: Ministerio de Desarrollo Agrario y Riego - DGESEP - DEIA

Sheet C 20
A2: C.20 PERÚ: PRECIO RECIBIDO POR EL PRODUCTOR DE LECHE FRESCA DE VACA POR AÑO, SEGÚN REGIÓN, 2007-2020
A3: (Soles x Kg)
A5: Región | C5: 2005 | D5: 2006 | E5: 2007 | F5: 2008 | G5: 2009 | H5: 2010 | I5: 2011 | J5: 2012 | K5: 2013 | L5: 2014 | M5: 2015 | N5: 2016 | O5: 2017 | P5: 2018 | Q5: 2019 | R5: 2020 P
A6: Promedio | C6: 0.84 | D6: 0.84 | E6: 0.83 | F6: 0.89 | G6: 0.94 | H6: 0.95 | I6: 0.98 | J6: 1.04 | K6: 1.1 | L6: 1.15 | M6: 1.18 | N6: 1.2 | O6: 1.24 | P6: 1.27 | Q6: 1.3 | R6: 1.3345027
B8: Tumbes | C8: 1.41 | D8: 1.46 | E8: 1.56 | F8: 1.54 | G8: 1.53 | H8: 1.26 | I8: 1.25 | J8: 1.3 | K8: 1.61 | L8: 1.77 | M8: 1.87 | N8: 1.88 | O8: 1.75 | P8: 1.84 | Q8: 1.94 | R8: 1.9417476
B9: Piura | C9: 1.03 | D9: 1.05 | E9: 1.03 | F9: 1.07 | G9: 1.18 | H9: 1.09 | I9: 1.05 | J9: 1.27 | K9: 1.4 | L9: 1.46 | M9: 1.44 | N9: 1.54 | O9: 1.58 | P9: 1.64 | Q9: 1.74 | R9: 1.7870016
B10: Lambayeque | C10: 0.77 | D10: 0.7 | E10: 0.73 | F10: 0.9 | G10: 0.94 | H10: 0.94 | I10: 0.96 | J10: 1.01 | K10: 1.16 | L10: 1.31 | M10: 1.19 | N10: 1.21 | O10: 1.19 | P10: 1.26 | Q10: 1.29 | R10: 1.2966496
B11: La Libertad | C11: 0.88 | D11: 0.89 | E11: 0.82 | F11: 0.84 | G11: 0.83 | H11: 0.82 | I11: 0.84 | J11: 0.88 | K11: 1.14 | L11: 1.14 | M11: 1.14 | N11: 1.11 | O11: 1.12 | P11: 1.15 | Q11: 1.2 | R11: 1.3836849
B12: Cajamarca | C12: 0.69 | D12: 0.71 | E12: 0.71 | F12: 0.74 | G12: 0.81 | H12: 0.79 | I12: 0.84 | J12: 0.87 | K12: 0.91 | L12: 0.97 | M12: 1.02 | N12: 1.08 | O12: 1.2 | P12: 1.21 | Q12: 1.23 | R12: 1.2476006
B13: Amazonas | C13: 0.92 | D13: 0.89 | E13: 0.86 | F13: 0.75 | G13: 0.8 | H13: 0.82 | I13: 0.99 | J13: 0.99 | K13: 1 | L13: 0.92 | M13: 0.97 | N13: 1.04 | O13: 1.14 | P13: 1.19 | Q13: 1.29 | R13: 1.2982327
B14: Ancash | C14: 1.02 | D14: 1.08 | E14: 1 | F14: 0.96 | G14: 0.98 | H14: 1.01 | I14: 1 | J14: 1.02 | K14: 1.24 | L14: 1.3 | M14: 1.36 | N14: 1.45 | O14: 1.16 | P14: 1.15 | Q14: 1.26 | R14: 1.2905202
B15: Lima | C15: 0.9 | D15: 0.89 | E15: 0.87 | F15: 0.9 | G15: 0.94 | H15: 1.01 | I15: 1.06 | J15: 1.09 | K15: 1.17 | L15: 1.22 | M15: 1.26 | N15: 1.27 | O15: 1.3 | P15: 1.36 | Q15: 1.39 | R15: 1.4338959
B16: Ica | C16: 0.92 | D16: 0.81 | E16: 0.74 | F16: 0.81 | G16: 0.89 | H16: 0.92 | I16: 0.89 | J16: 0.91 | K16: 1.05 | L16: 1.04 | M16: 1.09 | N16: 1.18 | O16: 1.14 | P16: 1.19 | Q16: 1.26 | R16: 1.2964097
B17: Huánuco | C17: 1.29 | D17: 1.3 | E17: 1.28 | F17: 1.26 | G17: 1.26 | H17: 1.28 | I17: 1.13 | J17: 1.14 | K17: 1.57 | L17: 1.42 | M17: 1.33 | N17: 1.4 | O17: 1.41 | P17: 1.44 | Q17: 1.48 | R17: 1.4935598
B18: Pasco | C18: 1.19 | D18: 0.84 | E18: 1.24 | F18: 1.03 | G18: 1.07 | H18: 1.09 | I18: 1.11 | J18: 1.15 | K18: 1.19 | L18: 1.18 | M18: 1.25 | N18: 1.29 | O18: 1.38 | P18: 1.45 | Q18: 1.46 | R18: 1.5002664
B19: Junín | C19: 0.93 | D19: 0.96 | E19: 0.99 | F19: 1.05 | G19: 1.12 | H19: 1.11 | I19: 1.1 | J19: 1.12 | K19: 1.22 | L19: 1.25 | M19: 1.31 | N19: 1.29 | O19: 1.35 | P19: 1.37 | Q19: 1.31 | R19: 1.3417486
... B31: Madre de Dios | C31: 1.41 | D31: 1.41 | E31: 1.38 | F31: 1.5 | G31: 1.58 | H31: 1.56 | I31: 1.44 | J31: 1.45 | K31: 1.63 | L31: 1.81 | M31: 1.5 | N31: 1.62 | O31: 1.53 | P31: 1.6 | Q31: 1.54 | R31: 1.5455381
A32: P Preliminar
A33: Fuente: Direcciones Regionales de Agricultura
A34: Elaboración: Ministerio de Desarrollo Agrario y Riego - DGESEP - DEIA

Sheet C 21
A1: |
A2: C.21 PERÚ: POBLACIÓN DE CAPRINOS POR AÑO, SEGÚN REGIÓN, 2007-2020
A3: (Unidades)
A5: Región | C5: 2005 | D5: 2006 | E5: 2007 | F5: 2008 | G5: 2009 | H5: 2010 | I5: 2011 | J5: 2012 | K5: 2013 | L5: 2014 | M5: 2015 | N5: 2016 | O5: 2017 | P5: 2018 | Q5: 2019 | R5: 2020 P
A6: Total Nacional | C6: =(C8+C9+C10+C11+C12+C13+C14+C15+C16+C17+C18+C19+C20+C21+C22+C23+C24+C25+C26+C27+C28+C29+C30+C31) -> 1946984 | D6: =(D8+D9+D10+D11+D12+D13+D14+D15+D16+D17+D18+D19+D20+D21+D22+D23+D24+D25+D26+D27+D28+D29+D30+D31) -> 1930625 | E6: =(E8+E9+E10+E11+E12+E13+E14+E15+E16+E17+E18+E19+E20+E21+E22+E23+E24+E25+E26+E27+E28+E29+E30+E31) -> 1925912 | F6: =(F8+F9+F10+F11+F12+F13+F14+F15+F16+F17+F18+F19+F20+F21+F22+F23+F24+F25+F26+F27+F28+F29+F30+F31) -> 1904124 | G6: =(G8+G9+G10+G11+G12+G13+G14+G15+G16+G17+G18+G19+G20+G21+G22+G23+G24+G25+G26+G27+G28+G29+G30+G31) -> 1928678 | H6: =(H8+H9+H10+H11+H12+H13+H14+H15+H16+H17+H18+H19+H20+H21+H22+H23+H24+H25+H26+H27+H28+H29+H30+H31) -> 1968305 | I6: =(I8+I9+I10+I11+I12+I13+I14+I15+I16+I17+I18+I19+I20+I21+I22+I23+I24+I25+I26+I27+I28+I29+I30+I31) -> 1946117 | J6: =(J8+J9+J10+J11+J12+J13+J14+J15+J16+J17+J18+J19+J20+J21+J22+J23+J24+J25+J26+J27+J28+J29+J30+J31) -> 1949502 | ... R6: =(R8+R9+R10+R11+R12+R13+R14+R15+R16+R17+R18+R19+R20+R21+R22+R23+R24+R25+R26+R27+R28+R29+R30+R31) -> 1801257
B8: Tumbes | C8: 101220 | D8: 101000 | E8: 99100 | F8: 87027 | G8: 89050 | H8: 87290 | I8: 81400 | J8: 78900 | K8: 75000 | L8: 62600 | M8: 71620 | N8: 60648 | O8: 62430 | P8: 68210 | Q8: 65320 | R8: 63823
B9: Piura | C9: 335100 | D9: 341333 | E9: 342698 | F9: 343180 | G9: 359416 | H9: 415459 | I9: 412459 | J9: 417121 | K9: 395221 | L9: 396861 | M9: 391887 | N9: 382545 | O9: 345496 | P9: 346221 | Q9: 330221 | R9: 330308
B10: Lambayeque | C10: 60000 | D10: 72700 | E10: 66341 | F10: 74724 | G10: 78420 | H10: 75437 | I10: 77230 | J10: 78198 | K10: 78098 | L10: 75598 | M10: 77150 | N10: 83968 | O10: 91548 | P10: 90560 | Q10: 106151 | R10: 105050
B11: La Libertad | C11: 130433 | D11: 130173 | E11: 130243 | F11: 130423 | G11: 130953 | H11: 131492 | I11: 131643 | J11: 131719 | K11: 128495 | L11: 116803 | M11: 103065 | N11: 100605 | O11: 98187 | P11: 84588 | Q11: 91388 | R11: 88812
B12: Cajamarca | C12: 96690 | D12: 98238 | E12: 97950 | F12: 91315 | G12: 93900 | H12: 95518 | I12: 87325 | J12: 82835 | K12: 82206 | L12: 82910 | M12: 81616 | N12: 96193 | O12: 99202 | P12: 98335 | Q12: 107350 | R12: 106138
B13: Amazonas | C13: 7205 | D13: 7800 | E13: 10218 | F13: 9850 | G13: 9900 | H13: 8252 | I13: 9006 | J13: 11206 | K13: 12106 | L13: 12310 | M13: 12327 | N13: 12572 | O13: 12640 | P13: 12510 | Q13: 12575 | R13: 14397
B14: Ancash | C14: 190443 | D14: 182297 | E14: 178521 | F14: 183422 | G14: 176458 | H14: 175228 | I14: 167112 | J14: 166175 | K14: 168200 | L14: 170142 | M14: 169145 | N14: 170602 | O14: 169610 | P14: 169785 | Q14: 169698 | R14: 168457
B15: Lima | C15: 183469 | D15: 187600 | E15: 186019 | F15: 187188 | G15: 188100 | H15: 186475 | I15: 189053 | J15: 187765 | K15: 180470 | L15: 184982 | M15: 185186 | N15: 175075 | O15: 167335 | P15: 165431 | Q15: 169383 | R15: 168458
B16: Ica | C16: 65037 | D16: 66362 | E16: 68978 | F16: 68172 | G16: 67350 | H16: 67180 | I16: 66788 | J16: 67724 | K16: 72324 | L16: 76527 | M16: 80148 | N16: 78936 | O16: 78925 | P16: 77013 | Q16: 75880 | R16: 75149
B17: Huánuco | C17: 72984 | D17: 79774 | E17: 78338 | F17: 81567 | G17: 80200 | H17: 78573 | I17: 85480 | J17: 97911 | K17: 101640 | L17: 101762 | M17: 102840 | N17: 102064 | O17: 102170 | P17: 102350 | Q17: 102260 | R17: 101568
B18: Pasco | C18: 25049 | D18: 22586 | E18: 18694 | F18: 13049 | G18: 12271 | H18: 10520 | I18: 9471 | J18: 9626 | K18: 7543 | L18: 7547 | M18: 7168 | N18: 6810 | O18: 6173 | P18: 6517 | Q18: 6345 | R18: 6430
B19: Junín | C19: 8980 | D19: 8910 | E19: 8980 | F19: 8944 | G19: 8860 | H19: 8035 | I19: 7454 | J19: 9431 | K19: 10205 | L19: 9558 | M19: 9818 | N19: 10187 | O19: 10680 | P19: 10985 | Q19: 10833 | R19: 13304
... B31: Madre de Dios | C31: 0 | D31: 0 | E31: 0 | F31: 0 | G31: 0 | H31: 0 | I31: 0 | J31: 0 | K31: 0 | L31: 175 | M31: 179 | N31: 186 | O31: 195 | P31: 200 | Q31: 220 | R31: 210
A32: P Preliminar
A33: Fuente: Direcciones Regionales de Agricultura
A34: Elaboración: Ministerio de Desarrollo Agrario y Riego - DGESEP - DEIA

Sheet C 22
A2: C.22 PERÚ: PRODUCCIÓN DE CAPRINOS POR AÑO, SEGÚN REGIÓN, 2007-2020
A3: (Unidades)
A5: Región | C5: 2005 | D5: 2006 | E5: 2007 | F5: 2008 | G5: 2009 | H5: 2010 | I5: 2011 | J5: 2012 | K5: 2013 | L5: 2014 | M5: 2015 | N5: 2016 | O5: 2017 | P5: 2018 | Q5: 2020 | R5: 2020 P
A6: Total Nacional | C6: =(C8+C9+C10+C11+C12+C13+C14+C15+C16+C17+C18+C19+C20+C21+C22+C23+C24+C25+C26+C27+C28+C29+C30+C31) -> 527096 | D6: =(D8+D9+D10+D11+D12+D13+D14+D15+D16+D17+D18+D19+D20+D21+D22+D23+D24+D25+D26+D27+D28+D29+D30+D31) -> 518663 | E6: =(E8+E9+E10+E11+E12+E13+E14+E15+E16+E17+E18+E19+E20+E21+E22+E23+E24+E25+E26+E27+E28+E29+E30+E31) -> 506927 | F6: =(F8+F9+F10+F11+F12+F13+F14+F15+F16+F17+F18+F19+F20+F21+F22+F23+F24+F25+F26+F27+F28+F29+F30+F31) -> 496706 | G6: =(G8+G9+G10+G11+G12+G13+G14+G15+G16+G17+G18+G19+G20+G21+G22+G23+G24+G25+G26+G27+G28+G29+G30+G31) -> 505880 | H6: =(H8+H9+H10+H11+H12+H13+H14+H15+H16+H17+H18+H19+H20+H21+H22+H23+H24+H25+H26+H27+H28+H29+H30+H31) -> 499447 | I6: =(I8+I9+I10+I11+I12+I13+I14+I15+I16+I17+I18+I19+I20+I21+I22+I23+I24+I25+I26+I27+I28+I29+I30+I31) -> 489915 | J6: =(J8+J9+J10+J11+J12+J13+J14+J15+J16+J17+J18+J19+J20+J21+J22+J23+J24+J25+J26+J27+J28+J29+J30+J31) -> 496626 | ... R6: =(R8+R9+R10+R11+R12+R13+R14+R15+R16+R17+R18+R19+R20+R21+R22+R23+R24+R25+R26+R27+R28+R29+R30+R31) -> 392865.58
B8: Tumbes | C8: 22914 | D8: 20617 | E8: 17664 | F8: 16080 | G8: 19470 | H8: 20921 | I8: 21074 | J8: 21403 | K8: 21022 | L8: 25563 | M8: 21596 | N8: 18127 | O8: 32867 | P8: 25750 | Q8: 22337 | R8: 18938.32
B9: Piura | C9: 149460 | D9: 159867 | E9: 145635 | F9: 149857 | G9: 139553 | H9: 137022 | I9: 129182 | J9: 134568 | K9: 127787 | L9: 124725 | M9: 117178 | N9: 110964 | O9: 94622 | P9: 86591 | Q9: 93286 | R9: 95060
B10: Lambayeque | C10: 41274 | D10: 38081 | E10: 38353 | F10: 32319 | G10: 39267 | H10: 34248 | I10: 32953 | J10: 24637 | K10: 24143 | L10: 26199 | M10: 20821 | N10: 19370 | O10: 30600 | P10: 27998 | Q10: 26996 | R10: 22921.44
B11: La Libertad | C11: 41250 | D11: 42572 | E11: 42758 | F11: 43874 | G11: 44198 | H11: 44529 | I11: 44768 | J11: 44998 | K11: 45374 | L11: 45895 | M11: 47182 | N11: 47693 | O11: 37209 | P11: 36726 | Q11: 35654 | R11: 37143
B12: Cajamarca | C12: 27525 | D12: 28734 | E12: 29177 | F12: 27350 | G12: 27705 | H12: 29810 | I12: 30574 | J12: 28576 | K12: 28313 | L12: 27139 | M12: 28125 | N12: 32585 | O12: 28609 | P12: 28894 | Q12: 29102 | R12: 23891.62
B13: Amazonas | C13: 2346 | D13: 2380 | E13: 2699 | F13: 2298 | G13: 2738 | H13: 3728 | I13: 3946 | J13: 4013 | K13: 3917 | L13: 4230 | M13: 4631 | N13: 4630 | O13: 4507 | P13: 4572 | Q13: 4816 | R13: 4182
B14: Ancash | C14: 19563 | D14: 19014 | E14: 16693 | F14: 16955 | G14: 13600 | H14: 15129 | I14: 13930 | J14: 14469 | K14: 14919 | L14: 14869 | M14: 16739 | N14: 20343 | O14: 20432 | P14: 20565 | Q14: 20509 | R14: 19925
B15: Lima | C15: 55950 | D15: 54403 | E15: 53532 | F15: 53005 | G15: 53710 | H15: 52654 | I15: 55445 | J15: 57039 | K15: 59796 | L15: 60713 | M15: 56179 | N15: 52628 | O15: 48379 | P15: 40586 | Q15: 40739 | R15: 37543
B16: Ica | C16: 17350 | D16: 17706 | E16: 17125 | F16: 16342 | G16: 15674 | H16: 15049 | I16: 14840 | J16: 15978 | K16: 16498 | L16: 17691 | M16: 16592 | N16: 16670 | O16: 14913 | P16: 14133 | Q16: 17363 | R16: 19360
B17: Huánuco | C17: 15218 | D17: 16580 | E17: 19147 | F17: 20484 | G17: 24021 | H17: 23936 | I17: 22276 | J17: 22265 | K17: 23407 | L17: 25115 | M17: 23243 | N17: 24427 | O17: 26502 | P17: 25971 | Q17: 23327 | R17: 23261
B18: Pasco | C18: 1054 | D18: 1389 | E18: 2906 | F18: 2403 | G18: 2225 | H18: 2348 | I18: 2561 | J18: 2932 | K18: 1867 | L18: 1771 | M18: 1485 | N18: 1281 | O18: 1189 | P18: 1109 | Q18: 1059 | R18: 955
B19: Junín | C19: 1420 | D19: 1280 | E19: 1373 | F19: 1501 | G19: 1351 | H19: 1619 | I19: 1894 | J19: 2373 | K19: 2418 | L19: 2938 | M19: 3651 | N19: 3905 | O19: 4659 | P19: 5357 | Q19: 3585 | R19: 3158
... B31: Madre de Dios | C31: 0 | D31: 0 | E31: 0 | F31: 0 | G31: 0 | H31: 0 | I31: 0 | J31: 0 | K31: 0 | L31: 0 | M31: 0 | N31: 0 | O31: 0 | P31: 0 | Q31: 0 | R31: 0
A32: P Preliminar
A33: Fuente: Direcciones Regionales de Agricultura
A34: Elaboración: Ministerio de Desarrollo Agrario y Riego - DGESEP - DEIA

Sheet C 23
A2: C.23 PERÚ: PRODUCCIÓN DE CARNE DE CAPRINO POR AÑO, SEGÚN REGIÓN, 2007-2020
A3: (Toneladas)
A5: Región | C5: 2005 | D5: 2006 | E5: 2007 | F5: 2008 | G5: 2009 | H5: 2010 | I5: 2011 | J5: 2012 | K5: 2013 | L5: 2014 | M5: 2015 | N5: 2016 | O5: 2017 | P5: 2018 | Q5: 2019 | R5: 2020 P
A6: Total Nacional | C6: =(C8+C9+C10+C11+C12+C13+C14+C15+C16+C17+C18+C19+C20+C21+C22+C23+C24+C25+C26+C27+C28+C29+C30+C31) -> 6617 | D6: =(D8+D9+D10+D11+D12+D13+D14+D15+D16+D17+D18+D19+D20+D21+D22+D23+D24+D25+D26+D27+D28+D29+D30+D31) -> 6771 | E6: =(E8+E9+E10+E11+E12+E13+E14+E15+E16+E17+E18+E19+E20+E21+E22+E23+E24+E25+E26+E27+E28+E29+E30+E31) -> 6684 | F6: =(F8+F9+F10+F11+F12+F13+F14+F15+F16+F17+F18+F19+F20+F21+F22+F23+F24+F25+F26+F27+F28+F29+F30+F31) -> 6420 | G6: =(G8+G9+G10+G11+G12+G13+G14+G15+G16+G17+G18+G19+G20+G21+G22+G23+G24+G25+G26+G27+G28+G29+G30+G31) -> 6152 | H6: =(H8+H9+H10+H11+H12+H13+H14+H15+H16+H17+H18+H19+H20+H21+H22+H23+H24+H25+H26+H27+H28+H29+H30+H31) -> 6133 | I6: =(I8+I9+I10+I11+I12+I13+I14+I15+I16+I17+I18+I19+I20+I21+I22+I23+I24+I25+I26+I27+I28+I29+I30+I31) -> 6151 | J6: =(J8+J9+J10+J11+J12+J13+J14+J15+J16+J17+J18+J19+J20+J21+J22+J23+J24+J25+J26+J27+J28+J29+J30+J31) -> 6245 | ... R6: =(R8+R9+R10+R11+R12+R13+R14+R15+R16+R17+R18+R19+R20+R21+R22+R23+R24+R25+R26+R27+R28+R29+R30+R31) -> 4957.3536
B8: Tumbes | C8: 274 | D8: 261 | E8: 226 | F8: 215 | G8: 260 | H8: 283 | I8: 256 | J8: 266 | K8: 258 | L8: 292 | M8: 252 | N8: 205 | O8: 378 | P8: 273 | Q8: 220 | R8: 203.86113
B9: Piura | C9: 1970 | D9: 2250 | E9: 2114 | F9: 2190 | G9: 1819 | H9: 1854 | I9: 1833 | J9: 1923 | K9: 1990 | L9: 1895 | M9: 1781 | N9: 1666 | O9: 1377 | P9: 1128 | Q9: 1283 | R9: 1306.847
B10: Lambayeque | C10: 569 | D10: 536 | E10: 564 | F10: 473 | G10: 481 | H10: 434 | I10: 491 | J10: 384 | K10: 353 | L10: 365 | M10: 310 | N10: 385 | O10: 456 | P10: 416 | Q10: 375 | R10: 344.65964
B11: La Libertad | C11: 496 | D11: 516 | E11: 519 | F11: 531 | G11: 538 | H11: 543 | I11: 546 | J11: 548 | K11: 554 | L11: 560 | M11: 573 | N11: 579 | O11: 453 | P11: 451 | Q11: 437 | R11: 455.7058
B12: Cajamarca | C12: 339 | D12: 359 | E12: 366 | F12: 333 | G12: 333 | H12: 329 | I12: 324 | J12: 305 | K12: 323 | L12: 308 | M12: 299 | N12: 328 | O12: 234 | P12: 250 | Q12: 296 | R12: 256.92216
B13: Amazonas | C13: 27 | D13: 27 | E13: 32 | F13: 25 | G13: 29 | H13: 39 | I13: 40 | J13: 46 | K13: 45 | L13: 54 | M13: 59 | N13: 58 | O13: 57 | P13: 57 | Q13: 60 | R13: 52.8744
B14: Ancash | C14: 198 | D14: 207 | E14: 171 | F14: 174 | G14: 140 | H14: 155 | I14: 144 | J14: 145 | K14: 153 | L14: 154 | M14: 174 | N14: 210 | O14: 214 | P14: 218 | Q14: 219 | R14: 213.96908
B15: Lima | C15: 785 | D15: 769 | E15: 755 | F15: 743 | G15: 751 | H15: 709 | I15: 731 | J15: 719 | K15: 747 | L15: 758 | M15: 725 | N15: 659 | O15: 603 | P15: 533 | Q15: 533 | R15: 498.62511
B16: Ica | C16: 229 | D16: 235 | E16: 231 | F16: 203 | G16: 186 | H16: 189 | I16: 196 | J16: 216 | K16: 231 | L16: 228 | M16: 223 | N16: 228 | O16: 211 | P16: 198 | Q16: 247 | R16: 280.42021
B17: Huánuco | C17: 214 | D17: 233 | E17: 267 | F17: 246 | G17: 250 | H17: 240 | I17: 221 | J17: 211 | K17: 213 | L17: 232 | M17: 218 | N17: 222 | O17: 242 | P17: 251 | Q17: 237 | R17: 239.1642
B18: Pasco | C18: 11 | D18: 15 | E18: 30 | F18: 25 | G18: 21 | H18: 23 | I18: 27 | J18: 33 | K18: 21 | L18: 20 | M18: 18 | N18: 14 | O18: 14 | P18: 13 | Q18: 12 | R18: 10.998072
B19: Junín | C19: 14 | D19: 13 | E19: 14 | F19: 15 | G19: 14 | H19: 18 | I19: 21 | J19: 26 | K19: 27 | L19: 33 | M19: 42 | N19: 41 | O19: 48 | P19: 56 | Q19: 44 | R19: 35.764872
... B31: Madre de Dios | C31: 0 | D31: 0 | E31: 0 | F31: 0 | G31: 0 | H31: 0 | I31: 0 | J31: 0 | K31: 0 | L31: 0 | M31: 0 | N31: 0 | O31: 0 | P31: 0 | Q31: 0 | R31: 0
A32: P Preliminar
A33: Fuente: Direcciones Regionales de Agricultura
A34: Elaboración: Ministerio de Desarrollo Agrario y Riego - DGESEP - DEIA

Sheet C 24
A2: C.24 PERÚ: PRECIO RECIBIDO POR EL PRODUCTOR DE CAPRINOS POR AÑO, SEGÚN REGIÓN, 2007-2020
A3: (Soles x Kg)
A5: Región | C5: 2005 | D5: 2006 | E5: 2007 | F5: 2008 | G5: 2009 | H5: 2010 | I5: 2011 | J5: 2012 | K5: 2013 | L5: 2014 | M5: 2015 | N5: 2016 | O5: 2017 | P5: 2018 | Q5: 2019 | R5: 2020 P
A6: Promedio | C6: 3.05 | D6: 3.01 | E6: 3.17 | F6: 3.41 | G6: 3.61 | H6: 3.38 | I6: 3.53 | J6: 3.68 | K6: 3.93 | L6: 4.04 | M6: 4.28 | N6: 4.66 | O6: 4.74 | P6: 4.79 | Q6: 4.81 | R6: 4.8022458
B8: Tumbes | C8: 3.01 | D8: 3.25 | E8: 3.2 | F8: 3.22 | G8: 3.35 | H8: 3.42 | I8: 3.43 | J8: 3.38 | K8: 3.6 | L8: 3.63 | M8: 4.45 | N8: 4.45 | O8: 4.47 | P8: 4.6 | Q8: 4.58 | R8: 4.5723004
B9: Piura | C9: 2.91 | D9: 2.95 | E9: 3.22 | F9: 3.3 | G9: 3.46 | H9: 3.27 | I9: 3.49 | J9: 3.52 | K9: 3.68 | L9: 3.73 | M9: 3.93 | N9: 4.53 | O9: 4.77 | P9: 4.88 | Q9: 4.85 | R9: 4.8417423
B10: Lambayeque | C10: 3.7 | D10: 3.49 | E10: 3.73 | F10: 3.77 | G10: 3.69 | H10: 3.47 | I10: 3.46 | J10: 3.55 | K10: 3.74 | L10: 3.9 | M10: 3.94 | N10: 4.66 | O10: 4.83 | P10: 4.63 | Q10: 4.6 | R10: 4.6636966
B11: La Libertad | C11: 3.1 | D11: 2.95 | E11: 3.23 | F11: 3.56 | G11: 3.68 | H11: 3.16 | I11: 3.16 | J11: 3.67 | K11: 5.11 | L11: 5.11 | M11: 5.59 | N11: 5.42 | O11: 5.43 | P11: 5.62 | Q11: 5.72 | R11: 5.490374
B12: Cajamarca | C12: 3.64 | D12: 3.59 | E12: 3.33 | F12: 3.58 | G12: 3.84 | H12: 3.21 | I12: 3.46 | J12: 3.51 | K12: 3.55 | L12: 4.31 | M12: 3.91 | N12: 3.99 | O12: 4.25 | P12: 4.42 | Q12: 4.45 | R12: 4.4402809
B13: Amazonas | C13: 3.34 | D13: 3.39 | E13: 3.66 | F13: 3.77 | G13: 3.81 | H13: 3.55 | I13: 3.25 | J13: 3.18 | K13: 3.34 | L13: 3.92 | M13: 4.09 | N13: 4.46 | O13: 4.55 | P13: 4.68 | Q13: 4.71 | R13: 4.6721947
B14: Ancash | C14: 3.49 | D14: 3.33 | E14: 3.15 | F14: 3.78 | G14: 4.01 | H14: 3.13 | I14: 3.96 | J14: 3.65 | K14: 3.97 | L14: 4.02 | M14: 4.18 | N14: 4.46 | O14: 4.23 | P14: 4.3 | Q14: 4.54 | R14: 4.4709997
B15: Lima | C15: 3.05 | D15: 3.14 | E15: 3.24 | F15: 3.88 | G15: 4.07 | H15: 3.34 | I15: 3.42 | J15: 3.54 | K15: 3.64 | L15: 3.82 | M15: 4.37 | N15: 5.2 | O15: 5.32 | P15: 5.12 | Q15: 5.26 | R15: 5.3524534
B16: Ica | C16: 2.37 | D16: 2.55 | E16: 2.98 | F16: 3.12 | G16: 3.68 | H16: 3.79 | I16: 3.96 | J16: 4.49 | K16: 3.62 | L16: 4.62 | M16: 4.37 | N16: 4.76 | O16: 5.08 | P16: 5.22 | Q16: 5.15 | R16: 5.1885105
B17: Huánuco | C17: 2.89 | D17: 2.9 | E17: 2.99 | F17: 3.07 | G17: 3.78 | H17: 3.88 | I17: 4.09 | J17: 4.23 | K17: 5.12 | L17: 4.6 | M17: 4.85 | N17: 5.08 | O17: 4.78 | P17: 4.88 | Q17: 4.94 | R17: 4.9428847
B18: Pasco | C18: 2.19 | D18: 2.5 | E18: 2.81 | F18: 3.14 | G18: 3.7 | H18: 3.5 | I18: 3.59 | J18: 4.08 | K18: 4.25 | L18: 4.18 | M18: 4.12 | N18: 3.98 | O18: 4.02 | P18: 4.12 | Q18: 4.03 | R18: 4.0185953
B19: Junín | C19: 3.13 | D19: 3.1 | E19: 3.07 | F19: 3.35 | G19: 3.74 | H19: 4.03 | I19: 3.86 | J19: 4.44 | K19: 4.36 | L19: 4.35 | M19: 4.7 | N19: 4.99 | O19: 4.82 | P19: 4.98 | Q19: 4.95 | R19: 4.9225254
... B26: Cusco | C26: 2.84 | D26: 2.71 | E26: 3.1 | F26: 3.72 | G26: 3.84 | H26: 3.51 | I26: 4.11 | J26: 4.29 | K26: 4.55 | L26: 4.1 | M26: 3.99 | N26: 4.99 | O26: 4.95 | P26: 4.95 | Q26: 4.98 | R26: 4.9207895
B27: Puno | C27: - | D27: - | E27: - | F27: - | G27: - | H27: - | I27: - | J27: - | K27: - | L27: - | M27: - | N27: - | O27: - | P27: - | Q27: - | R27: -
B28: San Martín | C28: - | D28: - | E28: - | F28: - | G28: - | H28: - | I28: - | J28: - | K28: - | L28: - | M28: - | N28: - | O28: - | P28: - | Q28: - | R28: -
B29: Loreto | C29: - | D29: - | E29: - | F29: - | G29: - | H29: - | I29: - | J29: - | K29: - | L29: - | M29: - | N29: - | O29: - | P29: - | Q29: - | R29: 4.935693
B30: Ucayali | C30: - | D30: - | E30: - | F30: - | G30: - | H30: - | I30: - | J30: - | K30: - | L30: - | M30: - | N30: - | O30: - | P30: - | Q30: - | R30: -
B31: Madre de Dios | C31: - | D31: - | E31: - | F31: - | G31: - | H31: - | I31: - | J31: - | K31: - | L31: - | M31: - | N31: - | O31: - | P31: - | Q31: - | R31: -
A32: P Preliminar
A33: Fuente: Direcciones Regionales de Agricultura
A34: Elaboración: Ministerio de Desarrollo Agrario y Riego - DGESEP - DEIA

Sheet C 25
A2: C.25 PERÚ: POBLACIÓN DE OVINOS POR AÑO, SEGÚN REGIÓN, 2007-2020
A3: (Unidades)
A5: Región | C5: 2005 | D5: 2006 | E5: 2007 | F5: 2008 | G5: 2009 | H5: 2010 | I5: 2011 | J5: 2012 | K5: 2013 | L5: 2014 | M5: 2015 | N5: 2016 | O5: 2017 | P5: 2018 | Q5: 2019 | R5: 2020 P
A6: Total Nacional | C6: =(C8+C9+C10+C11+C12+C13+C14+C15+C16+C17+C18+C19+C20+C21+C22+C23+C24+C25+C26+C27+C28+C29+C30+C31) -> 14813786 | D6: =(D8+D9+D10+D11+D12+D13+D14+D15+D16+D17+D18+D19+D20+D21+D22+D23+D24+D25+D26+D27+D28+D29+D30+D31) -> 14675255 | E6: =(E8+E9+E10+E11+E12+E13+E14+E15+E16+E17+E18+E19+E20+E21+E22+E23+E24+E25+E26+E27+E28+E29+E30+E31) -> 14580166 | F6: =(F8+F9+F10+F11+F12+F13+F14+F15+F16+F17+F18+F19+F20+F21+F22+F23+F24+F25+F26+F27+F28+F29+F30+F31) -> 14509628 | G6: =(G8+G9+G10+G11+G12+G13+G14+G15+G16+G17+G18+G19+G20+G21+G22+G23+G24+G25+G26+G27+G28+G29+G30+G31) -> 14137690 | H6: =(H8+H9+H10+H11+H12+H13+H14+H15+H16+H17+H18+H19+H20+H21+H22+H23+H24+H25+H26+H27+H28+H29+H30+H31) -> 14159719 | I6: =(I8+I9+I10+I11+I12+I13+I14+I15+I16+I17+I18+I19+I20+I21+I22+I23+I24+I25+I26+I27+I28+I29+I30+I31) -> 14050173 | J6: =(J8+J9+J10+J11+J12+J13+J14+J15+J16+J17+J18+J19+J20+J21+J22+J23+J24+J25+J26+J27+J28+J29+J30+J31) -> 12184143 | ... R6: =(R8+R9+R10+R11+R12+R13+R14+R15+R16+R17+R18+R19+R20+R21+R22+R23+R24+R25+R26+R27+R28+R29+R30+R31) -> 11097551
B8: Tumbes | C8: 10010 | D8: 8700 | E8: 8750 | F8: 7352 | G8: 7460 | H8: 8230 | I8: 9430 | J8: 8950 | K8: 8700 | L8: 7410 | M8: 8468 | N8: 6290 | O8: 7580 | P8: 7450 | Q8: 7515 | R8: 10210
B9: Piura | C9: 278876 | D9: 275000 | E9: 263896 | F9: 248203 | G9: 256830 | H9: 338970 | I9: 338702 | J9: 344798 | K9: 313119 | L9: 292109 | M9: 309339 | N9: 302540 | O9: 341213 | P9: 293119 | Q9: 274119 | R9: 263119
B10: Lambayeque | C10: 72000 | D10: 70100 | E10: 77846 | F10: 95249 | G10: 93100 | H10: 87659 | I10: 86180 | J10: 77386 | K10: 85246 | L10: 84377 | M10: 84240 | N10: 82685 | O10: 68810 | P10: 67840 | Q10: 68325 | R10: 73859
B11: La Libertad | C11: 402413 | D11: 420429 | E11: 413495 | F11: 412886 | G11: 412338 | H11: 412672 | I11: 412407 | J11: 402621 | K11: 356517 | L11: 365201 | M11: 356682 | N11: 357814 | O11: 356486 | P11: 333412 | Q11: 344949 | R11: 360982
B12: Cajamarca | C12: 375069 | D12: 391715 | E12: 426561 | F12: 434653 | G12: 441100 | H12: 413819 | I12: 434278 | J12: 421175 | K12: 417560 | L12: 411297 | M12: 409942 | N12: 465641 | O12: 455567 | P12: 484116 | Q12: 480072 | R12: 484440
B13: Amazonas | C13: 37993 | D13: 38000 | E13: 39571 | F13: 39215 | G13: 40120 | H13: 41072 | I13: 42510 | J13: 31131 | K13: 40939 | L13: 40606 | M13: 38822 | N13: 29054 | O13: 21744 | P13: 24350 | Q13: 23047 | R13: 27990
B14: Ancash | C14: 847298 | D14: 807840 | E14: 793399 | F14: 814814 | G14: 806982 | H14: 814067 | I14: 808502 | J14: 650284 | K14: 640242 | L14: 602944 | M14: 694111 | N14: 672817 | O14: 672175 | P14: 671482 | Q14: 671829 | R14: 670125
B15: Lima | C15: 352067 | D15: 340000 | E15: 324238 | F15: 310789 | G15: 309200 | H15: 312259 | I15: 330004 | J15: 321131 | K15: 319450 | L15: 327436 | M15: 342802 | N15: 319535 | O15: 305462 | P15: 326462 | Q15: 315962 | R15: 312547
B16: Ica | C16: 20606 | D16: 21051 | E16: 21815 | F16: 23124 | G16: 22680 | H16: 21855 | I16: 23226 | J16: 27078 | K16: 28397 | L16: 25990 | M16: 26132 | N16: 28131 | O16: 29996 | P16: 27535 | Q16: 27552 | R16: 26787
B17: Huánuco | C17: 1147657 | D17: 1170866 | E17: 1054504 | F17: 1021725 | G17: 998000 | H17: 987550 | I17: 839260 | J17: 702282 | K17: 760617 | L17: 761384 | M17: 759953 | N17: 634318 | O17: 529453 | P17: 530212 | Q17: 529832 | R17: 526457
B18: Pasco | C18: 947800 | D18: 934944 | E18: 950105 | F18: 955224 | G18: 957700 | H18: 964060 | I18: 969245 | J18: 726314 | K18: 662425 | L18: 669260 | M18: 675939 | N18: 682688 | O18: 698536 | P18: 685310 | Q18: 691923 | R18: 680129
B19: Junín | C19: 1214210 | D19: 1216000 | E19: 1214210 | F19: 1151903 | G19: 1160000 | H19: 1080265 | I19: 1020168 | J19: 1304933 | K19: 1358604 | L19: 1345874 | M19: 1416083 | N19: 1234318 | O19: 1478438 | P19: 1554849 | Q19: 1516644 | R19: 1547309
... B31: Madre de Dios | C31: 6112 | D31: 5901 | E31: 6245 | F31: 6585 | G31: 7067 | H31: 7231 | I31: 7750 | J31: 8490 | K31: 8765 | L31: 8742 | M31: 8670 | N31: 9104 | O31: 9559 | P31: 9430 | Q31: 9494 | R31: 6669
A32: P Preliminar
A33: Fuente: Direcciones Regionales de Agricultura
A34: Elaboración: Ministerio de Desarrollo Agrario y Riego - DGESEP - DEIA

Sheet C 26
A2: C.26 PERÚ: PRODUCCIÓN DE OVINOS POR AÑO, SEGÚN REGIÓN, 2007-2020
A3: (Unidades)
A5: Región | C5: 2005 | D5: 2006 | E5: 2007 | F5: 2008 | G5: 2009 | H5: 2010 | I5: 2011 | J5: 2012 | K5: 2013 | L5: 2014 | M5: 2015 | N5: 2016 | O5: 2017 | P5: 2018 | Q5: 2019 | R5: 2020 P
A6: Total Nacional | C6: =(C8+C9+C10+C11+C12+C13+C14+C15+C16+C17+C18+C19+C20+C21+C22+C23+C24+C25+C26+C27+C28+C29+C30+C31) -> 2685627 | D6: =(D8+D9+D10+D11+D12+D13+D14+D15+D16+D17+D18+D19+D20+D21+D22+D23+D24+D25+D26+D27+D28+D29+D30+D31) -> 2692776 | E6: =(E8+E9+E10+E11+E12+E13+E14+E15+E16+E17+E18+E19+E20+E21+E22+E23+E24+E25+E26+E27+E28+E29+E30+E31) -> 2681208 | F6: =(F8+F9+F10+F11+F12+F13+F14+F15+F16+F17+F18+F19+F20+F21+F22+F23+F24+F25+F26+F27+F28+F29+F30+F31) -> 2678241 | G6: =(G8+G9+G10+G11+G12+G13+G14+G15+G16+G17+G18+G19+G20+G21+G22+G23+G24+G25+G26+G27+G28+G29+G30+G31) -> 2753681 | H6: =(H8+H9+H10+H11+H12+H13+H14+H15+H16+H17+H18+H19+H20+H21+H22+H23+H24+H25+H26+H27+H28+H29+H30+H31) -> 2788507 | I6: =(I8+I9+I10+I11+I12+I13+I14+I15+I16+I17+I18+I19+I20+I21+I22+I23+I24+I25+I26+I27+I28+I29+I30+I31) -> 2844229 | J6: =(J8+J9+J10+J11+J12+J13+J14+J15+J16+J17+J18+J19+J20+J21+J22+J23+J24+J25+J26+J27+J28+J29+J30+J31) -> 2910166 | ... R6: =(R8+R9+R10+R11+R12+R13+R14+R15+R16+R17+R18+R19+R20+R21+R22+R23+R24+R25+R26+R27+R28+R29+R30+R31) -> 2544650.7
B8: Tumbes | C8: 2703 | D8: 3076 | E8: 3433 | F8: 4421 | G8: 6291 | H8: 6996 | I8: 7361 | J8: 7432 | K8: 7725 | L8: 8875 | M8: 7991 | N8: 1879 | O8: 3096 | P8: 2975 | Q8: 2941 | R8: 2585
B9: Piura | C9: 52122 | D9: 43913 | E9: 44550 | F9: 46959 | G9: 54726 | H9: 65733 | I9: 79684 | J9: 95356 | K9: 72692 | L9: 72390 | M9: 85817 | N9: 99029 | O9: 115853 | P9: 129317 | Q9: 120555 | R9: 115546.38
B10: Lambayeque | C10: 26905 | D10: 29137 | E10: 31065 | F10: 25846 | G10: 35149 | H10: 32645 | I10: 36796 | J10: 35311 | K10: 35422 | L10: 35542 | M10: 35260 | N10: 32775 | O10: 28880 | P10: 30784 | Q10: 31831 | R10: 29877.52
B11: La Libertad | C11: 137393 | D11: 141565 | E11: 152225 | F11: 154640 | G11: 158275 | H11: 161162 | I11: 162672 | J11: 162879 | K11: 170126 | L11: 176679 | M11: 181041 | N11: 183692 | O11: 184042 | P11: 185193 | Q11: 188941 | R11: 192047
B12: Cajamarca | C12: 108972 | D12: 113573 | E12: 121021 | F12: 112691 | G12: 117786 | H12: 125077 | I12: 124019 | J12: 119968 | K12: 135140 | L12: 135958 | M12: 125572 | N12: 114756 | O12: 102957 | P12: 100940 | Q12: 99840 | R12: 79719
B13: Amazonas | C13: 5246 | D13: 5085 | E13: 4657 | F13: 4766 | G13: 5695 | H13: 6359 | I13: 5956 | J13: 5867 | K13: 5781 | L13: 5379 | M13: 4964 | N13: 3787 | O13: 3305 | P13: 3378 | Q13: 3532 | R13: 2948
B14: Ancash | C14: 90154 | D14: 94659 | E14: 94586 | F14: 100636 | G14: 110962 | H14: 111240 | I14: 114956 | J14: 116068 | K14: 118809 | L14: 119287 | M14: 123464 | N14: 131065 | O14: 132419 | P14: 132674 | Q14: 132633 | R14: 132083
B15: Lima | C15: 87092 | D15: 95279 | E15: 94118 | F15: 94240 | G15: 97188 | H15: 101604 | I15: 101333 | J15: 105155 | K15: 103765 | L15: 104922 | M15: 90814 | N15: 85474 | O15: 80867 | P15: 67076 | Q15: 64093 | R15: 57495
B16: Ica | C16: 5864 | D16: 6126 | E16: 6424 | F16: 6911 | G16: 7141 | H16: 7031 | I16: 7376 | J16: 6206 | K16: 6540 | L16: 8272 | M16: 7686 | N16: 6486 | O16: 5024 | P16: 5913 | Q16: 9044 | R16: 10985
B17: Huánuco | C17: 194639 | D17: 179809 | E17: 162884 | F17: 159205 | G17: 160629 | H17: 158801 | I17: 152512 | J17: 151092 | K17: 152415 | L17: 148519 | M17: 156605 | N17: 160596 | O17: 163418 | P17: 165231 | Q17: 157449 | R17: 154904
B18: Pasco | C18: 135889 | D18: 136366 | E18: 150422 | F18: 177084 | G18: 170768 | H18: 157791 | I18: 165574 | J18: 149715 | K18: 150456 | L18: 125549 | M18: 117367 | N18: 97275 | O18: 99700 | P18: 104294 | Q18: 107119 | R18: 108235
B19: Junín | C19: 210220 | D19: 204520 | E19: 207310 | F19: 177719 | G19: 188486 | H19: 197568 | I19: 207597 | J19: 216734 | K19: 232178 | L19: 242652 | M19: 274679 | N19: 281037 | O19: 304545 | P19: 314170 | Q19: 303867 | R19: 265903
... B31: Madre de Dios | C31: 2331 | D31: 2059 | E31: 2146 | F31: 2867 | G31: 2997 | H31: 2839 | I31: 2988 | J31: 2712 | K31: 2919 | L31: 2907 | M31: 2518 | N31: 2524 | O31: 2549 | P31: 2225 | Q31: 2072 | R31: 2043
A32: P Preliminar
A33: Fuente: Direcciones Regionales de Agricultura
A34: Elaboración: Ministerio de Desarrollo Agrario y Riego - DGESEP - DEIA

Sheet C 27
A2: C.27 PERÚ: PRODUCCIÓN DE CARNE DE OVINO POR AÑO, SEGÚN REGIÓN, 2007-2020
A3: (Toneladas)
A5: Región | C5: 2005 | D5: 2006 | E5: 2007 | F5: 2008 | G5: 2009 | H5: 2010 | I5: 2011 | J5: 2012 | K5: 2013 | L5: 2014 | M5: 2015 | N5: 2016 | O5: 2017 | P5: 2018 | Q5: 2019 | R5: 2020 P
A6: Total Nacional | C6: =(C8+C9+C10+C11+C12+C13+C14+C15+C16+C17+C18+C19+C20+C21+C22+C23+C24+C25+C26+C27+C28+C29+C30+C31) -> 33686 | D6: =(D8+D9+D10+D11+D12+D13+D14+D15+D16+D17+D18+D19+D20+D21+D22+D23+D24+D25+D26+D27+D28+D29+D30+D31) -> 33903 | E6: =(E8+E9+E10+E11+E12+E13+E14+E15+E16+E17+E18+E19+E20+E21+E22+E23+E24+E25+E26+E27+E28+E29+E30+E31) -> 33839 | F6: =(F8+F9+F10+F11+F12+F13+F14+F15+F16+F17+F18+F19+F20+F21+F22+F23+F24+F25+F26+F27+F28+F29+F30+F31) -> 33349 | G6: =(G8+G9+G10+G11+G12+G13+G14+G15+G16+G17+G18+G19+G20+G21+G22+G23+G24+G25+G26+G27+G28+G29+G30+G31) -> 33457 | H6: =(H8+H9+H10+H11+H12+H13+H14+H15+H16+H17+H18+H19+H20+H21+H22+H23+H24+H25+H26+H27+H28+H29+H30+H31) -> 33672 | I6: =(I8+I9+I10+I11+I12+I13+I14+I15+I16+I17+I18+I19+I20+I21+I22+I23+I24+I25+I26+I27+I28+I29+I30+I31) -> 34253 | J6: =(J8+J9+J10+J11+J12+J13+J14+J15+J16+J17+J18+J19+J20+J21+J22+J23+J24+J25+J26+J27+J28+J29+J30+J31) -> 35304 | ... R6: =(R8+R9+R10+R11+R12+R13+R14+R15+R16+R17+R18+R19+R20+R21+R22+R23+R24+R25+R26+R27+R28+R29+R30+R31) -> 32310.988
B8: Tumbes | C8: 37 | D8: 43 | E8: 49 | F8: 57 | G8: 79 | H8: 96 | I8: 101 | J8: 95 | K8: 98 | L8: 102 | M8: 96 | N8: 21 | O8: 37 | P8: 34 | Q8: 33 | R8: 29.791768
B9: Piura | C9: 717 | D9: 650 | E9: 641 | F9: 669 | G9: 716 | H9: 756 | I9: 900 | J9: 1309 | K9: 1257 | L9: 1092 | M9: 1222 | N9: 1205 | O9: 1360 | P9: 1478 | Q9: 1493 | R9: 1615.8147
B10: Lambayeque | C10: 390 | D10: 411 | E10: 464 | F10: 392 | G10: 439 | H10: 398 | I10: 454 | J10: 553 | K10: 583 | L10: 605 | M10: 577 | N10: 641 | O10: 539 | P10: 536 | Q10: 529 | R10: 476.24322
B11: La Libertad | C11: 1793 | D11: 1846 | E11: 1994 | F11: 2023 | G11: 2075 | H11: 2111 | I11: 2132 | J11: 2135 | K11: 2231 | L11: 2316 | M11: 2370 | N11: 2406 | O11: 2422 | P11: 2453 | Q11: 2504 | R11: 2545.5254
B12: Cajamarca | C12: 1511 | D12: 1597 | E12: 1709 | F12: 1546 | G12: 1618 | H12: 1631 | I12: 1601 | J12: 1547 | K12: 1771 | L12: 1834 | M12: 1556 | N12: 1467 | O12: 1219 | P12: 1185 | Q12: 1211 | R12: 907.51533
B13: Amazonas | C13: 69 | D13: 68 | E13: 60 | F13: 58 | G13: 72 | H13: 80 | I13: 78 | J13: 88 | K13: 87 | L13: 82 | M13: 76 | N13: 57 | O13: 51 | P13: 54 | Q13: 56 | R13: 46.8512
B14: Ancash | C14: 948 | D14: 986 | E14: 985 | F14: 1048 | G14: 1155 | H14: 1158 | I14: 1197 | J14: 1210 | K14: 1228 | L14: 1242 | M14: 1304 | N14: 1365 | O14: 1376 | P14: 1398 | Q14: 1403 | R14: 1275.2907
B15: Lima | C15: 1149 | D15: 1244 | E15: 1230 | F15: 1220 | G15: 1287 | H15: 1321 | I15: 1355 | J15: 1371 | K15: 1327 | L15: 1308 | M15: 1110 | N15: 1036 | O15: 976 | P15: 821 | Q15: 793 | R15: 705.27152
B16: Ica | C16: 69 | D16: 70 | E16: 73 | F16: 72 | G16: 73 | H16: 84 | I16: 89 | J16: 75 | K16: 80 | L16: 91 | M16: 90 | N16: 80 | O16: 61 | P16: 77 | Q16: 128 | R16: 130.74823
B17: Huánuco | C17: 2504 | D17: 2336 | E17: 2095 | F17: 1928 | G17: 1810 | H17: 1707 | I17: 1466 | J17: 1454 | K17: 1528 | L17: 1478 | M17: 1629 | N17: 1693 | O17: 1751 | P17: 1871 | Q17: 1799 | R17: 1740.2116
B18: Pasco | C18: 1744 | D18: 1784 | E18: 1887 | F18: 2262 | G18: 2064 | H18: 1859 | I18: 2101 | J18: 1897 | K18: 1901 | L18: 1693 | M18: 1560 | N18: 1307 | O18: 1381 | P18: 1319 | Q18: 1338 | R18: 1351.3079
B19: Junín | C19: 2597 | D19: 2575 | E19: 2640 | F19: 2307 | G19: 2013 | H19: 2113 | I19: 2224 | J19: 2327 | K19: 2526 | L19: 2605 | M19: 2964 | N19: 2951 | O19: 3300 | P19: 3325 | Q19: 3285 | R19: 2856.1028
... B31: Madre de Dios | C31: 41 | D31: 36 | E31: 38 | F31: 51 | G31: 54 | H31: 50 | I31: 54 | J31: 50 | K31: 49 | L31: 52 | M31: 42 | N31: 45 | O31: 46 | P31: 39 | Q31: 36 | R31: 32.7436
A32: P Preliminar
A33: Fuente: Direcciones Regionales de Agricultura
A34: Elaboración: Ministerio de Desarrollo Agrario y Riego - DGESEP - DEIA

Sheet C 28
A2: C.28 PERÚ: PRECIO RECIBIDO POR EL PRODUCTOR DE OVINOS POR AÑO, SEGÚN REGIÓN, 2007-2020
A3: (Soles x kg)
A5: Región | C5: 2005 | D5: 2006 | E5: 2007 | F5: 2008 | G5: 2009 | H5: 2010 | I5: 2011 | J5: 2012 | K5: 2013 | L5: 2014 | M5: 2015 | N5: 2016 | O5: 2017 | P5: 2018 | Q5: 2019 | R5: 2020 P
A6: Promedio | C6: 3.31 | D6: 3.32 | E6: 3.49 | F6: 3.9 | G6: 4.13 | H6: 4.46 | I6: 4.52 | J6: 4.9 | K6: 5.04 | L6: 5.73 | M6: 5.79 | N6: 5.91 | O6: 5.6 | P6: 5.56 | Q6: 5.6 | R6: 5.4289695
B8: Tumbes | C8: 4.01 | D8: 3.68 | E8: 3.73 | F8: 3.76 | G8: 3.85 | H8: 3.55 | I8: 4.01 | J8: 4.01 | K8: 4.54 | L8: 4.51 | M8: 5.62 | N8: 5.5 | O8: 5.49 | P8: 5.56 | Q8: 5.5 | R8: 5.4454564
B9: Piura | C9: 2.99 | D9: 3.07 | E9: 3.32 | F9: 3.87 | G9: 4.1 | H9: 4.23 | I9: 4.14 | J9: 4.18 | K9: 4.25 | L9: 4.45 | M9: 5.39 | N9: 5.8 | O9: 5.68 | P9: 5.62 | Q9: 5.61 | R9: 5.5430831
B10: Lambayeque | C10: 3.44 | D10: 3.27 | E10: 3.64 | F10: 3.83 | G10: 4.21 | H10: 4.17 | I10: 4.15 | J10: 4.35 | K10: 4.46 | L10: 4.86 | M10: 5.31 | N10: 5.81 | O10: 5.78 | P10: 5.73 | Q10: 5.77 | R10: 5.754509
B11: La Libertad | C11: 3.36 | D11: 3.43 | E11: 3.65 | F11: 3.9 | G11: 3.72 | H11: 3.24 | I11: 4 | J11: 4.62 | K11: 4.91 | L11: 4.91 | M11: 5.05 | N11: 5.3 | O11: 5.55 | P11: 5.68 | Q11: 5.75 | R11: 5.6456906
B12: Cajamarca | C12: 3.9 | D12: 3.63 | E12: 3.53 | F12: 3.87 | G12: 3.96 | H12: 3.94 | I12: 4.08 | J12: 4.59 | K12: 4.64 | L12: 4.9 | M12: 4.94 | N12: 4.94 | O12: 4.85 | P12: 4.8 | Q12: 4.76 | R12: 4.7129988
B13: Amazonas | C13: 3.87 | D13: 3.81 | E13: 3.75 | F13: 3.67 | G13: 3.98 | H13: 4.06 | I13: 4.6 | J13: 4.4 | K13: 4.36 | L13: 6.42 | M13: 5.4 | N13: 5.49 | O13: 5.47 | P13: 5.33 | Q13: 5.24 | R13: 5.2260464
B14: Ancash | C14: 3.32 | D14: 3.75 | E14: 4.03 | F14: 4.32 | G14: 4.14 | H14: 3.66 | I14: 3.78 | J14: 4.66 | K14: 4.97 | L14: 4.71 | M14: 4.81 | N14: 4.94 | O14: 4.78 | P14: 4.83 | Q14: 4.77 | R14: 4.9179179
B15: Lima | C15: 3.43 | D15: 3.49 | E15: 3.4 | F15: 4.11 | G15: 4.41 | H15: 3.8 | I15: 4.73 | J15: 3.99 | K15: 4.32 | L15: 4.34 | M15: 4.88 | N15: 5.53 | O15: 5.76 | P15: 5.7 | Q15: 5.69 | R15: 5.504412
B16: Ica | C16: 2.44 | D16: 2.56 | E16: 2.93 | F16: 3.36 | G16: 4 | H16: 4.27 | I16: 4.46 | J16: 4.79 | K16: 5.42 | L16: 5.7 | M16: 5.43 | N16: 4.96 | O16: 5.27 | P16: 5.2 | Q16: 5.3 | R16: 5.2951263
B17: Huánuco | C17: 3.47 | D17: 3.49 | E17: 3.53 | F17: 3.64 | G17: 4.71 | H17: 3.81 | I17: 4.66 | J17: 4.6 | K17: 4.59 | L17: 4.71 | M17: 5.59 | N17: 5.5 | O17: 5.45 | P17: 5.55 | Q17: 5.54 | R17: 5.482203
B18: Pasco | C18: 2.87 | D18: 2.94 | E18: 3.41 | F18: 3.94 | G18: 3.97 | H18: 4.14 | I18: 4.94 | J18: 5.37 | K18: 4.46 | L18: 5.73 | M18: 6.09 | N18: 5.66 | O18: 5.48 | P18: 5.52 | Q18: 5.46 | R18: 5.3881745
B19: Junín | C19: 3.52 | D19: 3.48 | E19: 3.43 | F19: 4.43 | G19: 4.19 | H19: 4.85 | I19: 5.06 | J19: 5.84 | K19: 5.62 | L19: 5.88 | M19: 6.3 | N19: 6.53 | O19: 6.47 | P19: 6.21 | Q19: 6.07 | R19: 5.945574
... B31: Madre de Dios | C31: 4.02 | D31: 3.91 | E31: 3.84 | F31: 3.87 | G31: 4.04 | H31: 4.2 | I31: 5.03 | J31: 5.14 | K31: 4.91 | L31: 5.42 | M31: 4.9 | N31: 5.03 | O31: 5.47 | P31: 5.22 | Q31: 5.15 | R31: 5.1529611
A32: P Preliminar
A33: Fuente: Direcciones Regionales de Agricultura
A34: Elaboración: Ministerio de Desarrollo Agrario y Riego - DGESEP - DEIA

Sheet C 29
A2: C.29 PERÚ: OVINOS ESQUILADOS POR AÑO, SEGÚN REGIÓN, 2007-2020
A3: (Unidades)
A5: Región | C5: 2005 | D5: 2006 | E5: 2007 | F5: 2008 | G5: 2009 | H5: 2010 | I5: 2011 | J5: 2012 | K5: 2013 | L5: 2014 | M5: 2015 | N5: 2016 | O5: 2017 | P5: 2018 | Q5: 2019 | R5: 2020 P
A6: Total Nacional | C6: =(C8+C9+C10+C11+C12+C13+C14+C15+C16+C17+C18+C19+C20+C21+C22+C23+C24+C25+C26+C27+C28+C29+C30+C31) -> 6333240 | D6: =(D8+D9+D10+D11+D12+D13+D14+D15+D16+D17+D18+D19+D20+D21+D22+D23+D24+D25+D26+D27+D28+D29+D30+D31) -> 6054839 | E6: =(E8+E9+E10+E11+E12+E13+E14+E15+E16+E17+E18+E19+E20+E21+E22+E23+E24+E25+E26+E27+E28+E29+E30+E31) -> 6468169 | F6: =(F8+F9+F10+F11+F12+F13+F14+F15+F16+F17+F18+F19+F20+F21+F22+F23+F24+F25+F26+F27+F28+F29+F30+F31) -> 5869896 | G6: =(G8+G9+G10+G11+G12+G13+G14+G15+G16+G17+G18+G19+G20+G21+G22+G23+G24+G25+G26+G27+G28+G29+G30+G31) -> 6035367 | H6: =(H8+H9+H10+H11+H12+H13+H14+H15+H16+H17+H18+H19+H20+H21+H22+H23+H24+H25+H26+H27+H28+H29+H30+H31) -> 6004149 | I6: =(I8+I9+I10+I11+I12+I13+I14+I15+I16+I17+I18+I19+I20+I21+I22+I23+I24+I25+I26+I27+I28+I29+I30+I31) -> 5985893 | J6: =(J8+J9+J10+J11+J12+J13+J14+J15+J16+J17+J18+J19+J20+J21+J22+J23+J24+J25+J26+J27+J28+J29+J30+J31) -> 6618656 | ... R6: =(R8+R9+R10+R11+R12+R13+R14+R15+R16+R17+R18+R19+R20+R21+R22+R23+R24+R25+R26+R27+R28+R29+R30+R31) -> 4099800.6
B8: Tumbes | C8: 0 | D8: 0 | E8: 0 | F8: 0 | G8: 0 | H8: 0 | I8: 0 | J8: 0 | K8: 0 | L8: 0 | M8: 0 | N8: 0 | O8: 0 | P8: 0 | Q8: 0 | R8: 0
B9: Piura | C9: 0 | D9: 0 | E9: 0 | F9: 0 | G9: 0 | H9: 107736 | I9: 97404 | J9: 53488 | K9: 29541 | L9: 29537 | M9: 40324 | N9: 40651 | O9: 33100 | P9: 17665 | Q9: 18515 | R9: 23964
B10: Lambayeque | C10: 0 | D10: 0 | E10: 0 | F10: 0 | G10: 0 | H10: 0 | I10: 0 | J10: 0 | K10: 0 | L10: 0 | M10: 0 | N10: 0 | O10: 0 | P10: 0 | Q10: 0 | R10: 0
B11: La Libertad | C11: 281748 | D11: 286802 | E11: 279649 | F11: 283207 | G11: 283873 | H11: 289844 | I11: 290743 | J11: 292769 | K11: 291404 | L11: 291951 | M11: 260787 | N11: 245858 | O11: 245396 | P11: 247738 | Q11: 249612 | R11: 252084
B12: Cajamarca | C12: 215929 | D12: 210011 | E12: 211100 | F12: 177507 | G12: 130630 | H12: 96513 | I12: 119101 | J12: 156318 | K12: 168682 | L12: 142168 | M12: 156231 | N12: 220329 | O12: 219313 | P12: 194266 | Q12: 165750 | R12: 158054
B13: Amazonas | C13: 16207 | D13: 16605 | E13: 20165 | F13: 7590 | G13: 18463 | H13: 18399 | I13: 12411 | J13: 16445 | K13: 15240 | L13: 15696 | M13: 11420 | N13: 6911 | O13: 6474 | P13: 6209 | Q13: 5255 | R13: 6041
B14: Ancash | C14: 48636 | D14: 44644 | E14: 36892 | F14: 34713 | G14: 7537 | H14: 7597 | I14: 38529 | J14: 13552 | K14: 5569 | L14: 4170 | M14: 9018 | N14: 11954 | O14: 7689 | P14: 7229 | Q14: 7076 | R14: 6515
B15: Lima | C15: 51382 | D15: 53479 | E15: 69851 | F15: 68198 | G15: 83497 | H15: 79799 | I15: 78888 | J15: 71441 | K15: 48547 | L15: 82242 | M15: 92565 | N15: 111905 | O15: 69508 | P15: 103820 | Q15: 91432 | R15: 84125
B16: Ica | C16: 0 | D16: 0 | E16: 0 | F16: 0 | G16: 0 | H16: 0 | I16: 0 | J16: 0 | K16: 0 | L16: 0 | M16: 0 | N16: 0 | O16: 0 | P16: 0 | Q16: 0 | R16: 0
B17: Huánuco | C17: 373540 | D17: 283894 | E17: 207959 | F17: 140552 | G17: 142079 | H17: 121870 | I17: 62310 | J17: 146950 | K17: 221464 | L17: 214127 | M17: 193576 | N17: 173587 | O17: 164539 | P17: 162255 | Q17: 140446 | R17: 109744
B18: Pasco | C18: 522839 | D18: 559070 | E18: 561105 | F18: 565575 | G18: 569138 | H18: 676896 | I18: 493852 | J18: 660319 | K18: 609890 | L18: 402146 | M18: 420519 | N18: 333733 | O18: 349285 | P18: 370620 | Q18: 367427 | R18: 370762
B19: Junín | C19: 601360 | D19: 609680 | E19: 439697 | F19: 510031 | G19: 621211 | H19: 645082 | I19: 635182 | J19: 687908 | K19: 666029 | L19: 691762 | M19: 714025 | N19: 744843 | O19: 789102 | P19: 795972 | Q19: 723937 | R19: 643434
... B31: Madre de Dios | C31: 0 | D31: 0 | E31: 0 | F31: 0 | G31: 0 | H31: 0 | I31: 0 | J31: 0 | K31: 0 | L31: 0 | M31: 0 | N31: 0 | O31: 0 | P31: 0 | Q31: 0 | R31: 0
A32: P Preliminar
A33: Fuente: Direcciones Regionales de Agricultura
A34: Elaboración: Ministerio de Desarrollo Agrario y Riego - DGESEP - DEIA

Sheet C 30
A2: C.30 PERÚ: PRODUCCIÓN DE LANA DE OVINO POR AÑO, SEGÚN REGIÓN, 2007-2020
A3: (Toneladas)
A5: Región | C5: 2005 | D5: 2006 | E5: 2007 | F5: 2008 | G5: 2009 | H5: 2010 | I5: 2011 | J5: 2012 | K5: 2013 | L5: 2014 | M5: 2015 | N5: 2016 | O5: 2017 | P5: 2018 | Q5: 2019 | R5: 2020 P
A6: Total Nacional | C6: =(C8+C9+C10+C11+C12+C13+C14+C15+C16+C17+C18+C19+C20+C21+C22+C23+C24+C25+C26+C27+C28+C29+C30+C31) -> 10914 | D6: =(D8+D9+D10+D11+D12+D13+D14+D15+D16+D17+D18+D19+D20+D21+D22+D23+D24+D25+D26+D27+D28+D29+D30+D31) -> 10375 | E6: =(E8+E9+E10+E11+E12+E13+E14+E15+E16+E17+E18+E19+E20+E21+E22+E23+E24+E25+E26+E27+E28+E29+E30+E31) -> 10894 | F6: =(F8+F9+F10+F11+F12+F13+F14+F15+F16+F17+F18+F19+F20+F21+F22+F23+F24+F25+F26+F27+F28+F29+F30+F31) -> 10087 | G6: =(G8+G9+G10+G11+G12+G13+G14+G15+G16+G17+G18+G19+G20+G21+G22+G23+G24+G25+G26+G27+G28+G29+G30+G31) -> 10280 | H6: =(H8+H9+H10+H11+H12+H13+H14+H15+H16+H17+H18+H19+H20+H21+H22+H23+H24+H25+H26+H27+H28+H29+H30+H31) -> 10219 | I6: =(I8+I9+I10+I11+I12+I13+I14+I15+I16+I17+I18+I19+I20+I21+I22+I23+I24+I25+I26+I27+I28+I29+I30+I31) -> 10293 | J6: =(J8+J9+J10+J11+J12+J13+J14+J15+J16+J17+J18+J19+J20+J21+J22+J23+J24+J25+J26+J27+J28+J29+J30+J31) -> 11029 | ... R6: =(R8+R9+R10+R11+R12+R13+R14+R15+R16+R17+R18+R19+R20+R21+R22+R23+R24+R25+R26+R27+R28+R29+R30+R31) -> 7466.402
B8: Tumbes | C8: 0 | D8: 0 | E8: 0 | F8: 0 | G8: 0 | H8: 0 | I8: 0 | J8: 0 | K8: 0 | L8: 0 | M8: 0 | N8: 0 | O8: 0 | P8: 0 | Q8: 0 | R8: 0
B9: Piura | C9: 0 | D9: 0 | E9: 0 | F9: 0 | G9: 0 | H9: 114 | I9: 116 | J9: 57 | K9: 45 | L9: 44 | M9: 60 | N9: 61 | O9: 50 | P9: 24 | Q9: 17 | R9: 25.021439
B10: Lambayeque | C10: 0 | D10: 0 | E10: 0 | F10: 0 | G10: 0 | H10: 0 | I10: 0 | J10: 0 | K10: 0 | L10: 0 | M10: 0 | N10: 0 | O10: 0 | P10: 0 | Q10: 0 | R10: 0
B11: La Libertad | C11: 640 | D11: 686 | E11: 689 | F11: 688 | G11: 703 | H11: 709 | I11: 721 | J11: 733 | K11: 732 | L11: 735 | M11: 690 | N11: 706 | O11: 706 | P11: 724 | Q11: 734 | R11: 745.2646
B12: Cajamarca | C12: 335 | D12: 330 | E12: 324 | F12: 302 | G12: 213 | H12: 142 | I12: 189 | J12: 228 | K12: 253 | L12: 194 | M12: 212 | N12: 192 | O12: 443 | P12: 407 | Q12: 286 | R12: 271.59382
B13: Amazonas | C13: 20 | D13: 23 | E13: 29 | F13: 7 | G13: 19 | H13: 18 | I13: 10 | J13: 11 | K13: 10 | L13: 10 | M13: 7 | N13: 4 | O13: 4 | P13: 4 | Q13: 3 | R13: 3.8134152
B14: Ancash | C14: 63 | D14: 57 | E14: 47 | F14: 44 | G14: 10 | H14: 10 | I14: 49 | J14: 17 | K14: 7 | L14: 5 | M14: 11 | N14: 15 | O14: 10 | P14: 10 | Q14: 9 | R14: 9.223
B15: Lima | C15: 57 | D15: 60 | E15: 83 | F15: 77 | G15: 87 | H15: 82 | I15: 122 | J15: 123 | K15: 59 | L15: 97 | M15: 107 | N15: 135 | O15: 96 | P15: 133 | Q15: 120 | R15: 109.95337
B16: Ica | C16: 0 | D16: 0 | E16: 0 | F16: 0 | G16: 0 | H16: 0 | I16: 0 | J16: 0 | K16: 0 | L16: 0 | M16: 0 | N16: 0 | O16: 0 | P16: 0 | Q16: 0 | R16: 0
B17: Huánuco | C17: 666 | D17: 496 | E17: 362 | F17: 237 | G17: 251 | H17: 181 | I17: 97 | J17: 191 | K17: 342 | L17: 278 | M17: 278 | N17: 214 | O17: 245 | P17: 228 | Q17: 209 | R17: 188.76718
B18: Pasco | C18: 1130 | D18: 1204 | E18: 1157 | F18: 1211 | G18: 1162 | H18: 1311 | I18: 895 | J18: 1165 | K18: 1071 | L18: 724 | M18: 778 | N18: 600 | O18: 659 | P18: 691 | Q18: 646 | R18: 643.49848
B19: Junín | C19: 943 | D19: 971 | E19: 730 | F19: 872 | G19: 1048 | H19: 1104 | I19: 1097 | J19: 1110 | K19: 1052 | L19: 1154 | M19: 1179 | N19: 1208 | O19: 1260 | P19: 1252 | Q19: 1306 | R19: 1135.4048
... B31: Madre de Dios | C31: 0 | D31: 0 | E31: 0 | F31: 0 | G31: 0 | H31: 0 | I31: 0 | J31: 0 | K31: 0 | L31: 0 | M31: 0 | N31: 0 | O31: 0 | P31: 0 | Q31: 0 | R31: 0
A32: P Preliminar
A33: Fuente: Direcciones Regionales de Agricultura
A34: Elaboración: Ministerio de Desarrollo Agrario y Riego - DGESEP - DEIA

Sheet C 31
A2: C.31 PERÚ: PRECIO RECIBIDO POR EL PRODUCTOR DE LANA DE OVINO POR AÑO, SEGÚN REGIÓN, 2007-2020
A3: (Soles x Kg)
A5: Región | C5: 2005 | D5: 2006 | E5: 2007 | F5: 2008 | G5: 2009 | H5: 2010 | I5: 2011 | J5: 2012 | K5: 2013 | L5: 2014 | M5: 2015 | N5: 2016 | O5: 2017 | P5: 2018 | Q5: 2019 | R5: 2020 P
A6: Promedio | C6: 3.77 | D6: 3.79 | E6: 4.33 | F6: 4.59 | G6: 4.03 | H6: 4.48 | I6: 4.88 | J6: 5.16 | K6: 5.62 | L6: 5.51 | M6: 5.45 | N6: 5.84 | O6: 6.18 | P6: 6.45 | Q6: 6.94 | R6: 6.677681
B8: Tumbes | C8: - | D8: - | E8: - | F8: - | G8: - | H8: - | I8: - | J8: - | K8: - | L8: - | M8: - | N8: - | O8: - | P8: - | Q8: - | R8: -
B9: Piura | C9: - | D9: - | E9: - | F9: - | G9: - | H9: 5.34 | I9: 5.62 | J9: 6.37 | K9: 7.28 | L9: 6.23 | M9: 6.79 | N9: 6.83 | O9: 7.45 | P9: 7.27 | Q9: 7.36 | R9: 6.9463857
B10: Lambayeque | C10: - | D10: - | E10: - | F10: - | G10: - | H10: - | I10: - | J10: - | K10: - | L10: - | M10: - | N10: - | O10: - | P10: - | Q10: - | R10: -
B11: La Libertad | C11: 7.35 | D11: 5.3 | E11: 5.08 | F11: 6.45 | G11: 4.7 | H11: 4.9 | I11: 7.5 | J11: 7.31 | K11: 7.63 | L11: 7.63 | M11: 7.41 | N11: 7.42 | O11: 7.42 | P11: 7.29 | Q11: 7.28 | R11: 7.6663724
B12: Cajamarca | C12: 4.98 | D12: 5.83 | E12: 7.02 | F12: 6.07 | G12: 6.07 | H12: 5.54 | I12: 6.22 | J12: 4.06 | K12: 6.92 | L12: 7.48 | M12: 6.89 | N12: 6.79 | O12: 7.02 | P12: 7.25 | Q12: 7.4 | R12: 7.0770138
B13: Amazonas | C13: 4.85 | D13: 3.31 | E13: 8.53 | F13: 4.45 | G13: 6.56 | H13: 5.14 | I13: 6.66 | J13: 6.69 | K13: 6.48 | L13: 7.01 | M13: 6.77 | N13: 6.26 | O13: 6.88 | P13: 7.38 | Q13: 7.35 | R13: 5.949403
B14: Ancash | C14: 3.31 | D14: 3.39 | E14: 3.64 | F14: 4.65 | G14: 4.54 | H14: 5.66 | I14: 7.01 | J14: 6.12 | K14: 6.66 | L14: 6.79 | M14: 6.74 | N14: 6.48 | O14: 6.3 | P14: 6.3 | Q14: 7.32 | R14: 7.5082181
B15: Lima | C15: 3.3 | D15: 3.28 | E15: 3.81 | F15: 4.11 | G15: 4.54 | H15: 3.88 | I15: 5.66 | J15: 5.83 | K15: 6.79 | L15: 5.56 | M15: 7.06 | N15: 7.23 | O15: 6.84 | P15: 7.52 | Q15: 7.41 | R15: 7.2622481
B16: Ica | C16: - | D16: - | E16: - | F16: - | G16: - | H16: - | I16: - | J16: - | K16: - | L16: - | M16: - | N16: - | O16: - | P16: - | Q16: - | R16: -
B17: Huánuco | C17: 3.53 | D17: 3.44 | E17: 3.55 | F17: 3.58 | G17: 3.77 | H17: 4.39 | I17: 4.76 | J17: 4.97 | K17: 6.32 | L17: 5.23 | M17: 5.87 | N17: 6.52 | O17: 6.71 | P17: 6.66 | Q17: 7.03 | R17: 7.0684015
B18: Pasco | C18: 3.94 | D18: 3.3 | E18: 3.33 | F18: 3.55 | G18: 3.61 | H18: 4.17 | I18: 4.48 | J18: 4.78 | K18: 5 | L18: 5.46 | M18: 5.62 | N18: 6.31 | O18: 6.08 | P18: 6.17 | Q18: 6.82 | R18: 7.0311504
B19: Junín | C19: 1.51 | D19: 2.01 | E19: 2.7 | F19: 3.63 | G19: 4.78 | H19: 5.8 | I19: 4.88 | J19: 3.45 | K19: 5.11 | L19: 4.74 | M19: 5.63 | N19: 5.77 | O19: 5.54 | P19: 6.05 | Q19: 6.91 | R19: 7.1687283
B20: Huancavelica | C20: 1.7 | D20: 2.22 | E20: 2.67 | F20: 3.58 | G20: 5.54 | H20: 5.52 | I20: 3.43 | J20: 3.6 | K20: 5.03 | L20: 4.8 | M20: 5.47 | N20: 6.33 | O20: 5.83 | P20: 5.84 | Q20: 6.86 | R20: 6.7350364
B21: Arequipa | C21: 2.25 | D21: 2.35 | E21: 2.72 | F21: 2.5 | G21: 2.93 | H21: 3.88 | I21: 4.55 | J21: 5.35 | K21: 5.06 | L21: 5.04 | M21: 5.92 | N21: 6.13 | O21: 4.76 | P21: 6.19 | Q21: 6.96 | R21: 7.2101891
B22: Moquegua | C22: 2.49 | D22: 3.27 | E22: 3.12 | F22: 2.21 | G22: 3.37 | H22: 3.89 | I22: 5.7 | J22: 0 | K22: 5.73 | L22: 5.29 | M22: 6.22 | N22: 6.49 | O22: 6.43 | P22: 6.16 | Q22: 7.38 | R22: 6.0542832
B23: Tacna | O23: - | P23: - | Q23: - | R23: -
B24: Ayacucho | C24: 4.28 | D24: 4.08 | E24: 4.47 | F24: 5.72 | G24: 6.17 | H24: 6.22 | I24: 5.63 | J24: 2.64 | K24: 5.79 | L24: 5.24 | M24: 4.88 | N24: 4.9 | O24: 6.11 | P24: 5.55 | Q24: 6.02 | R24: 6.2859311
B25: Apurímac | C25: 2.65 | D25: 3.28 | E25: 4 | F25: 5.51 | G25: 4.83 | H25: 5.64 | I25: 4.66 | J25: 5.38 | K25: 5.41 | L25: 5.19 | M25: 4.92 | N25: 5.33 | O25: 5.64 | P25: 5.95 | Q25: 6.17 | R25: 6.2629642
B26: Cusco | C26: 3.78 | D26: 4.16 | E26: 5.24 | F26: 5.33 | G26: 4.39 | H26: 5.77 | I26: 7.02 | J26: 5.84 | K26: 5.98 | L26: 4.97 | M26: 5.33 | N26: 6.17 | O26: 5.73 | P26: 5.78 | Q26: 6.13 | R26: 6.7383133
B27: Puno | C27: 4.07 | D27: 4.14 | E27: 4.56 | F27: 4.62 | G27: 3.43 | H27: 3.79 | I27: 4.27 | J27: 5.55 | K27: 5.42 | L27: 5.47 | M27: 4.96 | N27: 5.42 | O27: 6.19 | P27: 6.63 | Q27: 7.11 | R27: 6.109794
B28: San Martín | C28: - | D28: - | E28: - | F28: - | G28: - | H28: - | I28: - | J28: - | K28: - | L28: - | M28: - | N28: - | O28: - | P28: - | Q28: - | R28: -
B29: Loreto | C29: - | D29: - | E29: - | F29: - | G29: - | H29: - | I29: - | J29: - | K29: - | L29: - | M29: - | N29: - | O29: - | P29: - | Q29: - | R29: -
B30: Ucayali | C30: - | D30: - | E30: - | F30: - | G30: - | H30: - | I30: - | J30: - | K30: - | L30: - | M30: - | N30: - | O30: - | P30: - | Q30: - | R30: -
B31: Madre de Dios | C31: - | D31: - | E31: - | F31: - | G31: - | H31: - | I31: - | J31: - | K31: - | L31: - | M31: - | N31: - | O31: - | P31: - | Q31: - | R31: -
A32: P Preliminar
A33: Fuente: Direcciones Regionales de Agricultura
A34: Elaboración: Ministerio de Desarrollo Agrario y Riego - DGESEP - DEIA

Sheet C 32
A2: C.32 PERÚ: POBLACIÓN DE PORCINOS POR AÑO, SEGÚN REGIÓN, 2007-2020
A3: (Unidades)
A5: Región | C5: 2005 | D5: 2006 | E5: 2007 | F5: 2008 | G5: 2009 | H5: 2010 | I5: 2011 | J5: 2012 | K5: 2013 | L5: 2014 | M5: 2015 | N5: 2016 | O5: 2017 | P5: 2018 | Q5: 2019 | R5: 2020 P
A6: Total Nacional | C6: =(C8+C9+C10+C11+C12+C13+C14+C15+C16+C17+C18+C19+C20+C21+C22+C23+C24+C25+C26+C27+C28+C29+C30+C31) -> 3010724 | D6: =(D8+D9+D10+D11+D12+D13+D14+D15+D16+D17+D18+D19+D20+D21+D22+D23+D24+D25+D26+D27+D28+D29+D30+D31) -> 3073855 | E6: =(E8+E9+E10+E11+E12+E13+E14+E15+E16+E17+E18+E19+E20+E21+E22+E23+E24+E25+E26+E27+E28+E29+E30+E31) -> 3115772 | F6: =(F8+F9+F10+F11+F12+F13+F14+F15+F16+F17+F18+F19+F20+F21+F22+F23+F24+F25+F26+F27+F28+F29+F30+F31) -> 3151406 | G6: =(G8+G9+G10+G11+G12+G13+G14+G15+G16+G17+G18+G19+G20+G21+G22+G23+G24+G25+G26+G27+G28+G29+G30+G31) -> 3256809 | H6: =(H8+H9+H10+H11+H12+H13+H14+H15+H16+H17+H18+H19+H20+H21+H22+H23+H24+H25+H26+H27+H28+H29+H30+H31) -> 3254412 | I6: =(I8+I9+I10+I11+I12+I13+I14+I15+I16+I17+I18+I19+I20+I21+I22+I23+I24+I25+I26+I27+I28+I29+I30+I31) -> 3263254 | J6: =(J8+J9+J10+J11+J12+J13+J14+J15+J16+J17+J18+J19+J20+J21+J22+J23+J24+J25+J26+J27+J28+J29+J30+J31) -> 2987315 | ... R6: =(R8+R9+R10+R11+R12+R13+R14+R15+R16+R17+R18+R19+R20+R21+R22+R23+R24+R25+R26+R27+R28+R29+R30+R31) -> 3265145
B8: Tumbes | C8: 15890 | D8: 13500 | E8: 14900 | F8: 17100 | G8: 18200 | H8: 20593 | I8: 20030 | J8: 18590 | K8: 31639 | L8: 31980 | M8: 28566 | N8: 29748 | O8: 30480 | P8: 29540 | Q8: 30010 | R8: 29015
B9: Piura | C9: 173054 | D9: 174000 | E9: 174958 | F9: 171344 | G9: 193831 | H9: 198118 | I9: 199520 | J9: 140298 | K9: 179945 | L9: 186647 | M9: 191114 | N9: 159009 | O9: 169531 | P9: 170860 | Q9: 167860 | R9: 157810
B10: Lambayeque | C10: 62000 | D10: 58400 | E10: 66583 | F10: 79393 | G10: 81100 | H10: 79495 | I10: 80365 | J10: 56964 | K10: 67510 | L10: 69264 | M10: 72480 | N10: 88160 | O10: 68810 | P10: 74560 | Q10: 73428 | R10: 70227
B11: La Libertad | C11: 160798 | D11: 160465 | E11: 162269 | F11: 162444 | G11: 161442 | H11: 159466 | I11: 159681 | J11: 162069 | K11: 157211 | L11: 119141 | M11: 111419 | N11: 116911 | O11: 113018 | P11: 113664 | Q11: 113341 | R11: 111448
B12: Cajamarca | C12: 202298 | D12: 215757 | E12: 239461 | F12: 249820 | G12: 250340 | H12: 245535 | I12: 255432 | J12: 251689 | K12: 278439 | L12: 304430 | M12: 304105 | N12: 287457 | O12: 297734 | P12: 295410 | Q12: 288252 | R12: 288467
B13: Amazonas | C13: 45553 | D13: 50500 | E13: 53874 | F13: 58488 | G13: 59100 | H13: 64896 | I13: 70916 | J13: 71548 | K13: 74617 | L13: 75528 | M13: 77261 | N13: 84502 | O13: 85690 | P13: 83710 | Q13: 85700 | R13: 92127
B14: Ancash | C14: 171696 | D14: 165436 | E14: 162067 | F14: 174756 | G14: 181032 | H14: 180997 | I14: 181021 | J14: 182009 | K14: 185348 | L14: 179640 | M14: 184777 | N14: 174016 | O14: 170334 | P14: 172620 | Q14: 171477 | R14: 170544
B15: Lima | C15: 417780 | D15: 415000 | E15: 391175 | F15: 390670 | G15: 395300 | H15: 402985 | I15: 404507 | J15: 455740 | K15: 430570 | L15: 457793 | M15: 462797 | N15: 450072 | O15: 460253 | P15: 469546 | Q15: 464900 | R15: 470025
B16: Ica | C16: 22684 | D16: 21690 | E16: 21548 | F16: 22290 | G16: 30790 | H16: 32800 | I16: 32998 | J16: 36673 | K16: 34648 | L16: 44196 | M16: 48256 | N16: 51510 | O16: 54124 | P16: 66840 | Q16: 102767 | R16: 91117
B17: Huánuco | C17: 352051 | D17: 388866 | E17: 407065 | F17: 379247 | G17: 380150 | H17: 371476 | I17: 339405 | J17: 219320 | K17: 318436 | L17: 392998 | M17: 402607 | N17: 403917 | O17: 405230 | P17: 406220 | Q17: 405725 | R17: 402365
B18: Pasco | C18: 119154 | D18: 117838 | E18: 122330 | F18: 123587 | G18: 124821 | H18: 127325 | I18: 129039 | J18: 110339 | K18: 98671 | L18: 89157 | M18: 89872 | N18: 51355 | O18: 51993 | P18: 55140 | Q18: 53567 | R18: 52698
B19: Junín | C19: 107640 | D19: 105560 | E19: 106600 | F19: 106692 | G19: 110100 | H19: 117318 | I19: 121673 | J19: 146182 | K19: 158559 | L19: 142667 | M19: 152638 | N19: 154609 | O19: 168586 | P19: 175222 | Q19: 171904 | R19: 178317
... B31: Madre de Dios | C31: 16968 | D31: 17439 | E31: 16952 | F31: 17640 | G31: 18069 | H31: 12537 | I31: 13253 | J31: 12895 | K31: 15765 | L31: 14330 | M31: 12476 | N31: 13100 | O31: 13750 | P31: 13240 | Q31: 13495 | R31: 12684
A32: P Preliminar
A33: Fuente: Direcciones Regionales de Agricultura
A34: Elaboración: Ministerio de Desarrollo Agrario y Riego - DGESEP - DEIA

Sheet C 33
A2: C.33 PERÚ: PRODUCCIÓN DE PORCINOS POR AÑO, SEGÚN REGIÓN, 2007-2020
A3: (Unidades)
A5: Región | C5: 2005 | D5: 2006 | E5: 2007 | F5: 2008 | G5: 2009 | H5: 2010 | I5: 2011 | J5: 2012 | K5: 2013 | L5: 2014 | M5: 2015 | N5: 2016 | O5: 2017 | P5: 2018 | Q5: 2019 | R5: 2020 P
A6: Total Nacional | C6: =(C8+C9+C10+C11+C12+C13+C14+C15+C16+C17+C18+C19+C20+C21+C22+C23+C24+C25+C26+C27+C28+C29+C30+C31) -> 1991346 | D6: =(D8+D9+D10+D11+D12+D13+D14+D15+D16+D17+D18+D19+D20+D21+D22+D23+D24+D25+D26+D27+D28+D29+D30+D31) -> 2074715 | E6: =(E8+E9+E10+E11+E12+E13+E14+E15+E16+E17+E18+E19+E20+E21+E22+E23+E24+E25+E26+E27+E28+E29+E30+E31) -> 2153141 | F6: =(F8+F9+F10+F11+F12+F13+F14+F15+F16+F17+F18+F19+F20+F21+F22+F23+F24+F25+F26+F27+F28+F29+F30+F31) -> 2131518 | G6: =(G8+G9+G10+G11+G12+G13+G14+G15+G16+G17+G18+G19+G20+G21+G22+G23+G24+G25+G26+G27+G28+G29+G30+G31) -> 2213057 | H6: =(H8+H9+H10+H11+H12+H13+H14+H15+H16+H17+H18+H19+H20+H21+H22+H23+H24+H25+H26+H27+H28+H29+H30+H31) -> 2186978 | I6: =(I8+I9+I10+I11+I12+I13+I14+I15+I16+I17+I18+I19+I20+I21+I22+I23+I24+I25+I26+I27+I28+I29+I30+I31) -> 2298432 | J6: =(J8+J9+J10+J11+J12+J13+J14+J15+J16+J17+J18+J19+J20+J21+J22+J23+J24+J25+J26+J27+J28+J29+J30+J31) -> 2401633 | ... R6: =(R8+R9+R10+R11+R12+R13+R14+R15+R16+R17+R18+R19+R20+R21+R22+R23+R24+R25+R26+R27+R28+R29+R30+R31) -> 3191164.1
B8: Tumbes | C8: 5736 | D8: 7869 | E8: 9080 | F8: 10918 | G8: 11209 | H8: 14190 | I8: 15640 | J8: 19998 | K8: 24652 | L8: 21552 | M8: 20650 | N8: 6572 | O8: 7991 | P8: 6650 | Q8: 6339 | R8: 6827.8
B9: Piura | C9: 152979 | D9: 170014 | E9: 145669 | F9: 149359 | G9: 135724 | H9: 137639 | I9: 122597 | J9: 139342 | K9: 130455 | L9: 120101 | M9: 112784 | N9: 90860 | O9: 110734 | P9: 105011 | Q9: 113620.04 | R9: 114836.54
B10: Lambayeque | C10: 33542 | D10: 31247 | E10: 39613 | F10: 26657 | G10: 27764 | H10: 29463 | I10: 29848 | J10: 28328 | K10: 32765 | L10: 34051 | M10: 28202 | N10: 29575 | O10: 29483 | P10: 30218 | Q10: 31654 | R10: 29989.18
B11: La Libertad | C11: 139090 | D11: 144342 | E11: 150446 | F11: 154816 | G11: 160211 | H11: 166714 | I11: 175710 | J11: 178913 | K11: 185442 | L11: 234537 | M11: 253558 | N11: 264408 | O11: 298028 | P11: 306250 | Q11: 309578 | R11: 326814
B12: Cajamarca | C12: 84639 | D12: 98925 | E12: 105153 | F12: 105587 | G12: 108232 | H12: 116202 | I12: 119828 | J12: 119415 | K12: 142525 | L12: 148397 | M12: 162359 | N12: 155454 | O12: 147970 | P12: 145709 | Q12: 150866 | R12: 131905
B13: Amazonas | C13: 18668 | D13: 19397 | E13: 19950 | F13: 19849 | G13: 20993 | H13: 22991 | I13: 23235 | J13: 24958 | K13: 27777 | L13: 29076 | M13: 28474 | N13: 31085 | O13: 33563 | P13: 33636 | Q13: 34042 | R13: 30202
B14: Ancash | C14: 34091 | D14: 32063 | E14: 30399 | F14: 30933 | G14: 32536 | H14: 33286 | I14: 34841 | J14: 35664 | K14: 36073 | L14: 36192 | M14: 38450 | N14: 41738 | O14: 42272 | P14: 49016 | Q14: 49555 | R14: 49768
B15: Lima | C15: 670896 | D15: 687025 | E15: 752628 | F15: 750189 | G15: 806438 | H15: 716445 | I15: 771492 | J15: 815897 | K15: 871136 | L15: 929600 | M15: 989849 | N15: 1027092 | O15: 1132149 | P15: 1127542 | Q15: 1178439 | R15: 1147785.7
B16: Ica | C16: 33677 | D16: 32195 | E16: 10888 | F16: 24262 | G16: 27101 | H16: 34977 | I16: 38138 | J16: 33913 | K16: 33367 | L16: 41179 | M16: 51202 | N16: 66046 | O16: 93401 | P16: 102194 | Q16: 212080 | R16: 218375
B17: Huánuco | C17: 207248 | D17: 212324 | E17: 213191 | F17: 208343 | G17: 216791 | H17: 211314 | I17: 186646 | J17: 168580 | K17: 157253 | L17: 178281 | M17: 186154 | N17: 195634 | O17: 207816 | P17: 219610 | Q17: 208424 | R17: 208063
B18: Pasco | C18: 42504 | D18: 57967 | E18: 62155 | F18: 48615 | G18: 57733 | H18: 63216 | I18: 68788 | J18: 70533 | K18: 60559 | L18: 54680 | M18: 50254 | N18: 31465 | O18: 34316 | P18: 34195 | Q18: 36228 | R18: 36484
B19: Junín | C19: 59570 | D19: 58120 | E19: 58844 | F19: 54863 | G19: 54207 | H19: 62646 | I19: 64691 | J19: 72184 | K19: 80903 | L19: 83141 | M19: 88757 | N19: 97680 | O19: 106651 | P19: 102607 | Q19: 114370.82 | R19: 105858
... B31: Madre de Dios | C31: 4175 | D31: 4068 | E31: 4126 | F31: 4681 | G31: 6082 | H31: 4741 | I31: 5301 | J31: 6265 | K31: 7114 | L31: 7908 | M31: 7764 | N31: 11893 | O31: 14155 | P31: 14474 | Q31: 17517 | R31: 17486
A32: P Preliminar
A33: Fuente: Direcciones Regionales de Agricultura
A34: Elaboración: Ministerio de Desarrollo Agrario y Riego - DGESEP - DEIA

Sheet C 34
A2: C.34 PERÚ: PRODUCCIÓN DE CARNE DE PORCINO POR AÑO, SEGÚN REGIÓN, 2007-2019
A3: (Toneladas)
A5: Región | C5: 2005 | D5: 2006 | E5: 2007 | F5: 2008 | G5: 2009 | H5: 2010 | I5: 2011 | J5: 2012 | K5: 2013 | L5: 2014 | M5: 2015 | N5: 2016 | O5: 2017 | P5: 2018 | Q5: 2019 | R5: 2020 P
A6: Total Nacional | C6: =(C8+C9+C10+C11+C12+C13+C14+C15+C16+C17+C18+C19+C20+C21+C22+C23+C24+C25+C26+C27+C28+C29+C30+C31) -> 104254 | D6: =(D8+D9+D10+D11+D12+D13+D14+D15+D16+D17+D18+D19+D20+D21+D22+D23+D24+D25+D26+D27+D28+D29+D30+D31) -> 109012 | E6: =(E8+E9+E10+E11+E12+E13+E14+E15+E16+E17+E18+E19+E20+E21+E22+E23+E24+E25+E26+E27+E28+E29+E30+E31) -> 114520 | F6: =(F8+F9+F10+F11+F12+F13+F14+F15+F16+F17+F18+F19+F20+F21+F22+F23+F24+F25+F26+F27+F28+F29+F30+F31) -> 115197 | G6: =(G8+G9+G10+G11+G12+G13+G14+G15+G16+G17+G18+G19+G20+G21+G22+G23+G24+G25+G26+G27+G28+G29+G30+G31) -> 114717 | H6: =(H8+H9+H10+H11+H12+H13+H14+H15+H16+H17+H18+H19+H20+H21+H22+H23+H24+H25+H26+H27+H28+H29+H30+H31) -> 115654 | I6: =(I8+I9+I10+I11+I12+I13+I14+I15+I16+I17+I18+I19+I20+I21+I22+I23+I24+I25+I26+I27+I28+I29+I30+I31) -> 117588 | J6: =(J8+J9+J10+J11+J12+J13+J14+J15+J16+J17+J18+J19+J20+J21+J22+J23+J24+J25+J26+J27+J28+J29+J30+J31) -> 122352 | ... R6: =(R8+R9+R10+R11+R12+R13+R14+R15+R16+R17+R18+R19+R20+R21+R22+R23+R24+R25+R26+R27+R28+R29+R30+R31) -> 169804.68
B8: Tumbes | C8: 190 | D8: 228 | E8: 306 | F8: 408 | G8: 420 | H8: 582 | I8: 626 | J8: 863 | K8: 998 | L8: 827 | M8: 780 | N8: 316 | O8: 398 | P8: 279 | Q8: 344.5 | R8: 332.68621
B9: Piura | C9: 6387 | D9: 7231 | E9: 6857 | F9: 6388 | G9: 6499 | H9: 7171 | I9: 6138 | J9: 5969 | K9: 5987 | L9: 5651 | M9: 6266 | N9: 4635 | O9: 4739 | P9: 5048 | Q9: 5825.0422 | R9: 6006.9631
B10: Lambayeque | C10: 1565 | D10: 1452 | E10: 2022 | F10: 1210 | G10: 1214 | H10: 1283 | I10: 1480 | J10: 1244 | K10: 1317 | L10: 1486 | M10: 1400 | N10: 1529 | O10: 1665 | P10: 1732 | Q10: 1720.915 | R10: 1625.3261
B11: La Libertad | C11: 8050 | D11: 8378 | E11: 8663 | F11: 8965 | G11: 9251 | H11: 9748 | I11: 10226 | J11: 10412 | K11: 10789 | L11: 14105 | M11: 14504 | N11: 15047 | O11: 16879 | P11: 17459 | Q11: 17653.973 | R11: 18996.627
B12: Cajamarca | C12: 3547 | D12: 4158 | E12: 4663 | F12: 4426 | G12: 4781 | H12: 5128 | I12: 5122 | J12: 4931 | K12: 5786 | L12: 5981 | M12: 6169 | N12: 6590 | O12: 6393 | P12: 6251 | Q12: 6484.0528 | R12: 5721.8283
B13: Amazonas | C13: 994 | D13: 1085 | E13: 1109 | F13: 1052 | G13: 1129 | H13: 1202 | I13: 1227 | J13: 1340 | K13: 1470 | L13: 1551 | M13: 1537 | N13: 1662 | O13: 1712 | P13: 1781 | Q13: 1806.4132 | R13: 1707.2014
B14: Ancash | C14: 1095 | D14: 1048 | E14: 976 | F14: 994 | G14: 1043 | H14: 1068 | I14: 1133 | J14: 1168 | K14: 1186 | L14: 1190 | M14: 1265 | N14: 1375 | O14: 1375 | P14: 1579 | Q14: 1593.1629 | R14: 1605.4004
B15: Lima | C15: 45295 | D15: 46669 | E15: 50069 | F15: 51802 | G15: 49670 | H15: 47735 | I15: 48882 | J15: 51971 | K15: 55446 | L15: 59187 | M15: 62813 | N15: 65479 | O15: 71500 | P15: 72791 | Q15: 74812.559 | R15: 73425.731
B16: Ica | C16: 1343 | D16: 1336 | E16: 637 | F16: 1621 | G16: 1825 | H16: 1971 | I16: 2174 | J16: 2249 | K16: 2218 | L16: 2514 | M16: 3494 | N16: 3621 | O16: 3935 | P16: 4101 | Q16: 11483.848 | R16: 11271.689
B17: Huánuco | C17: 11654 | D17: 12043 | E17: 12160 | F17: 11073 | G17: 10418 | H17: 9920 | I17: 7964 | J17: 6312 | K17: 5409 | L17: 5745 | M17: 6100 | N17: 6628 | O17: 6784 | P17: 7946 | Q17: 8078.8584 | R17: 7374.2755
B18: Pasco | C18: 1361 | D18: 1971 | E18: 1937 | F18: 2049 | G18: 2281 | H18: 2221 | I18: 2347 | J18: 2450 | K18: 2045 | L18: 1878 | M18: 1755 | N18: 1144 | O18: 1265 | P18: 1345 | Q18: 1327.9673 | R18: 1334.8255
B19: Junín | C19: 2414 | D19: 2351 | E19: 2407 | F19: 2227 | G19: 2346 | H19: 2576 | I19: 2678 | J19: 3045 | K19: 3434 | L19: 3479 | M19: 3695 | N19: 4081 | O19: 4447 | P19: 4347 | Q19: 4855.2436 | R19: 4716.0532
... B31: Madre de Dios | C31: 161 | D31: 156 | E31: 171 | F31: 188 | G31: 268 | H31: 216 | I31: 178 | J31: 254 | K31: 275 | L31: 300 | M31: 354 | N31: 798 | O31: 917 | P31: 902 | Q31: 1049.9527 | R31: 1107.8706
A32: P Preliminar
A33: Fuente: Direcciones Regionales de Agricultura
A34: Elaboración: Ministerio de Desarrollo Agrario y Riego - DGESEP - DEIA

Sheet C 35
A2: C.35 PERÚ: PRECIO RECIBIDO POR EL PRODUCTOR DE PORCINOS POR AÑO, SEGÚN REGIÓN, 2007-2020
A3: (Soles x Kg)
A5: Región | C5: 2005 | D5: 2006 | E5: 2007 | F5: 2008 | G5: 2009 | H5: 2010 | I5: 2011 | J5: 2012 | K5: 2013 | L5: 2014 | M5: 2015 | N5: 2016 | O5: 2017 | P5: 2018 | Q5: 2019 | R5: 2020 P
A6: Promedio | C6: 3.43 | D6: 3.47 | E6: 3.5 | F6: 3.8 | G6: 4.12 | H6: 4.25 | I6: 5.05 | J6: 5.24 | K6: 5.91 | L6: 6.08 | M6: 6.43 | N6: 6.8 | O6: 6.97 | P6: 7.05 | Q6: 6.95 | R6: 6.95
B8: Tumbes | C8: 3.6 | D8: 3.49 | E8: 3.47 | F8: 3.67 | G8: 3.75 | H8: 3.42 | I8: 3.45 | J8: 3.75 | K8: 4.99 | L8: 6.56 | M8: 6.61 | N8: 6.45 | O8: 6.21 | P8: 5.9 | Q8: 5.91 | R8: 5.91
B9: Piura | C9: 3.11 | D9: 3.22 | E9: 3.27 | F9: 3.93 | G9: 4.05 | H9: 3.45 | I9: 3.58 | J9: 4.21 | K9: 4.38 | L9: 6.6 | M9: 6.38 | N9: 6.81 | O9: 6.61 | P9: 6.75 | Q9: 6.76 | R9: 6.76
B10: Lambayeque | C10: 3.36 | D10: 3.74 | E10: 3.59 | F10: 3.5 | G10: 4 | H10: 3.84 | I10: 4.15 | J10: 4.32 | K10: 4.46 | L10: 6.72 | M10: 6.53 | N10: 6.7 | O10: 6.68 | P10: 6.88 | Q10: 6.88 | R10: 6.88
B11: La Libertad | C11: 3.51 | D11: 3.31 | E11: 3.39 | F11: 3.75 | G11: 3.67 | H11: 3.67 | I11: 3.82 | J11: 4.58 | K11: 7.19 | L11: 7.19 | M11: 7.16 | N11: 7.15 | O11: 7.82 | P11: 7.72 | Q11: 7.69 | R11: 7.69
B12: Cajamarca | C12: 3.67 | D12: 3.57 | E12: 3.62 | F12: 3.81 | G12: 3.95 | H12: 4.44 | I12: 4 | J12: 4.32 | K12: 4.56 | L12: 5.81 | M12: 6.07 | N12: 6.38 | O12: 6.1 | P12: 6.19 | Q12: 5.92 | R12: 5.92
B13: Amazonas | C13: 3.61 | D13: 3.61 | E13: 3.77 | F13: 3.75 | G13: 3.94 | H13: 3.95 | I13: 4.79 | J13: 4.4 | K13: 4.58 | L13: 6.2 | M13: 5.25 | N13: 5.63 | O13: 5.76 | P13: 6.1 | Q13: 6.15 | R13: 6.15
B14: Ancash | C14: 3.32 | D14: 3.35 | E14: 3.69 | F14: 3.83 | G14: 4.09 | H14: 4.43 | I14: 4.15 | J14: 4.28 | K14: 5.57 | L14: 7.23 | M14: 6.79 | N14: 6.66 | O14: 6.27 | P14: 7.02 | Q14: 6.97 | R14: 6.97
B15: Lima | C15: 3.53 | D15: 3.6 | E15: 3.55 | F15: 3.85 | G15: 4.3 | H15: 4.3 | I15: 5.22 | J15: 5.33 | K15: 6.03 | L15: 5.67 | M15: 5.78 | N15: 6.32 | O15: 6.49 | P15: 6.72 | Q15: 6.71 | R15: 6.71
B16: Ica | C16: 2.38 | D16: 2.49 | E16: 2.94 | F16: 4.03 | G16: 4.34 | H16: 4.69 | I16: 6.32 | J16: 6.9 | K16: 7.55 | L16: 5.92 | M16: 6.04 | N16: 7.14 | O16: 6.15 | P16: 6.47 | Q16: 6.39 | R16: 6.39
B17: Huánuco | C17: 3.5 | D17: 3.46 | E17: 3.54 | F17: 3.62 | G17: 4.02 | H17: 4.36 | I17: 6.21 | J17: 5.87 | K17: 6.13 | L17: 6.68 | M17: 7.29 | N17: 7.12 | O17: 6.84 | P17: 7.12 | Q17: 7.06 | R17: 7.06
B18: Pasco | C18: 2.63 | D18: 2.75 | E18: 3.39 | F18: 3.62 | G18: 3.84 | H18: 4.14 | I18: 5.64 | J18: 5.92 | K18: 5.69 | L18: 6.69 | M18: 6.22 | N18: 6.1 | O18: 6.22 | P18: 6.4 | Q18: 6.31 | R18: 6.31
B19: Junín | C19: 2.82 | D19: 2.91 | E19: 3.13 | F19: 4.07 | G19: 3.96 | H19: 5.04 | I19: 6.48 | J19: 5.17 | K19: 5.58 | L19: 5.72 | M19: 6.35 | N19: 7.15 | O19: 6.8 | P19: 6.75 | Q19: 6.73 | R19: 6.73
... B31: Madre de Dios | C31: 3.88 | D31: 3.89 | E31: 3.95 | F31: 4.01 | G31: 4.36 | H31: 4.61 | I31: 6.14 | J31: 6.85 | K31: 6.28 | L31: 6.22 | M31: 6.59 | N31: 6.47 | O31: 6.47 | P31: 6.32 | Q31: 6.37 | R31: 6.37
A32: P Preliminar
A33: Fuente: Direcciones Regionales de Agricultura
A34: Elaboración: Ministerio de Desarrollo Agrario y Riego - DGESEP - DEIA

Sheet C 36
A2: C.36 PERÚ: POBLACIÓN DE ALPACAS POR AÑO, SEGÚN REGIÓN, 2007-2020
A3: (Unidades)
A5: Región | C5: 2005 | D5: 2006 | E5: 2007 | F5: 2008 | G5: 2009 | H5: 2010 | I5: 2011 | J5: 2012 | K5: 2013 | L5: 2014 | M5: 2015 | N5: 2016 | O5: 2017 | P5: 2018 | Q5: 2019 | R5: 2020 P
A6: Total Nacional | C6: =(C8+C9+C10+C11+C12+C13+C14+C15+C16+C17+C18+C19+C20+C21+C22+C23+C24+C25+C26+C27+C28+C29+C30+C31) -> 3594515 | D6: =(D8+D9+D10+D11+D12+D13+D14+D15+D16+D17+D18+D19+D20+D21+D22+D23+D24+D25+D26+D27+D28+D29+D30+D31) -> 3625627 | E6: 3687340 | F6: 3780806 | G6: 4105582 | H6: 4177499 | I6: 4322258 | J6: 3927361 | K6: 4005315 | L6: 4315793 | M6: 4318457 | N6: 4319228 | O6: 4330710 | P6: 4384848 | Q6: 4449505 | R6: 4492025
B8: Tumbes | C8: 0 | D8: 0 | E8: - | F8: - | G8: - | H8: - | I8: - | J8: - | K8: - | L8: - | M8: - | N8: - | O8: - | P8: - | Q8: - | R8: -
B9: Piura | C9: 0 | D9: 0 | E9: - | F9: - | G9: - | H9: - | I9: - | J9: - | K9: - | L9: - | M9: 135 | N9: 82 | O9: 79 | P9: 97 | Q9: 100 | R9: 92
B10: Lambayeque | C10: 0 | D10: 0 | E10: - | F10: - | G10: - | H10: - | I10: - | J10: - | K10: - | L10: - | M10: - | N10: - | O10: - | P10: - | Q10: - | R10: -
B11: La Libertad | C11: 7505 | D11: 7529 | E11: 7913 | F11: 7815 | G11: 7740 | H11: 7624 | I11: 8018 | J11: 7767 | K11: 7878 | L11: 7902 | M11: 7998 | N11: 7999 | O11: 7851 | P11: 7562 | Q11: 7710 | R11: 7650
B12: Cajamarca | C12: 1333 | D12: 1285 | E12: 1380 | F12: 1200 | G12: 1280 | H12: 1296 | I12: 1120 | J12: 1120 | K12: 1210 | L12: 1165 | M12: 1190 | N12: 1150 | O12: 1180 | P12: 1173 | Q12: 1190 | R12: 1181
B13: Amazonas | C13: 0 | D13: 0 | E13: - | F13: - | G13: - | H13: - | I13: - | J13: - | K13: - | L13: - | M13: - | N13: - | O13: - | Q13: - | R13: -
B14: Ancash | C14: 12142 | D14: 11815 | E14: 12085 | F14: 12071 | G14: 11547 | H14: 11932 | I14: 11844 | J14: 10120 | K14: 8310 | L14: 10294 | M14: 9715 | N14: 10201 | O14: 10320 | P14: 10080 | Q14: 10200 | R14: 11654
B15: Lima | C15: 34173 | D15: 31300 | E15: 33948 | F15: 33888 | G15: 32560 | H15: 33174 | I15: 37345 | J15: 35259 | K15: 36140 | L15: 37044 | M15: 39756 | N15: 40511 | O15: 46625 | P15: 46870 | Q15: 46625 | R15: 46625
B16: Ica | C16: 0 | D16: 0 | E16: - | F16: - | G16: - | H16: - | I16: - | J16: - | K16: - | L16: - | M16: - | N16: - | O16: - | P16: - | Q16: - | R16: -
B17: Huánuco | C17: 2637 | D17: 2583 | E17: 4386 | F17: 4343 | G17: 4200 | H17: 3630 | I17: 3250 | J17: 4151 | K17: 5072 | L17: 5173 | M17: 5915 | N17: 6967 | O17: 6850 | P17: 6670 | Q17: 6760 | R17: 6648
B18: Pasco | C18: 31823 | D18: 32205 | E18: 35557 | F18: 44657 | G18: 48902 | H18: 66112 | I18: 69640 | J18: 89091 | K18: 97491 | L18: 108023 | M18: 116664 | N18: 125956 | O18: 133225 | P18: 128330 | Q18: 130778 | R18: 131241
B19: Junín | C19: 36687 | D19: 38717 | E19: 40707 | F19: 35115 | G19: 36000 | H19: 39445 | I19: 45498 | J19: 84791 | K19: 88418 | L19: 90222 | M19: 81434 | N19: 82535 | O19: 91678 | P19: 96543 | Q19: 94111 | R19: 100923
B20: Huancavelica | C20: 223704 | D20: 224045 | E20: 224720 | F20: 220709 | G20: 246980 | H20: 243032 | I20: 245816 | J20: 225470 | K20: 269650 | L20: 258403 | M20: 264220 | N20: 273249 | O20: 252713 | P20: 263410 | Q20: 270053 | R20: 268457
B21: Arequipa | C21: 346625 | D21: 357461 | E21: 356776 | F21: 357866 | G21: 491768 | H21: 486110 | I21: 494004 | J21: 500211 | K21: 466010 | L21: 465020 | M21: 442336 | N21: 430271 | O21: 421292 | P21: 422680 | Q21: 430134 | R21: 471737
B22: Moquegua | C22: 75189 | D22: 83042 | E22: 97966 | F22: 88220 | G22: 89200 | H22: 88723 | I22: 93947 | J22: 91335 | K22: 92410 | L22: 147535 | M22: 140718 | N22: 147754 | O22: 145310 | P22: 144630 | Q22: 144970 | R22: 143658
B23: Tacna | C23: 40000 | D23: 40830 | E23: 39670 | F23: 40736 | G23: 44282 | H23: 54328 | I23: 55078 | J23: 54141 | K23: 77515 | L23: 80352 | M23: 74512 | N23: 78238 | O23: 78245 | P23: 75869 | Q23: 77057 | R23: 76980
B24: Ayacucho | C24: 193467 | D24: 156155 | E24: 166666 | F24: 191739 | G24: 203016 | H24: 194281 | I24: 220945 | J24: 203520 | K24: 209947 | L24: 261049 | M24: 267950 | N24: 255377 | O24: 209143 | P24: 259727 | Q24: 309833 | R24: 295233
B25: Apurímac | C25: 149250 | D25: 188860 | E25: 184766 | F25: 191249 | G25: 193122 | H25: 191449 | I25: 188587 | J25: 203967 | K25: 212360 | L25: 207969 | M25: 215490 | N25: 216265 | O25: 215050 | P25: 215602 | Q25: 215340 | R25: 214727
B26: Cusco | C26: 453190 | D26: 450200 | E26: 454200 | F26: 485468 | G26: 553985 | H26: 584483 | I26: 654726 | J26: 608978 | K26: 552509 | L26: 569352 | M26: 577964 | N26: 610184 | O26: 674939 | P26: 671585 | Q26: 669365 | R26: 675889
B27: Puno | C27: 1986790 | D27: 1999600 | E27: 2026600 | F27: 2065730 | G27: 2141000 | H27: 2171880 | I27: 2192440 | J27: 1807440 | K27: 1880395 | L27: 2066290 | M27: 2072460 | N27: 2032490 | O27: 2036210 | P27: 2034020 | Q27: 2035280 | R27: 2039330
B28: San Martín | C28: 0 | D28: 0 | E28: - | F28: - | G28: - | H28: - | I28: - | J28: - | K28: - | L28: - | M28: - | N28: - | O28: - | P28: - | Q28: - | R28: -
B29: Loreto | C29: 0 | D29: 0 | E29: - | F29: - | G29: - | H29: - | I29: - | J29: - | K29: - | L29: - | M29: - | N29: - | O29: - | P29: - | Q29: - | R29: -
B30: Ucayali | C30: 0 | D30: 0 | E30: - | F30: - | G30: - | H30: - | I30: - | J30: - | K30: - | L30: - | M30: - | N30: - | O30: - | P30: - | Q30: - | R30: -
B31: Madre de Dios | C31: 0 | D31: 0 | E31: - | F31: - | G31: - | H31: - | I31: - | J31: - | K31: - | L31: - | M31: - | N31: - | O31: - | P31: - | Q31: - | R31: -
A32: P Preliminar
A33: Fuente: Direcciones Regionales de Agricultura
A34: Elaboración: Ministerio de Desarrollo Agrario y Riego - DGESEP - DEIA

Sheet C 37
A2: C.37 PERÚ: PRODUCCIÓN DE ALPACAS POR AÑO, SEGÚN REGION REGIÓN, 2007-2020
A3: (Unidades)
A5: Región | C5: 2005 | D5: 2006 | E5: 2007 | F5: 2008 | G5: 2009 | H5: 2010 | I5: 2011 | J5: 2012 | K5: 2013 | L5: 2014 | M5: 2015 | N5: 2016 | O5: 2017 | P5: 2018 | Q5: 2019 | R5: 2020 P
A6: Total Nacional | C6: =(C8+C9+C10+C11+C12+C13+C14+C15+C16+C17+C18+C19+C20+C21+C22+C23+C24+C25+C26+C27+C28+C29+C30+C31) -> 321478 | D6: =(D8+D9+D10+D11+D12+D13+D14+D15+D16+D17+D18+D19+D20+D21+D22+D23+D24+D25+D26+D27+D28+D29+D30+D31) -> 330072 | E6: 355174 | F6: 365555 | G6: 387980 | H6: 410085 | I6: 424100 | J6: 455558 | K6: 463354 | L6: 481847 | M6: 446199 | N6: 474135 | O6: 479063 | P6: 470464 | Q6: 473283 | R6: 464229.43
B8: Tumbes | C8: 0 | D8: 0 | E8: - | F8: - | G8: - | H8: - | I8: - | J8: - | K8: - | L8: - | M8: - | N8: - | O8: - | P8: - | Q8: - | R8: -
B9: Piura | C9: 0 | D9: 0 | E9: - | F9: - | G9: - | H9: - | I9: - | J9: - | K9: - | L9: - | M9: - | N9: - | O9: - | P9: - | Q9: - | R9: -
B10: Lambayeque | C10: 0 | D10: 0 | E10: - | F10: - | G10: - | H10: - | I10: - | J10: - | K10: - | L10: - | M10: - | N10: - | O10: - | P10: - | Q10: - | R10: -
B11: La Libertad | C11: 203 | D11: 241 | E11: 358 | F11: 381 | G11: 435 | H11: 480 | I11: 610 | J11: 742 | K11: 725 | L11: 828 | M11: 868 | N11: 949 | O11: 1144 | P11: 1259 | Q11: 1377 | R11: 1394
B12: Cajamarca | C12: 0 | D12: 0 | E12: - | F12: - | G12: - | H12: - | I12: - | J12: - | K12: - | L12: - | M12: - | N12: - | O12: - | P12: - | Q12: - | R12: -
B13: Amazonas | C13: 0 | D13: 0 | E13: - | F13: - | G13: - | H13: - | I13: - | J13: - | K13: - | L13: - | M13: - | N13: - | O13: - | P13: - | Q13: - | R13: -
B14: Ancash | C14: 424 | D14: 332 | E14: 588 | F14: 323 | G14: 478 | H14: 395 | I14: 412 | J14: 275 | K14: 356 | L14: 412 | M14: 377 | N14: 242 | O14: 348 | P14: 381 | Q14: 390 | R14: 391
B15: Lima | C15: 4575 | D15: 4911 | E15: 5099 | F15: 4855 | G15: 4467 | H15: 3352 | I15: 2519 | J15: 3165 | K15: 3829 | L15: 3956 | M15: 3099 | N15: 2452 | O15: 2939 | P15: 2841 | Q15: 2831 | R15: 2694
B16: Ica | C16: 0 | D16: 0 | E16: - | F16: - | G16: - | H16: - | I16: - | J16: - | K16: - | L16: - | M16: - | N16: - | O16: - | P16: - | Q16: - | R16: -
B17: Huánuco | C17: 0 | D17: 0 | E17: - | F17: - | G17: - | H17: - | I17: 247 | J17: 217 | K17: 586 | L17: 568 | M17: 650 | N17: 837 | O17: 978 | P17: 1137 | Q17: 1256 | R17: 1317
B18: Pasco | C18: 3119 | D18: 3180 | E18: 4917 | F18: 5641 | G18: 6186 | H18: 6174 | I18: 7044 | J18: 5939 | K18: 6102 | L18: 6687 | M18: 6847 | N18: 12923 | O18: 13273 | P18: 15428 | Q18: 15701 | R18: 16380
B19: Junín | C19: 3360 | D19: 2740 | E19: 3035 | F19: 2989 | G19: 4024 | H19: 5036 | I19: 8817 | J19: 10245 | K19: 11050 | L19: 12225 | M19: 12240 | N19: 13619 | O19: 14982 | P19: 11575 | Q19: 12751 | R19: 11213
B20: Huancavelica | C20: 26885 | D20: 25401 | E20: 26263 | F20: 26101 | G20: 28126 | H20: 26254 | I20: 28424 | J20: 33367 | K20: 36809 | L20: 38518 | M20: 31243 | N20: 33803 | O20: 30246 | P20: 25355 | Q20: 22349 | R20: 20189.91
B21: Arequipa | C21: 30228 | D21: 34095 | E21: 40960 | F21: 41512 | G21: 46576 | H21: 52215 | I21: 45146 | J21: 55690 | K21: 58999 | L21: 61350 | M21: 50317 | N21: 49467 | O21: 47101 | P21: 41142 | Q21: 37588 | R21: 41394
B22: Moquegua | C22: 3386 | D22: 3209 | E22: 3243 | F22: 2811 | G22: 3661 | H22: 3860 | I22: 4289 | J22: 4477 | K22: 4718 | L22: 3772 | M22: 3332 | N22: 3597 | O22: 4653 | P22: 4610 | Q22: 4117 | R22: 3828
B23: Tacna | C23: 6513 | D23: 6426 | E23: 5465 | F23: 5332 | G23: 5427 | H23: 5516 | I23: 5337 | J23: 5567 | K23: 5493 | L23: 5874 | M23: 5907 | N23: 6258 | O23: 6322 | P23: 7332 | Q23: 7956 | R23: 8252
B24: Ayacucho | C24: 19912 | D24: 16481 | E24: 19620 | F24: 21273 | G24: 22465 | H24: 22429 | I24: 22306 | J24: 23382 | K24: 22130 | L24: 28373 | M24: 30588 | N24: 36425 | O24: 42540 | P24: 41197 | Q24: 44781 | R24: 35844
B25: Apurímac | C25: 16330 | D25: 16943 | E25: 17667 | F25: 17727 | G25: 17528 | H25: 17350 | I25: 16583 | J25: 23290 | K25: 23047 | L25: 22308 | M25: 22227 | N25: 22667 | O25: 22936 | P25: 22643 | Q25: 22860 | R25: 22604.525
B26: Cusco | C26: 31443 | D26: 36943 | E26: 43939 | F26: 48125 | G26: 52407 | H26: 61574 | I26: 72446 | J26: 79000 | K26: 74600 | L26: 77081 | M26: 81857 | N26: 83728 | O26: 83906 | P26: 85680 | Q26: 90127 | R26: 89538
B27: Puno | C27: 175100 | D27: 179170 | E27: 184020 | F27: 188485 | G27: 196200 | H27: 205450 | I27: 209920 | J27: 210202 | K27: 214910 | L27: 219895 | M27: 196647 | N27: 207168 | O27: 207665 | P27: 209884 | Q27: 209199 | R27: 209190
B28: San Martín | C28: 0 | D28: 0 | E28: - | F28: - | G28: - | H28: - | I28: - | J28: - | K28: - | L28: - | M28: - | N28: - | O28: - | P28: - | Q28: - | R28: -
B29: Loreto | C29: 0 | D29: 0 | E29: - | F29: - | G29: - | H29: - | I29: - | J29: - | K29: - | L29: - | M29: - | N29: - | O29: - | P29: - | Q29: - | R29: -
B30: Ucayali | C30: 0 | D30: 0 | E30: - | F30: - | G30: - | H30: - | I30: - | J30: - | K30: - | L30: - | M30: - | N30: - | O30: - | P30: - | Q30: - | R30: -
B31: Madre de Dios | C31: 0 | D31: 0 | E31: - | F31: - | G31: - | H31: - | I31: - | J31: - | K31: - | L31: - | M31: - | N31: - | O31: - | P31: - | Q31: - | R31: -
A32: P Preliminar
A33: Fuente: Direcciones Regionales de Agricultura
A34: Elaboración: Ministerio de Desarrollo Agrario y Riego - DGESEP - DEIA

Sheet C 38
A2: C.38 PERÚ: PRODUCCIÓN DE CARNE DE ALPACA POR AÑO, SEGÚN REGIÓN, 2007-2020
A3: (Toneladas)
A5: Región | C5: 2005 | D5: 2006 | E5: 2007 | F5: 2008 | G5: 2009 | H5: 2010 | I5: 2011 | J5: 2012 | K5: 2013 | L5: 2014 | M5: 2015 | N5: 2016 | O5: 2017 | P5: 2018 | Q5: 2020 | R5: 2020 P
A6: Total Nacional | C6: =(C8+C9+C10+C11+C12+C13+C14+C15+C16+C17+C18+C19+C20+C21+C22+C23+C24+C25+C26+C27+C28+C29+C30+C31) -> 8671 | D6: =(D8+D9+D10+D11+D12+D13+D14+D15+D16+D17+D18+D19+D20+D21+D22+D23+D24+D25+D26+D27+D28+D29+D30+D31) -> 8794 | E6: 9366 | F6: 9527 | G6: 10189 | H6: 10761 | I6: 11318 | J6: 11999 | K6: 12169 | L6: 12594 | M6: 11917 | N6: 12445 | O6: 12747 | P6: 12689 | Q6: =SUM(Q11:Q31) -> 12579 | R6: =SUM(R11:R31) -> 12362.63
B8: Tumbes | C8: 0 | D8: 0 | E8: - | F8: - | G8: - | H8: - | I8: - | J8: - | K8: - | L8: - | M8: - | N8: - | O8: - | P8: - | Q8: - | R8: -
B9: Piura | C9: 0 | D9: 0 | E9: - | F9: - | G9: - | H9: - | I9: - | J9: - | K9: - | L9: - | M9: - | N9: - | O9: - | P9: - | Q9: - | R9: -
B10: Lambayeque | C10: 0 | D10: 0 | E10: - | F10: - | G10: - | H10: - | I10: - | J10: - | K10: - | L10: - | M10: - | N10: - | O10: - | P10: - | Q10: - | R10: -
B11: La Libertad | C11: 5 | D11: 6 | E11: 9 | F11: 11 | G11: 11 | H11: 14 | I11: 17 | J11: 22 | K11: 21 | L11: 25 | M11: 27 | N11: 29 | O11: 35 | P11: 39 | Q11: 43 | R11: 43.434243
B12: Cajamarca | C12: 0 | D12: 0 | E12: - | F12: - | G12: - | H12: - | I12: - | J12: - | K12: - | L12: - | M12: - | N12: - | O12: - | P12: - | Q12: - | R12: -
B13: Amazonas | C13: 0 | D13: 0 | E13: - | F13: - | G13: - | H13: - | I13: - | J13: - | K13: - | L13: - | M13: - | N13: - | O13: - | P13: - | Q13: - | R13: -
B14: Ancash | C14: 13 | D14: 11 | E14: 18 | F14: 11 | G14: 13 | H14: 11 | I14: 10 | J14: 7 | K14: 10 | L14: 10 | M14: 10 | N14: 7 | O14: 10 | P14: 11 | Q14: 11 | R14: 10.036891
B15: Lima | C15: 138 | D15: 145 | E15: 152 | F15: 144 | G15: 129 | H15: 102 | I15: 81 | J15: 94 | K15: 119 | L15: 124 | M15: 100 | N15: 71 | O15: 80 | P15: 76 | Q15: 76 | R15: 73.473435
B16: Ica | C16: 0 | D16: 0 | E16: - | F16: - | G16: - | H16: - | I16: - | J16: - | K16: - | L16: - | M16: - | N16: - | O16: - | P16: - | Q16: - | R16: -
B17: Huánuco | C17: 0 | D17: 0 | E17: - | F17: - | G17: - | H17: - | I17: 5 | J17: 5 | K17: 16 | L17: 16 | M17: 19 | N17: 22 | O17: 26 | P17: 34 | Q17: 34 | R17: 34.68104
B18: Pasco | C18: 97 | D18: 93 | E18: 137 | F18: 141 | G18: 160 | H18: 153 | I18: 171 | J18: 146 | K18: 149 | L18: 162 | M18: 173 | N18: 312 | O18: 321 | P18: 361 | Q18: 361 | R18: 358.66016
B19: Junín | C19: 94 | D19: 77 | E19: 86 | F19: 81 | G19: 90 | H19: 110 | I19: 196 | J19: 228 | K19: 242 | L19: 265 | M19: 264 | N19: 290 | O19: 321 | P19: 281 | Q19: 281 | R19: 251.0172
B20: Huancavelica | C20: 694 | D20: 654 | E20: 676 | F20: 660 | G20: 702 | H20: 677 | I20: 831 | J20: 864 | K20: 934 | L20: 954 | M20: 831 | N20: 781 | O20: 783 | P20: 564 | Q20: 564 | R20: 524.92304
B21: Arequipa | C21: 843 | D21: 916 | E21: 996 | F21: 1005 | G21: 1196 | H21: 1287 | I21: 1294 | J21: 1389 | K21: 1439 | L21: 1529 | M21: 1233 | N21: 1209 | O21: 1189 | P21: 926 | Q21: 926 | R21: 1016.1709
B22: Moquegua | C22: 112 | D22: 106 | E22: 103 | F22: 90 | G22: 112 | H22: 117 | I22: 129 | J22: 130 | K22: 134 | L22: 114 | M22: 103 | N22: 110 | O22: 145 | P22: 127 | Q22: 127 | R22: 119.56921
B23: Tacna | C23: 210 | D23: 189 | E23: 159 | F23: 158 | G23: 157 | H23: 156 | I23: 152 | J23: 159 | K23: 166 | L23: 177 | M23: 171 | N23: 177 | O23: 182 | P23: 226 | Q23: 226 | R23: 234.88195
B24: Ayacucho | C24: 502 | D24: 430 | E24: 531 | F24: 562 | G24: 607 | H24: 586 | I24: 567 | J24: 598 | K24: 578 | L24: 735 | M24: 807 | N24: 973 | O24: 1132 | P24: 1193 | Q24: 1193 | R24: 964.6155
B25: Apurímac | C25: 392 | D25: 396 | E25: 432 | F25: 405 | G25: 413 | H25: 405 | I25: 432 | J25: 598 | K25: 573 | L25: 568 | M25: 562 | N25: 570 | O25: 569 | P25: 556 | Q25: 556 | R25: 548.2904
B26: Cusco | C26: 952 | D26: 1095 | E26: 1240 | F26: 1316 | G26: 1417 | H26: 1622 | I26: 1809 | J26: 2074 | K26: 1891 | L26: 1954 | M26: 2209 | N26: 2265 | O26: 2267 | P26: 2397 | Q26: 2397 | R26: 2385.7074
B27: Puno | C27: 4619 | D27: 4676 | E27: 4828 | F27: 4943 | G27: 5179 | H27: 5520 | I27: 5624 | J27: 5685 | K27: 5897 | L27: 5961 | M27: 5407 | N27: 5627 | O27: 5687 | P27: 5784 | Q27: 5784 | R27: 5797.1685
B28: San Martín | C28: 0 | D28: 0 | E28: - | F28: - | G28: - | H28: - | I28: - | J28: - | K28: - | L28: - | M28: - | N28: - | O28: - | P28: - | Q28: - | R28: -
B29: Loreto | C29: 0 | D29: 0 | E29: - | F29: - | G29: - | H29: - | I29: - | J29: - | K29: - | L29: - | M29: - | N29: - | O29: - | P29: - | Q29: - | R29: -
B30: Ucayali | C30: 0 | D30: 0 | E30: - | F30: - | G30: - | H30: - | I30: - | J30: - | K30: - | L30: - | M30: - | N30: - | O30: - | P30: - | Q30: - | R30: -
B31: Madre de Dios | C31: 0 | D31: 0 | E31: - | F31: - | G31: - | H31: - | I31: - | J31: - | K31: - | L31: - | M31: - | N31: - | O31: - | P31: - | Q31: - | R31: -
A32: P Preliminar
A33: Fuente: Direcciones Regionales de Agricultura
A34: Elaboración: Ministerio de Desarrollo Agrario y Riego - DGESEP - DEIA

Sheet C 39
A2: C.39 PERÚ: PRECIO RECIBIDO POR EL PRODUCTOR DE ALPACAS POR AÑO, SEGÚN REGIÓN, 2007-2020
A3: (Soles x Kg)
A5: Región | C5: 2005 | D5: 2006 | E5: 2007 | F5: 2008 | G5: 2009 | H5: 2010 | I5: 2011 | J5: 2012 | K5: 2013 | L5: 2014 | M5: 2015 | N5: 2016 | O5: 2017 | P5: 2018 | Q5: 2020 | R5: 2020 P
A6: Promedio | C6: 2.61 | D6: 2.51 | E6: 2.5 | F6: 2.91 | G6: 3.13 | H6: 3.43 | I6: 3.65 | J6: 4.03 | K6: 4.43 | L6: 4.78 | M6: 4.64 | N6: 4.83 | O6: 4.92 | P6: 4.96 | Q6: 4.94 | R6: 4.9972372
B8: Tumbes | C8: - | D8: - | E8: - | F8: - | G8: - | H8: - | I8: - | J8: - | K8: - | L8: - | M8: - | N8: - | O8: - | P8: - | Q8: - | R8: -
B9: Piura | C9: - | D9: - | E9: - | F9: - | G9: - | H9: - | I9: - | J9: - | K9: - | L9: - | M9: - | N9: - | O9: - | P9: - | Q9: - | R9: -
B10: Lambayeque | C10: - | D10: - | E10: - | F10: - | G10: - | H10: - | I10: - | J10: - | K10: - | L10: - | M10: - | N10: - | O10: - | P10: - | Q10: - | R10: -
B11: La Libertad | C11: 2.56 | D11: 2.6 | E11: 2.18 | F11: 2.72 | G11: 2.93 | H11: 2.92 | I11: 3.11 | J11: 3.07 | K11: 3.07 | L11: 4.67 | M11: 4.7 | N11: 4.56 | O11: 4.68 | P11: 4.57 | Q11: 4.63 | R11: 4.6072105
B12: Cajamarca | C12: - | D12: - | E12: - | F12: - | G12: - | H12: - | I12: - | J12: - | K12: - | L12: - | M12: - | N12: - | O12: - | P12: - | Q12: - | R12: -
B13: Amazonas | C13: - | D13: - | E13: - | F13: - | G13: - | H13: - | I13: - | J13: - | K13: - | L13: - | M13: - | N13: - | O13: - | P13: - | Q13: - | R13: -
