Workbook
Name \c: #REF!
Name \x: 'C 5'!#REF!
Name \x: #REF!
Name A: 'C 5'!$W$20:$DB$20
Name A: #REF!
Name A_IMPRESION_IM: 'C 91 - 99'!#REF!
Name A_IMPRESION_IM: #REF!
Name A_impresión_IM: 'C 100 - 101'!$A$1:$K$54
Name A_impresión_IM: 'C 102 - 103'!$A$1:$I$45
Name A_impresión_IM: 'C 104-105'!$A$1:$K$55
Name A_impresión_IM: 'C 106 - 107'!$A$1:$H$45
Name A_impresión_IM: 'C 108 - 109 '!#REF!
Name A_IMPRESIÓN_IM: [1]CYPPOLLO!#REF!
Name A_IMPRESIÓN_IM: [1]CYPPOLLO!#REF!
Name A_IMPRESIÓN_IM: [1]CYPPOLLO!#REF!
Name A_impresión_IM: #REF!
Name A_impresión_IM: 'C 90'!$A$1:$D$44
Name A_IMPRESIÓN_IM: 'C 91 - 99'!$A$3:$DH$40
Name A_IMPRESIÓN_IM: [1]CYPPOLLO!#REF!
Name A_impresión_IM: #REF!
Name A_impresión_IM: 'C-88'!$A$1:$D$44
Name A_impresión_IM: 'C-89'!$A$1:$D$44
Name A_impresión_IM: #REF!

Sheet 1. INDICADORES ECONÓMICOS

Sheet C 1 - C 2 - C 3
A2: C.1 PERÚ: EVOLUCIÓN DEL VALOR BRUTO DE LA PRODUCCIÓN (VBP) AGROPECUARIA POR AÑO, SEGÚN SUB SECTORES Y PRINCIPALES ESPECIES | AQ2: Tasa
A3: Y PRODUCTOS PECUARIOS, 2007-2021
A4: (Millones de soles a precios 2007) | AQ4: Crec.
A6: Sector / Producto | C6: 2000 | D6: 2001 | E6: 2002 | F6: 2003 | G6: 2004 | H6: 2005 | I6: 2006 | J6: 2007 | K6: 2008 | L6: 2009 | M6: 2010 | N6: 2011 | O6: 2012 | P6: 2013 | Q6: 2014 | R6: 2015 | S6: 2016 | T6: 2017 | U6: 2018 | V6: 2019 | W6: 2020P | X6: 2021P | Y6: Var. % 21/20
A7: Sector agropecuario | C7: 17474.3 | D7: 17601.8 | E7: 18603.6 | F7: 18969.3 | G7: 19096 | H7: 20511.9 | I7: 22151.7 | J7: 22808.2 | K7: 24741.8 | L7: 25379.1 | M7: 26407.4 | N7: 27861.2 | O7: 29538.1 | P7: 30131.9 | Q7: 30698.2 | R7: 31894 | S7: 32592.3 | T7: 33502.4 | U7: 36117.6 | V7: 37417.505 | W7: 37800.561 | X7: 39405.013 | Y7: =((X7/W7)-1)*100 -> 4.244521 | AQ7: 3.9
A8: Subsector agrícola | C8: 11577.1 | D8: 11537.3 | E8: 12282.8 | F8: 12444.9 | G8: 12391.7 | H8: 13289.3 | I8: 14340.7 | J8: 14533.2 | K8: 15862.1 | L8: 15991.2 | M8: 16616 | N8: 17377.3 | O8: 18471.3 | P8: 18672.8 | Q8: 18833.5 | R8: 19407.9 | S8: 19601 | T8: 20149 | U8: 22019.3 | V8: 22754.466 | W8: 23395.877 | X8: 24712.508 | Y8: =((X8/W8)-1)*100 -> 5.6276175 | AQ8: 3.3
A9: Subsector pecuario | C9: 5897.2 | D9: 6064.5 | E9: 6320.8 | F9: 6524.4 | G9: 6704.3 | H9: 7222.6 | I9: 7811 | J9: 8275 | K9: 8879.7 | L9: 9387.9 | M9: 9791.4 | N9: 10483.9 | O9: 11066.7 | P9: 11459.1 | Q9: 11864.7 | R9: 12486.1 | S9: 12991.3 | T9: 13353.4 | U9: 14098.3 | V9: 14663.039 | W9: 14404.683 | X9: 14692.505 | Y9: =((X9/W9)-1)*100 -> 1.9981158 | AQ9: 4.9
B11: Industria avícola 1 | C11: =SUM(C12:C14) -> 2892.6 | D11: =SUM(D12:D14) -> 2958.5 | E11: =SUM(E12:E14) -> 3140.9 | F11: =SUM(F12:F14) -> 3262.9 | G11: =SUM(G12:G14) -> 3280.1 | H11: =SUM(H12:H14) -> 3623.2 | I11: =SUM(I12:I14) -> 4017.6 | J11: =J12+J14 -> 4330.6 | K11: =K12+K14 -> 4847.7 | L11: =L12+L14 -> 5254.6 | M11: =M12+M14 -> 5560.1 | N11: =N12+N14 -> 6092.8 | O11: =O12+O14 -> 6526.6 | P11: =P12+P14 -> 6835.4 | Q11: =Q12+Q14 -> 7152.1 | ... X11: =X12+X14 -> 9593.4758 | Y11: =((X11/W11)-1)*100 -> 1.5810271 | AQ11: 6.5
A12: 1 | B12: Ave | C12: 2340.6 | D12: 2376.6 | E12: 2551.2 | F12: 2651.8 | G12: 2655 | H12: 2983.5 | I12: 3259.4 | J12: 3534.8 | K12: 4024.4 | L12: 4424.6 | M12: 4679.4 | N12: 5111.6 | O12: 5556.6 | P12: 5754.9 | Q12: 6044.3 | R12: 6531.3 | S12: 6945.9 | T12: 7199.8 | U12: 7742.8 | V12: 8087.8781 | W12: 7907.3051 | X12: 8036.2737 | Y12: =((X12/W12)-1)*100 -> 1.6310055 | AQ12: 6.8
B13: Pollo | J13: 3273.1 | K13: 3727.9 | L13: 4121.7 | M13: 4362.7 | N13: 4582.9 | O13: 5195.8 | P13: 5394.3 | Q13: 5657.9 | R13: 6101.3 | S13: 6448.2 | T13: 6719.3 | U13: 7257.1 | V13: 7579.0435 | W13: 7415.882 | X13: 7520.4687 | Y13: =((X13/W13)-1)*100 -> 1.4103066
B14: Huevo de Gallina | C14: 552 | D14: 581.9 | E14: 589.7 | F14: 611.1 | G14: 625.1 | H14: 639.7 | I14: 758.2 | J14: 795.8 | K14: 823.3 | L14: 830 | M14: 880.7 | N14: 981.2 | O14: 970 | P14: 1080.5 | Q14: 1107.8 | R14: 1193.1 | S14: 1238.6 | T14: 1283 | U14: 1397 | V14: 1508.9284 | W14: 1536.8559 | X14: 1557.2021 | Y14: =((X14/W14)-1)*100 -> 1.3238826 | AQ14: 5.1
A15: 2 | B15: Ovino | C15: 378.7 | D15: 388.4 | E15: 383.2 | F15: 389.2 | G15: 410.8 | H15: 410.6 | I15: 413.3 | J15: 412.5 | K15: 406.5 | L15: 407.8 | M15: 410.4 | N15: 417.6 | O15: 430.3 | P15: 425.5 | Q15: 419.6 | R15: 404.2 | S15: 413.9 | T15: 407.8 | U15: 410.4 | V15: 411.76818 | W15: 395.15458 | X15: 405.4087 | Y15: =((X15/W15)-1)*100 -> 2.5949651 | AQ15: 0.4
A16: 3 | B16: Porcino | C16: 433.8 | D16: 442.2 | E16: 438.5 | F16: 439.5 | G16: 468.6 | H16: 494 | I16: 516.6 | J16: 542.7 | K16: 545.9 | L16: 543.6 | M16: 548.1 | N16: 557.2 | O16: 579.8 | P16: 605 | Q16: 641.6 | R16: 677.3 | S16: 708 | T16: 747.5 | U16: 781.6 | V16: 821.01301 | W16: 805.12164 | X16: 834.71251 | Y16: =((X16/W16)-1)*100 -> 3.6753299 | AQ16: 3.3
A17: 4 | B17: Vacuno | C17: 1114.1 | D17: 1114.3 | E17: 1147.4 | F17: 1174.2 | G17: 1227.9 | H17: 1304.4 | I17: 1382.1 | J17: 1396.3 | K17: 1397 | L17: 1408.9 | M17: 1470.2 | N17: 1531.9 | O17: 1596.3 | P17: 1651.6 | Q17: 1678.5 | R17: 1676.7 | S17: 1648.4 | T17: 1614.4 | U17: 1622.7 | V17: 1650.2126 | W17: 1573.4119 | X17: 1624.5795 | Y17: =((X17/W17)-1)*100 -> 3.2520143 | AQ17: 2.2
A18: 5 | B18: Caprino | C18: 57.6 | D18: 54.4 | E18: 53.3 | F18: 57.9 | G18: 59.5 | H18: 60.8 | I18: 62.3 | J18: 61.5 | K18: 59 | L18: 56.6 | M18: 56.4 | N18: 56.5 | O18: 57.4 | P18: 59.2 | Q18: 56.7 | R18: 54.3 | S18: 53.6 | T18: 50.5 | U18: 45.7 | V18: 46.913211 | W18: 1573.4119 | X18: 1624.5795 | Y18: =((X18/W18)-1)*100 -> 3.2520143 | AQ18: -0.7
A19: 6 | B19: Alpaca | C19: 130.1 | D19: 137.3 | E19: 147.3 | F19: 146 | G19: 148.2 | H19: 154.4 | I19: 156.5 | J19: 166.7 | K19: 169.6 | L19: 181.4 | M19: 191.6 | N19: 201.5 | O19: 213.6 | P19: 216.6 | Q19: 224.2 | R19: 212.1 | S19: 221.5 | T19: 226.9 | U19: 225.9 | V19: 223.9348 | W19: 45.580929 | X19: 45.495875 | Y19: =((X19/W19)-1)*100 -> -0.18660049 | AQ19: 3.3
A20: 7 | B20: Llama | C20: 25.2 | D20: 25.5 | E20: 25.5 | F20: 27.5 | G20: 29.1 | H20: 30.4 | I20: 30.3 | J20: 31.9 | K20: 31.3 | L20: 32.9 | M20: 32.1 | N20: 33.4 | O20: 34.3 | P20: 32.9 | Q20: 32.9 | R20: 31.4 | S20: 31.3 | T20: 31.6 | U20: 31.5 | V20: 30.317809 | W20: 220.07176 | X20: 223.96327 | Y20: =((X20/W20)-1)*100 -> 1.7682919 | AQ20: 1.3
A21: 9 | B21: Leche Fresca de Vaca | C21: 750.6 | D21: 822.4 | E21: 873.8 | F21: 918.1 | G21: 968.1 | H21: 1027.8 | I21: 1119.3 | J21: 1209.8 | K21: 1301 | L21: 1372.9 | M21: 1394.7 | N21: 1458.8 | O21: 1488 | P21: 1502.3 | Q21: 1529.2 | R21: 1581.5 | S21: 1624 | T21: 1673.4 | U21: 1717.8 | V21: 1762.855 | W21: 1774.9174 | X21: 1815.6804 | Y21: =((X21/W21)-1)*100 -> 2.2966172 | AQ21: 4.8
A22: 10 | B22: Fibra Alpaca | C22: 57 | D22: 62.3 | E22: 58 | F22: 56.9 | G22: 59.6 | H22: 66 | I22: 64.3 | J22: 71.4 | K22: 73.7 | L22: 80.4 | M22: 79.8 | N22: 85.5 | O22: 88 | P22: 81 | Q22: 82.2 | R22: 81.4 | S22: 82.7 | T22: 79.1 | U22: 83.9 | V22: 81.647227 | W22: 79.78887 | X22: 80.735847 | Y22: =((X22/W22)-1)*100 -> 1.1868538 | AQ22: 1.9
A23: 11 | B23: Fibra Llama | C23: 4.6 | D23: 4.7 | E23: 3.8 | F23: 3.9 | G23: 3.8 | H23: 3.7 | I23: 3.8 | J23: 4.5 | K23: 4.3 | L23: 4.3 | M23: 3.9 | N23: 4.2 | O23: 4.6 | P23: 4.4 | Q23: 4.6 | R23: 4 | S23: 4.1 | T23: 4.2 | U23: 4 | V23: 4.0275383 | W23: 4.0731775 | X23: 4.1239382 | Y23: =((X23/W23)-1)*100 -> 1.2462175 | AQ23: -0.5
A24: 12 | B24: Lana Ovino | C24: 53.5 | D24: 54.4 | E24: 48.9 | F24: 49 | G24: 48.6 | H24: 47.2 | I24: 44.9 | J24: 47.2 | K24: 43.6 | L24: 44.5 | M24: 44.2 | N24: 44.5 | O24: 47.7 | P24: 45 | Q24: 43.2 | R24: 38.8 | S24: 40.5 | T24: 35.2 | U24: 34.9 | V24: 33.542736 | W24: 32.314588 | X24: 33.283412 | Y24: =((X24/W24)-1)*100 -> 2.9981019 | AQ24: -2.4
A25: P Preliminar
A26: 1 Considera ave y huevo de gallina
A27: Fuente: Direcciones Regionales de Agricultura
A28: Elaboración: Ministerio de Desarrollo Agrario y Riego - DGESEP - DEIA
A30: C.2 PERÚ: PARTICIPACIÓN POR AÑO, SEGÚN SUB SECTORES Y PRINCIPALES ESPECIES Y PRODUCTOS PECUARIOS EN EL VALOR BRUTO, 2007-2021
A31: (%)
A33: Sector / Producto | C33: 2000 | D33: 2001 | E33: 2002 | F33: 2003 | G33: 2004 | H33: 2005 | I33: 2006 | J33: 2007 | K33: 2008 | L33: 2009 | M33: 2010 | N33: 2011 | O33: 2012 | P33: 2013 | Q33: 2014 | R33: 2015 | S33: 2016 | T33: 2017 | U33: 2018 | V33: 2019 | W33: 2020P | X33: 2021P
A34: Sector agropecuario | C34: =C7/$C$7*100 -> 100 | D34: =D7/$D$7*100 -> 100 | E34: =E7/$E$7*100 -> 100 | F34: =F7/$F$7*100 -> 100 | G34: =G7/$G$7*100 -> 100 | H34: =H7/$H$7*100 -> 100 | I34: =I7/$I$7*100 -> 100 | J34: =J7/$J$7*100 -> 100 | K34: =K7/$K$7*100 -> 100 | L34: =L7/$L$7*100 -> 100 | M34: =M7/$M$7*100 -> 100 | N34: =N7/$N$7*100 -> 100 | O34: =O7/$O$7*100 -> 100 | P34: =P7/$P$7*100 -> 100 | Q34: =Q7/$Q$7*100 -> 100 | R34: =R7/$R$7*100 -> 100 | S34: =S7/$S$7*100 -> 100 | T34: =T7/$T$7*100 -> 100 | U34: =U7/$U$7*100 -> 100 | V34: =V7/$V$7*100 -> 100 | W34: =W7/$W$7*100 -> 100 | X34: =X7/X$7*100 -> 100
A35: Subsector agrícola | C35: =C8/$C$7*100 -> 66.252153 | D35: =D8/$D$7*100 -> 65.546137 | E35: =E8/$E$7*100 -> 66.02378 | F35: =F8/$F$7*100 -> 65.605478 | G35: =G8/$G$7*100 -> 64.8916 | H35: =H8/$H$7*100 -> 64.788245 | I35: =I8/$I$7*100 -> 64.738598 | J35: =J8/$J$7*100 -> 63.719189 | K35: =K8/$K$7*100 -> 64.110534 | L35: =L8/$L$7*100 -> 63.009327 | M35: =M8/$M$7*100 -> 62.921757 | N35: =N8/$N$7*100 -> 62.370968 | O35: =O8/$O$7*100 -> 62.533812 | P35: =P8/$P$7*100 -> 61.970204 | Q35: =Q8/$Q$7*100 -> 61.350503 | R35: =R8/$R$7*100 -> 60.851257 | S35: =S8/$S$7*100 -> 60.139972 | T35: =T8/$T$7*100 -> 60.14196 | U35: =U8/$U$7*100 -> 60.965568 | V35: =V8/$V$7*100 -> 60.812356 | W35: =W8/$W$7*100 -> 61.892938 | X35: =X8/X$7*100 -> 62.714121
A36: Subsector pecuario | C36: =C9/$C$7*100 -> 33.747847 | D36: =D9/$D$7*100 -> 34.453863 | E36: =E9/$E$7*100 -> 33.97622 | F36: =F9/$F$7*100 -> 34.394522 | G36: =G9/$G$7*100 -> 35.1084 | H36: =H9/$H$7*100 -> 35.211755 | I36: =I9/$I$7*100 -> 35.261402 | J36: =J9/$J$7*100 -> 36.280811 | K36: =K9/$K$7*100 -> 35.889466 | L36: =L9/$L$7*100 -> 36.990673 | M36: =M9/$M$7*100 -> 37.078243 | N36: =N9/$N$7*100 -> 37.629032 | O36: =O9/$O$7*100 -> 37.465849 | P36: =P9/$P$7*100 -> 38.029796 | Q36: =Q9/$Q$7*100 -> 38.649497 | R36: =R9/$R$7*100 -> 39.148743 | S36: =S9/$S$7*100 -> 39.860028 | T36: =T9/$T$7*100 -> 39.85804 | U36: =U9/$U$7*100 -> 39.034432 | V36: =V9/$V$7*100 -> 39.187644 | W36: =W9/$W$7*100 -> 38.107062 | X36: =X9/X$7*100 -> 37.285879
B38: Industria avícola 1 | C38: =C11/$C$7*100 -> 16.553453 | D38: =D11/$D$7*100 -> 16.80794 | E38: =E11/$E$7*100 -> 16.883291 | F38: =F11/$F$7*100 -> 17.200951 | G38: =G11/$G$7*100 -> 17.176896 | H38: =H11/$H$7*100 -> 17.663893 | I38: =I11/$I$7*100 -> 18.136757 | J38: =J11/$J$7*100 -> 18.987031 | K38: =K11/$K$7*100 -> 19.593158 | L38: =L11/$L$7*100 -> 20.704438 | M38: =M11/$M$7*100 -> 21.055083 | N38: =N11/$N$7*100 -> 21.868405 | O38: =O11/$O$7*100 -> 22.095531 | P38: =P11/$P$7*100 -> 22.684929 | Q38: =Q11/$Q$7*100 -> 23.298109 | R38: =R11/$R$7*100 -> 24.218975 | S38: =S11/$S$7*100 -> 25.11176 | T38: =T11/$T$7*100 -> 25.319977 | U38: =U11/$U$7*100 -> 25.305668 | V38: =V11/$V$7*100 -> 25.647906 | W38: =W11/$W$7*100 -> 24.984182 | X38: =X11/$X$7*100 -> 24.345825
B39: Ave | C39: =C12/$C$7*100 -> 13.394528 | D39: =D12/$D$7*100 -> 13.502028 | E39: =E12/$E$7*100 -> 13.713475 | F39: =F12/$F$7*100 -> 13.97943 | G39: =G12/$G$7*100 -> 13.903435 | H39: =H12/$H$7*100 -> 14.545215 | I39: =I12/$I$7*100 -> 14.713995 | J39: =J12/$J$7*100 -> 15.497935 | K39: =K12/$K$7*100 -> 16.265591 | L39: =L12/$L$7*100 -> 17.43403 | M39: =M12/$M$7*100 -> 17.720033 | N39: =N12/$N$7*100 -> 18.346661 | O39: =O12/$O$7*100 -> 18.811636 | P39: =P12/$P$7*100 -> 19.099028 | Q39: =Q12/$Q$7*100 -> 19.689428 | R39: =R12/$R$7*100 -> 20.478146 | S39: =S12/$S$7*100 -> 21.311475 | T39: =T12/$T$7*100 -> 21.490401 | U39: =U12/$U$7*100 -> 21.437748 | V39: =V12/$V$7*100 -> 21.615226 | W39: =W12/$W$7*100 -> 20.918486 | X39: =X12/$X$7*100 -> 20.394039
B40: Pollo | J40: =J13/$J$7*100 -> 14.350541 | K40: =K13/$K$7*100 -> 15.067214 | L40: =L13/$L$7*100 -> 16.240529 | M40: =M13/$M$7*100 -> 16.520748 | N40: =N13/$N$7*100 -> 16.44904 | O40: =O13/$O$7*100 -> 17.590163 | P40: =P13/$P$7*100 -> 17.90229 | Q40: =Q13/$Q$7*100 -> 18.430722 | R40: =R13/$R$7*100 -> 19.12993 | S40: =S13/$S$7*100 -> 19.784428 | T40: =T13/$T$7*100 -> 20.056175 | U40: =U13/$U$7*100 -> 20.092974 | V40: =V13/$V$7*100 -> 20.255342 | W40: =W13/$W$7*100 -> 19.618445 | X40: =X13/$X$7*100 -> 19.085056
A41: 1 | B41: Huevo de Gallina | C41: =C14/$C$7*100 -> 3.1589248 | D41: =D14/$D$7*100 -> 3.3059119 | E41: =E14/$E$7*100 -> 3.1698166 | F41: =F14/$F$7*100 -> 3.2215211 | G41: =G14/$G$7*100 -> 3.2734604 | H41: =H14/$H$7*100 -> 3.1186775 | I41: =I14/$I$7*100 -> 3.4227621 | J41: =J14/$J$7*100 -> 3.489096 | K41: =K14/$K$7*100 -> 3.3275671 | L41: =L14/$L$7*100 -> 3.2704075 | M41: =M14/$M$7*100 -> 3.33505 | N41: =N14/$N$7*100 -> 3.5217435 | O41: =O14/$O$7*100 -> 3.2838944 | P41: =P14/$P$7*100 -> 3.5859007 | Q41: =Q14/$Q$7*100 -> 3.6086806 | R41: =R14/$R$7*100 -> 3.740829 | S41: =S14/$S$7*100 -> 3.8002841 | T41: =T14/$T$7*100 -> 3.8295764 | U41: =U14/$U$7*100 -> 3.8679203 | V41: =V14/$V$7*100 -> 4.0326805 | W41: =W14/$W$7*100 -> 4.0656961 | X41: =X14/$X$7*100 -> 3.9517867
B42: Ovino | C42: =C15/$C$7*100 -> 2.1671827 | D42: =D15/$D$7*100 -> 2.2065925 | E42: =E15/$E$7*100 -> 2.0598164 | F42: =F15/$F$7*100 -> 2.0517362 | G42: =G15/$G$7*100 -> 2.1512359 | H42: =H15/$H$7*100 -> 2.0017648 | I42: =I15/$I$7*100 -> 1.865771 | J42: =J15/$J$7*100 -> 1.8085601 | K42: =K15/$K$7*100 -> 1.6429686 | L42: =L15/$L$7*100 -> 1.606834 | M42: =M15/$M$7*100 -> 1.5541098 | N42: =N15/$N$7*100 -> 1.4988586 | O42: =O15/$O$7*100 -> 1.4567626 | P42: =P15/$P$7*100 -> 1.4121247 | Q42: =Q15/$Q$7*100 -> 1.3668554 | R42: =R15/$R$7*100 -> 1.267323 | S42: =S15/$S$7*100 -> 1.2699319 | T42: =T15/$T$7*100 -> 1.2172262 | U42: =U15/$U$7*100 -> 1.1362881 | V42: =V15/$V$7*100 -> 1.1004694 | W42: =W15/$W$7*100 -> 1.045367 | X42: =X15/$X$7*100 -> 1.0288252
B43: Porcino | C43: =C16/$C$7*100 -> 2.4825029 | D43: =D16/$D$7*100 -> 2.5122431 | E43: =E16/$E$7*100 -> 2.3570707 | F43: =F16/$F$7*100 -> 2.3169015 | G43: =G16/$G$7*100 -> 2.4539171 | H43: =H16/$H$7*100 -> 2.4083581 | I43: =I16/$I$7*100 -> 2.3321009 | J43: =J16/$J$7*100 -> 2.3794074 | K43: =K16/$K$7*100 -> 2.2063876 | L43: =L16/$L$7*100 -> 2.1419199 | M43: =M16/$M$7*100 -> 2.0755546 | N43: =N16/$N$7*100 -> 1.9999139 | O43: =O16/$O$7*100 -> 1.9628886 | P43: =P16/$P$7*100 -> 2.0078389 | Q43: =Q16/$Q$7*100 -> 2.0900248 | R43: =R16/$R$7*100 -> 2.1235969 | S43: =S16/$S$7*100 -> 2.1722922 | T43: =T16/$T$7*100 -> 2.2311834 | U43: =U16/$U$7*100 -> 2.1640419 | V43: =V16/$V$7*100 -> 2.194195 | W43: =W16/$W$7*100 -> 2.1299198 | X43: =X16/$X$7*100 -> 2.1182901
B44: Vacuno | C44: =C17/$C$7*100 -> 6.3756488 | D44: =D17/$D$7*100 -> 6.3306026 | E44: =E17/$E$7*100 -> 6.1676235 | F44: =F17/$F$7*100 -> 6.1900017 | G44: =G17/$G$7*100 -> 6.4301424 | H44: =H17/$H$7*100 -> 6.3592354 | I44: =I17/$I$7*100 -> 6.2392503 | J44: =J17/$J$7*100 -> 6.1219211 | K44: =K17/$K$7*100 -> 5.6463151 | L44: =L17/$L$7*100 -> 5.5514183 | M44: =M17/$M$7*100 -> 5.5673788 | N44: =N17/$N$7*100 -> 5.4983274 | O44: =O17/$O$7*100 -> 5.4042068 | P44: =P17/$P$7*100 -> 5.4812342 | Q44: =Q17/$Q$7*100 -> 5.4677473 | R44: =R17/$R$7*100 -> 5.2571016 | S44: =S17/$S$7*100 -> 5.0576363 | T44: =T17/$T$7*100 -> 4.8187593 | U44: =U17/$U$7*100 -> 4.4928234 | V44: =V17/$V$7*100 -> 4.4102691 | W44: =W17/$W$7*100 -> 4.1624036 | X44: =X17/$X$7*100 -> 4.1227736
B45: Caprino | C45: =C18/$C$7*100 -> 0.32962694 | D45: =D18/$D$7*100 -> 0.3090593 | E45: =E18/$E$7*100 -> 0.28650369 | F45: =F18/$F$7*100 -> 0.30523003 | G45: =G18/$G$7*100 -> 0.31158358 | H45: =H18/$H$7*100 -> 0.2964133 | I45: =I18/$I$7*100 -> 0.28124252 | J45: =J18/$J$7*100 -> 0.26963987 | K45: =K18/$K$7*100 -> 0.23846284 | L45: =L18/$L$7*100 -> 0.22301815 | M45: =M18/$M$7*100 -> 0.2135765 | N45: =N18/$N$7*100 -> 0.20279098 | O45: =O18/$O$7*100 -> 0.1943253 | P45: =P18/$P$7*100 -> 0.19646952 | Q45: =Q18/$Q$7*100 -> 0.18470138 | R45: =R18/$R$7*100 -> 0.17025146 | S45: =S18/$S$7*100 -> 0.16445602 | T45: =T18/$T$7*100 -> 0.15073547 | U45: =U18/$U$7*100 -> 0.12653111 | V45: =V18/$V$7*100 -> 0.12537771 | W45: =W18/$W$7*100 -> 4.1624036 | X45: =X18/$X$7*100 -> 4.1227736
B46: Alpaca | C46: =C19/$C$7*100 -> 0.74452196 | D46: =D19/$D$7*100 -> 0.78003386 | E46: =E19/$E$7*100 -> 0.79178224 | F46: =F19/$F$7*100 -> 0.76966467 | G46: =G19/$G$7*100 -> 0.77607876 | H46: =H19/$H$7*100 -> 0.75273378 | I46: =I19/$I$7*100 -> 0.70649205 | J46: =J19/$J$7*100 -> 0.73087749 | K46: =K19/$K$7*100 -> 0.68547963 | L46: =L19/$L$7*100 -> 0.71476136 | M46: =M19/$M$7*100 -> 0.7255542 | N46: =N19/$N$7*100 -> 0.723228 | O46: =O19/$O$7*100 -> 0.72313385 | P46: =P19/$P$7*100 -> 0.7188395 | Q46: =Q19/$Q$7*100 -> 0.73033598 | R46: =R19/$R$7*100 -> 0.66501536 | S46: =S19/$S$7*100 -> 0.67960837 | T46: =T19/$T$7*100 -> 0.67726491 | U46: =U19/$U$7*100 -> 0.62545684 | V46: =V19/$V$7*100 -> 0.59847604 | W46: =W19/$W$7*100 -> 0.12058268 | X46: =X19/$X$7*100 -> 0.11545707
B47: Llama | C47: =C20/$C$7*100 -> 0.14421179 | D47: =D20/$D$7*100 -> 0.14487155 | E47: =E20/$E$7*100 -> 0.13707024 | F47: =F20/$F$7*100 -> 0.14497108 | G47: =G20/$G$7*100 -> 0.15238793 | H47: =H20/$H$7*100 -> 0.14820665 | I47: =I20/$I$7*100 -> 0.13678408 | J47: =J20/$J$7*100 -> 0.13986198 | K47: =K20/$K$7*100 -> 0.12650656 | L47: =L20/$L$7*100 -> 0.12963423 | M47: =M20/$M$7*100 -> 0.12155684 | N47: =N20/$N$7*100 -> 0.11987998 | O47: =O20/$O$7*100 -> 0.11612121 | P47: =P20/$P$7*100 -> 0.10918661 | Q47: =Q20/$Q$7*100 -> 0.10717241 | R47: =R20/$R$7*100 -> 0.098451119 | S47: =S20/$S$7*100 -> 0.096034953 | T47: =T20/$T$7*100 -> 0.094321601 | U47: =U20/$U$7*100 -> 0.087215097 | V47: =V20/$V$7*100 -> 0.081025736 | W47: =W20/$W$7*100 -> 0.58219178 | X47: =X20/$X$7*100 -> 0.56836237
B48: Leche Fresca de Vaca | C48: =C21/$C$7*100 -> 4.295451 | D48: =D21/$D$7*100 -> 4.6722494 | E48: =E21/$E$7*100 -> 4.6969404 | F48: =F21/$F$7*100 -> 4.8399256 | G48: =G21/$G$7*100 -> 5.0696481 | H48: =H21/$H$7*100 -> 5.0107499 | I48: =I21/$I$7*100 -> 5.0528853 | J48: =J21/$J$7*100 -> 5.3042327 | K48: =K21/$K$7*100 -> 5.2583078 | L48: =L21/$L$7*100 -> 5.4095693 | M48: =M21/$M$7*100 -> 5.2814741 | N48: =N21/$N$7*100 -> 5.2359554 | O48: =O21/$O$7*100 -> 5.0375617 | P48: =P21/$P$7*100 -> 4.985746 | Q48: =Q21/$Q$7*100 -> 4.9813996 | R48: =R21/$R$7*100 -> 4.9586129 | S48: =S21/$S$7*100 -> 4.982772 | T48: =T21/$T$7*100 -> 4.994866 | U48: =U21/$U$7*100 -> 4.75613 | V48: =V21/$V$7*100 -> 4.711311 | W48: =W21/$W$7*100 -> 4.695479 | X48: =X21/$X$7*100 -> 4.6077397
B49: Fibra Alpaca | C49: =C22/$C$7*100 -> 0.32619332 | D49: =D22/$D$7*100 -> 0.35394107 | E49: =E22/$E$7*100 -> 0.31176761 | F49: =F22/$F$7*100 -> 0.29995835 | G49: =G22/$G$7*100 -> 0.31210725 | H49: =H22/$H$7*100 -> 0.32176444 | I49: =I22/$I$7*100 -> 0.29027118 | J49: =J22/$J$7*100 -> 0.31304531 | K49: =K22/$K$7*100 -> 0.29787647 | L49: =L22/$L$7*100 -> 0.3167961 | M49: =M22/$M$7*100 -> 0.30218802 | N49: =N22/$N$7*100 -> 0.30687838 | O49: =O22/$O$7*100 -> 0.29792031 | P49: =P22/$P$7*100 -> 0.2688181 | Q49: =Q22/$Q$7*100 -> 0.26776814 | R49: =R22/$R$7*100 -> 0.25522042 | S49: =S22/$S$7*100 -> 0.25374091 | T49: =T22/$T$7*100 -> 0.23610249 | U49: =U22/$U$7*100 -> 0.23229672 | V49: =V22/$V$7*100 -> 0.21820597 | W49: =W22/$W$7*100 -> 0.21107854 | X49: =X22/$X$7*100 -> 0.20488725
B50: Fibra Llama | C50: =C23/$C$7*100 -> 0.026324374 | D50: =D23/$D$7*100 -> 0.026701815 | E50: =E23/$E$7*100 -> 0.020426154 | F50: =F23/$F$7*100 -> 0.020559536 | G50: =G23/$G$7*100 -> 0.019899455 | H50: =H23/$H$7*100 -> 0.018038309 | I50: =I23/$I$7*100 -> 0.01715444 | J50: =J23/$J$7*100 -> 0.019729746 | K50: =K23/$K$7*100 -> 0.017379495 | L50: =L23/$L$7*100 -> 0.016943075 | M50: =M23/$M$7*100 -> 0.014768588 | N50: =N23/$N$7*100 -> 0.015074728 | O50: =O23/$O$7*100 -> 0.015573107 | P50: =P23/$P$7*100 -> 0.014602464 | Q50: =Q23/$Q$7*100 -> 0.014984592 | R50: =R23/$R$7*100 -> 0.012541544 | S50: =S23/$S$7*100 -> 0.012579658 | T50: =T23/$T$7*100 -> 0.012536415 | U50: =U23/$U$7*100 -> 0.011074933 | V50: =V23/$V$7*100 -> 0.010763781 | W50: =W23/$W$7*100 -> 0.010775442 | X50: =X23/$X$7*100 -> 0.010465517
A51: 3 | B51: Lana ovino | C51: =C24/$C$7*100 -> 0.30616391 | D51: =D24/$D$7*100 -> 0.3090593 | E51: =E24/$E$7*100 -> 0.26285235 | F51: =F24/$F$7*100 -> 0.25831211 | G51: =G24/$G$7*100 -> 0.25450356 | H51: =H24/$H$7*100 -> 0.23011033 | I51: =I24/$I$7*100 -> 0.20269325 | J51: =J24/$J$7*100 -> 0.20694312 | K51: =K24/$K$7*100 -> 0.17622 | L51: =L24/$L$7*100 -> 0.17534113 | M51: =M24/$M$7*100 -> 0.16737733 | N51: =N24/$N$7*100 -> 0.15972033 | O51: =O24/$O$7*100 -> 0.16148635 | P51: =P24/$P$7*100 -> 0.14934339 | Q51: =Q24/$Q$7*100 -> 0.14072486 | R51: =R24/$R$7*100 -> 0.12165298 | S51: =S24/$S$7*100 -> 0.12426248 | T51: =T24/$T$7*100 -> 0.1050671 | U51: =U24/$U$7*100 -> 0.09662879 | V51: =V24/$V$7*100 -> 0.089644503 | W51: =W24/$W$7*100 -> 0.08548706 | X51: =X24/$X$7*100 -> 0.084464918
A52: P Preliminar
A53: 1 Considera ave y huevo de gallina
A54: Fuente: Direcciones Regionales de Agricultura
A55: Elaboración: Ministerio de Desarrollo Agrario y Riego - DGESEP - DEIA
A57: C.3 PERÚ: EVOLUCIÓN DE LA PRODUCCIÓN PECUARIA POR AÑO, SEGÚN ESPECIE Y PRODUCTO, 2007-2021
A58: (Miles de toneladas)
A60: Especie / Producto | C60: 2000 | D60: 2001 | E60: 2002 | F60: 2003 | G60: 2004 | H60: 2005 | I60: 2006 | J60: 2007 | K60: 2008 | L60: 2009 | M60: 2010 | N60: 2011 | O60: 2012 | P60: 2013 | Q60: 2014 | R60: 2015 | S60: 2016 | T60: 2017 | U60: 2018 | V60: 2019 | W60: 2020P | X60: 2021P
B62: Subsector pecuario
B63: Ave 1 | C63: 622.1 | D63: 631.7 | E63: 678.1 | F63: 704.9 | G63: 705.7 | H63: 793 | I63: 866.4 | J63: 939.6 | K63: 1069.7 | L63: 1176.1 | M63: 1243.8 | N63: 1358.7 | O63: 1477 | P63: 1529.7 | Q63: 1606.6 | R63: 1736.1 | S63: 1846.3 | T63: 1913.8 | U63: 2058.1 | V63: 2149.824 | W63: 2101.8262 | X63: 2136.1071
B64: Pollo 1 | J64: 870 | K64: 990.9 | L64: 1095.6 | M64: 1159.6 | N64: 1218.2 | O64: 1381.1 | P64: 1433.8 | Q64: 1503.9 | R64: 1621.8 | S64: 1714 | T64: 1786 | U64: 1929 | V64: 2014.5716 | W64: 1971.2019 | X64: 1999.0019
B65: Ovino 1 | C65: 77.7 | D65: 79.7 | E65: 78.6 | F65: 79.8 | G65: 84.2 | H65: 84.2 | I65: 84.8 | J65: 84.6 | K65: 83.4 | L65: 83.6 | M65: 84.2 | N65: 85.6 | O65: 88.3 | P65: 87.3 | Q65: 86.1 | R65: 82.9 | S65: 84.9 | T65: 83.6 | U65: 84.2 | V65: 84.452368 | W65: 81.04497 | X65: 83.148058
B66: Porcino 1 | C66: 122.1 | D66: 124.4 | E66: 123.4 | F66: 123.7 | G66: 131.8 | H66: 139 | I66: 145.3 | J66: 152.7 | K66: 153.6 | L66: 153 | M66: 154.2 | N66: 156.8 | O66: 163.1 | P66: 170.2 | Q66: 180.5 | R66: 190.6 | S66: 199.2 | T66: 210.3 | U66: 219.9 | V66: 231.01155 | W66: 226.54014 | X66: 234.86623
B67: Vacuno 1 | C67: 255.4 | D67: 255.4 | E67: 263 | F67: 269.2 | G67: 281.5 | H67: 299 | I67: 316.8 | J67: 320.1 | K67: 320.2 | L67: 322.9 | M67: 337 | N67: 351.1 | O67: 365.9 | P67: 378.6 | Q67: 384.8 | R67: 384.3 | S67: 373 | T67: 370.1 | U67: 372 | V67: 378.2737 | W67: 360.66887 | X67: 372.39788
B68: Caprino 1 | C68: 15.5 | D68: 14.8 | E68: 14.5 | F68: 15.7 | G68: 16.2 | H68: 16.5 | I68: 16.9 | J68: 16.7 | K68: 16 | L68: 15.4 | M68: 15.3 | N68: 15.4 | O68: 15.6 | P68: 16.1 | Q68: 15.4 | R68: 14.8 | S68: 14.6 | T68: 13.7 | U68: 12.4 | V68: 12.75563 | W68: 12.393384 | X68: 12.370258
B69: Alpaca 1 | C69: 16.2 | D69: 17.1 | E69: 18.4 | F69: 18.2 | G69: 18.5 | H69: 19.3 | I69: 19.5 | J69: 20.8 | K69: 21.2 | L69: 22.6 | M69: 23.9 | N69: 25.2 | O69: 26.7 | P69: 27 | Q69: 28 | R69: 26.5 | S69: 27.7 | T69: 28.3 | U69: 28.2 | V69: 27.954751 | W69: 27.472511 | X69: 27.958305
B70: Llama 1 | C70: 7.1 | D70: 7.2 | E70: 7.2 | F70: 7.8 | G70: 8.2 | H70: 8.6 | I70: 8.5 | J70: 9 | K70: 8.8 | L70: 9.3 | M70: 9.1 | N70: 9.4 | O70: 9.7 | P70: 9.3 | Q70: 9.3 | R70: 8.8 | S70: 8.8 | T70: 8.9 | U70: 8.9 | V70: 8.5502046 | W70: 8.4852266 | X70: 8.7556423
B71: Huevo Gallina | C71: 178.7 | D71: 188.4 | E71: 190.9 | F71: 197.8 | G71: 202.4 | H71: 207.1 | I71: 245.5 | J71: 257.6 | K71: 266.5 | L71: 268.7 | M71: 285.1 | N71: 317.7 | O71: 314 | P71: 349.8 | Q71: 358.6 | R71: 386.3 | S71: 401 | T71: 415.3 | U71: 452.2 | V71: 488.48444 | W71: 497.52539 | X71: 504.11204
B72: Leche Fresca de Vaca | C72: 903.2 | D72: 989.7 | E72: 1051.5 | F72: 1104.8 | G72: 1165 | H72: 1236.8 | I72: 1347 | J72: 1455.8 | K72: 1565.5 | L72: 1652.1 | M72: 1678.4 | N72: 1755.5 | O72: 1790.7 | P72: 1807.8 | Q72: 1840.2 | R72: 1903.2 | S72: 1954.2 | T72: 2013.7 | U72: 2067.1 | V72: 2121.3659 | W72: 2135.8813 | X72: 2184.9343
B73: Fibra Alpaca | C73: 3.1 | D73: 3.4 | E73: 3.2 | F73: 3.1 | G73: 3.2 | H73: 3.6 | I73: 3.5 | J73: 3.9 | K73: 4 | L73: 4.4 | M73: 4.4 | N73: 4.7 | O73: 4.8 | P73: 4.4 | Q73: 4.5 | R73: 4.4 | S73: 4.5 | T73: 4.3 | U73: 4.6 | V73: 4.4530293 | W73: 4.3516747 | X73: 4.4033228
B74: Fibra Llama | C74: 0.7 | D74: 0.8 | E74: 0.6 | F74: 0.6 | G74: 0.6 | H74: 0.6 | I74: 0.6 | J74: 0.7 | K74: 0.7 | L74: 0.7 | M74: 0.6 | N74: 0.7 | O74: 0.7 | P74: 0.7 | Q74: 0.7 | R74: 0.7 | S74: 0.7 | T74: 0.7 | U74: 0.7 | V74: 0.65710991 | W74: 0.66455614 | X74: 0.67283795
B75: Lana Ovino | C75: 12.4 | D75: 12.6 | E75: 11.3 | F75: 11.3 | G75: 11.2 | H75: 10.9 | I75: 10.4 | J75: 10.9 | K75: 10.1 | L75: 10.3 | M75: 10.2 | N75: 10.3 | O75: 11 | P75: 10.4 | Q75: 10 | R75: 9 | S75: 9.4 | T75: 8.1 | U75: 8.1 | V75: 7.7501701 | W75: 7.466402 | X75: 7.6902524
A76: P Preliminar
A77: 1 Peso de animal vivo
A78: Fuente: Direcciones Regionales de Agricultura
A79: Elaboración: Ministerio de Desarrollo Agrario y Riego - DGESEP - DEIA

Sheet 2. POBLACION Y ...

Sheet C-4
A2: C.4 PERÚ: POBLACIÓN PECUARIA POR ESPECIE, SEGÚN REGIÓN, 2021P
A3: (Unidades)
A5: Región | B5: Ave | C5: Alpaca | D5: LLama | E5: Caprino | F5: Ovino | G5: Porcino | H5: Vacuno | I5: Vacas en Ordeño
A6: Total Nacional | B6: =(B8+B9+B10+B11+B12+B16+B17+B18+B19+B20+B21+B22+B23+B24+B25+B26+B27+B28+B31+B32+B33+B34+B35+B36) -> 1.8937475e+08 | C6: =(C8+C9+C10+C11+C12+C16+C17+C18+C19+C20+C21+C22+C23+C24+C25+C26+C27+C28+C31+C32+C33+C34+C35+C36) -> 4484888 | D6: =(D8+D9+D10+D11+D12+D16+D17+D18+D19+D20+D21+D22+D23+D24+D25+D26+D27+D28+D31+D32+D33+D34+D35+D36) -> 1075425 | E6: =(E8+E9+E10+E11+E12+E16+E17+E18+E19+E20+E21+E22+E23+E24+E25+E26+E27+E28+E31+E32+E33+E34+E35+E36) -> 1754968.1 | F6: =(F8+F9+F10+F11+F12+F16+F17+F18+F19+F20+F21+F22+F23+F24+F25+F26+F27+F28+F31+F32+F33+F34+F35+F36) -> 10942309 | G6: =(G8+G9+G10+G11+G12+G16+G17+G18+G19+G20+G21+G22+G23+G24+G25+G26+G27+G28+G31+G32+G33+G34+G35+G36) -> 3342910.5 | H6: =(H8+H9+H10+H11+H12+H16+H17+H18+H19+H20+H21+H22+H23+H24+H25+H26+H27+H28+H31+H32+H33+H34+H35+H36) -> 5853660 | I6: =(I8+I9+I10+I11+I12+I16+I17+I18+I19+I20+I21+I22+I23+I24+I25+I26+I27+I28+I31+I32+I33+I34+I35+I36) -> 932318.41
A8: Tumbes | B8: 180350 | C8: 0 | D8: 0 | E8: 63678 | F8: 9063 | G8: 30512 | H8: 20732 | I8: 299.75
A9: Piura | B9: 3905773.8 | C9: 98 | D9: 0 | E9: 305413.09 | F9: 266289.4 | G9: 177302.46 | H9: 292935.98 | I9: 24341
A10: Lambayeque | B10: 2557740 | C10: 0 | D10: 0 | E10: 105680 | F10: 73368 | G10: 71922 | H10: 114053 | I10: 18100.895
A11: La Libertad | B11: 25462693 | C11: 7131 | D11: 0 | E11: 86812 | F11: 36171 | G11: 110020 | H11: 233679 | I11: 52129.25
A12: Cajamarca | B12: 890397 | C12: 1196 | D12: 0 | E12: 106195 | F12: 484087 | G12: 292447 | H12: 658353 | I12: =SUM(I13:I15) -> 167899.95
A13: Cajamarca | B13: 379170 | C13: 1196 | D13: 0 | E13: 65749 | F13: 344674 | G13: 78439 | H13: 263930 | I13: 98542.992
A14: Chota | B14: 211860 | C14: 0 | D14: 0 | E14: 20682 | F14: 103286 | G14: 103681 | H14: 275043 | I14: 63450.375
A15: Jaén | B15: 299367 | C15: 0 | D15: 0 | E15: 19764 | F15: 36127 | G15: 110327 | H15: 119380 | I15: 5906.5833
A16: Amazonas | B16: 1530189 | C16: 0 | D16: 0 | E16: 14397 | F16: 27990 | G16: 92127 | H16: 382797 | I16: 80864.333
A17: Ancash | B17: 2640982 | C17: 10940 | D17: 0 | E17: 167891 | F17: 672384 | G17: 171027 | H17: 307349 | I17: 17044.833
A18: LimaP | B18: 90509068 | C18: 46625 | D18: 18780 | E18: 158415 | F18: 294505 | G18: 490151 | H18: 269325 | I18: 74209.007
A19: Ica | B19: 17230945 | C19: 0 | D19: 0 | E19: 75606 | F19: 26813 | G19: 99656 | H19: 48306 | I19: 15056.75
A20: Huánuco | B20: 1758941 | C20: 6701 | D20: 3485 | E20: 101673 | F20: 527633 | G20: 405632 | H20: 289367 | I20: 39351.75
A21: Pasco | B21: 139084 | C21: 131020 | D21: 44276 | E21: 6384 | F21: 684682 | G21: 53247 | H21: 119084 | I21: 30414.5
A22: Junín | B22: 2568943 | C22: 105903 | D22: 63128 | E22: 14890 | F22: 1611208 | G22: 193340 | H22: 340566 | I22: 41643.083
A23: Huancavelica | B23: 388647 | C23: 269324 | D23: 129587 | E23: 186563 | F23: 623587 | G23: 156489 | H23: 179834 | I23: 12360.925
A24: Arequipa | B24: 19026568 | C24: 471546 | D24: 94372 | E24: 26786 | F24: 217639 | G24: 116838 | H24: 232737 | I24: 75901.333
... A27: Ayacucho | B27: 580691 | C27: 296478 | D27: 78681 | E27: 171647 | F27: 609447 | G27: 112392 | H27: 422983 | I27: 32477.833
A28: Apurímac | B28: 307099 | C28: 212220 | D28: 72280 | E28: 108668 | F28: 454797 | G28: 137715 | H28: 294844 | I28: =SUM(I29:I30) -> 30696.883
A29: Abancay | B29: 188730 | C29: 192347 | D29: 53987 | E29: 55687 | F29: 311589 | G29: 49568 | H29: 188947 | I29: 19190.083
A30: Andahuaylas | B30: 118369 | C30: 19873 | D30: 18293 | E30: 52981 | F30: 143208 | G30: 88147 | H30: 105897 | I30: 11506.8
A31: Cusco | B31: 1202695 | C31: 673731 | D31: 144965 | E31: 28204 | F31: 1417593 | G31: 121716 | H31: 442818 | I31: 83162
A32: Puno | B32: 1597475 | C32: 2030525 | D32: 359415 | E32: 0 | F32: 2787942 | G32: 122635 | H32: 740290 | I32: 98942.083
A33: San Martín | B33: 4751632 | C33: 0 | D33: 0 | E33: 0 | F33: 9188 | G33: 179258 | H33: 214357 | I33: 20316.417
A34: Loreto | B34: 4190254 | C34: 0 | D34: 0 | E34: 290 | F34: 10791 | G34: 97342 | H34: 79677 | I34: 1216.5
A35: Ucayali | B35: 6213568 | C35: 0 | D35: 0 | E35: 182 | F35: 8439 | G35: 46273 | H35: 66095 | I35: 3692.4167
A36: Madre de Dios | B36: 489694 | C36: 0 | D36: 0 | E36: 220 | F36: 4669 | G36: 12680 | H36: 60875 | I36: 1007.9167
A37: P Preliminar
A38: Fuente: Direcciones Regionales de Agricultura
A39: Elaboración: Ministerio de Desarrollo Agrario y Riego - DGESEP - DEIA

Sheet C 5
A2: C.5 PERÚ: EVOLUCIÓN DE LA POBLACIÓN, SACA, PRODUCCIÓN, RENDIMIENTO Y PRECIOS RECIBIDOS POR EL PRODUCTOR POR AÑO, SEGÚN ESPECIE Y PRODUCTO, 2007-2021
A4: Especie/ Producto | B4: Variable | C4: 2000 | D4: 2001 | E4: 2002 | F4: 2003 | G4: 2004 | H4: 2005 | I4: 2006 | J4: 2007 | K4: 2008 | L4: 2009 | M4: 2010 | N4: 2011 | O4: 2012 | P4: 2013 | Q4: 2014 | R4: 2015 | S4: 2016 | T4: 2017 | U4: 2018 | V4: 2019 | W4: 2020 P | X4: 2021 P
B5: Población (Miles) | C5: 88010358 | D5: 85621159 | E5: 90354182 | F5: 92846109 | G5: 97761003 | H5: 99278818 | I5: 117976702 | J5: 120227.6 | K5: 131179.1 | L5: 137838 | M5: 130779 | N5: 128943.5 | O5: 138554.1 | P5: 138179.8 | Q5: 144703.7 | R5: 151000.9 | S5: 158263.2 | T5: 156637.7 | U5: 160959.32 | V5: 168172.64 | W5: 178159.63 | X5: 189374.75
B6: Saca (Miles) | C6: 283733046 | D6: 287860594 | E6: 307094298 | F6: 310943489 | G6: 308485309 | H6: 342073628 | I6: 368545799 | J6: 394749.6 | K6: 435909.3 | L6: 476340.3 | M6: 504986.8 | N6: 535421.1 | O6: 575566.4 | P6: 594004.2 | Q6: 621140.1 | R6: 645016.2 | S6: 690892.3 | T6: 709233 | U6: 755841.1 | V6: 786256.92 | W6: 753602.34 | X6: 776641.17
A7: Ave | B7: Produción carne (t) | C7: 510161 | D7: 518010 | E7: 556076 | F7: 577989 | G7: 578693 | H7: 650296 | I7: 710428 | J7: 770444 | K7: 877171 | L7: 964407 | M7: 1019935 | N7: 1108345 | O7: 1211140 | P7: 1254348 | Q7: 1317426 | R7: 1423586 | S7: 1513950 | T7: 1569280 | U7: 1687636 | V7: 1762855.6 | W7: 1723497.5 | X7: 1751607.8
B8: Rendimiento (kg/Unidad) | C8: =(C7/C6)*1000 -> 1.7980317 | D8: =(D7/D6)*1000 -> 1.7995169 | E8: =(E7/E6)*1000 -> 1.8107663 | F8: =(F7/F6)*1000 -> 1.8588233 | G8: =(G7/G6)*1000 -> 1.8759175 | H8: =(H7/H6)*1000 -> 1.901041 | I8: =(I7/I6)*1000 -> 1.9276519 | J8: =(J7/J6) -> 1.9517284 | K8: =(K7/K6) -> 2.0122787 | L8: =(L7/L6) -> 2.0246177 | M8: =(M7/M6) -> 2.0197261 | N8: =(N7/N6) -> 2.0700436 | O8: =(O7/O6) -> 2.1042576 | P8: =(P7/P6) -> 2.111682 | Q8: =(Q7/Q6) -> 2.1209804 | ... X8: =(X7/X6) -> 2.2553631
B9: Precio (S/ / kg) | C9: 3.06 | D9: 3.19 | E9: 3.07 | F9: 3.09 | G9: 3.48 | H9: 3.46 | I9: 3.6 | J9: 3.63 | K9: 4.18 | L9: 4.33 | M9: 4.64 | N9: 4.67 | O9: 4.7 | P9: 4.75 | Q9: 4.78 | R9: 4.82 | S9: 4.84 | T9: 4.84 | U9: 4.86 | V9: 4.67 | W9: 5.02
B10: Población (Unidades) | C10: 14800991 | D10: 14727155 | E10: 14690547 | F10: 14721243 | G10: 14696522 | H10: 14813786 | I10: 14675255 | J10: 14580166 | K10: 14509628 | L10: 14137690 | M10: 14159720 | N10: 14050173 | O10: 12184143 | P10: 11830977 | Q10: 11652272 | R10: 11982580 | S10: 11450657 | T10: 11338424 | U10: 11330908 | V10: 11371637 | W10: 11071699 | X10: 10942309
B11: Saca (Unidades) | C11: 2521661 | D11: 2571321 | E11: 2517896 | F11: 2535935 | G11: 2709847 | H11: 2685627 | I11: 2692776 | J11: 2681208 | K11: 2678241 | L11: 2753681 | M11: 2788507 | N11: 2844228 | O11: 2910166 | P11: 2832371 | Q11: 2788555 | R11: 2698887 | S11: 2745951 | T11: 2699282 | U11: 2687624 | V11: 2682837 | W11: 2544650.7 | X11: 2576571.6
A12: Ovino | B12: Produción carne (t) | C12: 31068 | D12: 31868 | E12: 31437 | F12: 31926 | G12: 33698 | H12: 33686 | I12: 33904 | J12: 33839 | K12: 33350 | L12: 33458 | M12: 33669 | N12: 34256 | O12: 35304 | P12: 34906 | Q12: 34421 | R12: 33163 | S12: 33955 | T12: 33458 | U12: 33672 | V12: 33780.947 | W12: 32310.988 | X12: 33259.223
B13: Rendimiento (kg/Unidad) | C13: =(C12/C11)*1000 -> 12.320451 | D13: =(D12/D11)*1000 -> 12.39363 | E13: =(E12/E11)*1000 -> 12.485424 | F13: =(F12/F11)*1000 -> 12.589439 | G13: =(G12/G11)*1000 -> 12.435388 | H13: =(H12/H11)*1000 -> 12.543067 | I13: =(I12/I11)*1000 -> 12.590724 | J13: =(J12/J11)*1000 -> 12.620804 | ... X13: =(X12/X11)*1000 -> 12.908325
B14: Precio (S/ / kg) | C14: 2.99 | D14: 3.13 | E14: 3.29 | F14: 3.29 | G14: 3.27 | H14: 3.31 | I14: 3.32 | J14: 3.49 | K14: 3.9 | L14: 4.13 | M14: 4.46 | N14: 4.52 | O14: 4.9 | P14: 5.04 | Q14: 5.72 | R14: 5.72 | S14: 5.9 | T14: 5.6 | U14: 5.56 | V14: 5.58 | W14: 5.43 | X14: 5.43
B15: Población (Unidades) | C15: 2845573 | D15: 2809888 | E15: 2941036 | F15: 2990499 | G15: 3000199 | H15: 3010724 | I15: 3073855 | J15: 3115772 | K15: 3151406 | L15: 3256809 | M15: 3254413 | N15: 3263254 | O15: 2987315 | P15: 3176115 | Q15: 3173015 | R15: 3200714 | S15: 3104911 | T15: 3217254 | U15: 3215742 | V15: 3269537.5 | W15: 3270742 | X15: 3342910.5
B16: Saca (Unidades) | C16: 1540534 | D16: 1650886 | E16: 1637129 | F16: 1670387 | G16: 1884573 | H16: 1991346 | I16: 2074715 | J16: 2153141 | K16: 2131518 | L16: 2213057 | M16: 2186978 | N16: 2298432 | O16: 2401634 | P16: 2499031 | Q16: 2629566 | R16: 2764884 | S16: 2876803 | T16: 3073656 | U16: 3090907 | V16: 3284606.4 | W16: 3191164.1 | X16: 3314890.6
A17: Porcino | B17: Produción carne (t) | C17: 91554 | D17: 93313 | E17: 92530 | F17: 92738 | G17: 98880 | H17: 104254 | I17: 109010 | J17: 114520 | K17: 115196 | L17: 114719 | M17: 115655 | N17: 117588 | O17: 122353 | P17: 127684 | Q17: 135390 | R17: 142925 | S17: 149399 | T17: 157824 | U17: 162421 | V17: 173258.66 | W17: 169804.68 | X17: 176149.67
B18: Rendimiento (kg/Unidad) | C18: =(C17/C16)*1000 -> 59.430042 | D18: =(D17/D16)*1000 -> 56.522982 | E18: =(E17/E16)*1000 -> 56.519676 | F18: =(F17/F16)*1000 -> 55.518871 | G18: =(G17/G16)*1000 -> 52.468119 | H18: =(H17/H16)*1000 -> 52.353534 | I18: =(I17/I16)*1000 -> 52.542156 | J18: =(J17/J16)*1000 -> 53.187413 | ... X18: =(X17/X16)*1000 -> 53.138911
B19: Precio (S/ / kg) | C19: 3.31 | D19: 3.34 | E19: 3.35 | F19: 3.39 | G19: 3.42 | H19: 3.43 | I19: 3.47 | J19: 3.5 | K19: 3.8 | L19: 4.12 | M19: 4.25 | N19: 5.05 | O19: 5.24 | P19: 5.91 | Q19: 6.07 | R19: 6.42 | S19: 6.77 | T19: 6.96 | U19: 7.05 | V19: 6.94 | W19: 6.72 | X19: 6.72
B20: Población (Unidades) | C20: 4980291 | D20: 5035612 | E20: 5163700 | F20: 5193414 | G20: 5184822 | H20: 5249783 | I20: 5241102 | J20: 5420865 | K20: 5442989 | L20: 5459435 | M20: 5520200 | N20: 5589173 | O20: 5660984 | P20: 5555988 | Q20: 5577959 | R20: 5553470 | S20: 5525454 | T20: 5535569 | U20: 5595483 | V20: 5599893 | W20: 5688461 | X20: 5853660
B21: Saca (Unidades) | C21: 875746 | D21: 920031 | E21: 951383 | F21: 986402 | G21: 1020294 | H21: 1074578 | I21: 1127321 | J21: 1138578 | K21: 1151906 | L21: 1168497 | M21: 1218723 | N21: 1266710 | O21: 1319404 | P21: 1375095 | Q21: 1376391 | R21: 1367797 | S21: 1364230 | T21: 1331223 | U21: 1348165 | V21: 1357066.5 | W21: 1250069 | X21: 1303069.6
A22: Vacuno | B22: Produción carne (t) | C22: 130249 | D22: 130269 | E22: 134137 | F22: 137271 | G22: 143554 | H22: 152497 | I22: 161578 | J22: 163235 | K22: 163318 | L22: 164704 | M22: 171872 | N22: 179084 | O22: 186617 | P22: 193087 | Q22: 196232 | R22: 196015 | S22: 192703 | T22: 188738 | U22: 189703 | V22: 192919.59 | W22: 183941.13 | X22: 189922.92
B23: Rendimiento (kg/Unidad) | C23: =(C22/C21)*1000 -> 148.7292 | D23: =(D22/D21)*1000 -> 141.59197 | E23: =(E22/E21)*1000 -> 140.99159 | F23: =(F22/F21)*1000 -> 139.16334 | G23: =(G22/G21)*1000 -> 140.69866 | H23: =(H22/H21)*1000 -> 141.91338 | I23: =(I22/I21)*1000 -> 143.32918 | J23: =(J22/J21)*1000 -> 143.36743 | ... X23: =(X22/X21)*1000 -> 145.7504
B24: Precio (S/ / kg) | C24: 3.34 | D24: 3.41 | E24: 3.29 | F24: 3.52 | G24: 3.33 | H24: 3.36 | I24: 3.4 | J24: 3.5 | K24: 3.77 | L24: 4.08 | M24: 4.1 | N24: 4.25 | O24: 4.69 | P24: 4.84 | Q24: 5.23 | R24: 5.41 | S24: 5.45 | T24: 5.53 | U24: 5.64 | V24: 5.69 | W24: 6.73 | X24: 6.73
B25: Población (Unidades) | C25: 2034914 | D25: 2017808 | E25: 1983128 | F25: 1983302 | G25: 1971863 | H25: 1952956 | I25: 1936855 | J25: 1925912 | K25: 1904124 | L25: 1928678 | M25: 1968306 | N25: 1946117 | O25: 1949502 | P25: 1928631 | Q25: 1905462 | R25: 1882361 | S25: 1865047 | T25: 1814704 | U25: 1812530 | V25: 1801882 | W25: 1784685 | X25: 1754968.1
B26: Saca (Unidades) | C26: 451247 | D26: 468861 | E26: 476569 | F26: 523993 | G26: 524448 | H26: 527096 | I26: 518663 | J26: 506927 | K26: 496706 | L26: 505880 | M26: 499447 | N26: 489915 | O26: 496626 | P26: 505262 | Q26: 489956 | R26: 464018 | S26: 458812 | T26: 444799 | U26: 410567 | V26: 411262.69 | W26: 392865.58 | X26: 390291.64
A27: Caprino | B27: Produción carne (t) | C27: 6268 | D27: 5912 | E27: 5793 | F27: 6294 | G27: 6476 | H27: 6618 | I27: 6772 | J27: 6686 | K27: 6419 | L27: 6153 | M27: 6131 | N27: 6150 | O27: 6247 | P27: 6439 | Q27: 6167 | R27: 5901 | S27: 5827 | T27: 5494 | U27: 4966 | V27: 5102.2518 | W27: 4957.3536 | X27: 4948.0032
B28: Rendimiento (kg/Unidad) | C28: =(C27/C26)*1000 -> 13.890397 | D28: =(D27/D26)*1000 -> 12.609281 | E28: =(E27/E26)*1000 -> 12.155637 | F28: =(F27/F26)*1000 -> 12.011611 | G28: =(G27/G26)*1000 -> 12.348221 | H28: =(H27/H26)*1000 -> 12.555588 | I28: =(I27/I26)*1000 -> 13.056648 | J28: =(J27/J26)*1000 -> 13.189276 | ... X28: =(X27/X26)*1000 -> 12.677707
B29: Precio (S/ / kg) | C29: 3.33 | D29: 3.28 | E29: 3.31 | F29: 3.22 | G29: 3.27 | H29: 3.05 | I29: 3.01 | J29: 3.17 | K29: 3.41 | L29: 3.61 | M29: 3.38 | N29: 3.53 | O29: 3.68 | P29: 3.93 | Q29: 4.04 | R29: 4.28 | S29: 4.66 | T29: 4.74 | U29: 4.79 | V29: 4.81 | W29: 4.8 | X29: 4.8
B30: Población (Unidades) | C30: 3078524 | D30: 3190373 | E30: 3335721 | F30: 3422557 | G30: 3429019 | H30: 3594515 | I30: 3625627 | J30: 3687340 | K30: 3780806 | L30: 4105582 | M30: 4177499 | N30: 4322258 | O30: 3927361 | P30: 4005315 | Q30: 4315793 | R30: 4318457 | S30: 4319228 | T30: 4330710 | U30: 4384846 | V30: 4456049 | W30: 4450422 | X30: 4484888
B31: Saca (Unidades) | C31: 269643 | D31: 288318 | E31: 313415 | F31: 304890 | G31: 312092 | H31: 321478 | I31: 330072 | J31: 355174 | K31: 365555 | L31: 387980 | M31: 410085 | N31: 424100 | O31: 455558 | P31: 463354 | Q31: 481847 | R31: 446199 | S31: 474135 | T31: 479033 | U31: 470464 | V31: 473283 | W31: 464229.43 | X31: 469624.4
A32: Alpaca | B32: Produción carne (t) | C32: 7307 | D32: 7713 | E32: 8277 | F32: 8204 | G32: 8323 | H32: 8671 | I32: 8793 | J32: 9366 | K32: 9527 | L32: 10189 | M32: 10761 | N32: 11318 | O32: 11999 | P32: 12169 | Q32: 12594 | R32: 11917 | S32: 12445 | T32: 12747 | U32: 12689 | V32: 12579.638 | W32: 12362.63 | X32: 12581.237
B33: Rendimiento (kg/Unidad) | C33: =(C32/C31)*1000 -> 27.098794 | D33: =(D32/D31)*1000 -> 26.751712 | E33: =(E32/E31)*1000 -> 26.409074 | F33: =(F32/F31)*1000 -> 26.908065 | G33: =(G32/G31)*1000 -> 26.668418 | H33: =(H32/H31)*1000 -> 26.972297 | I33: =(I32/I31)*1000 -> 26.639642 | J33: =(J32/J31)*1000 -> 26.370173 | ... X33: =(X32/X31)*1000 -> 26.789999
B34: Precio (S/ / kg) | C34: 2.4 | D34: 2.57 | E34: 2.48 | F34: 2.53 | G34: 2.66 | H34: 2.61 | I34: 2.51 | J34: 2.5 | K34: 2.91 | L34: 3.13 | M34: 3.43 | N34: 3.65 | O34: 4.03 | P34: 4.43 | Q34: 4.77 | R34: 4.63 | S34: 4.81 | T34: 4.91 | U34: 4.96 | V34: 4.94 | W34: 5 | X34: 5
X35: sigue…
A36: continúa C.5
A37: Especie/ Producto | B37: Variable | C37: 2000 | D37: 2001 | E37: 2002 | F37: 2003 | G37: 2004 | H37: 2005 | I37: 2006 | J37: 2007 | K37: 2008 | L37: 2009 | M37: 2010 | N37: 2011 | O37: 2012 | P37: 2013 | Q37: 2014 | R37: 2015 | S37: 2016 | T37: 2017 | U37: 2018 | V37: 2019 | W37: 2020 P | X37: 2021 P
B39: Población (Unidades) | C39: 1183908 | D39: 1179088 | E39: 1207275 | F39: 1230543 | G39: 1236984 | H39: 1269979 | I39: 1256101 | J39: 1274425 | K39: 1262782 | L39: 1237593 | M39: 1245169 | N39: 1226612 | O39: 1194404 | P39: 1234089 | Q39: 1211917 | R39: 1194708 | S39: 1105018 | T39: 1106201 | U39: 1093124 | V39: 1095920.5 | W39: 1085549.7 | X39: 1075425
B40: Saca (Unidades) | C40: 91890 | D40: 95157 | E40: 97389 | F40: 101826 | G40: 109330 | H40: 112106 | I40: 113801 | J40: 118399 | K40: 119237 | L40: 127316 | M40: 123384 | N40: 128346 | O40: 130530 | P40: 125729 | Q40: 123360 | R40: 119806 | S40: 119195 | T40: 120748 | U40: 119726 | V40: 115790.03 | W40: 113685.48 | X40: 117682.3
A41: Llama | B41: Produción carne (t) | C41: 3194 | D41: 3232 | E41: 3242 | F41: 3496 | G41: 3699 | H41: 3863 | I41: 3839 | J41: 4053 | K41: 3971 | L41: 4175 | M41: 4075 | N41: 4235 | O41: 4350 | P41: 4179 | Q41: 4170 | R41: 3980 | S41: 3977 | T41: 4009 | U41: 4003 | V41: 3847.5921 | W41: 3818.352 | X41: 3940.039
B42: Rendimiento (kg/Unidad) | C42: =(C41/C40)*1000 -> 34.758951 | D42: =(D41/D40)*1000 -> 33.964921 | E42: =(E41/E40)*1000 -> 33.289181 | F42: =(F41/F40)*1000 -> 34.333078 | G42: =(G41/G40)*1000 -> 33.833349 | H42: =(H41/H40)*1000 -> 34.458459 | I42: =(I41/I40)*1000 -> 33.734326 | J42: =(J41/J40)*1000 -> 34.231708 | ... X42: =(X41/X40)*1000 -> 33.480303
B43: Precio (S/ / kg) | C43: 1.93 | D43: 2.18 | E43: 2.39 | F43: 2.4 | G43: 2.45 | H43: 2.49 | I43: 2.39 | J43: 2.31 | K43: 2.7 | L43: 2.88 | M43: 3.02 | N43: 3.4 | O43: 3.61 | P43: 3.87 | Q43: 4.25 | R43: 4.09 | S43: 4.32 | T43: 4.25 | U43: 4.28 | V43: 4.27 | W43: 4.13 | X43: 4.13
B44: Gallinas (Unidades) | C44: 11899785 | D44: 12705402 | E44: 12651366 | F44: 13059118 | G44: 13362491 | H44: 13654721 | I44: 15842743 | J44: 16572273 | K44: 17048710 | L44: 17206413 | M44: 18156674 | N44: 19950695 | O44: 19846405 | P44: 21805630 | Q44: 22353253 | R44: 23883311 | S44: 24752078 | T44: 25559765 | U44: 27705670 | V44: 29468986 | W44: 29468986 | X44: 28938922
A45: Huevo | B45: Producción (t) | C45: 178686 | D45: 188391 | E45: 190915 | F45: 197839 | G45: 202357 | H45: 207086 | I45: 245451 | J45: 257621 | K45: 266541 | L45: 268707 | M45: 285102 | N45: 317654 | O45: 314024 | P45: 349791 | Q45: 358630 | R45: 386255 | S45: 400980 | T45: 415336 | U45: 452234 | V45: 488484.44 | W45: 497525.39 | X45: 504112.04
A46: Gallina | B46: Rendimiento (kg/gallina) | C46: =(C45/C44)*1000 -> 15.015902 | D46: =(D45/D44)*1000 -> 14.82763 | E46: =(E45/E44)*1000 -> 15.090465 | F46: =(F45/F44)*1000 -> 15.149492 | G46: =(G45/G44)*1000 -> 15.143658 | H46: =(H45/H44)*1000 -> 15.16589 | I46: =(I45/I44)*1000 -> 15.492961 | J46: =(J45/J44)*1000 -> 15.545303 | ... X46: =(X45/X44)*1000 -> 17.419862
B47: Precio (S/ / kg) | C47: 2.74 | D47: 2.73 | E47: 2.91 | F47: 2.78 | G47: 3.07 | H47: 3.2 | I47: 3.07 | J47: 3.09 | K47: 3.81 | L47: 3.79 | M47: 3.73 | N47: 3.88 | O47: 4.15 | P47: 4.33 | Q47: 4.63 | R47: 4.66 | S47: 4.72 | T47: 4.75 | U47: 4.67 | V47: 4.14 | W47: 4.21
B48: Vacas (Unidades) | C48: 553872 | D48: 570399 | E48: 635516 | F48: 649791 | G48: 674830 | H48: 708120 | I48: 743671 | J48: 753189 | K48: 769581 | L48: 787007 | M48: 787604 | N48: 815393 | O48: 859630 | P48: 859468 | Q48: 874941 | R48: 886143 | S48: 895716 | T48: 890154 | U48: 896710 | V48: 905817.25 | W48: 906688.63 | X48: 932744.59
A49: Leche | B49: Producción (t) | C49: 903216 | D49: 989706 | E49: 1051482 | F49: 1104820 | G49: 1164973 | H49: 1236836 | I49: 1346991 | J49: 1455815 | K49: 1565528 | L49: 1652112 | M49: 1678372 | N49: 1755529 | O49: 1790670 | P49: 1807806 | Q49: 1840226 | R49: 1903177 | S49: 1954232 | T49: 2013674 | U49: 2067143 | V49: 2121365.9 | W49: 2135881.3 | X49: 2184934.5
A50: Vaca | B50: Rdto. (kg/Vaca/Año) | C50: =(C49/C48)*1000 -> 1630.7306 | D50: =(D49/D48)*1000 -> 1735.1117 | E50: =(E49/E48)*1000 -> 1654.5327 | F50: =(F49/F48)*1000 -> 1700.2698 | G50: =(G49/G48)*1000 -> 1726.3207 | H50: =(H49/H48)*1000 -> 1746.6475 | I50: =(I49/I48)*1000 -> 1811.2727 | J50: =(J49/J48)*1000 -> 1932.8681 | ... X50: =(X49/X48)*1000 -> 2342.4789
B51: Precio (S/ / Litro) | C51: 0.78 | D51: 0.79 | E51: 0.8 | F51: 0.8 | G51: 0.83 | H51: 0.86 | I51: 0.86 | J51: 0.86 | K51: 0.92 | L51: 0.97 | M51: 0.98 | N51: 1.01 | O51: 1.07 | P51: 1.14 | Q51: 1.15 | R51: 1.21 | S51: 1.24 | T51: 1.29 | U51: 1.31 | V51: 1.34 | W51: 1.37 | X51: 1.37
B52: Esquilados (Unidades) | C52: 1825696 | D52: 1936439 | E52: 1784549 | F52: 1774369 | G52: 1831357 | H52: 1995906 | I52: 1980553 | J52: 2208305 | K52: 2325284 | L52: 2513106 | M52: 2481124 | N52: 2573193 | O52: 2636389 | P52: 2391039 | Q52: 2894758 | R52: 2372976 | S52: 2420549 | T52: 2296839 | U52: 2365529 | V52: 2254979.6 | W52: 2131029 | X52: 2119402.2
A53: Fibra | B53: Producción (t) | C53: 3110 | D53: 3399 | E53: 3165 | F53: 3103 | G53: 3248 | H53: 3597 | I53: 3510 | J53: 3895 | K53: 4019 | L53: 4387 | M53: 4352 | N53: 4661 | O53: 4797 | P53: 4420 | Q53: 4485 | R53: 4438 | S53: 4508 | T53: 4314 | U53: 4575 | V53: 4453.0293 | W53: 4351.6747 | X53: 4403.3228
A54: Alpaca | B54: Rdto. (kg/Alpaca) | C54: =(C53/C52)*1000 -> 1.7034599 | D54: =(D53/D52)*1000 -> 1.7552838 | E54: =(E53/E52)*1000 -> 1.7735574 | F54: =(F53/F52)*1000 -> 1.7487907 | G54: =(G53/G52)*1000 -> 1.7735482 | H54: =(H53/H52)*1000 -> 1.8021891 | I54: =(I53/I52)*1000 -> 1.7722323 | J54: =(J53/J52)*1000 -> 1.7637962 | ... X54: =(X53/X52)*1000 -> 2.0776249
B55: Precio (S/ / Libra) | C55: 5.69 | D55: 4.95 | E55: 5.05 | F55: 4.78 | G55: 4.58 | H55: 5.21 | I55: 7.68 | J55: 8.33 | K55: 8.47 | L55: 5.51 | M55: 5.83 | N55: 6.65 | O55: 6.71 | P55: 7.28 | Q55: 7.75 | R55: 8.09 | S55: 7.59 | T55: 7.88 | U55: 7.92 | V55: 7.27 | W55: 6.16 | X55: 6.16
B56: Esquilados (Unidades) | C56: 484051 | D56: 519736 | E56: 402772 | F56: 413808 | G56: 399255 | H56: 388716 | I56: 400609 | J56: 452090 | K56: 444255 | L56: 447983 | M56: 403510 | N56: 434702 | O56: 449117 | P56: 415602 | Q56: 485141 | R56: 365636 | S56: 374408 | T56: 373971 | U56: 356929 | V56: 340347.23 | W56: 331804.37 | X56: 338242.3
A57: Fibra | B57: Producción (t) | C57: 742 | D57: 760 | E57: 628 | F57: 634 | G57: 622 | H57: 604 | I57: 623 | J57: 740 | K57: 704 | L57: 696 | M57: 632 | N57: 677 | O57: 745 | P57: 726 | Q57: 745 | R57: 656 | S57: 670 | T57: 681 | U57: 660 | V57: 657.10991 | W57: 664.55614 | X57: 672.83795
A58: Llama | B58: Rendimiento (kg/Llama) | C58: =(C57/C56)*1000 -> 1.5328963 | D58: =(D57/D56)*1000 -> 1.4622809 | E58: =(E57/E56)*1000 -> 1.5591948 | F58: =(F57/F56)*1000 -> 1.5321115 | G58: =(G57/G56)*1000 -> 1.5579016 | H58: =(H57/H56)*1000 -> 1.5538336 | I58: =(I57/I56)*1000 -> 1.5551323 | J58: =(J57/J56)*1000 -> 1.6368422 | ... X58: =(X57/X56)*1000 -> 1.9892188
B59: Precio (S/ / Libra) | C59: 2.68 | D59: 3.16 | E59: 2.86 | F59: 2.36 | G59: 1.98 | H59: 2.23 | I59: 2.38 | J59: 2.79 | K59: 2.92 | L59: 2.3 | M59: 2.59 | N59: 2.82 | O59: 2.84 | P59: 2.75 | Q59: 2.84 | R59: 3 | S59: 3.12 | T59: 3.1 | U59: 3.28 | V59: 3.13 | W59: 3.18 | X59: 3.18
B60: Esquilados (Unidades) | C60: 7371783 | D60: 7431849 | E60: 6658609 | F60: 6683557 | G60: 6645652 | H60: 6333240 | I60: 6054839 | J60: 6468169 | K60: 5869896 | L60: 6035367 | M60: 6004149 | N60: 5985893 | O60: 6618656 | P60: 6104258 | Q60: 5741017 | R60: 5162592 | S60: 5575610 | T60: 4574331 | U60: 4559586 | V60: 4304514.7 | W60: 4099800.6 | X60: 4237001.4
A61: Fibra | B61: Producción (t) | C61: 12361 | D61: 12577 | E61: 11307 | F61: 11319 | G61: 11237 | H61: 10912 | I61: 10374 | J61: 10895 | K61: 10085 | L61: 10279 | M61: 10218 | N61: 10292 | O61: 11029 | P61: 10403 | Q61: 9975 | R61: 8954 | S61: 9352 | T61: 8138 | U61: 8056 | V61: 7750.1701 | W61: 7466.402 | X61: 7690.2524
A62: Ovino | B62: Rendimiento (kg/Ovino) | C62: =(C61/C60)*1000 -> 1.6767992 | D62: =(D61/D60)*1000 -> 1.692311 | E62: =(E61/E60)*1000 -> 1.6981024 | F62: =(F61/F60)*1000 -> 1.6935593 | G62: =(G61/G60)*1000 -> 1.69088 | H62: =(H61/H60)*1000 -> 1.7229728 | I62: =(I61/I60)*1000 -> 1.7133404 | J62: =(J61/J60)*1000 -> 1.6844025 | ... X62: =(X61/X60)*1000 -> 1.8150224
B63: Precio (S/ / Libra) | C63: 1.49 | D63: 1.38 | E63: 1.38 | F63: 1.07 | G63: 1.63 | H63: 1.71 | I63: 1.72 | J63: 1.96 | K63: 2.08 | L63: 1.83 | M63: 2.03 | N63: 2.21 | O63: 2.34 | P63: 2.55 | Q63: 2.5 | R63: 2.47 | S63: 2.64 | T63: 2.8 | U63: 2.92 | V63: 3.14 | W63: 3.02 | X63: 3.02
A64: P Preliminar | D64: 1/ Precio en chacra de animales en pie.
A65: 1 Precio de animal vivo.
A66: Fuente: Direcciones Regionales de Agricultura
A67: Elaboración: Ministerio de Desarrollo Agrario y Riego - DGESEP - DEIA

Sheet C -6
A2: C.6 PERÚ: POBLACIÓN, SACA, PRODUCCIÓN, RENDIMIENTO Y PRECIOS RECIBIDOS POR EL PRODUCTOR POR MES, SEGÚN PRINCIPALES ESPECIES Y PRODUCTOS PECUARIOS, 2021P
A4: Especie/ Producto | B4: Variable | C4: Anual | D4: Ene | E4: Feb | F4: Mar | G4: Abr | H4: May | I4: Jun | J4: Jul | K4: Ago | L4: Set | M4: Oct | N4: Nov | O4: Dic
A5: Ave | B5: Población (Unidades) | C5: 1.8937475e+08
B6: Saca (Unidades) | C6: =SUM(D6:O6) -> 7.7625019e+08 | D6: 61484735 | E6: 57901618 | F6: 62726891 | G6: 62985014 | H6: 63709187 | I6: 64890138 | J6: 67731820 | K6: 66769554 | L6: 65892065 | M6: 68096992 | N6: 64843619 | O6: 69218562
B7: Producción carne (t) | C7: =SUM(D7:O7) -> 1751607.8 | D7: 142130.31 | E7: 126558.53 | F7: 142649.8 | G7: 145935.12 | H7: 147356.03 | I7: 147397.16 | J7: 153808.68 | K7: 149327.29 | L7: 148195.59 | M7: 150730.59 | N7: 144655.84 | O7: 152862.87
B8: Rendimiento (kg/Unidad) | C8: =(C7/C6)*1000 -> 2.256499 | D8: =D7/D6*1000 -> 2.3116358 | E8: =E7/E6*1000 -> 2.1857512 | F8: =F7/F6*1000 -> 2.2741411 | G8: =G7/G6*1000 -> 2.3169816 | H8: =H7/H6*1000 -> 2.3129479 | I8: =I7/I6*1000 -> 2.2714878 | J8: =J7/J6*1000 -> 2.2708481 | K8: =K7/K6*1000 -> 2.2364579 | ... O8: =O7/O6*1000 -> 2.2084086
B9: Precio (S/ / kg) 1 | C9: 5.8541695 | D9: 5.6625318 | E9: 5.2017569 | F9: 5.5079456 | G9: 5.2118614 | H9: 5.6580874 | I9: 5.8551402 | J9: 6.0642205 | K9: 6.1368041 | L9: 6.1539554 | M9: 6.1815113 | N9: 6.2311012 | O9: 6.2393204
A10: Ovino | B10: Población (Unidades) | C10: 10942309
B11: Saca (Unidades) | C11: =SUM(D11:O11) -> 2576571.6 | D11: 185408 | E11: 193956.76 | F11: 204600.29 | G11: 228104.1 | H11: 238346.2 | I11: 242261.97 | J11: 234251 | K11: 228190 | L11: 214400 | M11: 201518 | N11: 201845.3 | O11: 203690
B12: Producción carne (t) | C12: =SUM(D12:O12) -> 33259.223 | D12: 2366.6121 | E12: 2498.3525 | F12: 2657.3563 | G12: 2976.8923 | H12: 3130.3179 | I12: 3176.6751 | J12: 3050.8546 | K12: 2954.5303 | L12: 2740.096 | M12: 2560.0555 | N12: 2552.0449 | O12: 2595.4357
B13: Rendimiento (kg/Unidad) | C13: =(C12/C11)*1000 -> 12.908325 | D13: =D12/D11*1000 -> 12.764347 | E13: =E12/E11*1000 -> 12.880977 | F13: =F12/F11*1000 -> 12.988038 | G13: =G12/G11*1000 -> 13.050587 | H13: =H12/H11*1000 -> 13.133492 | I13: =I12/I11*1000 -> 13.112562 | J13: =J12/J11*1000 -> 13.02387 | K13: =K12/K11*1000 -> 12.947677 | ... O13: =O12/O11*1000 -> 12.742087
B14: Precio (S/ / kg) 1 | C14: 5.5840669 | D14: 5.5592817 | E14: 5.559167 | F14: 5.5806845 | G14: 5.5932817 | H14: 5.5830191 | I14: 5.5998275 | J14: 5.5863963 | K14: 5.602627 | L14: 5.5958725 | M14: 5.5869831 | N14: 5.5742318 | O14: 5.5759681
A15: Porcino | B15: Población (Unidades) | C15: 3342910.5
B16: Saca (Unidades) | C16: =SUM(D16:O16) -> 3314890.6 | D16: 264828.9 | E16: 257701.03 | F16: 261597.52 | G16: 269460.99 | H16: 268029.6 | I16: 274886.66 | J16: 288221.96 | K16: 286632.94 | L16: 275380.91 | M16: 282198.82 | N16: 270567.22 | O16: 315384
B17: Producción carne (t) | C17: =SUM(D17:O17) -> 176149.67 | D17: 14231.74 | E17: 13717.629 | F17: 13764.216 | G17: 14109.704 | H17: 14027.758 | I17: 14440.992 | J17: 15376.978 | K17: 15432.036 | L17: 14686.729 | M17: 15005.231 | N17: 14325.795 | O17: 17030.865
B18: Rendimiento (kg/Unidad) | C18: =(C17/C16)*1000 -> 53.138911 | D18: =D17/D16*1000 -> 53.739377 | E18: =E17/E16*1000 -> 53.230788 | F18: =F17/F16*1000 -> 52.616003 | G18: =G17/G16*1000 -> 52.362698 | H18: =H17/H16*1000 -> 52.336599 | I18: =I17/I16*1000 -> 52.534352 | J18: =J17/J16*1000 -> 53.351167 | K18: =K17/K16*1000 -> 53.839018 | ... O18: =O17/O16*1000 -> 54.00041
B19: Precio (S/ / kg) 1 | C19: 6.9547942 | D19: 6.911476 | E19: 6.9091938 | F19: 6.9246884 | G19: 6.9275362 | H19: 6.9047069 | I19: 6.8998366 | J19: 6.9408416 | K19: 6.9603049 | L19: 6.9822814 | M19: 7.0017687 | N19: 7.0137932 | O19: 7.0553768
A20: Vacuno | B20: Población (Unidades) | C20: 5853660
B21: Saca (Unidades) | C21: =SUM(D21:O21) -> 1303069.6 | D21: 100417.78 | E21: 103791.19 | F21: 103950 | G21: 112031.75 | H21: 115937.46 | I21: 115795.46 | J21: 116368 | K21: 111585 | L21: 109506 | M21: 102818 | N21: 104012 | O21: 106857
B22: Producción carne (t) | C22: =SUM(D22:O22) -> 189922.92 | D22: 14550.805 | E22: 15115.469 | F22: 15145.482 | G22: 16388.811 | H22: 16960.281 | I22: 16877.95 | J22: 17066.791 | K22: 16307.557 | L22: 15768.891 | M22: 14986.558 | N22: 15158.487 | O22: 15595.834
B23: Rendimiento (kg/Unidad) | C23: =(C22/C21)*1000 -> 145.7504 | D23: =D22/D21*1000 -> 144.90268 | E23: =E22/E21*1000 -> 145.63345 | F23: =F22/F21*1000 -> 145.69968 | G23: =G22/G21*1000 -> 146.28721 | H23: =H22/H21*1000 -> 146.28818 | I23: =I22/I21*1000 -> 145.75658 | J23: =J22/J21*1000 -> 146.66224 | K23: =K22/K21*1000 -> 146.14471 | ... O23: =O22/O21*1000 -> 145.95052
B24: Precio (S/ / kg) 1 | C24: 5.8129741 | D24: 5.7802722 | E24: 5.7992644 | F24: 5.7951412 | G24: 5.7861198 | H24: 5.7768489 | I24: 5.7897873 | J24: 5.8111518 | K24: 5.8239397 | L24: 5.8327338 | M24: 5.849389 | N24: 5.8530574 | O24: 5.863286
A25: Caprino | B25: Población (Unidades) | C25: 1754968.1
B26: Saca (Unidades) | C26: =SUM(D26:O26) -> 390291.64 | D26: 29916.338 | E26: 30404.487 | F26: 31436.04 | G26: 32338.853 | H26: 33991.066 | I26: 35244.106 | J26: 35764.393 | K26: 34711.98 | L26: 31985.088 | M26: 30476.436 | N26: 30894.849 | O26: 33128
B27: Producción carne (t) | C27: =SUM(D27:O27) -> 4948.0032 | D27: 383.41776 | E27: 388.6357 | F27: 408.22744 | G27: 416.23068 | H27: 442.23191 | I27: 458.97431 | J27: 451.08731 | K27: 434.6116 | L27: 396.00514 | M27: 376.86019 | N27: 381.7875 | O27: 409.93365
B28: Rendimiento (kg/Unidad) | C28: =(C27/C26)*1000 -> 12.677707 | D28: =D27/D26*1000 -> 12.816333 | E28: =E27/E26*1000 -> 12.782182 | F28: =F27/F26*1000 -> 12.985969 | G28: =G27/G26*1000 -> 12.870916 | H28: =H27/H26*1000 -> 13.010239 | I28: =I27/I26*1000 -> 13.022725 | J28: =J27/J26*1000 -> 12.612749 | K28: =K27/K26*1000 -> 12.520508 | ... O28: =O27/O26*1000 -> 12.374235
B29: Precio (S/ / kg) 1 | C29: 4.786704 | D29: 4.7866382 | E29: 4.7870509 | F29: 4.760636 | G29: 4.7636286 | H29: 4.7453883 | I29: 4.7746606 | J29: 4.7842232 | K29: 4.7969968 | L29: 4.8161801 | M29: 4.8121902 | N29: 4.8050227 | O29: 4.8167333
A30: Alpaca | B30: Población (Unidades) | C30: 4484888
B31: Saca (Unidades) | C31: =SUM(D31:O31) -> 469624.4 | D31: 31909 | E31: 37109 | F31: 39691 | G31: 47138.4 | H31: 46675 | I31: 46584 | J31: 45093 | K31: 41561 | L31: 36489 | M31: 34135 | N31: 33249 | O31: 29991
B32: Producción carne (t) | C32: =SUM(D32:O32) -> 12581.237 | D32: 840.1604 | E32: 993.12301 | F32: 1069.9518 | G32: 1281.0791 | H32: 1273.6916 | I32: 1269.0322 | J32: 1217.7832 | K32: 1116.671 | L32: 970.7628 | M32: 901.66808 | N32: 866.0732 | O32: 781.2409
B33: Rendimiento (kg/Unidad) | C33: =(C32/C31)*1000 -> 26.789999 | D33: =D32/D31*1000 -> 26.329888 | E33: =E32/E31*1000 -> 26.762322 | F33: =F32/F31*1000 -> 26.957038 | G33: =G32/G31*1000 -> 27.176975 | H33: =H32/H31*1000 -> 27.288518 | I33: =I32/I31*1000 -> 27.241804 | J33: =J32/J31*1000 -> 27.006035 | K33: =K32/K31*1000 -> 26.868242 | ... O33: =O32/O31*1000 -> 26.049178
B34: Precio (S/ / kg) 1 | C34: 4.8818983 | D34: 4.8785259 | E34: 4.9288758 | F34: 4.9329262 | G34: 4.9882818 | H34: 4.9278986 | I34: 4.9228209 | J34: 4.9002567 | K34: 4.8652448 | L34: 4.8290924 | M34: 4.8075086 | N34: 4.7798817 | O34: 4.6997568
O35: sigue…
A36: continúa C.6
A37: Especie/ Producto | B37: Variable | C37: Anual | D37: Ene | E37: Feb | F37: Mar | G37: Abr | H37: May | I37: Jun | J37: Jul | K37: Ago | L37: Set | M37: Oct | N37: Nov | O37: Dic
A38: Llama | B38: Población (Unidades) | C38: 1075425
B39: Saca (Unidades) | C39: =SUM(D39:O39) -> 117682.3 | D39: 8476 | E39: 9312 | F39: 9568 | G39: 10873.6 | H39: 10832.7 | I39: 11434 | J39: 10821 | K39: 10145 | L39: 9620 | M39: 8730 | N39: 8684 | O39: 9186
B40: Producción carne (t) | C40: =SUM(D40:O40) -> 3940.039 | D40: 281.25364 | E40: 312.73076 | F40: 323.73958 | G40: 375.36016 | H40: 370.75405 | I40: 388.67278 | J40: 361.71082 | K40: 334.5073 | L40: 315.1218 | M40: 287.9964 | N40: 284.12048 | O40: 304.07126
B41: Rendimiento (kg/Unidad) | C41: =(C40/C39)*1000 -> 33.480303 | D41: =D40/D39*1000 -> 33.182355 | E41: =E40/E39*1000 -> 33.583629 | F41: =F40/F39*1000 -> 33.835659 | G41: =G40/G39*1000 -> 34.520321 | H41: =H40/H39*1000 -> 34.225452 | I41: =I40/I39*1000 -> 33.992722 | J41: =J40/J39*1000 -> 33.426746 | K41: =K40/K39*1000 -> 32.972627 | ... O41: =O40/O39*1000 -> 33.101596
B42: Precio (S/ / kg) 1 | C42: 3.9672457 | D42: 4.0222022 | E42: 4.0269202 | F42: 4.0185405 | G42: 4.0624039 | H42: 4.0249369 | I42: 4.0046348 | J42: 3.9691419 | K42: 3.9419222 | L42: 3.9174154 | M42: 3.8786712 | N42: 3.8422249 | O42: 3.8427781
A43: Huevo Gallina | B43: Gallinas en producción | C43: =AVERAGE(D43:O43) -> 28938922 | D43: 28890934 | E43: 28938976 | F43: 28960909 | G43: 28779831 | H43: 28669340 | I43: 28633292 | J43: 28721212 | K43: 29068144 | L43: 29122066 | M43: 29265343 | N43: 29103311 | O43: 29113709
B44: Producción huevo (t) | C44: =SUM(D44:O44) -> 504112.04 | D44: 41654.27 | E44: 41643.524 | F44: 41708.743 | G44: 41568.725 | H44: 41651.491 | I44: 41551.387 | J44: 41733.217 | K44: 41860.224 | L44: 41890.714 | M44: 42481.257 | N44: 43084.228 | O44: 43284.259
B45: Rendimiento (kg/gallina) | C45: =(C44/C43)*1000 -> 17.419862 | D45: =D44/D43*1000 -> 1.4417765 | E45: =E44/E43*1000 -> 1.4390117 | F45: =F44/F43*1000 -> 1.4401738 | G45: =G44/G43*1000 -> 1.44437 | H45: =H44/H43*1000 -> 1.4528235 | I45: =I44/I43*1000 -> 1.4511565 | J45: =J44/J43*1000 -> 1.4530451 | K45: =K44/K43*1000 -> 1.4400721 | ... O45: =O44/O43*1000 -> 1.4867312
B46: Precio (S/ / kg) | C46: 4.2844513 | D46: 3.863907 | E46: 4.2903952 | F46: 4.2500784 | G46: 4.27098 | H46: 4.404337 | I46: 4.4642358 | J46: 4.4452761 | K46: 4.4225664 | L46: 4.3759966 | M46: 4.2159895 | N46: 4.1977901 | O46: 4.2177708
A47: Leche Vaca | B47: Vacas en producción | C47: =AVERAGE(D47:O47) -> 932744.59 | D47: 908144.76 | E47: 947100.49 | F47: 967875.94 | G47: 986337.36 | H47: 987482.75 | I47: 968059.46 | J47: 931340.05 | K47: 916303.72 | L47: 898487.96 | M47: 885672.62 | N47: 898389.96 | O47: 897739.96
B48: Producción leche (t) | C48: =SUM(D48:O48) -> 2184934.5 | D48: 181396.42 | E48: 176859.2 | F48: 190547.89 | G48: 192591.37 | H48: 195443.66 | I48: 189162.9 | J48: 184681.77 | K48: 180103.05 | L48: 172111.78 | M48: 173405.06 | N48: 173219.64 | O48: 175411.79
B49: Rendimiento (kg/vaca/día) | C49: =(C48/C47)*1000/305 -> 7.6802588 | D49: =(D48/D47)*1000/31 -> 6.4433532 | E49: =(E48/E47)*1000/28 -> 6.6691971 | F49: =(F48/F47)*1000/31 -> 6.350717 | G49: =(G48/G47)*1000/30 -> 6.5086375 | H49: =(H48/H47)*1000/31 -> 6.3845514 | I49: =(I48/I47)*1000/30 -> 6.5134739 | J49: =(J48/J47)*1000/31 -> 6.3966717 | K49: =(K48/K47)*1000/31 -> 6.3404476 | L49: =(L48/L47)*1000/30 -> 6.3852377 | M49: =(M48/M47)*1000/31 -> 6.3157781 | N49: =(N48/N47)*1000/30 -> 6.4270399 | O49: =(O48/O47)*1000/31 -> 6.3029886
B50: Precio (S/ / kg) | C50: 1.4007908 | D50: 1.3572177 | E50: 1.362968 | F50: 1.3777475 | G50: 1.3946184 | H50: 1.3967466 | I50: 1.4042099 | J50: 1.4062567 | K50: 1.4130224 | L50: 1.421772 | M50: 1.4267169 | N50: 1.4272362 | O50: 1.4259691
A51: Fibra Alpaca | B51: Alpacas esquiladas | C51: =SUM(D51:O51) -> 2119402.2 | D51: 194029.4 | E51: 314894.4 | F51: 305697.8 | G51: 24172.4 | H51: 38044 | I51: 24263.1 | J51: 2740.1 | K51: 327 | L51: 5088 | M51: 69862 | N51: 810935 | O51: 329349
B52: Producción fibra (t) | C52: =SUM(D52:O52) -> 4403.3228 | D52: 402.01921 | E52: 618.93156 | F52: 597.42814 | G52: 40.420262 | H52: 62.567235 | I52: 46.257257 | J52: 4.8691309 | K52: 0.65715472 | L52: 9.7294884 | M52: 201.38907 | N52: 1729.0648 | O52: 689.98946
B53: Rendimiento (kg/alpaca) | C53: =C52/C51*1000 -> 2.0776249 | D53: =D52/D51*1000 -> 2.07195 | E53: =E52/E51*1000 -> 1.965521 | F53: =F52/F51*1000 -> 1.9543096 | G53: =G52/G51*1000 -> 1.6721659 | H53: =H52/H51*1000 -> 1.6446019 | I53: =I52/I51*1000 -> 1.9064858 | J53: =J52/J51*1000 -> 1.7769902 | ... O53: =O52/O51*1000 -> 2.09501
B54: Precio (S/ / kg) | C54: 14.433768 | D54: 14.544804 | E54: 14.18967 | F54: 14.218449 | G54: 13.005245 | H54: 13.320827 | I54: 13.696022 | J54: 13.299658 | K54: 13.378372 | L54: 13.478733 | M54: 14.105174 | N54: 14.659371 | O54: 14.561566
A55: Fibra Llama | B55: Llamas esquiladas | C55: =SUM(D55:O55) -> 338242.3 | D55: 20198.4 | E55: 60601.7 | F55: 54482 | G55: 5428.4 | H55: 2335.4 | I55: 2164 | J55: 120 | K55: 0 | L55: 136 | M55: 19848 | N55: 143282.4 | O55: 29646
B56: Producción fibra (t) | C56: =SUM(D56:O56) -> 672.83795 | D56: 34.120038 | E56: 115.77215 | F56: 104.71649 | G56: 8.5664914 | H56: 3.6682114 | I56: 3.60826 | J56: 0.14946 | K56: 0 | L56: 0.31908 | M56: 45.748439 | N56: 293.79726 | O56: 62.372073
B57: Rendimiento (kg/llama) | C57: =C56/C55*1000 -> 1.9892188 | D57: =D56/D55*1000 -> 1.6892446 | E57: =E56/E55*1000 -> 1.9103779 | F57: =F56/F55*1000 -> 1.9220384 | G57: =G56/G55*1000 -> 1.5780877 | H57: =H56/H55*1000 -> 1.5706994 | I57: =I56/I55*1000 -> 1.667403 | J57: =J56/J55*1000 -> 1.2455 | K57: 0 | L57: =L56/L55*1000 -> 2.3461765 | M57: =M56/M55*1000 -> 2.3049395 | N57: =N56/N55*1000 -> 2.0504769 | O57: =O56/O55*1000 -> 2.103895
B58: Precio (S/ / kg) | C58: 6.4376632 | D58: 6.6726223 | E58: 6.3303903 | F58: 6.2927207 | G58: 5.6610327 | H58: 6.4478066 | I58: 6.6262554 | J58: 6.388521 | K58: 0 | L58: 6.9227373 | M58: 7.0950959 | N58: 6.4096851 | O58: 6.4939631
A59: Lana Ovino | B59: Ovinos esquilados | C59: =SUM(D59:O59) -> 4237001.4 | D59: 434593 | E59: 1482962.8 | F59: 1045292.3 | G59: 147906.2 | H59: 196230.4 | I59: 116634.45 | J59: 114206.05 | K59: 66901.23 | L59: 82309 | M59: 13862 | N59: 325631 | O59: 210473
B60: Producción lana (t) | C60: =SUM(D60:O60) -> 7690.2524 | D60: 733.28643 | E60: 2649.9215 | F60: 1861.0484 | G60: 237.26252 | H60: 461.32828 | I60: 245.6 | J60: 218.7399 | K60: 141.26515 | L60: 159.53493 | M60: 29.850369 | N60: 615.68537 | O60: 336.72947
B61: Rendimiento (kg/ovino) | C61: =C60/C59*1000 -> 1.8150224 | D61: =D60/D59*1000 -> 1.6872946 | E61: =E60/E59*1000 -> 1.7869103 | F61: =F60/F59*1000 -> 1.7804096 | G61: =G60/G59*1000 -> 1.6041418 | H61: =H60/H59*1000 -> 2.3509521 | I61: =I60/I59*1000 -> 2.1057243 | J61: =J60/J59*1000 -> 1.9153093 | ... O61: =O60/O59*1000 -> 1.5998702
B62: Precio (S/ / kg) | C62: 6.8560711 | D62: 6.8668043 | E62: 6.7550807 | F62: 6.7129766 | G62: 6.802482 | H62: 7.520847 | I62: 7.579274 | J62: 7.415421 | K62: 6.9233517 | L62: 7.3020436 | M62: 7.3449561 | N62: 6.6324541 | O62: 6.7804832
A63: P Preliminar | F63: 1/ Precio de animal vivo
A64: Fuente: Direcciones Regionales de Agricultura
A65: Elaboración: Ministerio de Desarrollo Agrario y Riego - DGESEP - DEIA

Sheet C 7
A2: C.7 PERÚ: PRODUCCIÓN PECUARIA POR ESPECIE, SEGÚN REGIÓN, 2021P
A3: (Unidades)
A5: Región | B5: Ave | C5: Ovino | D5: Porcino | E5: Vacuno | F5: Caprino | G5: Alpaca | H5: Llama
A6: Nacional | B6: =(B8+B9+B10+B11+B12+B16+B17+B18+B19+B20+B21+B22+B23+B24+B25+B26+B27+B28+B31+B32+B33+B34+B35+B36) -> 7.7625019e+08 | C6: =(C8+C9+C10+C11+C12+C16+C17+C18+C19+C20+C21+C22+C23+C24+C25+C26+C27+C28+C31+C32+C33+C34+C35+C36) -> 2576571.6 | D6: =(D8+D9+D10+D11+D12+D16+D17+D18+D19+D20+D21+D22+D23+D24+D25+D26+D27+D28+D31+D32+D33+D34+D35+D36) -> 3314890.6 | E6: =(E8+E9+E10+E11+E12+E16+E17+E18+E19+E20+E21+E22+E23+E24+E25+E26+E27+E28+E31+E32+E33+E34+E35+E36) -> 1303069.6 | F6: =(F8+F9+F10+F11+F12+F16+F17+F18+F19+F20+F21+F22+F23+F24+F25+F26+F27+F28+F31+F32+F33+F34+F35+F36) -> 390291.64 | G6: =(G8+G9+G10+G11+G12+G16+G17+G18+G19+G20+G21+G22+G23+G24+G25+G26+G27+G28+G31+G32+G33+G34+G35+G36) -> 469624.4 | H6: =(H8+H9+H10+H11+H12+H16+H17+H18+H19+H20+H21+H22+H23+H24+H25+H26+H27+H28+H31+H32+H33+H34+H35+H36) -> 117682.3
A8: Tumbes | B8: 97536.997 | C8: 2324 | D8: 6016 | E8: 3668 | F8: 18005 | G8: 0 | H8: 0
A9: Piura | B9: 14581622 | C9: 110536.07 | D9: 116132.97 | E9: 47401.125 | F9: 91624.251 | G9: 0 | H9: 0
A10: Lambayeque | B10: 11658328 | C10: 27955.248 | D10: 29327.577 | E10: 20429.627 | F10: 20843.36 | G10: 0 | H10: 0
A11: La Libertad | B11: 1.3765274e+08 | C11: 196709 | D11: 337947 | E11: 60986 | F11: 37305 | G11: 1412 | H11: 0
A12: Cajamarca | B12: 1734004.9 | C12: 83113.3 | D12: 138143.4 | E12: 184568.4 | F12: 23407 | G12: 0 | H12: 0
A13: Cajamarca | B13: 1096600.8 | C13: 57613 | D13: 53143 | E13: 102436 | F13: 13749 | G13: 0 | H13: 0
A14: Chota | B14: 306012.89 | C14: 21248.2 | D14: 47236 | E14: 51850 | F14: 1318 | G14: 0 | H14: 0
A15: Jaén | B15: 331391.23 | C15: 4252.1 | D15: 37764.4 | E15: 30282.4 | F15: 8340 | G15: 0 | H15: 0
A16: Amazonas | B16: 380125.98 | C16: 3190 | D16: 28738 | E16: 50960 | F16: 4290 | G16: 0 | H16: 0
A17: Ancash | B17: 16434268 | C17: 131663 | D17: 60397 | E17: 62644 | F17: 20114 | G17: 433 | H17: 0
A18: Lima | B18: 4.1553995e+08 | C18: 57729 | D18: 1182774 | E18: 109767 | F18: 35830 | G18: 3031 | H18: 2126
A19: Ica | B19: 43909224 | C19: 13489 | D19: 246350 | E19: 20410 | F19: 23824.424 | G19: 0 | H19: 0
... A36: Madre de Dios | B36: 4303100 | C36: 1676 | D36: 19078 | E36: 13775 | F36: 0 | G36: 0 | H36: 0
A37: P Preliminar
A38: Fuente: Direcciones Regionales de Agricultura
A39: Elaboración: Ministerio de Desarrollo Agrario y Riego - DGESEP - DEIA

Sheet C 8
A2: C.8 PERÚ: PRODUCCIÓN DE CARNES POR ESPECIE, SEGÚN REGIÓN, 2021P
A3: (Toneladas)
A5: Región | B5: Ave | C5: Ovino | D5: Porcino | E5: Vacuno | F5: Caprino | G5: Alpaca | H5: Llama
A6: Nacional | B6: =(B8+B9+B10+B11+B12+B16+B17+B18+B19+B20+B21+B22+B23+B24+B25+B26+B27+B28+B31+B32+B33+B34+B35+B36) -> 1751607.8 | C6: =(C8+C9+C10+C11+C12+C16+C17+C18+C19+C20+C21+C22+C23+C24+C25+C26+C27+C28+C31+C32+C33+C34+C35+C36) -> 33259.223 | D6: =(D8+D9+D10+D11+D12+D16+D17+D18+D19+D20+D21+D22+D23+D24+D25+D26+D27+D28+D31+D32+D33+D34+D35+D36) -> 176149.67 | E6: =(E8+E9+E10+E11+E12+E16+E17+E18+E19+E20+E21+E22+E23+E24+E25+E26+E27+E28+E31+E32+E33+E34+E35+E36) -> 189922.92 | F6: =(F8+F9+F10+F11+F12+F16+F17+F18+F19+F20+F21+F22+F23+F24+F25+F26+F27+F28+F31+F32+F33+F34+F35+F36) -> 4947.7848 | G6: =(G8+G9+G10+G11+G12+G16+G17+G18+G19+G20+G21+G22+G23+G24+G25+G26+G27+G28+G31+G32+G33+G34+G35+G36) -> 12581.237 | H6: =(H8+H9+H10+H11+H12+H16+H17+H18+H19+H20+H21+H22+H23+H24+H25+H26+H27+H28+H31+H32+H33+H34+H35+H36) -> 3940.039
A8: Tumbes | B8: 245.57838 | C8: 28.366681 | D8: 306.00197 | E8: 555.17007 | F8: 188.9932 | G8: 0 | H8: 0
A9: Piura | B9: 32474.21 | C9: 1767.7067 | D9: 6077.5738 | E9: 7283.2216 | F9: 1330.3794 | G9: 0 | H9: 0
A10: Lambayeque | B10: 26085.997 | C10: 448.49784 | D10: 1522.9778 | E10: 3002.8518 | F10: 312.3998 | G10: 0 | H10: 0
A11: La Libertad | B11: 311654.48 | C11: 2608.0328 | D11: 19651.835 | E11: 8647.0824 | F11: 472.11923 | G11: 43.977823 | H11: 0
A12: Cajamarca | B12: 3688.5931 | C12: 953.61878 | D12: 5799.7488 | E12: 24252.658 | F12: 248.71133 | G12: 0 | H12: 0
A13: Cajamarca | B13: 2382.3105 | C13: 648.81109 | D13: 1987.0559 | E13: 12457.474 | F13: 139.3636 | G13: 0 | H13: 0
A14: Chota | B14: 628.64295 | C14: 258.59021 | D14: 1983.1561 | E14: 7109.6929 | F14: 16.67229 | G14: 0 | H14: 0
A15: Jaén | B15: 677.63968 | C15: 46.217476 | D15: 1829.5369 | E15: 4685.4916 | F15: 92.675441 | G15: 0 | H15: 0
A16: Amazonas | B16: 806.67446 | C16: 50.7064 | D16: 1513.2698 | E16: 7369.1027 | F16: 54.0548 | G16: 0 | H16: 0
A17: Ancash | B17: 37543.044 | C17: 1421.5318 | D17: 1799.3087 | E17: 8650.8109 | F17: 205.29895 | G17: 12.328675 | H17: 0
A18: Lima | B18: 941312.95 | C18: 707.65369 | D18: 75883.194 | E18: 21186.779 | F18: 472.98122 | G18: 88.68902 | H18: 63.390755
A19: Ica | B19: 97956.899 | C19: 138.28906 | D19: 12576.483 | E19: 2694.5477 | F19: 294.05111 | G19: 0 | H19: 0
... A36: Madre de Dios | B36: 9490.9265 | C36: 28.891 | D36: 1240.1157 | E36: 2221.7814 | F36: 0 | G36: 0 | H36: 0
A37: P Preliminar
A38: Fuente: Direcciones Regionales de Agricultura
A39: Elaboración: Ministerio de Desarrollo Agrario y Riego - DGESEP - DEIA

Sheet C 9
A2: C.9 PERÚ: RENDIMIENTO DE CARNES POR ESPECIE, SEGÚN REGIÓN, 2021P
A3: (Kg/Unidad )
A5: Región | B5: Ave | C5: Ovino | D5: Porcino | E5: Vacuno | F5: Caprino | G5: Alpaca | H5: Llama
A6: Nacional | B6: =('C 8'!B6/'C 7'!B6)*1000 -> 2.256499 | C6: =('C 8'!C6/'C 7'!C6)*1000 -> 12.908325 | D6: =('C 8'!D6/'C 7'!D6)*1000 -> 53.138911 | E6: =('C 8'!E6/'C 7'!E6)*1000 -> 145.7504 | F6: =('C 8'!F6/'C 7'!F6)*1000 -> 12.677148 | G6: =('C 8'!G6/'C 7'!G6)*1000 -> 26.789999 | H6: =('C 8'!H6/'C 7'!H6)*1000 -> 33.480303
A8: Tumbes | B8: ='C 8'!B8/'C 7'!B8*1000 -> 2.5177972 | C8: ='C 8'!C8/'C 7'!C8*1000 -> 12.205973 | D8: ='C 8'!D8/'C 7'!D8*1000 -> 50.864689 | E8: ='C 8'!E8/'C 7'!E8*1000 -> 151.35498 | F8: ='C 8'!F8/'C 7'!F8*1000 -> 10.496706 | G8: 0 | H8: 0 | I8: -
A9: Piura | B9: ='C 8'!B9/'C 7'!B9*1000 -> 2.2270643 | C9: ='C 8'!C9/'C 7'!C9*1000 -> 15.992124 | D9: ='C 8'!D9/'C 7'!D9*1000 -> 52.332891 | E9: ='C 8'!E9/'C 7'!E9*1000 -> 153.65082 | F9: ='C 8'!F9/'C 7'!F9*1000 -> 14.519948 | G9: 0 | H9: 0
A10: Lambayeque | B10: ='C 8'!B10/'C 7'!B10*1000 -> 2.237542 | C10: ='C 8'!C10/'C 7'!C10*1000 -> 16.043422 | D10: ='C 8'!D10/'C 7'!D10*1000 -> 51.929887 | E10: ='C 8'!E10/'C 7'!E10*1000 -> 146.98515 | F10: ='C 8'!F10/'C 7'!F10*1000 -> 14.987977 | G10: 0 | H10: 0
A11: La Libertad | B11: ='C 8'!B11/'C 7'!B11*1000 -> 2.2640631 | C11: ='C 8'!C11/'C 7'!C11*1000 -> 13.25833 | D11: ='C 8'!D11/'C 7'!D11*1000 -> 58.150642 | E11: ='C 8'!E11/'C 7'!E11*1000 -> 141.78799 | F11: ='C 8'!F11/'C 7'!F11*1000 -> 12.655656 | G11: ='C 8'!G11/'C 7'!G11*1000 -> 31.145767 | H11: 0
A12: Cajamarca | B12: ='C 8'!B12/'C 7'!B12*1000 -> 2.1272103 | C12: ='C 8'!C12/'C 7'!C12*1000 -> 11.473721 | D12: ='C 8'!D12/'C 7'!D12*1000 -> 41.983539 | E12: ='C 8'!E12/'C 7'!E12*1000 -> 131.40201 | F12: ='C 8'!F12/'C 7'!F12*1000 -> 10.625511 | G12: 0 | H12: 0
A13: Cajamarca | B13: ='C 8'!B13/'C 7'!B13*1000 -> 2.17245 | C13: ='C 8'!C13/'C 7'!C13*1000 -> 11.26154 | D13: ='C 8'!D13/'C 7'!D13*1000 -> 37.390735 | E13: ='C 8'!E13/'C 7'!E13*1000 -> 121.61226 | F13: ='C 8'!F13/'C 7'!F13*1000 -> 10.136272 | G13: 0 | H13: 0
A14: Chota | B14: ='C 8'!B14/'C 7'!B14*1000 -> 2.0543022 | C14: ='C 8'!C14/'C 7'!C14*1000 -> 12.169982 | D14: ='C 8'!D14/'C 7'!D14*1000 -> 41.983996 | E14: ='C 8'!E14/'C 7'!E14*1000 -> 137.1204 | F14: ='C 8'!F14/'C 7'!F14*1000 -> 12.649689 | G14: 0 | H14: 0
A15: Jaén | B15: ='C 8'!B15/'C 7'!B15*1000 -> 2.0448329 | C15: ='C 8'!C15/'C 7'!C15*1000 -> 10.86933 | D15: ='C 8'!D15/'C 7'!D15*1000 -> 48.446073 | E15: ='C 8'!E15/'C 7'!E15*1000 -> 154.72656 | F15: ='C 8'!F15/'C 7'!F15*1000 -> 11.112163 | G15: 0 | H15: 0
A16: Amazonas | B16: ='C 8'!B16/'C 7'!B16*1000 -> 2.122124 | C16: ='C 8'!C16/'C 7'!C16*1000 -> 15.895423 | D16: ='C 8'!D16/'C 7'!D16*1000 -> 52.657448 | E16: ='C 8'!E16/'C 7'!E16*1000 -> 144.60563 | F16: ='C 8'!F16/'C 7'!F16*1000 -> 12.600186 | G16: 0 | H16: 0
A17: Ancash | B17: ='C 8'!B17/'C 7'!B17*1000 -> 2.2844366 | C17: ='C 8'!C17/'C 7'!C17*1000 -> 10.796745 | D17: ='C 8'!D17/'C 7'!D17*1000 -> 29.791359 | E17: ='C 8'!E17/'C 7'!E17*1000 -> 138.0948 | F17: ='C 8'!F17/'C 7'!F17*1000 -> 10.206769 | G17: ='C 8'!G17/'C 7'!G17*1000 -> 28.47269 | H17: 0
A18: Lima | B18: ='C 8'!B18/'C 7'!B18*1000 -> 2.2652766 | C18: ='C 8'!C18/'C 7'!C18*1000 -> 12.258201 | D18: ='C 8'!D18/'C 7'!D18*1000 -> 64.156968 | E18: ='C 8'!E18/'C 7'!E18*1000 -> 193.01593 | F18: ='C 8'!F18/'C 7'!F18*1000 -> 13.200704 | G18: ='C 8'!G18/'C 7'!G18*1000 -> 29.260647 | H18: ='C 8'!H18/'C 7'!H18*1000 -> 29.816912
A19: Ica | B19: ='C 8'!B19/'C 7'!B19*1000 -> 2.2308957 | C19: ='C 8'!C19/'C 7'!C19*1000 -> 10.251988 | D19: ='C 8'!D19/'C 7'!D19*1000 -> 51.051282 | E19: ='C 8'!E19/'C 7'!E19*1000 -> 132.02096 | F19: ='C 8'!F19/'C 7'!F19*1000 -> 12.342422 | G19: 0 | H19: 0
A20: Huánuco | B20: ='C 8'!B20/'C 7'!B20*1000 -> 2.1179577 | C20: ='C 8'!C20/'C 7'!C20*1000 -> 11.404804 | D20: ='C 8'!D20/'C 7'!D20*1000 -> 38.355228 | E20: ='C 8'!E20/'C 7'!E20*1000 -> 166.70148 | F20: ='C 8'!F20/'C 7'!F20*1000 -> 10.31916 | G20: ='C 8'!G20/'C 7'!G20*1000 -> 26.00032 | H20: 0
A21: Pasco | B21: ='C 8'!B21/'C 7'!B21*1000 -> 2.1632854 | C21: ='C 8'!C21/'C 7'!C21*1000 -> 12.330895 | D21: ='C 8'!D21/'C 7'!D21*1000 -> 36.305282 | E21: ='C 8'!E21/'C 7'!E21*1000 -> 159.67853 | F21: ='C 8'!F21/'C 7'!F21*1000 -> 11.445038 | G21: ='C 8'!G21/'C 7'!G21*1000 -> 22.97866 | H21: ='C 8'!H21/'C 7'!H21*1000 -> 28.889331
A22: Junín | B22: ='C 8'!B22/'C 7'!B22*1000 -> 2.2293591 | C22: ='C 8'!C22/'C 7'!C22*1000 -> 11.104166 | D22: ='C 8'!D22/'C 7'!D22*1000 -> 44.824076 | E22: ='C 8'!E22/'C 7'!E22*1000 -> 130.3358 | F22: ='C 8'!F22/'C 7'!F22*1000 -> 10.239828 | G22: ='C 8'!G22/'C 7'!G22*1000 -> 22.539488 | H22: ='C 8'!H22/'C 7'!H22*1000 -> 27.708504
A23: Huancavelica | B23: ='C 8'!B23/'C 7'!B23*1000 -> 2.0806777 | C23: ='C 8'!C23/'C 7'!C23*1000 -> 13.254359 | D23: ='C 8'!D23/'C 7'!D23*1000 -> 37.591142 | E23: ='C 8'!E23/'C 7'!E23*1000 -> 115.18558 | F23: ='C 8'!F23/'C 7'!F23*1000 -> 12.908444 | G23: ='C 8'!G23/'C 7'!G23*1000 -> 25.886984 | H23: ='C 8'!H23/'C 7'!H23*1000 -> 31.417847
A24: Arequipa | B24: ='C 8'!B24/'C 7'!B24*1000 -> 2.2503126 | C24: ='C 8'!C24/'C 7'!C24*1000 -> 14.518312 | D24: ='C 8'!D24/'C 7'!D24*1000 -> 56.046504 | E24: ='C 8'!E24/'C 7'!E24*1000 -> 164.22557 | F24: ='C 8'!F24/'C 7'!F24*1000 -> 11.813424 | G24: ='C 8'!G24/'C 7'!G24*1000 -> 24.519552 | H24: ='C 8'!H24/'C 7'!H24*1000 -> 34.505582
A25: Moquegua | B25: ='C 8'!B25/'C 7'!B25*1000 -> 2.1204949 | C25: ='C 8'!C25/'C 7'!C25*1000 -> 21.18493 | D25: ='C 8'!D25/'C 7'!D25*1000 -> 47.522149 | E25: ='C 8'!E25/'C 7'!E25*1000 -> 201.045 | F25: ='C 8'!F25/'C 7'!F25*1000 -> 16.889405 | G25: ='C 8'!G25/'C 7'!G25*1000 -> 29.647143 | H25: ='C 8'!H25/'C 7'!H25*1000 -> 36.255016
A26: Tacna | B26: ='C 8'!B26/'C 7'!B26*1000 -> 2.2491213 | C26: ='C 8'!C26/'C 7'!C26*1000 -> 23.301537 | D26: ='C 8'!D26/'C 7'!D26*1000 -> 40.530005 | E26: ='C 8'!E26/'C 7'!E26*1000 -> 190.40328 | F26: ='C 8'!F26/'C 7'!F26*1000 -> 14.577684 | G26: ='C 8'!G26/'C 7'!G26*1000 -> 28.747211 | H26: ='C 8'!H26/'C 7'!H26*1000 -> 29.332199
A27: Ayacucho | B27: ='C 8'!B27/'C 7'!B27*1000 -> 2.0952724 | C27: ='C 8'!C27/'C 7'!C27*1000 -> 11.848303 | D27: ='C 8'!D27/'C 7'!D27*1000 -> 44.626769 | E27: ='C 8'!E27/'C 7'!E27*1000 -> 127.6151 | F27: ='C 8'!F27/'C 7'!F27*1000 -> 12.302555 | G27: ='C 8'!G27/'C 7'!G27*1000 -> 26.280105 | H27: ='C 8'!H27/'C 7'!H27*1000 -> 30.664547
A28: Apurímac | B28: ='C 8'!B28/'C 7'!B28*1000 -> 2.0302852 | C28: ='C 8'!C28/'C 7'!C28*1000 -> 11.124741 | D28: ='C 8'!D28/'C 7'!D28*1000 -> 40.479921 | E28: ='C 8'!E28/'C 7'!E28*1000 -> 111.69813 | F28: ='C 8'!F28/'C 7'!F28*1000 -> 11.202378 | G28: ='C 8'!G28/'C 7'!G28*1000 -> 25.618709 | H28: ='C 8'!H28/'C 7'!H28*1000 -> 27.794131
A29: Abancay | B29: ='C 8'!B29/'C 7'!B29*1000 -> 2.0187196 | C29: ='C 8'!C29/'C 7'!C29*1000 -> 11.57976 | D29: ='C 8'!D29/'C 7'!D29*1000 -> 37.571721 | E29: ='C 8'!E29/'C 7'!E29*1000 -> 115.44694 | F29: ='C 8'!F29/'C 7'!F29*1000 -> 11.802264 | G29: ='C 8'!G29/'C 7'!G29*1000 -> 25.647395 | H29: ='C 8'!H29/'C 7'!H29*1000 -> 27.698774
A30: Andahuaylas | B30: ='C 8'!B30/'C 7'!B30*1000 -> 2.0487662 | C30: ='C 8'!C30/'C 7'!C30*1000 -> 10.638855 | D30: ='C 8'!D30/'C 7'!D30*1000 -> 42.192127 | E30: ='C 8'!E30/'C 7'!E30*1000 -> 107.97321 | F30: ='C 8'!F30/'C 7'!F30*1000 -> 10.942294 | G30: ='C 8'!G30/'C 7'!G30*1000 -> 25.556015 | H30: ='C 8'!H30/'C 7'!H30*1000 -> 27.894357
A31: Cusco | B31: ='C 8'!B31/'C 7'!B31*1000 -> 2.1555497 | C31: ='C 8'!C31/'C 7'!C31*1000 -> 13.11334 | D31: ='C 8'!D31/'C 7'!D31*1000 -> 40.412116 | E31: ='C 8'!E31/'C 7'!E31*1000 -> 155.70929 | F31: ='C 8'!F31/'C 7'!F31*1000 -> 12.900935 | G31: ='C 8'!G31/'C 7'!G31*1000 -> 27.008306 | H31: ='C 8'!H31/'C 7'!H31*1000 -> 30.554367
A32: Puno | B32: ='C 8'!B32/'C 7'!B32*1000 -> 2.0631265 | C32: ='C 8'!C32/'C 7'!C32*1000 -> 13.95088 | D32: ='C 8'!D32/'C 7'!D32*1000 -> 33.858448 | E32: ='C 8'!E32/'C 7'!E32*1000 -> 143.90513 | F32: 0 | G32: ='C 8'!G32/'C 7'!G32*1000 -> 27.82096 | H32: ='C 8'!H32/'C 7'!H32*1000 -> 39.207485
A33: San Martín | B33: ='C 8'!B33/'C 7'!B33*1000 -> 2.2296872 | C33: ='C 8'!C33/'C 7'!C33*1000 -> 12.114001 | D33: ='C 8'!D33/'C 7'!D33*1000 -> 41.458379 | E33: ='C 8'!E33/'C 7'!E33*1000 -> 107.04509 | F33: 0 | G33: 0 | H33: 0
A34: Loreto | B34: ='C 8'!B34/'C 7'!B34*1000 -> 2.2205377 | C34: ='C 8'!C34/'C 7'!C34*1000 -> 13.630609 | D34: ='C 8'!D34/'C 7'!D34*1000 -> 44.748705 | E34: ='C 8'!E34/'C 7'!E34*1000 -> 143.4348 | F34: ='C 8'!F34/'C 7'!F34*1000 -> 3.5172414 | G34: 0 | H34: 0
A35: Ucayali | B35: ='C 8'!B35/'C 7'!B35*1000 -> 2.1807275 | C35: ='C 8'!C35/'C 7'!C35*1000 -> 11.711454 | D35: ='C 8'!D35/'C 7'!D35*1000 -> 44.938144 | E35: ='C 8'!E35/'C 7'!E35*1000 -> 127.53925 | F35: 0 | G35: 0 | H35: 0
A36: Madre de Dios | B36: ='C 8'!B36/'C 7'!B36*1000 -> 2.2056021 | C36: ='C 8'!C36/'C 7'!C36*1000 -> 17.238067 | D36: ='C 8'!D36/'C 7'!D36*1000 -> 65.002397 | E36: ='C 8'!E36/'C 7'!E36*1000 -> 161.29085 | F36: 0 | G36: 0 | H36: 0
A37: P Preliminar
A38: Fuente: Direcciones Regionales de Agricultura
A39: Elaboración: Ministerio de Desarrollo Agrario y Riego - DGESEP - DEIA

Sheet C 10
A2: C.10 PERÚ: ESPECIES PECUARIAS EN PRODUCCIÓN Y ANIMALES ESQUILADOS POR ESPECIE,
A3: SEGÚN REGIÓN, 2021P
A4: (Unidades)
A6: Región | B6: Gallinas en Postura | C6: Vacas en Ordeño | D6: Alpacas Esquiladas | E6: Llamas Esquiladas | F6: Ovinos Esquilados
A7: Nacional | B7: =(B9+B10+B11+B12+B13+B17++B18+B19+B20+B21+B22+B23+B24+B25+B26+B27+B28+B29+B32+B33+B34+B35+B36+B37) -> 28938922 | C7: =(C9+C10+C11+C12+C13+C17++C18+C19+C20+C21+C22+C23+C24+C25+C26+C27+C28+C29+C32+C33+C34+C35+C36+C37) -> 932744.59 | D7: =(D9+D10+D11+D12+D13+D17++D18+D19+D20+D21+D22+D23+D24+D25+D26+D27+D28+D29+D32+D33+D34+D35+D36+D37) -> 2119402.2 | E7: =(E9+E10+E11+E12+E13+E17++E18+E19+E20+E21+E22+E23+E24+E25+E26+E27+E28+E29+E32+E33+E34+E35+E36+E37) -> 338242.3 | F7: =(F9+F10+F11+F12+F13+F17++F18+F19+F20+F21+F22+F23+F24+F25+F26+F27+F28+F29+F32+F33+F34+F35+F36+F37) -> 4237001.4
A9: Tumbes | B9: 11313.173 | C9: 299.75 | D9: 0 | E9: 0 | F9: 0
A10: Piura | B10: 391496.06 | C10: 24341 | D10: 49 | E10: 0 | F10: 23982
A11: Lambayeque | B11: 453900.64 | C11: 18100.895 | D11: 0 | E11: 0 | F11: 0
A12: La Libertad | B12: 4766950.1 | C12: 52129.25 | D12: 6052 | E12: 0 | F12: 254269
A13: Cajamarca | B13: 411010.9 | C13: 169643.54 | D13: 0 | E13: 0 | F13: 159350.13
A14: Cajamarca | B14: 193186.78 | C14: 100286.58 | D14: 0 | E14: 0 | F14: 124989.13
A15: Chota | B15: 140540.88 | C15: 63450.375 | D15: 0 | E15: 0 | F15: 34361
A16: Jaén | B16: 77283.25 | C16: 5906.5833 | D16: 0 | E16: 0 | F16: 0
A17: Amazonas | B17: 129592.67 | C17: 80864.333 | D17: 0 | E17: 0 | F17: 6224
A18: Ancash | B18: 207400.15 | C18: 16461.5 | D18: 0 | E18: 0 | F18: 6488
A19: Lima | B19: 7647608.6 | C19: 74209.007 | D19: 19457.2 | E19: 1915 | F19: 115395.7
A20: Ica | B20: 10336666 | C20: 15390.083 | D20: 0 | E20: 0 | F20: 0
... A37: Madre de Dios | B37: 203149.22 | C37: 999.58333 | D37: 0 | E37: 0 | F37: 0
A38: P Preliminar
A39: Fuente: Direcciones Regionales de Agricultura
A40: Elaboración: Ministerio de Desarrollo Agrario y Riego - DGESEP - DEIA

Sheet C 11
A2: C.11 PERÚ: PRODUCCIÓN DE PRINCIPALES PRODUCTOS PECUARIOS SEGÚN REGIÓN, 2021P
A3: (Toneladas)
A5: Región | B5: Huevo de Gallina | C5: Leche Fresca de Vaca | D5: Fibra de Alpaca | E5: Fibra de Llama | F5: Lana de Ovino
A6: Nacional | B6: =(B8+B9+B10+B11+B12+B16++B17+B18+B19+B20+B21+B22+B23+B24+B25+B26+B27+B28+B31+B32+B33+B34+B35+B36) -> 504112.04 | C6: =(C8+C9+C10+C11+C12+C16++C17+C18+C19+C20+C21+C22+C23+C24+C25+C26+C27+C28+C31+C32+C33+C34+C35+C36) -> 2184934.5 | D6: =(D8+D9+D10+D11+D12+D16++D17+D18+D19+D20+D21+D22+D23+D24+D25+D26+D27+D28+D31+D32+D33+D34+D35+D36) -> 4403.3228 | E6: =(E8+E9+E10+E11+E12+E16++E17+E18+E19+E20+E21+E22+E23+E24+E25+E26+E27+E28+E31+E32+E33+E34+E35+E36) -> 672.83795 | F6: =(F8+F9+F10+F11+F12+F16++F17+F18+F19+F20+F21+F22+F23+F24+F25+F26+F27+F28+F31+F32+F33+F34+F35+F36) -> 7690.2524
A8: Tumbes | B8: 101.93503 | C8: 324.47108 | D8: 0 | E8: 0 | F8: 0
A9: Piura | B9: 4859.8705 | C9: 43392.219 | D9: 0.07105 | E9: 0 | F9: 25.458296
A10: Lambayeque | B10: 7410.391 | C10: 48054.66 | D10: 0 | E10: 0 | F10: 0
A11: La Libertad | B11: 87763.017 | C11: 160701.34 | D11: 16.611301 | E11: 0 | F11: 751.87729
A12: Cajamarca | B12: 2307.5686 | C12: 380550.04 | D12: 0 | E12: 0 | F12: 262.62377
A13: Cajamarca | B13: 1301.1083 | C13: 231898.16 | D13: 0 | E13: 0 | F13: 213.78168
A14: Chota | B14: 641.61333 | C14: 139997.44 | D14: 0 | E14: 0 | F14: 48.84209
A15: Jaén | B15: 364.84689 | C15: 8654.446 | D15: 0 | E15: 0 | F15: 0
A16: Amazonas | B16: 1423.7122 | C16: 103409.71 | D16: 0 | E16: 0 | F16: 3.907764
A17: Ancash | B17: 1339.4832 | C17: 20090.647 | D17: 0 | E17: 0 | F17: 9.450683
A18: Lima | B18: 138207.82 | C18: 364677.18 | D18: 29.676599 | E18: 2.4991456 | F18: 145.58913
A19: Ica | B19: 203352.31 | C19: 85602.637 | D19: 0 | E19: 0 | F19: 0
... A36: Madre de Dios | B36: 3401.7196 | C36: 1369.54 | D36: 0 | E36: 0 | F36: 0
A37: P Preliminar
A38: Fuente: Direcciones Regionales de Agricultura
A39: Elaboración: Ministerio de Desarrollo Agrario y Riego - DGESEP - DEIA

Sheet C 12
A2: C.12 PERÚ: RENDIMIENTO PROMEDIO POR PRODUCTO, SEGÚN REGIÓN, 2021P
A3: (Kg/Unidad/Año)
A5: Región | B5: Huevo de Gallina | C5: Leche Fresca de Vaca | D5: Fibra de Alpaca | E5: Fibra de Llama | F5: Lana de Ovino
A6: Nacional | B6: =('C 11'!B6/'C 10'!B7)*1000 -> 17.419862 | C6: =('C 11'!C6/'C 10'!C7)*1000 -> 2342.4789 | D6: =('C 11'!D6/'C 10'!D7)*1000 -> 2.0776249 | E6: =('C 11'!E6/'C 10'!E7)*1000 -> 1.9892188 | F6: =('C 11'!F6/'C 10'!F7)*1000 -> 1.8150224
A8: Tumbes | B8: ='C 11'!B8/'C 10'!B9*1000 -> 9.0102957 | C8: ='C 11'!C8/'C 10'!C9*1000 -> 1082.4723 | D8: 0 | E8: 0 | F8: 0
A9: Piura | B9: ='C 11'!B9/'C 10'!B10*1000 -> 12.413587 | C9: ='C 11'!C9/'C 10'!C10*1000 -> 1782.6802 | D9: ='C 11'!D9/'C 10'!D10*1000 -> 1.45 | E9: 0 | F9: ='C 11'!F9/'C 10'!F10*1000 -> 1.0615585
A10: Lambayeque | B10: ='C 11'!B10/'C 10'!B11*1000 -> 16.32602 | C10: ='C 11'!C10/'C 10'!C11*1000 -> 2654.8223 | D10: 0 | E10: 0 | F10: 0
A11: La Libertad | B11: ='C 11'!B11/'C 10'!B12*1000 -> 18.410727 | C11: ='C 11'!C11/'C 10'!C12*1000 -> 3082.748 | D11: ='C 11'!D11/'C 10'!D12*1000 -> 2.7447622 | E11: 0 | F11: ='C 11'!F11/'C 10'!F12*1000 -> 2.9570152
A12: Cajamarca | B12: ='C 11'!B12/'C 10'!B13*1000 -> 5.6143731 | C12: ='C 11'!C12/'C 10'!C13*1000 -> 2243.2333 | D12: 0 | E12: 0 | F12: ='C 11'!F12/'C 10'!F13*1000 -> 1.6480926
A13: Cajamarca | B13: ='C 11'!B13/'C 10'!B14*1000 -> 6.7349762 | C13: ='C 11'!C13/'C 10'!C14*1000 -> 2312.3548 | D13: 0 | E13: 0 | F13: ='C 11'!F13/'C 10'!F14*1000 -> 1.7104022
A14: Chota | B14: ='C 11'!B14/'C 10'!B15*1000 -> 4.5653148 | C14: ='C 11'!C14/'C 10'!C15*1000 -> 2206.4083 | D14: 0 | E14: 0 | F14: ='C 11'!F14/'C 10'!F15*1000 -> 1.4214397
A15: Jaén | B15: ='C 11'!B15/'C 10'!B16*1000 -> 4.7209051 | C15: ='C 11'!C15/'C 10'!C16*1000 -> 1465.2203 | D15: 0 | E15: 0 | F15: 0
A16: Amazonas | B16: ='C 11'!B16/'C 10'!B17*1000 -> 10.986055 | C16: ='C 11'!C16/'C 10'!C17*1000 -> 1278.805 | D16: 0 | E16: 0 | F16: ='C 11'!F16/'C 10'!F17*1000 -> 0.62785411
A17: Ancash | B17: ='C 11'!B17/'C 10'!B18*1000 -> 6.4584485 | C17: ='C 11'!C17/'C 10'!C18*1000 -> 1220.4627 | D17: 0 | E17: 0 | F17: ='C 11'!F17/'C 10'!F18*1000 -> 1.4566404
A18: Lima | B18: ='C 11'!B18/'C 10'!B19*1000 -> 18.07203 | C18: ='C 11'!C18/'C 10'!C19*1000 -> 4914.1903 | D18: ='C 11'!D18/'C 10'!D19*1000 -> 1.5252245 | E18: ='C 11'!E18/'C 10'!E19*1000 -> 1.3050369 | F18: ='C 11'!F18/'C 10'!F19*1000 -> 1.2616513
A19: Ica | B19: ='C 11'!B19/'C 10'!B20*1000 -> 19.672912 | C19: ='C 11'!C19/'C 10'!C20*1000 -> 5562.1945 | D19: 0 | E19: 0 | F19: 0
A20: Huánuco | B20: ='C 11'!B20/'C 10'!B21*1000 -> 7.1610286 | C20: ='C 11'!C20/'C 10'!C21*1000 -> 1529.1215 | D20: ='C 11'!D20/'C 10'!D21*1000 -> 2.6008471 | E20: 0 | F20: ='C 11'!F20/'C 10'!F21*1000 -> 1.7019263
A21: Pasco | B21: ='C 11'!B21/'C 10'!B22*1000 -> 4.7689925 | C21: ='C 11'!C21/'C 10'!C22*1000 -> 1276.355 | D21: ='C 11'!D21/'C 10'!D22*1000 -> 1.9879432 | E21: ='C 11'!E21/'C 10'!E22*1000 -> 1.6570906 | F21: ='C 11'!F21/'C 10'!F22*1000 -> 1.7760767
A22: Junín | B22: ='C 11'!B22/'C 10'!B23*1000 -> 6.6972527 | C22: ='C 11'!C22/'C 10'!C23*1000 -> 1433.4069 | D22: ='C 11'!D22/'C 10'!D23*1000 -> 2.7972751 | E22: ='C 11'!E22/'C 10'!E23*1000 -> 2.391072 | F22: ='C 11'!F22/'C 10'!F23*1000 -> 1.7311262
A23: Huancavelica | B23: ='C 11'!B23/'C 10'!B24*1000 -> 4.3780054 | C23: ='C 11'!C23/'C 10'!C24*1000 -> 1824.5616 | D23: ='C 11'!D23/'C 10'!D24*1000 -> 1.8531069 | E23: ='C 11'!E23/'C 10'!E24*1000 -> 1.8863659 | F23: ='C 11'!F23/'C 10'!F24*1000 -> 1.5598421
A24: Arequipa | B24: ='C 11'!B24/'C 10'!B25*1000 -> 16.657077 | C24: ='C 11'!C24/'C 10'!C25*1000 -> 4725.8345 | D24: ='C 11'!D24/'C 10'!D25*1000 -> 1.9064219 | E24: ='C 11'!E24/'C 10'!E25*1000 -> 2.1766069 | F24: ='C 11'!F24/'C 10'!F25*1000 -> 1.5128252
A25: Moquegua | B25: ='C 11'!B25/'C 10'!B26*1000 -> 10.863722 | C25: ='C 11'!C25/'C 10'!C26*1000 -> 3132.3836 | D25: ='C 11'!D25/'C 10'!D26*1000 -> 2.0531016 | E25: ='C 11'!E25/'C 10'!E26*1000 -> 1.9300097 | F25: ='C 11'!F25/'C 10'!F26*1000 -> 1.4244221
A26: Tacna | B26: ='C 11'!B26/'C 10'!B27*1000 -> 16.98344 | C26: ='C 11'!C26/'C 10'!C27*1000 -> 4402.8593 | D26: ='C 11'!D26/'C 10'!D27*1000 -> 3.498082 | E26: 0 | F26: 0
A27: Ayacucho | B27: ='C 11'!B27/'C 10'!B28*1000 -> 5.3409862 | C27: ='C 11'!C27/'C 10'!C28*1000 -> 1917.7327 | D27: ='C 11'!D27/'C 10'!D28*1000 -> 1.8114729 | E27: ='C 11'!E27/'C 10'!E28*1000 -> 1.3823066 | F27: ='C 11'!F27/'C 10'!F28*1000 -> 1.4588539
A28: Apurímac | B28: ='C 11'!B28/'C 10'!B29*1000 -> 4.9604322 | C28: ='C 11'!C28/'C 10'!C29*1000 -> 1082.9791 | D28: ='C 11'!D28/'C 10'!D29*1000 -> 1.9708377 | E28: ='C 11'!E28/'C 10'!E29*1000 -> 1.7409173 | F28: ='C 11'!F28/'C 10'!F29*1000 -> 1.7932908
A29: Abancay | B29: ='C 11'!B29/'C 10'!B30*1000 -> 5.1426267 | C29: ='C 11'!C29/'C 10'!C30*1000 -> 948.87227 | D29: ='C 11'!D29/'C 10'!D30*1000 -> 2.0295556 | E29: ='C 11'!E29/'C 10'!E30*1000 -> 1.6893751 | F29: ='C 11'!F29/'C 10'!F30*1000 -> 1.8129861
A30: Andahuaylas | B30: ='C 11'!B30/'C 10'!B31*1000 -> 4.7795737 | C30: ='C 11'!C30/'C 10'!C31*1000 -> 1306.6314 | D30: ='C 11'!D30/'C 10'!D31*1000 -> 1.7600947 | E30: ='C 11'!E30/'C 10'!E31*1000 -> 1.8246241 | F30: ='C 11'!F30/'C 10'!F31*1000 -> 1.7070608
A31: Cusco | B31: ='C 11'!B31/'C 10'!B32*1000 -> 3.738568 | C31: ='C 11'!C31/'C 10'!C32*1000 -> 1490.6008 | D31: ='C 11'!D31/'C 10'!D32*1000 -> 1.9778573 | E31: ='C 11'!E31/'C 10'!E32*1000 -> 1.5005673 | F31: ='C 11'!F31/'C 10'!F32*1000 -> 1.4761994
A32: Puno | B32: ='C 11'!B32/'C 10'!B33*1000 -> 4.7162667 | C32: ='C 11'!C32/'C 10'!C33*1000 -> 1387.9549 | D32: ='C 11'!D32/'C 10'!D33*1000 -> 2.0841048 | E32: ='C 11'!E32/'C 10'!E33*1000 -> 2.0186589 | F32: ='C 11'!F32/'C 10'!F33*1000 -> 1.929788
A33: San Martín | B33: ='C 11'!B33/'C 10'!B34*1000 -> 15.363895 | C33: ='C 11'!C33/'C 10'!C34*1000 -> 1682.5178 | D33: 0 | E33: 0 | F33: 0
A34: Loreto | B34: ='C 11'!B34/'C 10'!B35*1000 -> 13.459371 | C34: ='C 11'!C34/'C 10'!C35*1000 -> 1218.3329 | D34: 0 | E34: 0 | F34: 0
A35: Ucayali | B35: ='C 11'!B35/'C 10'!B36*1000 -> 14.046598 | C35: ='C 11'!C35/'C 10'!C36*1000 -> 1195.7977 | D35: 0 | E35: 0 | F35: 0
A36: Madre de Dios | B36: ='C 11'!B36/'C 10'!B37*1000 -> 16.744931 | C36: ='C 11'!C36/'C 10'!C37*1000 -> 1370.1108 | D36: 0 | E36: 0 | F36: 0
A37: P Preliminar
A38: Fuente: Direcciones Regionales de Agricultura
A39: Elaboración: Ministerio de Desarrollo Agrario y Riego - DGESEP - DEIA

Sheet C 13
A2: C.13 PERÚ: PRODUCCIÓN PECUARIA POR MES, SEGÚN PRODUCTO, 2021P
A3: (Toneladas)
A5: Producto | C5: Anual | D5: Ene | E5: Feb | F5: Mar | G5: Abr | H5: May | I5: Jun | J5: Jul | K5: Ago | L5: Set | M5: Oct | N5: Nov | O5: Dic
A6: Carne
B7: Ave | C7: =SUM(D7:O7) -> 1751607.8 | D7: 142130.31 | E7: 126558.53 | F7: 142649.8 | G7: 145935.12 | H7: 147356.03 | I7: 147397.16 | J7: 153808.68 | K7: 149327.29 | L7: 148195.59 | M7: 150730.59 | N7: 144655.84 | O7: 152862.87
B8: Ovino | C8: =SUM(D8:O8) -> 33259.223 | D8: 2366.6121 | E8: 2498.3525 | F8: 2657.3563 | G8: 2976.8923 | H8: 3130.3179 | I8: 3176.6751 | J8: 3050.8546 | K8: 2954.5303 | L8: 2740.096 | M8: 2560.0555 | N8: 2552.0449 | O8: 2595.4357
B9: Porcino | C9: =SUM(D9:O9) -> 176149.67 | D9: 14231.74 | E9: 13717.629 | F9: 13764.216 | G9: 14109.704 | H9: 14027.758 | I9: 14440.992 | J9: 15376.978 | K9: 15432.036 | L9: 14686.729 | M9: 15005.231 | N9: 14325.795 | O9: 17030.865
B10: Vacuno | C10: =SUM(D10:O10) -> 189922.92 | D10: 14550.805 | E10: 15115.469 | F10: 15145.482 | G10: 16388.811 | H10: 16960.281 | I10: 16877.95 | J10: 17066.791 | K10: 16307.557 | L10: 15768.891 | M10: 14986.558 | N10: 15158.487 | O10: 15595.834
B11: Caprino | C11: =SUM(D11:O11) -> 4948.0032 | D11: 383.41776 | E11: 388.6357 | F11: 408.22744 | G11: 416.23068 | H11: 442.23191 | I11: 458.97431 | J11: 451.08731 | K11: 434.6116 | L11: 396.00514 | M11: 376.86019 | N11: 381.7875 | O11: 409.93365
B12: Alpaca | C12: =SUM(D12:O12) -> 12581.237 | D12: 840.1604 | E12: 993.12301 | F12: 1069.9518 | G12: 1281.0791 | H12: 1273.6916 | I12: 1269.0322 | J12: 1217.7832 | K12: 1116.671 | L12: 970.7628 | M12: 901.66808 | N12: 866.0732 | O12: 781.2409
B13: Llama | C13: =SUM(D13:O13) -> 3940.039 | D13: 281.25364 | E13: 312.73076 | F13: 323.73958 | G13: 375.36016 | H13: 370.75405 | I13: 388.67278 | J13: 361.71082 | K13: 334.5073 | L13: 315.1218 | M13: 287.9964 | N13: 284.12048 | O13: 304.07126
A15: Menudencia
B16: Ovino | C16: =SUM(D16:O16) -> 25868.285 | D16: =(D8/0.45*0.35) -> 1840.6983 | E16: =(E8/0.45*0.35) -> 1943.163 | F16: =(F8/0.45*0.35) -> 2066.8327 | G16: =(G8/0.45*0.35) -> 2315.3607 | H16: =(H8/0.45*0.35) -> 2434.6917 | I16: =(I8/0.45*0.35) -> 2470.7473 | J16: =(J8/0.45*0.35) -> 2372.8869 | K16: =(K8/0.45*0.35) -> 2297.968 | ... O16: =(O8/0.45*0.35) -> 2018.6722
B17: Porcino | C17: =SUM(D17:O17) -> 35229.935 | D17: =(D9/0.75*0.15) -> 2846.348 | E17: =(E9/0.75*0.15) -> 2743.5258 | F17: =(F9/0.75*0.15) -> 2752.8432 | G17: =(G9/0.75*0.15) -> 2821.9409 | H17: =(H9/0.75*0.15) -> 2805.5516 | I17: =(I9/0.75*0.15) -> 2888.1985 | J17: =(J9/0.75*0.15) -> 3075.3956 | K17: =(K9/0.75*0.15) -> 3086.4072 | ... O17: =(O9/0.75*0.15) -> 3406.173
B18: Vacuno | C18: =SUM(D18:O18) -> 93099.469 | D18: =(D10/0.51*0.25) -> 7132.7477 | E18: =(E10/0.51*0.25) -> 7409.5434 | F18: =(F10/0.51*0.25) -> 7424.2557 | G18: =(G10/0.51*0.25) -> 8033.731 | H18: =(H10/0.51*0.25) -> 8313.863 | I18: =(I10/0.51*0.25) -> 8273.5051 | J18: =(J10/0.51*0.25) -> 8366.074 | K18: =(K10/0.51*0.25) -> 7993.9007 | ... O18: =(O10/0.51*0.25) -> 7645.0168
B19: Caprino | C19: =SUM(D19:O19) -> 3848.4469 | D19: =(D11/0.45*0.35) -> 298.21382 | E19: =(E11/0.45*0.35) -> 302.27221 | F19: =(F11/0.45*0.35) -> 317.51023 | G19: =(G11/0.45*0.35) -> 323.73497 | H19: =(H11/0.45*0.35) -> 343.95815 | I19: =(I11/0.45*0.35) -> 356.98002 | J19: =(J11/0.45*0.35) -> 350.84568 | K19: =(K11/0.45*0.35) -> 338.03124 | ... O19: =(O11/0.45*0.35) -> 318.83728
A21: Huevo de Gallina | C21: =SUM(D21:O21) -> 504112.04 | D21: 41654.27 | E21: 41643.524 | F21: 41708.743 | G21: 41568.725 | H21: 41651.491 | I21: 41551.387 | J21: 41733.217 | K21: 41860.224 | L21: 41890.714 | M21: 42481.257 | N21: 43084.228 | O21: 43284.259
A23: Leche Fresca de Vaca | C23: =SUM(D23:O23) -> 2184934.5 | D23: 181396.42 | E23: 176859.2 | F23: 190547.89 | G23: 192591.37 | H23: 195443.66 | I23: 189162.9 | J23: 184681.77 | K23: 180103.05 | L23: 172111.78 | M23: 173405.06 | N23: 173219.64 | O23: 175411.79
A25: Fibra Alpaca | C25: =SUM(D25:O25) -> 4403.3228 | D25: 402.01921 | E25: 618.93156 | F25: 597.42814 | G25: 40.420262 | H25: 62.567235 | I25: 46.257257 | J25: 4.8691309 | K25: 0.65715472 | L25: 9.7294884 | M25: 201.38907 | N25: 1729.0648 | O25: 689.98946
A27: Fibra Llama | C27: =SUM(D27:O27) -> 672.83795 | D27: 34.120038 | E27: 115.77215 | F27: 104.71649 | G27: 8.5664914 | H27: 3.6682114 | I27: 3.60826 | J27: 0.14946 | K27: 0 | L27: 0.31908 | M27: 45.748439 | N27: 293.79726 | O27: 62.372073
A29: Lana Ovino | C29: =SUM(D29:O29) -> 7690.2524 | D29: 733.28643 | E29: 2649.9215 | F29: 1861.0484 | G29: 237.26252 | H29: 461.32828 | I29: 245.6 | J29: 218.7399 | K29: 141.26515 | L29: 159.53493 | M29: 29.850369 | N29: 615.68537 | O29: 336.72947
A30: P Preliminar
A31: Fuente: Direcciones Regionales de Agricultura
A32: Elaboración: Ministerio de Desarrollo Agrario y Riego - DGESEP - DEIA

Sheet C 14
A2: C.14 PERÚ: POBLACIÓN DE VACUNOS POR AÑO, SEGÚN REGIÓN, 2007-2021
A3: (Unidades)
A5: Región | C5: 2005 | D5: 2006 | E5: 2007 | F5: 2008 | G5: 2009 | H5: 2010 | I5: 2011 | J5: 2012 | K5: 2013 | L5: 2014 | M5: 2015 | N5: 2016 | O5: 2017 | P5: 2018 | Q5: 2019 | R5: 2020 P | S5: 2021 P
A6: Total Nacional | C6: =(C8+C9+C10+C11+C12+C13+C14+C15+C16+C17+C18+C19+C20+C21+C22+C23+C24+C25+C26+C27+C28+C29+C30+C31) -> 5249783 | D6: =(D8+D9+D10+D11+D12+D13+D14+D15+D16+D17+D18+D19+D20+D21+D22+D23+D24+D25+D26+D27+D28+D29+D30+D31) -> 5241101 | E6: =(E8+E9+E10+E11+E12+E13+E14+E15+E16+E17+E18+E19+E20+E21+E22+E23+E24+E25+E26+E27+E28+E29+E30+E31) -> 5420865 | F6: =(F8+F9+F10+F11+F12+F13+F14+F15+F16+F17+F18+F19+F20+F21+F22+F23+F24+F25+F26+F27+F28+F29+F30+F31) -> 5442989 | G6: =(G8+G9+G10+G11+G12+G13+G14+G15+G16+G17+G18+G19+G20+G21+G22+G23+G24+G25+G26+G27+G28+G29+G30+G31) -> 5459435 | H6: =(H8+H9+H10+H11+H12+H13+H14+H15+H16+H17+H18+H19+H20+H21+H22+H23+H24+H25+H26+H27+H28+H29+H30+H31) -> 5520198 | I6: =(I8+I9+I10+I11+I12+I13+I14+I15+I16+I17+I18+I19+I20+I21+I22+I23+I24+I25+I26+I27+I28+I29+I30+I31) -> 5589173 | J6: =(J8+J9+J10+J11+J12+J13+J14+J15+J16+J17+J18+J19+J20+J21+J22+J23+J24+J25+J26+J27+J28+J29+J30+J31) -> 5660984 | ... S6: =(S8+S9+S10+S11+S12+S13+S14+S15+S16+S17+S18+S19+S20+S21+S22+S23+S24+S25+S26+S27+S28+S29+S30+S31) -> 5853660
B8: Tumbes | C8: 13800 | D8: 14000 | E8: 13890 | F8: 17461 | G8: 17100 | H8: 13729 | I8: 14447 | J8: 18070 | K8: 18447 | L8: 19414 | M8: 21346 | N8: 22427 | O8: 22350 | P8: 22050 | Q8: 22200 | R8: 19258 | S8: 20732
B9: Piura | C9: 234260 | D9: 234260 | E9: 237774 | F9: 227803 | G9: 230765 | H9: 302158 | I9: 310158 | J9: 324960 | K9: 308181 | L9: 301926 | M9: 298200 | N9: 290882 | O9: 276247 | P9: 268181 | Q9: 258181 | R9: 248181 | S9: 292935.98
B10: Lambayeque | C10: 86000 | D10: 87500 | E10: 96479 | F10: 113725 | G10: 114210 | H10: 110583 | I10: 109540 | J10: 89795 | K10: 89530 | L10: 85995 | M10: 86120 | N10: 86344 | O10: 113514 | P10: 112040 | Q10: 113602 | R10: 114530 | S10: 114053
B11: La Libertad | C11: 253482 | D11: 253925 | E11: 254014 | F11: 253872 | G11: 253917 | H11: 254699 | I11: 259557 | J11: 262771 | K11: 262017 | L11: 259231 | M11: 246630 | N11: 245857 | O11: 237501 | P11: 233412 | Q11: 235457 | R11: 234083 | S11: 233679
B12: Cajamarca | C12: 567252 | D12: 585191 | E12: 647924 | F12: 663444 | G12: 668400 | H12: 661441 | I12: 664574 | J12: 645466 | K12: 654160 | L12: 661156 | M12: 663500 | N12: 657561 | O12: 645182 | P12: 648080 | Q12: 655840 | R12: 657166 | S12: 658353
B13: Amazonas | C13: 201868 | D13: 203000 | E13: 232617 | F13: 239911 | G13: 238500 | H13: 231680 | I13: 230526 | J13: 230190 | K13: 231874 | L13: 240121 | M13: 250584 | N13: 246360 | O13: 247610 | P13: 268100 | Q13: 247855 | R13: 375751 | S13: 382797
B14: Ancash | C14: 342051 | D14: 301166 | E14: 301783 | F14: 302411 | G14: 305711 | H14: 307624 | I14: 304367 | J14: 300992 | K14: 294294 | L14: 304127 | M14: 304262 | N14: 309475 | O14: 305720 | P14: 306410 | Q14: 306065 | R14: 308564 | S14: 307349
B15: Lima | C15: 263480 | D15: 258000 | E15: 254986 | F15: 228844 | G15: 226800 | H15: 230422 | I15: 232109 | J15: 225265 | K15: 226410 | L15: 232070 | M15: 265104 | N15: 257939 | O15: 245851 | P15: 255851 | Q15: 250851 | R15: 261406 | S15: 269325
B16: Ica | C16: 36448 | D16: 36595 | E16: 36877 | F16: 37296 | G16: 38100 | H16: 37063 | I16: 38362 | J16: 43823 | K16: 45315 | L16: 46324 | M16: 47838 | N16: 47321 | O16: 50124 | P16: 49144 | Q16: 50530 | R16: 48558 | S16: 48306
B17: Huánuco | C17: 269149 | D17: 293273 | E17: 324363 | F17: 323160 | G17: 324200 | H17: 319829 | I17: 305300 | J17: 246716 | K17: 273992 | L17: 295422 | M17: 290997 | N17: 290400 | O17: 292412 | P17: 293320 | Q17: 292866 | R17: 290125 | S17: 289367
B18: Pasco | C18: 101588 | D18: 124095 | E18: 125933 | F18: 127193 | G18: 127367 | H18: 121506 | I18: 123433 | J18: 139412 | K18: 104710 | L18: 105754 | M18: 116831 | N18: 118002 | O18: 119663 | P18: 119420 | Q18: 119542 | R18: 118658 | S18: 119084
B19: Junín | C19: 222660 | D19: 221770 | E19: 222660 | F19: 234727 | G19: 230300 | H19: 225423 | I19: 226527 | J19: 308233 | K19: 312227 | L19: 288385 | M19: 298924 | N19: 296450 | O19: 321586 | P19: 331426 | Q19: 326506 | R19: 320443 | S19: 340566
... B31: Madre de Dios | C31: 44200 | D31: 45228 | E31: 46908 | F31: 48256 | G31: 53006 | H31: 52261 | I31: 51070 | J31: 51665 | K31: 54380 | L31: 54460 | M31: 54983 | N31: 57732 | O31: 56420 | P31: 57340 | Q31: 56880 | R31: 60377 | S31: 60875
A32: P Preliminar
A33: Fuente: Direcciones Regionales de Agricultura
A34: Elaboración: Ministerio de Desarrollo Agrario y Riego - DGESEP - DEIA

Sheet C 15
A2: C.15 PERÚ: PRODUCCIÓN DE VACUNOS POR AÑO, SEGÚN REGIÓN, 2007-2021
A3: (Unidades)
A5: Región | C5: 2005 | D5: 2006 | E5: 2007 | F5: 2008 | G5: 2009 | H5: 2010 | I5: 2011 | J5: 2012 | K5: 2013 | L5: 2014 | M5: 2015 | N5: 2016 | O5: 2017 | P5: 2018 | Q5: 2019 | R5: 2020 | S5: 2021
A6: Total Nacional | C6: =(C8+C9+C10+C11+C12+C13+C14+C15+C16+C17+C18+C19+C20+C21+C22+C23+C24+C25+C26+C27+C28+C29+C30+C31) -> 1074578 | D6: =(D8+D9+D10+D11+D12+D13+D14+D15+D16+D17+D18+D19+D20+D21+D22+D23+D24+D25+D26+D27+D28+D29+D30+D31) -> 1127320 | E6: =(E8+E9+E10+E11+E12+E13+E14+E15+E16+E17+E18+E19+E20+E21+E22+E23+E24+E25+E26+E27+E28+E29+E30+E31) -> 1138578 | F6: =(F8+F9+F10+F11+F12+F13+F14+F15+F16+F17+F18+F19+F20+F21+F22+F23+F24+F25+F26+F27+F28+F29+F30+F31) -> 1151906 | G6: =(G8+G9+G10+G11+G12+G13+G14+G15+G16+G17+G18+G19+G20+G21+G22+G23+G24+G25+G26+G27+G28+G29+G30+G31) -> 1168497 | H6: =(H8+H9+H10+H11+H12+H13+H14+H15+H16+H17+H18+H19+H20+H21+H22+H23+H24+H25+H26+H27+H28+H29+H30+H31) -> 1218722 | I6: =(I8+I9+I10+I11+I12+I13+I14+I15+I16+I17+I18+I19+I20+I21+I22+I23+I24+I25+I26+I27+I28+I29+I30+I31) -> 1266710 | J6: =(J8+J9+J10+J11+J12+J13+J14+J15+J16+J17+J18+J19+J20+J21+J22+J23+J24+J25+J26+J27+J28+J29+J30+J31) -> 1319404 | ... S6: =(S8+S9+S10+S11+S12+S13+S14+S15+S16+S17+S18+S19+S20+S21+S22+S23+S24+S25+S26+S27+S28+S29+S30+S31) -> 1303069.6
B8: Tumbes | C8: 2573 | D8: 2418 | E8: 2930 | F8: 3894 | G8: 5335 | H8: 5461 | I8: 5844 | J8: 6574 | K8: 7212 | L8: 8084 | M8: 7723 | N8: 3812 | O8: 5673 | P8: 4958 | Q8: 4510 | R8: 4115.21 | S8: 3668
B9: Piura | C9: 67649 | D9: 70283 | E9: 65745 | F9: 65730 | G9: 59431 | H9: 58172 | I9: 55889 | J9: 60264 | K9: 56967 | L9: 51654 | M9: 48938 | N9: 47065 | O9: 45661 | P9: 45440 | Q9: 47805 | R9: 47306.123 | S9: 47401.125
B10: Lambayeque | C10: 22582 | D10: 22280 | E10: 22069 | F10: 19767 | G10: 19385 | H10: 18682 | I10: 17423 | J10: 18996 | K10: 20641 | L10: 23846 | M10: 23209 | N10: 23032 | O10: 22198 | P10: 22165 | Q10: 21454 | R10: 19737.6 | S10: 20429.627
B11: La Libertad | C11: 38590 | D11: 39984 | E11: 41125 | F11: 42224 | G11: 42848 | H11: 43307 | I11: 45452 | J11: 45649 | K11: 48278 | L11: 49237 | M11: 50755 | N11: 51726 | O11: 54880 | P11: 55173 | Q11: 58195 | R11: 60576 | S11: 60986
B12: Cajamarca | C12: 137225 | D12: 159044 | E12: 173505 | F12: 168102 | G12: 172901 | H12: 192200 | I12: 204853 | J12: 200959 | K12: 215540 | L12: 223400 | M12: 217543 | N12: 214187 | O12: 210048 | P12: 192900 | Q12: 196668 | R12: 165617 | S12: 184568.4
B13: Amazonas | C13: 38436 | D13: 41714 | E13: 41250 | F13: 48751 | G13: 46747 | H13: 52759 | I13: 51187 | J13: 56188 | K13: 56942 | L13: 57637 | M13: 57779 | N13: 58697 | O13: 59675 | P13: 61709 | Q13: 62118 | R13: 54126 | S13: 50960
B14: Ancash | C14: 50607 | D14: 52411 | E14: 52497 | F14: 55602 | G14: 56224 | H14: 56350 | I14: 61256 | J14: 63253 | K14: 65763 | L14: 67129 | M14: 69381 | N14: 72348 | O14: 70685 | P14: 71244 | Q14: 72763 | R14: 68633 | S14: 62644
B15: Lima | C15: 106742 | D15: 110598 | E15: 111846 | F15: 106946 | G15: 106932 | H15: 110315 | I15: 112788 | J15: 114785 | K15: 113303 | L15: 113750 | M15: 113823 | N15: 114444 | O15: 116208 | P15: 115837 | Q15: 113481 | R15: 106805 | S15: 109767
B16: Ica | C16: 7578 | D16: 7754 | E16: 8014 | F16: 8724 | G16: 9240 | H16: 10332 | I16: 11597 | J16: 11731 | K16: 12686 | L16: 13112 | M16: 12407 | N16: 13999 | O16: 12350 | P16: 11880 | Q16: 13058 | R16: 15834 | S16: 20410
B17: Huánuco | C17: 59649 | D17: 63816 | E17: 72114 | F17: 76355 | G17: 79585 | H17: 85815 | I17: 94930 | J17: 114520 | K17: 140057 | L17: 141250 | M17: 144125 | N17: 144071 | O17: 120539 | P17: 146932 | Q17: 149251 | R17: 148059 | S17: 150369
B18: Pasco | C18: 24789 | D18: 21165 | E18: 21528 | F18: 21968 | G18: 22677 | H18: 23684 | I18: 23161 | J18: 23312 | K18: 24007 | L18: 22792 | M18: 22998 | N18: 21400 | O18: 21814 | P18: 22594 | Q18: 23223 | R18: 22902 | S18: 23722
B19: Junín | C19: 38200 | D19: 37880 | E19: 39227 | F19: 39152 | G19: 44461 | H19: 49775 | I19: 53811 | J19: 58536 | K19: 61110 | L19: 63524 | M19: 71403 | N19: 72302 | O19: 77250 | P19: 75790 | Q19: 61103 | R19: 49952 | S19: 55007
... B31: Madre de Dios | C31: 6836 | D31: 7770 | E31: 8030 | F31: 9887 | G31: 10167 | H31: 10508 | I31: 10214 | J31: 10276 | K31: 10012 | L31: 10601 | M31: 12103 | N31: 14299 | O31: 14409 | P31: 13908 | Q31: 14653 | R31: 12717 | S31: 13775
A32: P Preliminar
A33: Fuente: Direcciones Regionales de Agricultura
A34: Elaboración: Ministerio de Desarrollo Agrario y Riego - DGESEP - DEIA

Sheet C 16
A2: C.16 PERÚ: PRODUCCIÓN DE CARNE DE VACUNO POR AÑO, SEGÚN REGIÓN, 2007-2021
A3: (Toneladas)
A5: Región | C5: 2005 | D5: 2006 | E5: 2007 | F5: 2008 | G5: 2009 | H5: 2010 | I5: 2011 | J5: 2012 | K5: 2013 | L5: 2014 | M5: 2015 | N5: 2016 | O5: 2017 | P5: 2018 | Q5: 2019 | R5: 2020 P | S5: 2021 P
A6: Total Nacional | C6: =(C8+C9+C10+C11+C12+C13+C14+C15+C16+C17+C18+C19+C20+C21+C22+C23+C24+C25+C26+C27+C28+C29+C30+C31) -> 152496 | D6: =(D8+D9+D10+D11+D12+D13+D14+D15+D16+D17+D18+D19+D20+D21+D22+D23+D24+D25+D26+D27+D28+D29+D30+D31) -> 161580 | E6: =(E8+E9+E10+E11+E12+E13+E14+E15+E16+E17+E18+E19+E20+E21+E22+E23+E24+E25+E26+E27+E28+E29+E30+E31) -> 163237 | F6: =(F8+F9+F10+F11+F12+F13+F14+F15+F16+F17+F18+F19+F20+F21+F22+F23+F24+F25+F26+F27+F28+F29+F30+F31) -> 163316 | G6: =(G8+G9+G10+G11+G12+G13+G14+G15+G16+G17+G18+G19+G20+G21+G22+G23+G24+G25+G26+G27+G28+G29+G30+G31) -> 164701 | H6: =(H8+H9+H10+H11+H12+H13+H14+H15+H16+H17+H18+H19+H20+H21+H22+H23+H24+H25+H26+H27+H28+H29+H30+H31) -> 171872 | I6: =(I8+I9+I10+I11+I12+I13+I14+I15+I16+I17+I18+I19+I20+I21+I22+I23+I24+I25+I26+I27+I28+I29+I30+I31) -> 179086 | J6: =(J8+J9+J10+J11+J12+J13+J14+J15+J16+J17+J18+J19+J20+J21+J22+J23+J24+J25+J26+J27+J28+J29+J30+J31) -> 186619 | ... S6: =(S8+S9+S10+S11+S12+S13+S14+S15+S16+S17+S18+S19+S20+S21+S22+S23+S24+S25+S26+S27+S28+S29+S30+S31) -> 189922.92
B8: Tumbes | C8: 356 | D8: 336 | E8: 414 | F8: 602 | G8: 761 | H8: 844 | I8: 903 | J8: 1034 | K8: 1082 | L8: 1205 | M8: 1154 | N8: 590 | O8: 880 | P8: 766 | Q8: 685 | R8: 627.00292 | S8: 555.17007
B9: Piura | C9: 10238 | D9: 10778 | E9: 9985 | F9: 9473 | G9: 8744 | H9: 8810 | I9: 8666 | J9: 9323 | K9: 8970 | L9: 9053 | M9: 8958 | N9: 8460 | O9: 7680 | P9: 7147 | Q9: 7217 | R9: 7051.1532 | S9: 7283.2216
B10: Lambayeque | C10: 2939 | D10: 3172 | E10: 3172 | F10: 2833 | G10: 2782 | H10: 2689 | I10: 2326 | J10: 2504 | K10: 2716 | L10: 3246 | M10: 3220 | N10: 3134 | O10: 3078 | P10: 3130 | Q10: 3101 | R10: 2872.9791 | S10: 3002.8518
B11: La Libertad | C11: 5255 | D11: 5492 | E11: 5648 | F11: 5783 | G11: 5901 | H11: 5963 | I11: 6233 | J11: 6309 | K11: 6715 | L11: 6893 | M11: 7093 | N11: 7246 | O11: 7718 | P11: 7798 | Q11: 8227 | R11: 8574.3473 | S11: 8647.0824
B12: Cajamarca | C12: 20836 | D12: 24037 | E12: 25896 | F12: 23904 | G12: 24466 | H12: 27368 | I12: 29302 | J12: 28012 | K12: 29741 | L12: 31983 | M12: 31499 | N12: 28488 | O12: 26794 | P12: 24002 | Q12: 24659 | R12: 21897.775 | S12: 24252.658
B13: Amazonas | C13: 5682 | D13: 6278 | E13: 6442 | F13: 7343 | G13: 7030 | H13: 7988 | I13: 7584 | J13: 8320 | K13: 8354 | L13: 8431 | M13: 8486 | N13: 8616 | O13: 8885 | P13: 9087 | Q13: 9172 | R13: 8181.5494 | S13: 7369.1027
B14: Ancash | C14: 6599 | D14: 6835 | E14: 6846 | F14: 7238 | G14: 7285 | H14: 7189 | I14: 7608 | J14: 7847 | K14: 8176 | L14: 8321 | M14: 8600 | N14: 8975 | O14: 9019 | P14: 9598 | Q14: 9831 | R14: 9772.9746 | S14: 8650.8109
B15: Lima | C15: 19359 | D15: 20479 | E15: 20915 | F15: 19931 | G15: 20243 | H15: 20937 | I15: 21509 | J15: 21696 | K15: 21295 | L15: 21390 | M15: 21553 | N15: 21548 | O15: 21842 | P15: 21736 | Q15: 21608 | R15: 20562.92 | S15: 21186.779
B16: Ica | C16: 1092 | D16: 1134 | E16: 1181 | F16: 1339 | G16: 1387 | H16: 1640 | I16: 1764 | J16: 1765 | K16: 1979 | L16: 2023 | M16: 2027 | N16: 2203 | O16: 2006 | P16: 1820 | Q16: 1992 | R16: 2158.732 | S16: 2694.5477
B17: Huánuco | C17: 9010 | D17: 10026 | E17: 11491 | F17: 11902 | G17: 11645 | H17: 11851 | I17: 13732 | J17: 16459 | K17: 19399 | L17: 19575 | M17: 20069 | N17: 20246 | O17: 18495 | P17: 21638 | Q17: 22966 | R17: 24853.592 | S17: 25066.735
B18: Pasco | C18: 3372 | D18: 3040 | E18: 3054 | F18: 3394 | G18: 3435 | H18: 3704 | I18: 3789 | J18: 3753 | K18: 3966 | L18: 3588 | M18: 3565 | N18: 3417 | O18: 3407 | P18: 3520 | Q18: 3680 | R18: 3675.9781 | S18: 3787.894
B19: Junín | C19: 4781 | D19: 4782 | E19: 4957 | F19: 5005 | G19: 5730 | H19: 6441 | I19: 6782 | J19: 7435 | K19: 7701 | L19: 8058 | M19: 9117 | N19: 8937 | O19: 9511 | P19: 9437 | Q19: 7969 | R19: 6555.8613 | S19: 7169.3811
... B31: Madre de Dios | C31: 1093 | D31: 1265 | E31: 1288 | F31: 1629 | G31: 1636 | H31: 1675 | I31: 1720 | J31: 1707 | K31: 1666 | L31: 1724 | M31: 1929 | N31: 2373 | O31: 2389 | P31: 2256 | Q31: 2373 | R31: 2061.5452 | S31: 2221.7814
A32: P Preliminar
A33: Fuente: Direcciones Regionales de Agricultura
A34: Elaboración: Ministerio de Desarrollo Agrario y Riego - DGESEP - DEIA

Sheet C 17
A2: C.17 PERÚ: PRECIO RECIBIDO POR EL PRODUCTOR DE VACUNO POR AÑO, SEGÚN REGIÓN, 2007-2021
A3: (Soles / kg)
A5: Región | C5: 2005 | D5: 2006 | E5: 2007 | F5: 2008 | G5: 2009 | H5: 2010 | I5: 2011 | J5: 2012 | K5: 2013 | L5: 2014 | M5: 2015 | N5: 2016 | O5: 2017 | P5: 2018 | Q5: 2019 | R5: 2020 P | S5: 2021 P
A6: Promedio | C6: 3.36 | D6: 3.4 | E6: 3.5 | F6: 3.77 | G6: 4.08 | H6: 4.1 | I6: 4.25 | J6: 4.69 | K6: 4.84 | L6: 5.23 | M6: 5.42 | N6: 5.63 | O6: 5.53 | P6: 5.64 | Q6: 5.68 | R6: 5.7252429 | S6: 5.8129741
B8: Tumbes | C8: 3.57 | D8: 3.39 | E8: 3.62 | F8: 3.66 | G8: 3.69 | H8: 3.5 | I8: 3.58 | J8: 3.62 | K8: 3.51 | L8: 4.47 | M8: 5.74 | N8: 5.67 | O8: 5.41 | P8: 5.42 | Q8: 5.58 | R8: 5.6413354 | S8: 5.8693087
B9: Piura | C9: 3.4 | D9: 3.4 | E9: 3.75 | F9: 3.82 | G9: 4.02 | H9: 3.92 | I9: 3.76 | J9: 4.01 | K9: 4.55 | L9: 4.77 | M9: 5.06 | N9: 5.56 | O9: 5.49 | P9: 5.65 | Q9: 5.67 | R9: 5.7373505 | S9: 5.8891725
B10: Lambayeque | C10: 3.31 | D10: 3.54 | E10: 3.43 | F10: 3.62 | G10: 4.23 | H10: 4.03 | I10: 3.97 | J10: 4.07 | K10: 4.34 | L10: 4.88 | M10: 5.18 | N10: 5.62 | O10: 5.52 | P10: 5.72 | Q10: 5.8 | R10: 5.8658706 | S10: 5.9529121
B11: La Libertad | C11: 3.1 | D11: 3.13 | E11: 3.67 | F11: 3.78 | G11: 4.44 | H11: 4.23 | I11: 4.05 | J11: 3.86 | K11: 4.05 | L11: 4.05 | M11: 5.98 | N11: 6.87 | O11: 6.11 | P11: 6.07 | Q11: 6.12 | R11: 6.2009861 | S11: 6.2869147
B12: Cajamarca | C12: 3.81 | D12: 3.94 | E12: 3.7 | F12: 3.85 | G12: 4.14 | H12: 4.1 | I12: 4.06 | J12: 5.21 | K12: 4.74 | L12: 5.16 | M12: 4.93 | N12: 5.08 | O12: 5.48 | P12: 5.4 | Q12: 5.6 | R12: 5.7053432 | S12: 6.0125354
B13: Amazonas | C13: 3.42 | D13: 3.55 | E13: 3.86 | F13: 3.82 | G13: 4 | H13: 4.08 | I13: 4.53 | J13: 4.56 | K13: 5.58 | L13: 5.89 | M13: 5.04 | N13: 5.61 | O13: 5.47 | P13: 5.53 | Q13: 5.52 | R13: 5.548997 | S13: 5.6433206
B14: Ancash | C14: 3.88 | D14: 3.53 | E14: 3.55 | F14: 3.81 | G14: 4.1 | H14: 3.43 | I14: 4.09 | J14: 4.21 | K14: 4.46 | L14: 5.24 | M14: 5.62 | N14: 5.57 | O14: 5 | P14: 5.16 | Q14: 5.11 | R14: 5.2219921 | S14: 5.4408261
B15: Lima | C15: 3.4 | D15: 3.49 | E15: 3.46 | F15: 4 | G15: 4.34 | H15: 3.66 | I15: 3.73 | J15: 4.05 | K15: 4.26 | L15: 4.59 | M15: 4.85 | N15: 5.65 | O15: 5.78 | P15: 5.72 | Q15: 5.9 | R15: 5.9822053 | S15: 6.1015805
B16: Ica | C16: 2.83 | D16: 3.05 | E16: 3.24 | F16: 3.84 | G16: 4.23 | H16: 4.39 | I16: 4.74 | J16: 4.98 | K16: 5.11 | L16: 5.57 | M16: 5.68 | N16: 5.18 | O16: 5.16 | P16: 5.28 | Q16: 5.23 | R16: 5.3504151 | S16: 5.5520303
B17: Huánuco | C17: 3.51 | D17: 3.54 | E17: 3.56 | F17: 3.65 | G17: 4.04 | H17: 4.44 | I17: 4.6 | J17: 4.47 | K17: 5.15 | L17: 5.09 | M17: 5.58 | N17: 5.42 | O17: 5.47 | P17: 5.6 | Q17: 5.56 | R17: 5.6569949 | S17: 5.6562341
B18: Pasco | C18: 2.65 | D18: 2.84 | E18: 3.41 | F18: 3.66 | G18: 3.7 | H18: 4.12 | I18: 4.39 | J18: 4.5 | K18: 4.79 | L18: 4.66 | M18: 4.79 | N18: 5.12 | O18: 5.01 | P18: 5.18 | Q18: 5.61 | R18: 5.5737094 | S18: 5.5251506
B19: Junín | C19: 3.15 | D19: 3.11 | E19: 3.12 | F19: 3.68 | G19: 3.74 | H19: 4.9 | I19: 5.11 | J19: 5.25 | K19: 5.49 | L19: 5.69 | M19: 6.1 | N19: 6.47 | O19: 6.05 | P19: 6.26 | Q19: 6.15 | R19: 6.1820445 | S19: 6.243297
... B31: Madre de Dios | C31: 3.28 | D31: 3.1 | E31: 3.25 | F31: 3.42 | G31: 3.93 | H31: 4.43 | I31: 4.81 | J31: 4.25 | K31: 4.21 | L31: 5.2 | M31: 4.46 | N31: 4.57 | O31: 5.61 | P31: 5.52 | Q31: 5.57 | R31: 5.599544 | S31: 5.6504118
A32: P Preliminar
A33: Fuente: Direcciones Regionales de Agricultura
A34: Elaboración: Ministerio de Desarrollo Agrario y Riego - DGESEP - DEIA

Sheet C 18
A2: C.18 PERÚ: VACAS EN ORDEÑO POR AÑO, SEGÚN REGIÓN, 2007-2021
B3: (Unidades)
A5: Región | C5: 2005 | D5: 2006 | E5: 2007 | F5: 2008 | G5: 2009 | H5: 2010 | I5: 2011 | J5: 2012 | K5: 2013 | L5: 2014 | M5: 2015 | N5: 2016 | O5: 2017 | P5: 2018 | Q5: 2019 | R5: 2020 P | S5: 2021 P
A6: Total Nacional | C6: =(C8+C9+C10+C11+C12+C13+C14+C15+C16+C17+C18+C19+C20+C21+C22+C23+C24+C25+C26+C27+C28+C29+C30+C31) -> 708119 | D6: =(D8+D9+D10+D11+D12+D13+D14+D15+D16+D17+D18+D19+D20+D21+D22+D23+D24+D25+D26+D27+D28+D29+D30+D31) -> 743672 | E6: =(E8+E9+E10+E11+E12+E13+E14+E15+E16+E17+E18+E19+E20+E21+E22+E23+E24+E25+E26+E27+E28+E29+E30+E31) -> 753192 | F6: =(F8+F9+F10+F11+F12+F13+F14+F15+F16+F17+F18+F19+F20+F21+F22+F23+F24+F25+F26+F27+F28+F29+F30+F31) -> 769582 | G6: =(G8+G9+G10+G11+G12+G13+G14+G15+G16+G17+G18+G19+G20+G21+G22+G23+G24+G25+G26+G27+G28+G29+G30+G31) -> 787010 | H6: =(H8+H9+H10+H11+H12+H13+H14+H15+H16+H17+H18+H19+H20+H21+H22+H23+H24+H25+H26+H27+H28+H29+H30+H31) -> 787601 | I6: =(I8+I9+I10+I11+I12+I13+I14+I15+I16+I17+I18+I19+I20+I21+I22+I23+I24+I25+I26+I27+I28+I29+I30+I31) -> 815395 | J6: =(J8+J9+J10+J11+J12+J13+J14+J15+J16+J17+J18+J19+J20+J21+J22+J23+J24+J25+J26+J27+J28+J29+J30+J31) -> 859630 | ... S6: =(S8+S9+S10+S11+S12+S13+S14+S15+S16+S17+S18+S19+S20+S21+S22+S23+S24+S25+S26+S27+S28+S29+S30+S31) -> 932744.59
B8: Tumbes | C8: 205 | D8: 274 | E8: 312 | F8: 386 | G8: 468 | H8: 503 | I8: 513 | J8: 548 | K8: 618 | L8: 638 | M8: 607 | N8: 422 | O8: 389 | P8: 373 | Q8: 361.5 | R8: 310.45 | S8: 299.75
B9: Piura | C9: 30800 | D9: 35139 | E9: 34728 | F9: 33772 | G9: 34191 | H9: 30208 | I9: 35419 | J9: 38995 | K9: 34915 | L9: 34685 | M9: 31861 | N9: 30915 | O9: 24275 | P9: 23642 | Q9: 24072.116 | R9: 24007.677 | S9: 24341
B10: Lambayeque | C10: 11495 | D10: 13733 | E10: 11917 | F10: 12100 | G10: 12432 | H10: 13419 | I10: 15349 | J10: 16016 | K10: 15929 | L10: 18394 | M10: 18602 | N10: 20306 | O10: 18913 | P10: 18456 | Q10: 17837.167 | R10: 17819.717 | S10: 18100.895
B11: La Libertad | C11: 31910 | D11: 33386 | E11: 34127 | F11: 34893 | G11: 35121 | H11: 35989 | I11: 37489 | J11: 38090 | K11: 38786 | L11: 39057 | M11: 41974 | N11: 43042 | O11: 44082 | P11: 45118 | Q11: 48823.25 | R11: 49775 | S11: 52129.25
B12: Cajamarca | C12: 110070 | D12: 111986 | E12: 122855 | F12: 123702 | G12: 133538 | H12: 131082 | I12: 136630 | J12: 140044 | K12: 142803 | L12: 146401 | M12: 152976 | N12: 159826 | O12: 162289 | P12: 162487 | Q12: 164222.08 | R12: 164025.34 | S12: 169643.54
B13: Amazonas | C13: 57182 | D13: 55010 | E13: 54898 | F13: 58893 | G13: 59729 | H13: 60701 | I13: 59696 | J13: 60572 | K13: 63081 | L13: 64800 | M13: 67566 | N13: 71212 | O13: 74885 | P13: 78673 | Q13: 79622.667 | R13: 79621.833 | S13: 80864.333
B14: Ancash | C14: 15138 | D14: 15084 | E14: 15428 | F14: 15207 | G14: 14076 | H14: 14449 | I14: 14358 | J14: 14592 | K14: 13862 | L14: 14497 | M14: 12680 | N14: 13073 | O14: 13463 | P14: 14783 | Q14: 14846.667 | R14: 14894.083 | S14: 16461.5
B15: Lima | C15: 72396 | D15: 73854 | E15: 74318 | F15: 73291 | G15: 74109 | H15: 75086 | I15: 75684 | J15: 75347 | K15: 75768 | L15: 78501 | M15: 79149 | N15: 77763 | O15: 76070 | P15: 74764 | Q15: 71091.56 | R15: 71842.292 | S15: 74209.007
B16: Ica | C16: 6635 | D16: 6646 | E16: 6730 | F16: 7086 | G16: 7588 | H16: 7724 | I16: 7811 | J16: 8270 | K16: 8929 | L16: 9578 | M16: 9480 | N16: 10349 | O16: 11507 | P16: 11962 | Q16: 12537.167 | R16: 14028.083 | S16: 15390.083
B17: Huánuco | C17: 25270 | D17: 28936 | E17: 29011 | F17: 30504 | G17: 32688 | H17: 33823 | I17: 32902 | J17: 31689 | K17: 29252 | L17: 28250 | M17: 31466 | N17: 31905 | O17: 32349 | P17: 32464 | Q17: 34915.583 | R17: 37713.417 | S17: 39351.75
B18: Pasco | C18: 21448 | D18: 28867 | E18: 28841 | F18: 24494 | G18: 25378 | H18: 25471 | I18: 24424 | J18: 25984 | K18: 25040 | L18: 24350 | M18: 26278 | N18: 26348 | O18: 28427 | P18: 29170 | Q18: 29614.167 | R18: 29894 | S18: 30414.5
B19: Junín | C19: 23080 | D19: 23360 | E19: 22937 | F19: 23588 | G19: 22699 | H19: 22013 | I19: 28327 | J19: 29927 | K19: 30607 | L19: 31721 | M19: 32903 | N19: 36691 | O19: 37386 | P19: 38296 | Q19: 40669.494 | R19: 41323.917 | S19: 41667.333
... B31: Madre de Dios | C31: 1358 | D31: 1460 | E31: 1549 | F31: 1963 | G31: 2088 | H31: 2018 | I31: 2664 | J31: 2838 | K31: 3474 | L31: 3400 | M31: 2935 | N31: 1610 | O31: 1352 | P31: 1329 | Q31: 1354 | R31: 1005.6667 | S31: 999.58333
A32: P Preliminar
A33: Fuente: Direcciones Regionales de Agricultura
A34: Elaboración: Ministerio de Desarrollo Agrario y Riego - DGESEP - DEIA

Sheet C 19
A2: C.19 PERÚ: PRODUCCIÓN DE LECHE FRESCA DE VACA POR AÑO, SEGÚN REGIÓN, 2007-2021
A3: (Toneladas)
A5: Región | C5: 2005 | D5: 2006 | E5: 2007 | F5: 2008 | G5: 2009 | H5: 2010 | I5: 2011 | J5: 2012 | K5: 2013 | L5: 2014 | M5: 2015 | N5: 2016 | O5: 2017 | P5: 2018 | Q5: 2019 | R5: 2020 P | S5: 2021 P
A6: Total Nacional | C6: =(C8+C9+C10+C11+C12+C13+C14+C15+C16+C17+C18+C19+C20+C21+C22+C23+C24+C25+C26+C27+C28+C29+C30+C31) -> 1236833 | D6: =(D8+D9+D10+D11+D12+D13+D14+D15+D16+D17+D18+D19+D20+D21+D22+D23+D24+D25+D26+D27+D28+D29+D30+D31) -> 1346991 | E6: =(E8+E9+E10+E11+E12+E13+E14+E15+E16+E17+E18+E19+E20+E21+E22+E23+E24+E25+E26+E27+E28+E29+E30+E31) -> 1455814 | F6: =(F8+F9+F10+F11+F12+F13+F14+F15+F16+F17+F18+F19+F20+F21+F22+F23+F24+F25+F26+F27+F28+F29+F30+F31) -> 1565531 | G6: =(G8+G9+G10+G11+G12+G13+G14+G15+G16+G17+G18+G19+G20+G21+G22+G23+G24+G25+G26+G27+G28+G29+G30+G31) -> 1652112 | H6: =(H8+H9+H10+H11+H12+H13+H14+H15+H16+H17+H18+H19+H20+H21+H22+H23+H24+H25+H26+H27+H28+H29+H30+H31) -> 1678373 | I6: =(I8+I9+I10+I11+I12+I13+I14+I15+I16+I17+I18+I19+I20+I21+I22+I23+I24+I25+I26+I27+I28+I29+I30+I31) -> 1755528 | J6: =(J8+J9+J10+J11+J12+J13+J14+J15+J16+J17+J18+J19+J20+J21+J22+J23+J24+J25+J26+J27+J28+J29+J30+J31) -> 1790672 | ... S6: =(S8+S9+S10+S11+S12+S13+S14+S15+S16+S17+S18+S19+S20+S21+S22+S23+S24+S25+S26+S27+S28+S29+S30+S31) -> 2184934.5
B8: Tumbes | C8: 362 | D8: 397 | E8: 421 | F8: 460 | G8: 517 | H8: 568 | I8: 601 | J8: 651 | K8: 790 | L8: 692 | M8: 659 | N8: 409 | O8: 412 | P8: 385 | Q8: 374.3166 | R8: 343.13043 | S8: 324.47108
B9: Piura | C9: 29012 | D9: 33615 | E9: 35006 | F9: 36402 | G9: 37152 | H9: 31497 | I9: 43867 | J9: 47125 | K9: 47581 | L9: 50081 | M9: 41556 | N9: 42578 | O9: 37240 | P9: 41416 | Q9: 42121.715 | R9: 42903.995 | S9: 43392.219
B10: Lambayeque | C10: 29656 | D10: 28602 | E10: 30980 | F10: 33397 | G10: 36814 | H10: 39517 | I10: 37262 | J10: 39291 | K10: 45080 | L10: 49837 | M10: 53136 | N10: 59215 | O10: 55426 | P10: 56242 | Q10: 56664.946 | R10: 54175.979 | S10: 48054.66
B11: La Libertad | C11: 79695 | D11: 90775 | E11: 94476 | F11: 99405 | G11: 98524 | H11: 100618 | I11: 113502 | J11: 116710 | K11: 118937 | L11: 121501 | M11: 125366 | N11: 129501 | O11: 132475 | P11: 135964 | Q11: 151171.36 | R11: 157622.84 | S11: 160701.34
B12: Cajamarca | C12: 225648 | D12: 239969 | E12: 262632 | F12: 277900 | G12: 304884 | H12: 303449 | I12: 310629 | J12: 318594 | K12: 324862 | L12: 323687 | M12: 345029 | N12: 352076 | O12: 360200 | P12: 367092 | Q12: 383135.7 | R12: 367230.59 | S12: 380550.04
B13: Amazonas | C13: 58117 | D13: 59002 | E13: 62315 | F13: 65354 | G13: 75111 | H13: 75125 | I13: 74369 | J13: 76184 | K13: 80358 | L13: 76093 | M13: 79208 | N13: 83366 | O13: 93894 | P13: 97640 | Q13: 98574.148 | R13: 100570.05 | S13: 103409.71
B14: Ancash | C14: 17683 | D14: 17603 | E14: 18003 | F14: 17748 | G14: 16439 | H14: 16921 | I14: 16803 | J14: 17356 | K14: 16635 | L14: 17456 | M14: 15271 | N14: 15749 | O14: 16107 | P14: 18170 | Q14: 18180.571 | R14: 18261.065 | S14: 20090.647
B15: Lima | C15: 222553 | D15: 238193 | E15: 245491 | F15: 272994 | G15: 286719 | H15: 306876 | I15: 322678 | J15: 318263 | K15: 329311 | L15: 335970 | M15: 342846 | N15: 348518 | O15: 354148 | P15: 362066 | Q15: 352867.93 | R15: 362239.61 | S15: 364677.18
B16: Ica | C16: 17112 | D16: 18626 | E16: 20790 | F16: 23872 | G16: 27723 | H16: 30278 | I16: 32109 | J16: 35909 | K16: 43361 | L16: 48046 | M16: 51005 | N16: 57139 | O16: 64979 | P16: 66143 | Q16: 68271.025 | R16: 78920.453 | S16: 85602.637
B17: Huánuco | C17: 21338 | D17: 25715 | E17: 30707 | F17: 35193 | G17: 35814 | H17: 39413 | I17: 40474 | J17: 44517 | K17: 39187 | L17: 38576 | M17: 42249 | N17: 44955 | O17: 48243 | P17: 49492 | Q17: 54681.512 | R17: 58774.76 | S17: 60173.606
B18: Pasco | C18: 18055 | D18: 18298 | E18: 18532 | F18: 18672 | G18: 18021 | H18: 18178 | I18: 18249 | J18: 25461 | K18: 24602 | L18: 24127 | M18: 26339 | N18: 25296 | O18: 32145 | P18: 31232 | Q18: 34999.069 | R18: 38241.537 | S18: 38819.7
B19: Junín | C19: 18612 | D19: 19206 | E19: 20850 | F19: 23613 | G19: 27223 | H19: 31111 | I19: 39435 | J19: 42385 | K19: 46276 | L19: 46710 | M19: 47870 | N19: 51250 | O19: 52094 | P19: 53135 | Q19: 57189.616 | R19: 58617.824 | S19: 59726.243
... B31: Madre de Dios | C31: 2191 | D31: 2421 | E31: 2828 | F31: 3080 | G31: 3054 | H31: 3063 | I31: 3726 | J31: 4214 | K31: 4839 | L31: 4210 | M31: 3653 | N31: 1808 | O31: 1522 | P31: 1526 | Q31: 1687.4708 | R31: 1465.8704 | S31: 1369.54
A32: P Preliminar
A33: Fuente: Direcciones Regionales de Agricultura
A34: Elaboración: Ministerio de Desarrollo Agrario y Riego - DGESEP - DEIA

Sheet C 20
A2: C.20 PERÚ: PRECIO RECIBIDO POR EL PRODUCTOR DE LECHE FRESCA DE VACA POR AÑO, SEGÚN REGIÓN, 2007-2021
A3: (Soles / kg)
A5: Región | C5: 2005 | D5: 2006 | E5: 2007 | F5: 2008 | G5: 2009 | H5: 2010 | I5: 2011 | J5: 2012 | K5: 2013 | L5: 2014 | M5: 2015 | N5: 2016 | O5: 2017 | P5: 2018 | Q5: 2019 | R5: 2020 P | S5: 2021 P
A6: Promedio | C6: 0.84 | D6: 0.84 | E6: 0.83 | F6: 0.89 | G6: 0.94 | H6: 0.95 | I6: 0.98 | J6: 1.04 | K6: 1.1 | L6: 1.15 | M6: 1.18 | N6: 1.2 | O6: 1.24 | P6: 1.27 | Q6: 1.3 | R6: 1.3345027 | S6: 1.4007908
B8: Tumbes | C8: 1.41 | D8: 1.46 | E8: 1.56 | F8: 1.54 | G8: 1.53 | H8: 1.26 | I8: 1.25 | J8: 1.3 | K8: 1.61 | L8: 1.77 | M8: 1.87 | N8: 1.88 | O8: 1.75 | P8: 1.84 | Q8: 1.94 | R8: 1.9417476 | S8: 1.9956909
B9: Piura | C9: 1.03 | D9: 1.05 | E9: 1.03 | F9: 1.07 | G9: 1.18 | H9: 1.09 | I9: 1.05 | J9: 1.27 | K9: 1.4 | L9: 1.46 | M9: 1.44 | N9: 1.54 | O9: 1.58 | P9: 1.64 | Q9: 1.74 | R9: 1.7870016 | S9: 1.7982879
B10: Lambayeque | C10: 0.77 | D10: 0.7 | E10: 0.73 | F10: 0.9 | G10: 0.94 | H10: 0.94 | I10: 0.96 | J10: 1.01 | K10: 1.16 | L10: 1.31 | M10: 1.19 | N10: 1.21 | O10: 1.19 | P10: 1.26 | Q10: 1.29 | R10: 1.2966496 | S10: 1.332088
B11: La Libertad | C11: 0.88 | D11: 0.89 | E11: 0.82 | F11: 0.84 | G11: 0.83 | H11: 0.82 | I11: 0.84 | J11: 0.88 | K11: 1.14 | L11: 1.14 | M11: 1.14 | N11: 1.11 | O11: 1.12 | P11: 1.15 | Q11: 1.2 | R11: 1.3836849 | S11: 1.4947584
B12: Cajamarca | C12: 0.69 | D12: 0.71 | E12: 0.71 | F12: 0.74 | G12: 0.81 | H12: 0.79 | I12: 0.84 | J12: 0.87 | K12: 0.91 | L12: 0.97 | M12: 1.02 | N12: 1.08 | O12: 1.2 | P12: 1.21 | Q12: 1.23 | R12: 1.2476006 | S12: 1.3041607
B13: Amazonas | C13: 0.92 | D13: 0.89 | E13: 0.86 | F13: 0.75 | G13: 0.8 | H13: 0.82 | I13: 0.99 | J13: 0.99 | K13: 1 | L13: 0.92 | M13: 0.97 | N13: 1.04 | O13: 1.14 | P13: 1.19 | Q13: 1.29 | R13: 1.2982327 | S13: 1.3261754
B14: Ancash | C14: 1.02 | D14: 1.08 | E14: 1 | F14: 0.96 | G14: 0.98 | H14: 1.01 | I14: 1 | J14: 1.02 | K14: 1.24 | L14: 1.3 | M14: 1.36 | N14: 1.45 | O14: 1.16 | P14: 1.15 | Q14: 1.26 | R14: 1.2905202 | S14: 1.3837173
B15: Lima | C15: 0.9 | D15: 0.89 | E15: 0.87 | F15: 0.9 | G15: 0.94 | H15: 1.01 | I15: 1.06 | J15: 1.09 | K15: 1.17 | L15: 1.22 | M15: 1.26 | N15: 1.27 | O15: 1.3 | P15: 1.36 | Q15: 1.39 | R15: 1.4338959 | S15: 1.5067349
B16: Ica | C16: 0.92 | D16: 0.81 | E16: 0.74 | F16: 0.81 | G16: 0.89 | H16: 0.92 | I16: 0.89 | J16: 0.91 | K16: 1.05 | L16: 1.04 | M16: 1.09 | N16: 1.18 | O16: 1.14 | P16: 1.19 | Q16: 1.26 | R16: 1.2964097 | S16: 1.4624301
B17: Huánuco | C17: 1.29 | D17: 1.3 | E17: 1.28 | F17: 1.26 | G17: 1.26 | H17: 1.28 | I17: 1.13 | J17: 1.14 | K17: 1.57 | L17: 1.42 | M17: 1.33 | N17: 1.4 | O17: 1.41 | P17: 1.44 | Q17: 1.48 | R17: 1.4935598 | S17: 1.534708
B18: Pasco | C18: 1.19 | D18: 0.84 | E18: 1.24 | F18: 1.03 | G18: 1.07 | H18: 1.09 | I18: 1.11 | J18: 1.15 | K18: 1.19 | L18: 1.18 | M18: 1.25 | N18: 1.29 | O18: 1.38 | P18: 1.45 | Q18: 1.46 | R18: 1.5002664 | S18: 1.5159361
B19: Junín | C19: 0.93 | D19: 0.96 | E19: 0.99 | F19: 1.05 | G19: 1.12 | H19: 1.11 | I19: 1.1 | J19: 1.12 | K19: 1.22 | L19: 1.25 | M19: 1.31 | N19: 1.29 | O19: 1.35 | P19: 1.37 | Q19: 1.31 | R19: 1.3417486 | S19: 1.5038316
... B31: Madre de Dios | C31: 1.41 | D31: 1.41 | E31: 1.38 | F31: 1.5 | G31: 1.58 | H31: 1.56 | I31: 1.44 | J31: 1.45 | K31: 1.63 | L31: 1.81 | M31: 1.5 | N31: 1.62 | O31: 1.53 | P31: 1.6 | Q31: 1.54 | R31: 1.5455381 | S31: 1.5860985
A32: P Preliminar
A33: Fuente: Direcciones Regionales de Agricultura
A34: Elaboración: Ministerio de Desarrollo Agrario y Riego - DGESEP - DEIA

Sheet C 21
A2: C.21 PERÚ: POBLACIÓN DE CAPRINOS POR AÑO, SEGÚN REGIÓN, 2007-2021
A3: (Unidades)
A5: Región | C5: 2005 | D5: 2006 | E5: 2007 | F5: 2008 | G5: 2009 | H5: 2010 | I5: 2011 | J5: 2012 | K5: 2013 | L5: 2014 | M5: 2015 | N5: 2016 | O5: 2017 | P5: 2018 | Q5: 2019 | R5: 2020 P | S5: 2021 P
A6: Total Nacional | C6: =(C8+C9+C10+C11+C12+C13+C14+C15+C16+C17+C18+C19+C20+C21+C22+C23+C24+C25+C26+C27+C28+C29+C30+C31) -> 1946984 | D6: =(D8+D9+D10+D11+D12+D13+D14+D15+D16+D17+D18+D19+D20+D21+D22+D23+D24+D25+D26+D27+D28+D29+D30+D31) -> 1930625 | E6: =(E8+E9+E10+E11+E12+E13+E14+E15+E16+E17+E18+E19+E20+E21+E22+E23+E24+E25+E26+E27+E28+E29+E30+E31) -> 1925912 | F6: =(F8+F9+F10+F11+F12+F13+F14+F15+F16+F17+F18+F19+F20+F21+F22+F23+F24+F25+F26+F27+F28+F29+F30+F31) -> 1904124 | G6: =(G8+G9+G10+G11+G12+G13+G14+G15+G16+G17+G18+G19+G20+G21+G22+G23+G24+G25+G26+G27+G28+G29+G30+G31) -> 1928678 | H6: =(H8+H9+H10+H11+H12+H13+H14+H15+H16+H17+H18+H19+H20+H21+H22+H23+H24+H25+H26+H27+H28+H29+H30+H31) -> 1968305 | I6: =(I8+I9+I10+I11+I12+I13+I14+I15+I16+I17+I18+I19+I20+I21+I22+I23+I24+I25+I26+I27+I28+I29+I30+I31) -> 1946117 | J6: =(J8+J9+J10+J11+J12+J13+J14+J15+J16+J17+J18+J19+J20+J21+J22+J23+J24+J25+J26+J27+J28+J29+J30+J31) -> 1949502 | ... S6: =(S8+S9+S10+S11+S12+S13+S14+S15+S16+S17+S18+S19+S20+S21+S22+S23+S24+S25+S26+S27+S28+S29+S30+S31) -> 1754968.1
B8: Tumbes | C8: 101220 | D8: 101000 | E8: 99100 | F8: 87027 | G8: 89050 | H8: 87290 | I8: 81400 | J8: 78900 | K8: 75000 | L8: 62600 | M8: 71620 | N8: 60648 | O8: 62430 | P8: 68210 | Q8: 65320 | R8: 63823 | S8: 63678
B9: Piura | C9: 335100 | D9: 341333 | E9: 342698 | F9: 343180 | G9: 359416 | H9: 415459 | I9: 412459 | J9: 417121 | K9: 395221 | L9: 396861 | M9: 391887 | N9: 382545 | O9: 345496 | P9: 346221 | Q9: 330221 | R9: 330308 | S9: 305413.09
B10: Lambayeque | C10: 60000 | D10: 72700 | E10: 66341 | F10: 74724 | G10: 78420 | H10: 75437 | I10: 77230 | J10: 78198 | K10: 78098 | L10: 75598 | M10: 77150 | N10: 83968 | O10: 91548 | P10: 90560 | Q10: 106151 | R10: 105050 | S10: 105680
B11: La Libertad | C11: 130433 | D11: 130173 | E11: 130243 | F11: 130423 | G11: 130953 | H11: 131492 | I11: 131643 | J11: 131719 | K11: 128495 | L11: 116803 | M11: 103065 | N11: 100605 | O11: 98187 | P11: 84588 | Q11: 82812 | R11: 92017 | S11: 86812
B12: Cajamarca | C12: 96690 | D12: 98238 | E12: 97950 | F12: 91315 | G12: 93900 | H12: 95518 | I12: 87325 | J12: 82835 | K12: 82206 | L12: 82910 | M12: 81616 | N12: 96193 | O12: 99202 | P12: 103252 | Q12: 107350 | R12: 106138 | S12: 106195
B13: Amazonas | C13: 7205 | D13: 7800 | E13: 10218 | F13: 9850 | G13: 9900 | H13: 8252 | I13: 9006 | J13: 11206 | K13: 12106 | L13: 12310 | M13: 12327 | N13: 12572 | O13: 12640 | P13: 12510 | Q13: 13975 | R13: 13975 | S13: 14397
B14: Ancash | C14: 190443 | D14: 182297 | E14: 178521 | F14: 183422 | G14: 176458 | H14: 175228 | I14: 167112 | J14: 166175 | K14: 168200 | L14: 170142 | M14: 169145 | N14: 170602 | O14: 169610 | P14: 169785 | Q14: 169697.5 | R14: 168457 | S14: 167891
B15: Lima | C15: 183469 | D15: 187600 | E15: 186019 | F15: 187188 | G15: 188100 | H15: 186475 | I15: 189053 | J15: 187765 | K15: 180470 | L15: 184982 | M15: 185186 | N15: 175075 | O15: 167335 | P15: 165431 | Q15: 169383 | R15: 168458 | S15: 158415
B16: Ica | C16: 65037 | D16: 66362 | E16: 68978 | F16: 68172 | G16: 67350 | H16: 67180 | I16: 66788 | J16: 67724 | K16: 72324 | L16: 76527 | M16: 80148 | N16: 78936 | O16: 78925 | P16: 77013 | Q16: 75880 | R16: 74971 | S16: 75606
B17: Huánuco | C17: 72984 | D17: 79774 | E17: 78338 | F17: 81567 | G17: 80200 | H17: 78573 | I17: 85480 | J17: 97911 | K17: 101640 | L17: 101762 | M17: 102840 | N17: 102064 | O17: 102170 | P17: 102350 | Q17: 102260 | R17: 101568 | S17: 101673
B18: Pasco | C18: 25049 | D18: 22586 | E18: 18694 | F18: 13049 | G18: 12271 | H18: 10520 | I18: 9471 | J18: 9626 | K18: 7543 | L18: 7547 | M18: 7168 | N18: 6810 | O18: 6173 | P18: 6517 | Q18: 6345 | R18: 6430 | S18: 6384
B19: Junín | C19: 8980 | D19: 8910 | E19: 8980 | F19: 8944 | G19: 8860 | H19: 8035 | I19: 7454 | J19: 9431 | K19: 10205 | L19: 9558 | M19: 9818 | N19: 10187 | O19: 10680 | P19: 11985 | Q19: 12015 | R19: 13304 | S19: 14890
... B31: Madre de Dios | C31: 0 | D31: 0 | E31: 0 | F31: 0 | G31: 0 | H31: 0 | I31: 0 | J31: 0 | K31: 0 | L31: 175 | M31: 179 | N31: 186 | O31: 195 | P31: 200 | Q31: 220 | R31: 210 | S31: 220
A32: P Preliminar
A33: Fuente: Direcciones Regionales de Agricultura
A34: Elaboración: Ministerio de Desarrollo Agrario y Riego - DGESEP - DEIA

Sheet C 22
A2: C.22 PERÚ: PRODUCCIÓN DE CAPRINOS POR AÑO, SEGÚN REGIÓN, 2007-2021
A3: (Unidades)
A5: Región | C5: 2005 | D5: 2006 | E5: 2007 | F5: 2008 | G5: 2009 | H5: 2010 | I5: 2011 | J5: 2012 | K5: 2013 | L5: 2014 | M5: 2015 | N5: 2016 | O5: 2017 | P5: 2018 | Q5: 2019 | R5: 2020 P | S5: 2021 P
A6: Total Nacional | C6: =(C8+C9+C10+C11+C12+C13+C14+C15+C16+C17+C18+C19+C20+C21+C22+C23+C24+C25+C26+C27+C28+C29+C30+C31) -> 527096 | D6: =(D8+D9+D10+D11+D12+D13+D14+D15+D16+D17+D18+D19+D20+D21+D22+D23+D24+D25+D26+D27+D28+D29+D30+D31) -> 518663 | E6: =(E8+E9+E10+E11+E12+E13+E14+E15+E16+E17+E18+E19+E20+E21+E22+E23+E24+E25+E26+E27+E28+E29+E30+E31) -> 506927 | F6: =(F8+F9+F10+F11+F12+F13+F14+F15+F16+F17+F18+F19+F20+F21+F22+F23+F24+F25+F26+F27+F28+F29+F30+F31) -> 496706 | G6: =(G8+G9+G10+G11+G12+G13+G14+G15+G16+G17+G18+G19+G20+G21+G22+G23+G24+G25+G26+G27+G28+G29+G30+G31) -> 505880 | H6: =(H8+H9+H10+H11+H12+H13+H14+H15+H16+H17+H18+H19+H20+H21+H22+H23+H24+H25+H26+H27+H28+H29+H30+H31) -> 499447 | I6: =(I8+I9+I10+I11+I12+I13+I14+I15+I16+I17+I18+I19+I20+I21+I22+I23+I24+I25+I26+I27+I28+I29+I30+I31) -> 489915 | J6: =(J8+J9+J10+J11+J12+J13+J14+J15+J16+J17+J18+J19+J20+J21+J22+J23+J24+J25+J26+J27+J28+J29+J30+J31) -> 496626 | ... S6: =(S8+S9+S10+S11+S12+S13+S14+S15+S16+S17+S18+S19+S20+S21+S22+S23+S24+S25+S26+S27+S28+S29+S30+S31) -> 390291.64
B8: Tumbes | C8: 22914 | D8: 20617 | E8: 17664 | F8: 16080 | G8: 19470 | H8: 20921 | I8: 21074 | J8: 21403 | K8: 21022 | L8: 25563 | M8: 21596 | N8: 18127 | O8: 32867 | P8: 25750 | Q8: 22337 | R8: 18938.32 | S8: 18005
B9: Piura | C9: 149460 | D9: 159867 | E9: 145635 | F9: 149857 | G9: 139553 | H9: 137022 | I9: 129182 | J9: 134568 | K9: 127787 | L9: 124725 | M9: 117178 | N9: 110964 | O9: 94622 | P9: 86591 | Q9: 93286 | R9: 95060 | S9: 91624.251
B10: Lambayeque | C10: 41274 | D10: 38081 | E10: 38353 | F10: 32319 | G10: 39267 | H10: 34248 | I10: 32953 | J10: 24637 | K10: 24143 | L10: 26199 | M10: 20821 | N10: 19370 | O10: 30600 | P10: 27998 | Q10: 26996 | R10: 22921.44 | S10: 20843.36
B11: La Libertad | C11: 41250 | D11: 42572 | E11: 42758 | F11: 43874 | G11: 44198 | H11: 44529 | I11: 44768 | J11: 44998 | K11: 45374 | L11: 45895 | M11: 47182 | N11: 47693 | O11: 37209 | P11: 36726 | Q11: 35654 | R11: 37143 | S11: 37305
B12: Cajamarca | C12: 27525 | D12: 28734 | E12: 29177 | F12: 27350 | G12: 27705 | H12: 29810 | I12: 30574 | J12: 28576 | K12: 28313 | L12: 27139 | M12: 28125 | N12: 32585 | O12: 28609 | P12: 28894 | Q12: 29102 | R12: 23891.62 | S12: 23407
B13: Amazonas | C13: 2346 | D13: 2380 | E13: 2699 | F13: 2298 | G13: 2738 | H13: 3728 | I13: 3946 | J13: 4013 | K13: 3917 | L13: 4230 | M13: 4631 | N13: 4630 | O13: 4507 | P13: 4572 | Q13: 4816 | R13: 4182 | S13: 4290
B14: Ancash | C14: 19563 | D14: 19014 | E14: 16693 | F14: 16955 | G14: 13600 | H14: 15129 | I14: 13930 | J14: 14469 | K14: 14919 | L14: 14869 | M14: 16739 | N14: 20343 | O14: 20432 | P14: 20565 | Q14: 20509 | R14: 19925 | S14: 20114
B15: Lima | C15: 55950 | D15: 54403 | E15: 53532 | F15: 53005 | G15: 53710 | H15: 52654 | I15: 55445 | J15: 57039 | K15: 59796 | L15: 60713 | M15: 56179 | N15: 52628 | O15: 48379 | P15: 40586 | Q15: 40739 | R15: 37543 | S15: 35830
B16: Ica | C16: 17350 | D16: 17706 | E16: 17125 | F16: 16342 | G16: 15674 | H16: 15049 | I16: 14840 | J16: 15978 | K16: 16498 | L16: 17691 | M16: 16592 | N16: 16670 | O16: 14913 | P16: 14133 | Q16: 17363 | R16: 19360 | S16: 23824.424
B17: Huánuco | C17: 15218 | D17: 16580 | E17: 19147 | F17: 20484 | G17: 24021 | H17: 23936 | I17: 22276 | J17: 22265 | K17: 23407 | L17: 25115 | M17: 23243 | N17: 24427 | O17: 26502 | P17: 25971 | Q17: 23327 | R17: 23261 | S17: 24055
B18: Pasco | C18: 1054 | D18: 1389 | E18: 2906 | F18: 2403 | G18: 2225 | H18: 2348 | I18: 2561 | J18: 2932 | K18: 1867 | L18: 1771 | M18: 1485 | N18: 1281 | O18: 1189 | P18: 1109 | Q18: 1059 | R18: 955 | S18: 1037
B19: Junín | C19: 1420 | D19: 1280 | E19: 1373 | F19: 1501 | G19: 1351 | H19: 1619 | I19: 1894 | J19: 2373 | K19: 2418 | L19: 2938 | M19: 3651 | N19: 3905 | O19: 4659 | P19: 5357 | Q19: 3585 | R19: 3158 | S19: 3716
... B31: Madre de Dios | C31: 0 | D31: 0 | E31: 0 | F31: 0 | G31: 0 | H31: 0 | I31: 0 | J31: 0 | K31: 0 | L31: 0 | M31: 0 | N31: 0 | O31: 0 | P31: 0 | Q31: 0 | R31: 0 | S31: 0
A32: P Preliminar
A33: Fuente: Direcciones Regionales de Agricultura
A34: Elaboración: Ministerio de Desarrollo Agrario y Riego - DGESEP - DEIA

Sheet C 23
A2: C.23 PERÚ: PRODUCCIÓN DE CARNE DE CAPRINO POR AÑO, SEGÚN REGIÓN, 2007-2021
A3: (Toneladas)
A5: Región | C5: 2005 | D5: 2006 | E5: 2007 | F5: 2008 | G5: 2009 | H5: 2010 | I5: 2011 | J5: 2012 | K5: 2013 | L5: 2014 | M5: 2015 | N5: 2016 | O5: 2017 | P5: 2018 | Q5: 2019 | R5: 2020 P | S5: 2021 P
A6: Total Nacional | C6: =(C8+C9+C10+C11+C12+C13+C14+C15+C16+C17+C18+C19+C20+C21+C22+C23+C24+C25+C26+C27+C28+C29+C30+C31) -> 6617 | D6: =(D8+D9+D10+D11+D12+D13+D14+D15+D16+D17+D18+D19+D20+D21+D22+D23+D24+D25+D26+D27+D28+D29+D30+D31) -> 6771 | E6: =(E8+E9+E10+E11+E12+E13+E14+E15+E16+E17+E18+E19+E20+E21+E22+E23+E24+E25+E26+E27+E28+E29+E30+E31) -> 6684 | F6: =(F8+F9+F10+F11+F12+F13+F14+F15+F16+F17+F18+F19+F20+F21+F22+F23+F24+F25+F26+F27+F28+F29+F30+F31) -> 6420 | G6: =(G8+G9+G10+G11+G12+G13+G14+G15+G16+G17+G18+G19+G20+G21+G22+G23+G24+G25+G26+G27+G28+G29+G30+G31) -> 6152 | H6: =(H8+H9+H10+H11+H12+H13+H14+H15+H16+H17+H18+H19+H20+H21+H22+H23+H24+H25+H26+H27+H28+H29+H30+H31) -> 6133 | I6: =(I8+I9+I10+I11+I12+I13+I14+I15+I16+I17+I18+I19+I20+I21+I22+I23+I24+I25+I26+I27+I28+I29+I30+I31) -> 6151 | J6: =(J8+J9+J10+J11+J12+J13+J14+J15+J16+J17+J18+J19+J20+J21+J22+J23+J24+J25+J26+J27+J28+J29+J30+J31) -> 6245 | ... S6: =(S8+S9+S10+S11+S12+S13+S14+S15+S16+S17+S18+S19+S20+S21+S22+S23+S24+S25+S26+S27+S28+S29+S30+S31) -> 4947.7848
B8: Tumbes | C8: 274 | D8: 261 | E8: 226 | F8: 215 | G8: 260 | H8: 283 | I8: 256 | J8: 266 | K8: 258 | L8: 292 | M8: 252 | N8: 205 | O8: 378 | P8: 273 | Q8: 220 | R8: 203.86113 | S8: 188.9932
B9: Piura | C9: 1970 | D9: 2250 | E9: 2114 | F9: 2190 | G9: 1819 | H9: 1854 | I9: 1833 | J9: 1923 | K9: 1990 | L9: 1895 | M9: 1781 | N9: 1666 | O9: 1377 | P9: 1128 | Q9: 1283 | R9: 1306.847 | S9: 1330.3794
B10: Lambayeque | C10: 569 | D10: 536 | E10: 564 | F10: 473 | G10: 481 | H10: 434 | I10: 491 | J10: 384 | K10: 353 | L10: 365 | M10: 310 | N10: 385 | O10: 456 | P10: 416 | Q10: 375 | R10: 344.65964 | S10: 312.3998
B11: La Libertad | C11: 496 | D11: 516 | E11: 519 | F11: 531 | G11: 538 | H11: 543 | I11: 546 | J11: 548 | K11: 554 | L11: 560 | M11: 573 | N11: 579 | O11: 453 | P11: 451 | Q11: 437 | R11: 455.7058 | S11: 472.11923
B12: Cajamarca | C12: 339 | D12: 359 | E12: 366 | F12: 333 | G12: 333 | H12: 329 | I12: 324 | J12: 305 | K12: 323 | L12: 308 | M12: 299 | N12: 328 | O12: 234 | P12: 250 | Q12: 296 | R12: 256.92216 | S12: 248.71133
B13: Amazonas | C13: 27 | D13: 27 | E13: 32 | F13: 25 | G13: 29 | H13: 39 | I13: 40 | J13: 46 | K13: 45 | L13: 54 | M13: 59 | N13: 58 | O13: 57 | P13: 57 | Q13: 60 | R13: 52.8744 | S13: 54.0548
B14: Ancash | C14: 198 | D14: 207 | E14: 171 | F14: 174 | G14: 140 | H14: 155 | I14: 144 | J14: 145 | K14: 153 | L14: 154 | M14: 174 | N14: 210 | O14: 214 | P14: 218 | Q14: 219 | R14: 213.96908 | S14: 205.29895
B15: Lima | C15: 785 | D15: 769 | E15: 755 | F15: 743 | G15: 751 | H15: 709 | I15: 731 | J15: 719 | K15: 747 | L15: 758 | M15: 725 | N15: 659 | O15: 603 | P15: 533 | Q15: 533 | R15: 498.62511 | S15: 472.98122
B16: Ica | C16: 229 | D16: 235 | E16: 231 | F16: 203 | G16: 186 | H16: 189 | I16: 196 | J16: 216 | K16: 231 | L16: 228 | M16: 223 | N16: 228 | O16: 211 | P16: 198 | Q16: 247 | R16: 280.42021 | S16: 294.05111
B17: Huánuco | C17: 214 | D17: 233 | E17: 267 | F17: 246 | G17: 250 | H17: 240 | I17: 221 | J17: 211 | K17: 213 | L17: 232 | M17: 218 | N17: 222 | O17: 242 | P17: 251 | Q17: 237 | R17: 239.1642 | S17: 248.2274
B18: Pasco | C18: 11 | D18: 15 | E18: 30 | F18: 25 | G18: 21 | H18: 23 | I18: 27 | J18: 33 | K18: 21 | L18: 20 | M18: 18 | N18: 14 | O18: 14 | P18: 13 | Q18: 12 | R18: 10.998072 | S18: 11.868504
B19: Junín | C19: 14 | D19: 13 | E19: 14 | F19: 15 | G19: 14 | H19: 18 | I19: 21 | J19: 26 | K19: 27 | L19: 33 | M19: 42 | N19: 41 | O19: 48 | P19: 56 | Q19: 44 | R19: 35.764872 | S19: 38.0512
... B31: Madre de Dios | C31: 0 | D31: 0 | E31: 0 | F31: 0 | G31: 0 | H31: 0 | I31: 0 | J31: 0 | K31: 0 | L31: 0 | M31: 0 | N31: 0 | O31: 0 | P31: 0 | Q31: 0 | R31: 0 | S31: 0
A32: P Preliminar
A33: Fuente: Direcciones Regionales de Agricultura
A34: Elaboración: Ministerio de Desarrollo Agrario y Riego - DGESEP - DEIA

Sheet C 24
A2: C.24 PERÚ: PRECIO RECIBIDO POR EL PRODUCTOR DE CAPRINOS POR AÑO, SEGÚN REGIÓN, 2007-2021 1
A3: (Soles / Kg)
A5: Región | C5: 2005 | D5: 2006 | E5: 2007 | F5: 2008 | G5: 2009 | H5: 2010 | I5: 2011 | J5: 2012 | K5: 2013 | L5: 2014 | M5: 2015 | N5: 2016 | O5: 2017 | P5: 2018 | Q5: 2019 | R5: 2020 P | S5: 2021 P
A6: Promedio | C6: 3.05 | D6: 3.01 | E6: 3.17 | F6: 3.41 | G6: 3.61 | H6: 3.38 | I6: 3.53 | J6: 3.68 | K6: 3.93 | L6: 4.04 | M6: 4.28 | N6: 4.66 | O6: 4.74 | P6: 4.79 | Q6: 4.81 | R6: 4.8022458 | S6: 4.786704
B8: Tumbes | C8: 3.01 | D8: 3.25 | E8: 3.2 | F8: 3.22 | G8: 3.35 | H8: 3.42 | I8: 3.43 | J8: 3.38 | K8: 3.6 | L8: 3.63 | M8: 4.45 | N8: 4.45 | O8: 4.47 | P8: 4.6 | Q8: 4.58 | R8: 4.5723004 | S8: 4.5361153
B9: Piura | C9: 2.91 | D9: 2.95 | E9: 3.22 | F9: 3.3 | G9: 3.46 | H9: 3.27 | I9: 3.49 | J9: 3.52 | K9: 3.68 | L9: 3.73 | M9: 3.93 | N9: 4.53 | O9: 4.77 | P9: 4.88 | Q9: 4.85 | R9: 4.8417423 | S9: 4.8177168
B10: Lambayeque | C10: 3.7 | D10: 3.49 | E10: 3.73 | F10: 3.77 | G10: 3.69 | H10: 3.47 | I10: 3.46 | J10: 3.55 | K10: 3.74 | L10: 3.9 | M10: 3.94 | N10: 4.66 | O10: 4.83 | P10: 4.63 | Q10: 4.6 | R10: 4.6636966 | S10: 4.6983013
B11: La Libertad | C11: 3.1 | D11: 2.95 | E11: 3.23 | F11: 3.56 | G11: 3.68 | H11: 3.16 | I11: 3.16 | J11: 3.67 | K11: 5.11 | L11: 5.11 | M11: 5.59 | N11: 5.42 | O11: 5.43 | P11: 5.62 | Q11: 5.72 | R11: 5.490374 | S11: 5.4941532
B12: Cajamarca | C12: 3.64 | D12: 3.59 | E12: 3.33 | F12: 3.58 | G12: 3.84 | H12: 3.21 | I12: 3.46 | J12: 3.51 | K12: 3.55 | L12: 4.31 | M12: 3.91 | N12: 3.99 | O12: 4.25 | P12: 4.42 | Q12: 4.45 | R12: 4.4402809 | S12: 4.3888949
B13: Amazonas | C13: 3.34 | D13: 3.39 | E13: 3.66 | F13: 3.77 | G13: 3.81 | H13: 3.55 | I13: 3.25 | J13: 3.18 | K13: 3.34 | L13: 3.92 | M13: 4.09 | N13: 4.46 | O13: 4.55 | P13: 4.68 | Q13: 4.71 | R13: 4.6721947 | S13: 4.6075104
B14: Ancash | C14: 3.49 | D14: 3.33 | E14: 3.15 | F14: 3.78 | G14: 4.01 | H14: 3.13 | I14: 3.96 | J14: 3.65 | K14: 3.97 | L14: 4.02 | M14: 4.18 | N14: 4.46 | O14: 4.23 | P14: 4.3 | Q14: 4.54 | R14: 4.4709997 | S14: 4.4486686
B15: Lima | C15: 3.05 | D15: 3.14 | E15: 3.24 | F15: 3.88 | G15: 4.07 | H15: 3.34 | I15: 3.42 | J15: 3.54 | K15: 3.64 | L15: 3.82 | M15: 4.37 | N15: 5.2 | O15: 5.32 | P15: 5.12 | Q15: 5.26 | R15: 5.3524534 | S15: 5.4959627
B16: Ica | C16: 2.37 | D16: 2.55 | E16: 2.98 | F16: 3.12 | G16: 3.68 | H16: 3.79 | I16: 3.96 | J16: 4.49 | K16: 3.62 | L16: 4.62 | M16: 4.37 | N16: 4.76 | O16: 5.08 | P16: 5.22 | Q16: 5.15 | R16: 5.1885105 | S16: 5.2158218
B17: Huánuco | C17: 2.89 | D17: 2.9 | E17: 2.99 | F17: 3.07 | G17: 3.78 | H17: 3.88 | I17: 4.09 | J17: 4.23 | K17: 5.12 | L17: 4.6 | M17: 4.85 | N17: 5.08 | O17: 4.78 | P17: 4.88 | Q17: 4.94 | R17: 4.9428847 | S17: 4.9397793
B18: Pasco | C18: 2.19 | D18: 2.5 | E18: 2.81 | F18: 3.14 | G18: 3.7 | H18: 3.5 | I18: 3.59 | J18: 4.08 | K18: 4.25 | L18: 4.18 | M18: 4.12 | N18: 3.98 | O18: 4.02 | P18: 4.12 | Q18: 4.03 | R18: 4.0185953 | S18: 4.0126436
B19: Junín | C19: 3.13 | D19: 3.1 | E19: 3.07 | F19: 3.35 | G19: 3.74 | H19: 4.03 | I19: 3.86 | J19: 4.44 | K19: 4.36 | L19: 4.35 | M19: 4.7 | N19: 4.99 | O19: 4.82 | P19: 4.98 | Q19: 4.95 | R19: 4.9225254 | S19: 4.7917671
... B26: Cusco | C26: 2.84 | D26: 2.71 | E26: 3.1 | F26: 3.72 | G26: 3.84 | H26: 3.51 | I26: 4.11 | J26: 4.29 | K26: 4.55 | L26: 4.1 | M26: 3.99 | N26: 4.99 | O26: 4.95 | P26: 4.95 | Q26: 4.98 | R26: 4.9207895 | S26: 4.9638935
B27: Puno | C27: - | D27: - | E27: - | F27: - | G27: - | H27: - | I27: - | J27: - | K27: - | L27: - | M27: - | N27: - | O27: - | P27: - | Q27: - | R27: - | S27: -
B28: San Martín | C28: - | D28: - | E28: - | F28: - | G28: - | H28: - | I28: - | J28: - | K28: - | L28: - | M28: - | N28: - | O28: - | P28: - | Q28: - | R28: - | S28: -
B29: Loreto | C29: - | D29: - | E29: - | F29: - | G29: - | H29: - | I29: - | J29: - | K29: - | L29: - | M29: - | N29: - | O29: - | P29: - | Q29: - | R29: 4.935693 | S29: 4.9112674
B30: Ucayali | C30: - | D30: - | E30: - | F30: - | G30: - | H30: - | I30: - | J30: - | K30: - | L30: - | M30: - | N30: - | O30: - | P30: - | Q30: - | R30: - | S30: -
B31: Madre de Dios | C31: - | D31: - | E31: - | F31: - | G31: - | H31: - | I31: - | J31: - | K31: - | L31: - | M31: - | N31: - | O31: - | P31: - | Q31: - | R31: - | S31: -
A32: P Preliminar | H32: 1 Precio de animal vivo
A33: Fuente: Direcciones Regionales de Agricultura
A34: Elaboración: Ministerio de Desarrollo Agrario y Riego - DGESEP - DEIA

Sheet C 25
A2: C.25 PERÚ: POBLACIÓN DE OVINOS POR AÑO, SEGÚN REGIÓN, 2007-2021
A3: (Unidades)
A5: Región | C5: 2005 | D5: 2006 | E5: 2007 | F5: 2008 | G5: 2009 | H5: 2010 | I5: 2011 | J5: 2012 | K5: 2013 | L5: 2014 | M5: 2015 | N5: 2016 | O5: 2017 | P5: 2018 | Q5: 2019 | R5: 2020 P | S5: 2021 P
A6: Total Nacional | C6: =(C8+C9+C10+C11+C12+C13+C14+C15+C16+C17+C18+C19+C20+C21+C22+C23+C24+C25+C26+C27+C28+C29+C30+C31) -> 14813786 | D6: =(D8+D9+D10+D11+D12+D13+D14+D15+D16+D17+D18+D19+D20+D21+D22+D23+D24+D25+D26+D27+D28+D29+D30+D31) -> 14675255 | E6: =(E8+E9+E10+E11+E12+E13+E14+E15+E16+E17+E18+E19+E20+E21+E22+E23+E24+E25+E26+E27+E28+E29+E30+E31) -> 14580166 | F6: =(F8+F9+F10+F11+F12+F13+F14+F15+F16+F17+F18+F19+F20+F21+F22+F23+F24+F25+F26+F27+F28+F29+F30+F31) -> 14509628 | G6: =(G8+G9+G10+G11+G12+G13+G14+G15+G16+G17+G18+G19+G20+G21+G22+G23+G24+G25+G26+G27+G28+G29+G30+G31) -> 14137690 | H6: =(H8+H9+H10+H11+H12+H13+H14+H15+H16+H17+H18+H19+H20+H21+H22+H23+H24+H25+H26+H27+H28+H29+H30+H31) -> 14159719 | I6: =(I8+I9+I10+I11+I12+I13+I14+I15+I16+I17+I18+I19+I20+I21+I22+I23+I24+I25+I26+I27+I28+I29+I30+I31) -> 14050173 | J6: =(J8+J9+J10+J11+J12+J13+J14+J15+J16+J17+J18+J19+J20+J21+J22+J23+J24+J25+J26+J27+J28+J29+J30+J31) -> 12184143 | ... S6: =(S8+S9+S10+S11+S12+S13+S14+S15+S16+S17+S18+S19+S20+S21+S22+S23+S24+S25+S26+S27+S28+S29+S30+S31) -> 10942309
B8: Tumbes | C8: 10010 | D8: 8700 | E8: 8750 | F8: 7352 | G8: 7460 | H8: 8230 | I8: 9430 | J8: 8950 | K8: 8700 | L8: 7410 | M8: 8468 | N8: 6290 | O8: 7580 | P8: 7450 | Q8: 7515 | R8: 10210 | S8: 9063
B9: Piura | C9: 278876 | D9: 275000 | E9: 263896 | F9: 248203 | G9: 256830 | H9: 338970 | I9: 338702 | J9: 344798 | K9: 313119 | L9: 292109 | M9: 309339 | N9: 302540 | O9: 341213 | P9: 293119 | Q9: 274350 | R9: 243119 | S9: 266289.4
B10: Lambayeque | C10: 72000 | D10: 70100 | E10: 77846 | F10: 95249 | G10: 93100 | H10: 87659 | I10: 86180 | J10: 77386 | K10: 85246 | L10: 84377 | M10: 84240 | N10: 82685 | O10: 68810 | P10: 67840 | Q10: 68325 | R10: 72859 | S10: 73368
B11: La Libertad | C11: 402413 | D11: 420429 | E11: 413495 | F11: 412886 | G11: 412338 | H11: 412672 | I11: 412407 | J11: 402621 | K11: 356517 | L11: 365201 | M11: 356682 | N11: 357814 | O11: 356486 | P11: 333412 | Q11: 360982 | R11: 360882 | S11: 36171
B12: Cajamarca | C12: 375069 | D12: 391715 | E12: 426561 | F12: 434653 | G12: 441100 | H12: 413819 | I12: 434278 | J12: 421175 | K12: 417560 | L12: 411297 | M12: 409942 | N12: 465641 | O12: 455567 | P12: 484116 | Q12: 480071.52 | R12: 484440 | S12: 484087
B13: Amazonas | C13: 37993 | D13: 38000 | E13: 39571 | F13: 39215 | G13: 40120 | H13: 41072 | I13: 42510 | J13: 31131 | K13: 40939 | L13: 40606 | M13: 38822 | N13: 29054 | O13: 21744 | P13: 24350 | Q13: 23046.863 | R13: 27519 | S13: 27990
B14: Ancash | C14: 847298 | D14: 807840 | E14: 793399 | F14: 814814 | G14: 806982 | H14: 814067 | I14: 808502 | J14: 650284 | K14: 640242 | L14: 602944 | M14: 694111 | N14: 672817 | O14: 672175 | P14: 671482 | Q14: 671828.69 | R14: 670125 | S14: 672384
B15: Lima | C15: 352067 | D15: 340000 | E15: 324238 | F15: 310789 | G15: 309200 | H15: 312259 | I15: 330004 | J15: 321131 | K15: 319450 | L15: 327436 | M15: 342802 | N15: 319535 | O15: 305462 | P15: 326462 | Q15: 315962 | R15: 312547 | S15: 294505
B16: Ica | C16: 20606 | D16: 21051 | E16: 21815 | F16: 23124 | G16: 22680 | H16: 21855 | I16: 23226 | J16: 27078 | K16: 28397 | L16: 25990 | M16: 26132 | N16: 28131 | O16: 29996 | P16: 27535 | Q16: 26695 | R16: 26771 | S16: 26813
B17: Huánuco | C17: 1147657 | D17: 1170866 | E17: 1054504 | F17: 1021725 | G17: 998000 | H17: 987550 | I17: 839260 | J17: 702282 | K17: 760617 | L17: 761384 | M17: 759953 | N17: 634318 | O17: 529453 | P17: 530212 | Q17: 529832.45 | R17: 526457 | S17: 527633
B18: Pasco | C18: 947800 | D18: 934944 | E18: 950105 | F18: 955224 | G18: 957700 | H18: 964060 | I18: 969245 | J18: 726314 | K18: 662425 | L18: 669260 | M18: 675939 | N18: 682688 | O18: 698536 | P18: 685310 | Q18: 691923 | R18: 680129 | S18: 684682
B19: Junín | C19: 1214210 | D19: 1216000 | E19: 1214210 | F19: 1151903 | G19: 1160000 | H19: 1080265 | I19: 1020168 | J19: 1304933 | K19: 1358604 | L19: 1345874 | M19: 1416083 | N19: 1234318 | O19: 1478438 | P19: 1554849 | Q19: 1614094 | R19: 1547309 | S19: 1611208
... B31: Madre de Dios | C31: 6112 | D31: 5901 | E31: 6245 | F31: 6585 | G31: 7067 | H31: 7231 | I31: 7750 | J31: 8490 | K31: 8765 | L31: 8742 | M31: 8670 | N31: 9104 | O31: 9559 | P31: 8430 | Q31: 8287 | R31: 5287 | S31: 4669
A32: P Preliminar
A33: Fuente: Direcciones Regionales de Agricultura
A34: Elaboración: Ministerio de Desarrollo Agrario y Riego - DGESEP - DEIA

Sheet C 26
A2: C.26 PERÚ: PRODUCCIÓN DE OVINOS POR AÑO, SEGÚN REGIÓN, 2007-2021
A3: (Unidades)
A5: Región | C5: 2005 | D5: 2006 | E5: 2007 | F5: 2008 | G5: 2009 | H5: 2010 | I5: 2011 | J5: 2012 | K5: 2013 | L5: 2014 | M5: 2015 | N5: 2016 | O5: 2017 | P5: 2018 | Q5: 2019 | R5: 2020 P | S5: 2021 P
A6: Total Nacional | C6: =(C8+C9+C10+C11+C12+C13+C14+C15+C16+C17+C18+C19+C20+C21+C22+C23+C24+C25+C26+C27+C28+C29+C30+C31) -> 2685627 | D6: =(D8+D9+D10+D11+D12+D13+D14+D15+D16+D17+D18+D19+D20+D21+D22+D23+D24+D25+D26+D27+D28+D29+D30+D31) -> 2692776 | E6: =(E8+E9+E10+E11+E12+E13+E14+E15+E16+E17+E18+E19+E20+E21+E22+E23+E24+E25+E26+E27+E28+E29+E30+E31) -> 2681208 | F6: =(F8+F9+F10+F11+F12+F13+F14+F15+F16+F17+F18+F19+F20+F21+F22+F23+F24+F25+F26+F27+F28+F29+F30+F31) -> 2678241 | G6: =(G8+G9+G10+G11+G12+G13+G14+G15+G16+G17+G18+G19+G20+G21+G22+G23+G24+G25+G26+G27+G28+G29+G30+G31) -> 2753681 | H6: =(H8+H9+H10+H11+H12+H13+H14+H15+H16+H17+H18+H19+H20+H21+H22+H23+H24+H25+H26+H27+H28+H29+H30+H31) -> 2788507 | I6: =(I8+I9+I10+I11+I12+I13+I14+I15+I16+I17+I18+I19+I20+I21+I22+I23+I24+I25+I26+I27+I28+I29+I30+I31) -> 2844229 | J6: =(J8+J9+J10+J11+J12+J13+J14+J15+J16+J17+J18+J19+J20+J21+J22+J23+J24+J25+J26+J27+J28+J29+J30+J31) -> 2910166 | ... S6: =(S8+S9+S10+S11+S12+S13+S14+S15+S16+S17+S18+S19+S20+S21+S22+S23+S24+S25+S26+S27+S28+S29+S30+S31) -> 2576571.6
B8: Tumbes | C8: 2703 | D8: 3076 | E8: 3433 | F8: 4421 | G8: 6291 | H8: 6996 | I8: 7361 | J8: 7432 | K8: 7725 | L8: 8875 | M8: 7991 | N8: 1879 | O8: 3096 | P8: 2975 | Q8: 2941 | R8: 2585 | S8: 2324
B9: Piura | C9: 52122 | D9: 43913 | E9: 44550 | F9: 46959 | G9: 54726 | H9: 65733 | I9: 79684 | J9: 95356 | K9: 72692 | L9: 72390 | M9: 85817 | N9: 99029 | O9: 115853 | P9: 129317 | Q9: 120555 | R9: 115546.38 | S9: 110536.07
B10: Lambayeque | C10: 26905 | D10: 29137 | E10: 31065 | F10: 25846 | G10: 35149 | H10: 32645 | I10: 36796 | J10: 35311 | K10: 35422 | L10: 35542 | M10: 35260 | N10: 32775 | O10: 28880 | P10: 30784 | Q10: 31831 | R10: 29877.52 | S10: 27955.248
B11: La Libertad | C11: 137393 | D11: 141565 | E11: 152225 | F11: 154640 | G11: 158275 | H11: 161162 | I11: 162672 | J11: 162879 | K11: 170126 | L11: 176679 | M11: 181041 | N11: 183692 | O11: 184042 | P11: 185193 | Q11: 188941 | R11: 192047 | S11: 196709
B12: Cajamarca | C12: 108972 | D12: 113573 | E12: 121021 | F12: 112691 | G12: 117786 | H12: 125077 | I12: 124019 | J12: 119968 | K12: 135140 | L12: 135958 | M12: 125572 | N12: 114756 | O12: 102957 | P12: 100940 | Q12: 99840 | R12: 79719 | S12: 83113.3
B13: Amazonas | C13: 5246 | D13: 5085 | E13: 4657 | F13: 4766 | G13: 5695 | H13: 6359 | I13: 5956 | J13: 5867 | K13: 5781 | L13: 5379 | M13: 4964 | N13: 3787 | O13: 3305 | P13: 3378 | Q13: 3532 | R13: 2948 | S13: 3190
B14: Ancash | C14: 90154 | D14: 94659 | E14: 94586 | F14: 100636 | G14: 110962 | H14: 111240 | I14: 114956 | J14: 116068 | K14: 118809 | L14: 119287 | M14: 123464 | N14: 131065 | O14: 132419 | P14: 132674 | Q14: 132633 | R14: 132083 | S14: 131663
B15: Lima | C15: 87092 | D15: 95279 | E15: 94118 | F15: 94240 | G15: 97188 | H15: 101604 | I15: 101333 | J15: 105155 | K15: 103765 | L15: 104922 | M15: 90814 | N15: 85474 | O15: 80867 | P15: 67076 | Q15: 64093 | R15: 57495 | S15: 57729
B16: Ica | C16: 5864 | D16: 6126 | E16: 6424 | F16: 6911 | G16: 7141 | H16: 7031 | I16: 7376 | J16: 6206 | K16: 6540 | L16: 8272 | M16: 7686 | N16: 6486 | O16: 5024 | P16: 5913 | Q16: 9044 | R16: 10985 | S16: 13489
B17: Huánuco | C17: 194639 | D17: 179809 | E17: 162884 | F17: 159205 | G17: 160629 | H17: 158801 | I17: 152512 | J17: 151092 | K17: 152415 | L17: 148519 | M17: 156605 | N17: 160596 | O17: 163418 | P17: 165231 | Q17: 157449 | R17: 154904 | S17: 154407
B18: Pasco | C18: 135889 | D18: 136366 | E18: 150422 | F18: 177084 | G18: 170768 | H18: 157791 | I18: 165574 | J18: 149715 | K18: 150456 | L18: 125549 | M18: 117367 | N18: 97275 | O18: 99700 | P18: 104294 | Q18: 107119 | R18: 108235 | S18: 110795
B19: Junín | C19: 210220 | D19: 204520 | E19: 207310 | F19: 177719 | G19: 188486 | H19: 197568 | I19: 207597 | J19: 216734 | K19: 232178 | L19: 242652 | M19: 274679 | N19: 281037 | O19: 304545 | P19: 314170 | Q19: 303867 | R19: 265903 | S19: 288554
... B31: Madre de Dios | C31: 2331 | D31: 2059 | E31: 2146 | F31: 2867 | G31: 2997 | H31: 2839 | I31: 2988 | J31: 2712 | K31: 2919 | L31: 2907 | M31: 2518 | N31: 2524 | O31: 2549 | P31: 2225 | Q31: 2072 | R31: 2043 | S31: 1676
A32: P Preliminar
A33: Fuente: Direcciones Regionales de Agricultura
A34: Elaboración: Ministerio de Desarrollo Agrario y Riego - DGESEP - DEIA

Sheet C 27
A2: C.27 PERÚ: PRODUCCIÓN DE CARNE DE OVINO POR AÑO, SEGÚN REGIÓN, 2007-2021
A3: (Toneladas)
A5: Región | C5: 2005 | D5: 2006 | E5: 2007 | F5: 2008 | G5: 2009 | H5: 2010 | I5: 2011 | J5: 2012 | K5: 2013 | L5: 2014 | M5: 2015 | N5: 2016 | O5: 2017 | P5: 2018 | Q5: 2019 | R5: 2020 P | S5: 2021 P
A6: Total Nacional | C6: =(C8+C9+C10+C11+C12+C13+C14+C15+C16+C17+C18+C19+C20+C21+C22+C23+C24+C25+C26+C27+C28+C29+C30+C31) -> 33686 | D6: =(D8+D9+D10+D11+D12+D13+D14+D15+D16+D17+D18+D19+D20+D21+D22+D23+D24+D25+D26+D27+D28+D29+D30+D31) -> 33903 | E6: =(E8+E9+E10+E11+E12+E13+E14+E15+E16+E17+E18+E19+E20+E21+E22+E23+E24+E25+E26+E27+E28+E29+E30+E31) -> 33839 | F6: =(F8+F9+F10+F11+F12+F13+F14+F15+F16+F17+F18+F19+F20+F21+F22+F23+F24+F25+F26+F27+F28+F29+F30+F31) -> 33349 | G6: =(G8+G9+G10+G11+G12+G13+G14+G15+G16+G17+G18+G19+G20+G21+G22+G23+G24+G25+G26+G27+G28+G29+G30+G31) -> 33457 | H6: =(H8+H9+H10+H11+H12+H13+H14+H15+H16+H17+H18+H19+H20+H21+H22+H23+H24+H25+H26+H27+H28+H29+H30+H31) -> 33672 | I6: =(I8+I9+I10+I11+I12+I13+I14+I15+I16+I17+I18+I19+I20+I21+I22+I23+I24+I25+I26+I27+I28+I29+I30+I31) -> 34253 | J6: =(J8+J9+J10+J11+J12+J13+J14+J15+J16+J17+J18+J19+J20+J21+J22+J23+J24+J25+J26+J27+J28+J29+J30+J31) -> 35304 | ... S6: =(S8+S9+S10+S11+S12+S13+S14+S15+S16+S17+S18+S19+S20+S21+S22+S23+S24+S25+S26+S27+S28+S29+S30+S31) -> 33259.223
B8: Tumbes | C8: 37 | D8: 43 | E8: 49 | F8: 57 | G8: 79 | H8: 96 | I8: 101 | J8: 95 | K8: 98 | L8: 102 | M8: 96 | N8: 21 | O8: 37 | P8: 34 | Q8: 33 | R8: 29.791768 | S8: 28.366681
B9: Piura | C9: 717 | D9: 650 | E9: 641 | F9: 669 | G9: 716 | H9: 756 | I9: 900 | J9: 1309 | K9: 1257 | L9: 1092 | M9: 1222 | N9: 1205 | O9: 1360 | P9: 1478 | Q9: 1493 | R9: 1615.8147 | S9: 1767.7067
B10: Lambayeque | C10: 390 | D10: 411 | E10: 464 | F10: 392 | G10: 439 | H10: 398 | I10: 454 | J10: 553 | K10: 583 | L10: 605 | M10: 577 | N10: 641 | O10: 539 | P10: 536 | Q10: 529 | R10: 476.24322 | S10: 448.49784
B11: La Libertad | C11: 1793 | D11: 1846 | E11: 1994 | F11: 2023 | G11: 2075 | H11: 2111 | I11: 2132 | J11: 2135 | K11: 2231 | L11: 2316 | M11: 2370 | N11: 2406 | O11: 2422 | P11: 2453 | Q11: 2504 | R11: 2545.5254 | S11: 2608.0328
B12: Cajamarca | C12: 1511 | D12: 1597 | E12: 1709 | F12: 1546 | G12: 1618 | H12: 1631 | I12: 1601 | J12: 1547 | K12: 1771 | L12: 1834 | M12: 1556 | N12: 1467 | O12: 1219 | P12: 1185 | Q12: 1211 | R12: 907.51533 | S12: 953.61878
B13: Amazonas | C13: 69 | D13: 68 | E13: 60 | F13: 58 | G13: 72 | H13: 80 | I13: 78 | J13: 88 | K13: 87 | L13: 82 | M13: 76 | N13: 57 | O13: 51 | P13: 54 | Q13: 56 | R13: 46.8512 | S13: 50.7064
B14: Ancash | C14: 948 | D14: 986 | E14: 985 | F14: 1048 | G14: 1155 | H14: 1158 | I14: 1197 | J14: 1210 | K14: 1228 | L14: 1242 | M14: 1304 | N14: 1365 | O14: 1376 | P14: 1398 | Q14: 1403 | R14: 1275.2907 | S14: 1421.5318
B15: Lima | C15: 1149 | D15: 1244 | E15: 1230 | F15: 1220 | G15: 1287 | H15: 1321 | I15: 1355 | J15: 1371 | K15: 1327 | L15: 1308 | M15: 1110 | N15: 1036 | O15: 976 | P15: 821 | Q15: 793 | R15: 705.27152 | S15: 707.65369
B16: Ica | C16: 69 | D16: 70 | E16: 73 | F16: 72 | G16: 73 | H16: 84 | I16: 89 | J16: 75 | K16: 80 | L16: 91 | M16: 90 | N16: 80 | O16: 61 | P16: 77 | Q16: 128 | R16: 130.74823 | S16: 138.28906
B17: Huánuco | C17: 2504 | D17: 2336 | E17: 2095 | F17: 1928 | G17: 1810 | H17: 1707 | I17: 1466 | J17: 1454 | K17: 1528 | L17: 1478 | M17: 1629 | N17: 1693 | O17: 1751 | P17: 1871 | Q17: 1799 | R17: 1740.2116 | S17: 1760.9815
B18: Pasco | C18: 1744 | D18: 1784 | E18: 1887 | F18: 2262 | G18: 2064 | H18: 1859 | I18: 2101 | J18: 1897 | K18: 1901 | L18: 1693 | M18: 1560 | N18: 1307 | O18: 1381 | P18: 1319 | Q18: 1338 | R18: 1351.3079 | S18: 1366.2015
B19: Junín | C19: 2597 | D19: 2575 | E19: 2640 | F19: 2307 | G19: 2013 | H19: 2113 | I19: 2224 | J19: 2327 | K19: 2526 | L19: 2605 | M19: 2964 | N19: 2951 | O19: 3300 | P19: 3325 | Q19: 3285 | R19: 2856.1028 | S19: 3204.1516
... B31: Madre de Dios | C31: 41 | D31: 36 | E31: 38 | F31: 51 | G31: 54 | H31: 50 | I31: 54 | J31: 50 | K31: 49 | L31: 52 | M31: 42 | N31: 45 | O31: 46 | P31: 39 | Q31: 36 | R31: 32.7436 | S31: 28.891
A32: P Preliminar
A33: Fuente: Direcciones Regionales de Agricultura
A34: Elaboración: Ministerio de Desarrollo Agrario y Riego - DGESEP - DEIA

Sheet C 28
A2: C.28 PERÚ: PRECIO RECIBIDO POR EL PRODUCTOR DE OVINOS POR AÑO, SEGÚN REGIÓN, 2007-2021 1
A3: (Soles / kg)
A5: Región | C5: 2005 | D5: 2006 | E5: 2007 | F5: 2008 | G5: 2009 | H5: 2010 | I5: 2011 | J5: 2012 | K5: 2013 | L5: 2014 | M5: 2015 | N5: 2016 | O5: 2017 | P5: 2018 | Q5: 2019 | R5: 2020 P | S5: 2021 P
A6: Promedio | C6: 3.31 | D6: 3.32 | E6: 3.49 | F6: 3.9 | G6: 4.13 | H6: 4.46 | I6: 4.52 | J6: 4.9 | K6: 5.04 | L6: 5.73 | M6: 5.79 | N6: 5.91 | O6: 5.6 | P6: 5.56 | Q6: 5.6 | R6: 5.4289695 | S6: 5.5840669
B8: Tumbes | C8: 4.01 | D8: 3.68 | E8: 3.73 | F8: 3.76 | G8: 3.85 | H8: 3.55 | I8: 4.01 | J8: 4.01 | K8: 4.54 | L8: 4.51 | M8: 5.62 | N8: 5.5 | O8: 5.49 | P8: 5.56 | Q8: 5.5 | R8: 5.4454564 | S8: 5.7373324
B9: Piura | C9: 2.99 | D9: 3.07 | E9: 3.32 | F9: 3.87 | G9: 4.1 | H9: 4.23 | I9: 4.14 | J9: 4.18 | K9: 4.25 | L9: 4.45 | M9: 5.39 | N9: 5.8 | O9: 5.68 | P9: 5.62 | Q9: 5.61 | R9: 5.5430831 | S9: 5.8599789
B10: Lambayeque | C10: 3.44 | D10: 3.27 | E10: 3.64 | F10: 3.83 | G10: 4.21 | H10: 4.17 | I10: 4.15 | J10: 4.35 | K10: 4.46 | L10: 4.86 | M10: 5.31 | N10: 5.81 | O10: 5.78 | P10: 5.73 | Q10: 5.77 | R10: 5.754509 | S10: 5.9490096
B11: La Libertad | C11: 3.36 | D11: 3.43 | E11: 3.65 | F11: 3.9 | G11: 3.72 | H11: 3.24 | I11: 4 | J11: 4.62 | K11: 4.91 | L11: 4.91 | M11: 5.05 | N11: 5.3 | O11: 5.55 | P11: 5.68 | Q11: 5.75 | R11: 5.6456906 | S11: 5.9717123
B12: Cajamarca | C12: 3.9 | D12: 3.63 | E12: 3.53 | F12: 3.87 | G12: 3.96 | H12: 3.94 | I12: 4.08 | J12: 4.59 | K12: 4.64 | L12: 4.9 | M12: 4.94 | N12: 4.94 | O12: 4.85 | P12: 4.8 | Q12: 4.76 | R12: 4.7129988 | S12: 4.8368392
B13: Amazonas | C13: 3.87 | D13: 3.81 | E13: 3.75 | F13: 3.67 | G13: 3.98 | H13: 4.06 | I13: 4.6 | J13: 4.4 | K13: 4.36 | L13: 6.42 | M13: 5.4 | N13: 5.49 | O13: 5.47 | P13: 5.33 | Q13: 5.24 | R13: 5.2260464 | S13: 5.4128994
B14: Ancash | C14: 3.32 | D14: 3.75 | E14: 4.03 | F14: 4.32 | G14: 4.14 | H14: 3.66 | I14: 3.78 | J14: 4.66 | K14: 4.97 | L14: 4.71 | M14: 4.81 | N14: 4.94 | O14: 4.78 | P14: 4.83 | Q14: 4.77 | R14: 4.9179179 | S14: 4.8204708
B15: Lima | C15: 3.43 | D15: 3.49 | E15: 3.4 | F15: 4.11 | G15: 4.41 | H15: 3.8 | I15: 4.73 | J15: 3.99 | K15: 4.32 | L15: 4.34 | M15: 4.88 | N15: 5.53 | O15: 5.76 | P15: 5.7 | Q15: 5.69 | R15: 5.504412 | S15: 5.9034714
B16: Ica | C16: 2.44 | D16: 2.56 | E16: 2.93 | F16: 3.36 | G16: 4 | H16: 4.27 | I16: 4.46 | J16: 4.79 | K16: 5.42 | L16: 5.7 | M16: 5.43 | N16: 4.96 | O16: 5.27 | P16: 5.2 | Q16: 5.3 | R16: 5.2951263 | S16: 5.5385531
B17: Huánuco | C17: 3.47 | D17: 3.49 | E17: 3.53 | F17: 3.64 | G17: 4.71 | H17: 3.81 | I17: 4.66 | J17: 4.6 | K17: 4.59 | L17: 4.71 | M17: 5.59 | N17: 5.5 | O17: 5.45 | P17: 5.55 | Q17: 5.54 | R17: 5.482203 | S17: 5.4824901
B18: Pasco | C18: 2.87 | D18: 2.94 | E18: 3.41 | F18: 3.94 | G18: 3.97 | H18: 4.14 | I18: 4.94 | J18: 5.37 | K18: 4.46 | L18: 5.73 | M18: 6.09 | N18: 5.66 | O18: 5.48 | P18: 5.52 | Q18: 5.46 | R18: 5.3881745 | S18: 5.4411727
B19: Junín | C19: 3.52 | D19: 3.48 | E19: 3.43 | F19: 4.43 | G19: 4.19 | H19: 4.85 | I19: 5.06 | J19: 5.84 | K19: 5.62 | L19: 5.88 | M19: 6.3 | N19: 6.53 | O19: 6.47 | P19: 6.21 | Q19: 6.07 | R19: 5.945574 | S19: 5.9715432
... B31: Madre de Dios | C31: 4.02 | D31: 3.91 | E31: 3.84 | F31: 3.87 | G31: 4.04 | H31: 4.2 | I31: 5.03 | J31: 5.14 | K31: 4.91 | L31: 5.42 | M31: 4.9 | N31: 5.03 | O31: 5.47 | P31: 5.22 | Q31: 5.15 | R31: 5.1529611 | S31: 5.1296266
A32: P Preliminar | H32: 1 Precio de animal vivo
A33: Fuente: Direcciones Regionales de Agricultura
A34: Elaboración: Ministerio de Desarrollo Agrario y Riego - DGESEP - DEIA

Sheet C 29
A2: C.29 PERÚ: OVINOS ESQUILADOS POR AÑO, SEGÚN REGIÓN, 2007-2021
A3: (Unidades)
A5: Región | C5: 2005 | D5: 2006 | E5: 2007 | F5: 2008 | G5: 2009 | H5: 2010 | I5: 2011 | J5: 2012 | K5: 2013 | L5: 2014 | M5: 2015 | N5: 2016 | O5: 2017 | P5: 2018 | Q5: 2019 | R5: 2020 P | S5: 2021 P
A6: Total Nacional | C6: =(C8+C9+C10+C11+C12+C13+C14+C15+C16+C17+C18+C19+C20+C21+C22+C23+C24+C25+C26+C27+C28+C29+C30+C31) -> 6333240 | D6: =(D8+D9+D10+D11+D12+D13+D14+D15+D16+D17+D18+D19+D20+D21+D22+D23+D24+D25+D26+D27+D28+D29+D30+D31) -> 6054839 | E6: =(E8+E9+E10+E11+E12+E13+E14+E15+E16+E17+E18+E19+E20+E21+E22+E23+E24+E25+E26+E27+E28+E29+E30+E31) -> 6468169 | F6: =(F8+F9+F10+F11+F12+F13+F14+F15+F16+F17+F18+F19+F20+F21+F22+F23+F24+F25+F26+F27+F28+F29+F30+F31) -> 5869896 | G6: =(G8+G9+G10+G11+G12+G13+G14+G15+G16+G17+G18+G19+G20+G21+G22+G23+G24+G25+G26+G27+G28+G29+G30+G31) -> 6035367 | H6: =(H8+H9+H10+H11+H12+H13+H14+H15+H16+H17+H18+H19+H20+H21+H22+H23+H24+H25+H26+H27+H28+H29+H30+H31) -> 6004149 | I6: =(I8+I9+I10+I11+I12+I13+I14+I15+I16+I17+I18+I19+I20+I21+I22+I23+I24+I25+I26+I27+I28+I29+I30+I31) -> 5985893 | J6: =(J8+J9+J10+J11+J12+J13+J14+J15+J16+J17+J18+J19+J20+J21+J22+J23+J24+J25+J26+J27+J28+J29+J30+J31) -> 6618656 | ... S6: =(S8+S9+S10+S11+S12+S13+S14+S15+S16+S17+S18+S19+S20+S21+S22+S23+S24+S25+S26+S27+S28+S29+S30+S31) -> 4237001.4
B8: Tumbes | C8: 0 | D8: 0 | E8: 0 | F8: 0 | G8: 0 | H8: 0 | I8: 0 | J8: 0 | K8: 0 | L8: 0 | M8: 0 | N8: 0 | O8: 0 | P8: 0 | Q8: 0 | R8: 0 | S8: 0
B9: Piura | C9: 0 | D9: 0 | E9: 0 | F9: 0 | G9: 0 | H9: 107736 | I9: 97404 | J9: 53488 | K9: 29541 | L9: 29537 | M9: 40324 | N9: 40651 | O9: 33100 | P9: 17665 | Q9: 18515 | R9: 23964 | S9: 23982
B10: Lambayeque | C10: 0 | D10: 0 | E10: 0 | F10: 0 | G10: 0 | H10: 0 | I10: 0 | J10: 0 | K10: 0 | L10: 0 | M10: 0 | N10: 0 | O10: 0 | P10: 0 | Q10: 0 | R10: 0 | S10: 0
B11: La Libertad | C11: 281748 | D11: 286802 | E11: 279649 | F11: 283207 | G11: 283873 | H11: 289844 | I11: 290743 | J11: 292769 | K11: 291404 | L11: 291951 | M11: 260787 | N11: 245858 | O11: 245396 | P11: 247738 | Q11: 249612 | R11: 252084 | S11: 254269
B12: Cajamarca | C12: 215929 | D12: 210011 | E12: 211100 | F12: 177507 | G12: 130630 | H12: 96513 | I12: 119101 | J12: 156318 | K12: 168682 | L12: 142168 | M12: 156231 | N12: 220329 | O12: 219313 | P12: 194266 | Q12: 165750 | R12: 158054 | S12: 159350.13
B13: Amazonas | C13: 16207 | D13: 16605 | E13: 20165 | F13: 7590 | G13: 18463 | H13: 18399 | I13: 12411 | J13: 16445 | K13: 15240 | L13: 15696 | M13: 11420 | N13: 6911 | O13: 6474 | P13: 6209 | Q13: 5255 | R13: 6041 | S13: 6224
B14: Ancash | C14: 48636 | D14: 44644 | E14: 36892 | F14: 34713 | G14: 7537 | H14: 7597 | I14: 38529 | J14: 13552 | K14: 5569 | L14: 4170 | M14: 9018 | N14: 11954 | O14: 7689 | P14: 7229 | Q14: 7076 | R14: 6515 | S14: 6488
B15: Lima | C15: 51382 | D15: 53479 | E15: 69851 | F15: 68198 | G15: 83497 | H15: 79799 | I15: 78888 | J15: 71441 | K15: 48547 | L15: 82242 | M15: 92565 | N15: 111905 | O15: 69508 | P15: 103820 | Q15: 91432 | R15: 84125 | S15: 115395.7
B16: Ica | C16: 0 | D16: 0 | E16: 0 | F16: 0 | G16: 0 | H16: 0 | I16: 0 | J16: 0 | K16: 0 | L16: 0 | M16: 0 | N16: 0 | O16: 0 | P16: 0 | Q16: 0 | R16: 0 | S16: 0
B17: Huánuco | C17: 373540 | D17: 283894 | E17: 207959 | F17: 140552 | G17: 142079 | H17: 121870 | I17: 62310 | J17: 146950 | K17: 221464 | L17: 214127 | M17: 193576 | N17: 173587 | O17: 164539 | P17: 162255 | Q17: 140446 | R17: 109744 | S17: 98449
B18: Pasco | C18: 522839 | D18: 559070 | E18: 561105 | F18: 565575 | G18: 569138 | H18: 676896 | I18: 493852 | J18: 660319 | K18: 609890 | L18: 402146 | M18: 420519 | N18: 333733 | O18: 349285 | P18: 370620 | Q18: 367427 | R18: 370762 | S18: 386152
B19: Junín | C19: 601360 | D19: 609680 | E19: 439697 | F19: 510031 | G19: 621211 | H19: 645082 | I19: 635182 | J19: 687908 | K19: 666029 | L19: 691762 | M19: 714025 | N19: 744843 | O19: 789102 | P19: 795972 | Q19: 723937 | R19: 643434 | S19: 701476
... B31: Madre de Dios | C31: 0 | D31: 0 | E31: 0 | F31: 0 | G31: 0 | H31: 0 | I31: 0 | J31: 0 | K31: 0 | L31: 0 | M31: 0 | N31: 0 | O31: 0 | P31: 0 | Q31: 0 | R31: 0 | S31: 0
A32: P Preliminar
A33: Fuente: Direcciones Regionales de Agricultura
A34: Elaboración: Ministerio de Desarrollo Agrario y Riego - DGESEP - DEIA

Sheet C 30
A2: C.30 PERÚ: PRODUCCIÓN DE LANA DE OVINO POR AÑO, SEGÚN REGIÓN, 2007-2021
A3: (Toneladas)
A5: Región | C5: 2005 | D5: 2006 | E5: 2007 | F5: 2008 | G5: 2009 | H5: 2010 | I5: 2011 | J5: 2012 | K5: 2013 | L5: 2014 | M5: 2015 | N5: 2016 | O5: 2017 | P5: 2018 | Q5: 2019 | R5: 2020 P | S5: 2021 P
A6: Total Nacional | C6: =(C8+C9+C10+C11+C12+C13+C14+C15+C16+C17+C18+C19+C20+C21+C22+C23+C24+C25+C26+C27+C28+C29+C30+C31) -> 10914 | D6: =(D8+D9+D10+D11+D12+D13+D14+D15+D16+D17+D18+D19+D20+D21+D22+D23+D24+D25+D26+D27+D28+D29+D30+D31) -> 10375 | E6: =(E8+E9+E10+E11+E12+E13+E14+E15+E16+E17+E18+E19+E20+E21+E22+E23+E24+E25+E26+E27+E28+E29+E30+E31) -> 10894 | F6: =(F8+F9+F10+F11+F12+F13+F14+F15+F16+F17+F18+F19+F20+F21+F22+F23+F24+F25+F26+F27+F28+F29+F30+F31) -> 10087 | G6: =(G8+G9+G10+G11+G12+G13+G14+G15+G16+G17+G18+G19+G20+G21+G22+G23+G24+G25+G26+G27+G28+G29+G30+G31) -> 10280 | H6: =(H8+H9+H10+H11+H12+H13+H14+H15+H16+H17+H18+H19+H20+H21+H22+H23+H24+H25+H26+H27+H28+H29+H30+H31) -> 10219 | I6: =(I8+I9+I10+I11+I12+I13+I14+I15+I16+I17+I18+I19+I20+I21+I22+I23+I24+I25+I26+I27+I28+I29+I30+I31) -> 10293 | J6: =(J8+J9+J10+J11+J12+J13+J14+J15+J16+J17+J18+J19+J20+J21+J22+J23+J24+J25+J26+J27+J28+J29+J30+J31) -> 11029 | ... S6: =(S8+S9+S10+S11+S12+S13+S14+S15+S16+S17+S18+S19+S20+S21+S22+S23+S24+S25+S26+S27+S28+S29+S30+S31) -> 7690.2524
B8: Tumbes | C8: 0 | D8: 0 | E8: 0 | F8: 0 | G8: 0 | H8: 0 | I8: 0 | J8: 0 | K8: 0 | L8: 0 | M8: 0 | N8: 0 | O8: 0 | P8: 0 | Q8: 0 | R8: 0 | S8: 0
B9: Piura | C9: 0 | D9: 0 | E9: 0 | F9: 0 | G9: 0 | H9: 114 | I9: 116 | J9: 57 | K9: 45 | L9: 44 | M9: 60 | N9: 61 | O9: 50 | P9: 24 | Q9: 17 | R9: 25.021439 | S9: 25.458296
B10: Lambayeque | C10: 0 | D10: 0 | E10: 0 | F10: 0 | G10: 0 | H10: 0 | I10: 0 | J10: 0 | K10: 0 | L10: 0 | M10: 0 | N10: 0 | O10: 0 | P10: 0 | Q10: 0 | R10: 0 | S10: 0
B11: La Libertad | C11: 640 | D11: 686 | E11: 689 | F11: 688 | G11: 703 | H11: 709 | I11: 721 | J11: 733 | K11: 732 | L11: 735 | M11: 690 | N11: 706 | O11: 706 | P11: 724 | Q11: 734 | R11: 745.2646 | S11: 751.87729
B12: Cajamarca | C12: 335 | D12: 330 | E12: 324 | F12: 302 | G12: 213 | H12: 142 | I12: 189 | J12: 228 | K12: 253 | L12: 194 | M12: 212 | N12: 192 | O12: 443 | P12: 407 | Q12: 286 | R12: 271.59382 | S12: 262.62377
B13: Amazonas | C13: 20 | D13: 23 | E13: 29 | F13: 7 | G13: 19 | H13: 18 | I13: 10 | J13: 11 | K13: 10 | L13: 10 | M13: 7 | N13: 4 | O13: 4 | P13: 4 | Q13: 3 | R13: 3.8134152 | S13: 3.907764
B14: Ancash | C14: 63 | D14: 57 | E14: 47 | F14: 44 | G14: 10 | H14: 10 | I14: 49 | J14: 17 | K14: 7 | L14: 5 | M14: 11 | N14: 15 | O14: 10 | P14: 10 | Q14: 9 | R14: 9.223 | S14: 9.450683
B15: Lima | C15: 57 | D15: 60 | E15: 83 | F15: 77 | G15: 87 | H15: 82 | I15: 122 | J15: 123 | K15: 59 | L15: 97 | M15: 107 | N15: 135 | O15: 96 | P15: 133 | Q15: 120 | R15: 109.95337 | S15: 145.58913
B16: Ica | C16: 0 | D16: 0 | E16: 0 | F16: 0 | G16: 0 | H16: 0 | I16: 0 | J16: 0 | K16: 0 | L16: 0 | M16: 0 | N16: 0 | O16: 0 | P16: 0 | Q16: 0 | R16: 0 | S16: 0
B17: Huánuco | C17: 666 | D17: 496 | E17: 362 | F17: 237 | G17: 251 | H17: 181 | I17: 97 | J17: 191 | K17: 342 | L17: 278 | M17: 278 | N17: 214 | O17: 245 | P17: 228 | Q17: 209 | R17: 188.76718 | S17: 167.55294
B18: Pasco | C18: 1130 | D18: 1204 | E18: 1157 | F18: 1211 | G18: 1162 | H18: 1311 | I18: 895 | J18: 1165 | K18: 1071 | L18: 724 | M18: 778 | N18: 600 | O18: 659 | P18: 691 | Q18: 646 | R18: 643.49848 | S18: 685.83557
B19: Junín | C19: 943 | D19: 971 | E19: 730 | F19: 872 | G19: 1048 | H19: 1104 | I19: 1097 | J19: 1110 | K19: 1052 | L19: 1154 | M19: 1179 | N19: 1208 | O19: 1260 | P19: 1252 | Q19: 1306 | R19: 1135.4048 | S19: 1214.3435
... B31: Madre de Dios | C31: 0 | D31: 0 | E31: 0 | F31: 0 | G31: 0 | H31: 0 | I31: 0 | J31: 0 | K31: 0 | L31: 0 | M31: 0 | N31: 0 | O31: 0 | P31: 0 | Q31: 0 | R31: 0 | S31: 0
A32: P Preliminar
A33: Fuente: Direcciones Regionales de Agricultura
A34: Elaboración: Ministerio de Desarrollo Agrario y Riego - DGESEP - DEIA

Sheet C 31
A2: C.31 PERÚ: PRECIO RECIBIDO POR EL PRODUCTOR DE LANA DE OVINO POR AÑO, SEGÚN REGIÓN, 2007-2021
A3: (Soles / kg)
A5: Región | C5: 2005 | D5: 2006 | E5: 2007 | F5: 2008 | G5: 2009 | H5: 2010 | I5: 2011 | J5: 2012 | K5: 2013 | L5: 2014 | M5: 2015 | N5: 2016 | O5: 2017 | P5: 2018 | Q5: 2019 | R5: 2020 P | S5: 2021 P
A6: Promedio | C6: 3.77 | D6: 3.79 | E6: 4.33 | F6: 4.59 | G6: 4.03 | H6: 4.48 | I6: 4.88 | J6: 5.16 | K6: 5.62 | L6: 5.51 | M6: 5.45 | N6: 5.84 | O6: 6.18 | P6: 6.45 | Q6: 6.94 | R6: 6.677681 | S6: 6.8560711
B8: Tumbes | C8: - | D8: - | E8: - | F8: - | G8: - | H8: - | I8: - | J8: - | K8: - | L8: - | M8: - | N8: - | O8: - | P8: - | Q8: - | R8: - | S8: -
B9: Piura | C9: - | D9: - | E9: - | F9: - | G9: - | H9: 5.34 | I9: 5.62 | J9: 6.37 | K9: 7.28 | L9: 6.23 | M9: 6.79 | N9: 6.83 | O9: 7.45 | P9: 7.27 | Q9: 7.36 | R9: 6.9463857 | S9: 6.9326989
B10: Lambayeque | C10: - | D10: - | E10: - | F10: - | G10: - | H10: - | I10: - | J10: - | K10: - | L10: - | M10: - | N10: - | O10: - | P10: - | Q10: - | R10: - | S10: -
B11: La Libertad | C11: 7.35 | D11: 5.3 | E11: 5.08 | F11: 6.45 | G11: 4.7 | H11: 4.9 | I11: 7.5 | J11: 7.31 | K11: 7.63 | L11: 7.63 | M11: 7.41 | N11: 7.42 | O11: 7.42 | P11: 7.29 | Q11: 7.28 | R11: 7.6663724 | S11: 7.7204064
B12: Cajamarca | C12: 4.98 | D12: 5.83 | E12: 7.02 | F12: 6.07 | G12: 6.07 | H12: 5.54 | I12: 6.22 | J12: 4.06 | K12: 6.92 | L12: 7.48 | M12: 6.89 | N12: 6.79 | O12: 7.02 | P12: 7.25 | Q12: 7.4 | R12: 7.0770138 | S12: 7.0345257
B13: Amazonas | C13: 4.85 | D13: 3.31 | E13: 8.53 | F13: 4.45 | G13: 6.56 | H13: 5.14 | I13: 6.66 | J13: 6.69 | K13: 6.48 | L13: 7.01 | M13: 6.77 | N13: 6.26 | O13: 6.88 | P13: 7.38 | Q13: 7.35 | R13: 5.949403 | S13: 7.2989567
B14: Ancash | C14: 3.31 | D14: 3.39 | E14: 3.64 | F14: 4.65 | G14: 4.54 | H14: 5.66 | I14: 7.01 | J14: 6.12 | K14: 6.66 | L14: 6.79 | M14: 6.74 | N14: 6.48 | O14: 6.3 | P14: 6.3 | Q14: 7.32 | R14: 7.5082181 | S14: 7.4535238
B15: Lima | C15: 3.3 | D15: 3.28 | E15: 3.81 | F15: 4.11 | G15: 4.54 | H15: 3.88 | I15: 5.66 | J15: 5.83 | K15: 6.79 | L15: 5.56 | M15: 7.06 | N15: 7.23 | O15: 6.84 | P15: 7.52 | Q15: 7.41 | R15: 7.2622481 | S15: 6.9674902
B16: Ica | C16: - | D16: - | E16: - | F16: - | G16: - | H16: - | I16: - | J16: - | K16: - | L16: - | M16: - | N16: - | O16: - | P16: - | Q16: - | R16: - | S16: -
B17: Huánuco | C17: 3.53 | D17: 3.44 | E17: 3.55 | F17: 3.58 | G17: 3.77 | H17: 4.39 | I17: 4.76 | J17: 4.97 | K17: 6.32 | L17: 5.23 | M17: 5.87 | N17: 6.52 | O17: 6.71 | P17: 6.66 | Q17: 7.03 | R17: 7.0684015 | S17: 7.2679042
B18: Pasco | C18: 3.94 | D18: 3.3 | E18: 3.33 | F18: 3.55 | G18: 3.61 | H18: 4.17 | I18: 4.48 | J18: 4.78 | K18: 5 | L18: 5.46 | M18: 5.62 | N18: 6.31 | O18: 6.08 | P18: 6.17 | Q18: 6.82 | R18: 7.0311504 | S18: 6.9604987
B19: Junín | C19: 1.51 | D19: 2.01 | E19: 2.7 | F19: 3.63 | G19: 4.78 | H19: 5.8 | I19: 4.88 | J19: 3.45 | K19: 5.11 | L19: 4.74 | M19: 5.63 | N19: 5.77 | O19: 5.54 | P19: 6.05 | Q19: 6.91 | R19: 7.1687283 | S19: 7.0943549
B20: Huancavelica | C20: 1.7 | D20: 2.22 | E20: 2.67 | F20: 3.58 | G20: 5.54 | H20: 5.52 | I20: 3.43 | J20: 3.6 | K20: 5.03 | L20: 4.8 | M20: 5.47 | N20: 6.33 | O20: 5.83 | P20: 5.84 | Q20: 6.86 | R20: 6.7350364 | S20: 6.8631147
B21: Arequipa | C21: 2.25 | D21: 2.35 | E21: 2.72 | F21: 2.5 | G21: 2.93 | H21: 3.88 | I21: 4.55 | J21: 5.35 | K21: 5.06 | L21: 5.04 | M21: 5.92 | N21: 6.13 | O21: 4.76 | P21: 6.19 | Q21: 6.96 | R21: 7.2101891 | S21: 7.1165264
B22: Moquegua | C22: 2.49 | D22: 3.27 | E22: 3.12 | F22: 2.21 | G22: 3.37 | H22: 3.89 | I22: 5.7 | J22: 0 | K22: 5.73 | L22: 5.29 | M22: 6.22 | N22: 6.49 | O22: 6.43 | P22: 6.16 | Q22: 7.38 | R22: 6.0542832 | S22: 6.9879085
B23: Tacna | O23: - | P23: - | Q23: - | R23: - | S23: -
B24: Ayacucho | C24: 4.28 | D24: 4.08 | E24: 4.47 | F24: 5.72 | G24: 6.17 | H24: 6.22 | I24: 5.63 | J24: 2.64 | K24: 5.79 | L24: 5.24 | M24: 4.88 | N24: 4.9 | O24: 6.11 | P24: 5.55 | Q24: 6.02 | R24: 6.2859311 | S24: 6.2832626
B25: Apurímac | C25: 2.65 | D25: 3.28 | E25: 4 | F25: 5.51 | G25: 4.83 | H25: 5.64 | I25: 4.66 | J25: 5.38 | K25: 5.41 | L25: 5.19 | M25: 4.92 | N25: 5.33 | O25: 5.64 | P25: 5.95 | Q25: 6.17 | R25: 6.2629642 | S25: 6.3058181
B26: Cusco | C26: 3.78 | D26: 4.16 | E26: 5.24 | F26: 5.33 | G26: 4.39 | H26: 5.77 | I26: 7.02 | J26: 5.84 | K26: 5.98 | L26: 4.97 | M26: 5.33 | N26: 6.17 | O26: 5.73 | P26: 5.78 | Q26: 6.13 | R26: 6.7383133 | S26: 6.7858428
B27: Puno | C27: 4.07 | D27: 4.14 | E27: 4.56 | F27: 4.62 | G27: 3.43 | H27: 3.79 | I27: 4.27 | J27: 5.55 | K27: 5.42 | L27: 5.47 | M27: 4.96 | N27: 5.42 | O27: 6.19 | P27: 6.63 | Q27: 7.11 | R27: 6.109794 | S27: 6.5528717
B28: San Martín | C28: - | D28: - | E28: - | F28: - | G28: - | H28: - | I28: - | J28: - | K28: - | L28: - | M28: - | N28: - | O28: - | P28: - | Q28: - | R28: - | S28: -
B29: Loreto | C29: - | D29: - | E29: - | F29: - | G29: - | H29: - | I29: - | J29: - | K29: - | L29: - | M29: - | N29: - | O29: - | P29: - | Q29: - | R29: - | S29: -
B30: Ucayali | C30: - | D30: - | E30: - | F30: - | G30: - | H30: - | I30: - | J30: - | K30: - | L30: - | M30: - | N30: - | O30: - | P30: - | Q30: - | R30: - | S30: -
B31: Madre de Dios | C31: - | D31: - | E31: - | F31: - | G31: - | H31: - | I31: - | J31: - | K31: - | L31: - | M31: - | N31: - | O31: - | P31: - | Q31: - | R31: - | S31: -
A32: P Preliminar
A33: Fuente: Direcciones Regionales de Agricultura
A34: Elaboración: Ministerio de Desarrollo Agrario y Riego - DGESEP - DEIA

Sheet C 32
A2: C.32 PERÚ: POBLACIÓN DE PORCINOS POR AÑO, SEGÚN REGIÓN, 2007-2021
A3: (Unidades)
A5: Región | C5: 2005 | D5: 2006 | E5: 2007 | F5: 2008 | G5: 2009 | H5: 2010 | I5: 2011 | J5: 2012 | K5: 2013 | L5: 2014 | M5: 2015 | N5: 2016 | O5: 2017 | P5: 2018 | Q5: 2019 | R5: 2020 P | S5: 2021 P
A6: Total Nacional | C6: =(C8+C9+C10+C11+C12+C13+C14+C15+C16+C17+C18+C19+C20+C21+C22+C23+C24+C25+C26+C27+C28+C29+C30+C31) -> 3010724 | D6: =(D8+D9+D10+D11+D12+D13+D14+D15+D16+D17+D18+D19+D20+D21+D22+D23+D24+D25+D26+D27+D28+D29+D30+D31) -> 3073855 | E6: =(E8+E9+E10+E11+E12+E13+E14+E15+E16+E17+E18+E19+E20+E21+E22+E23+E24+E25+E26+E27+E28+E29+E30+E31) -> 3115772 | F6: =(F8+F9+F10+F11+F12+F13+F14+F15+F16+F17+F18+F19+F20+F21+F22+F23+F24+F25+F26+F27+F28+F29+F30+F31) -> 3151406 | G6: =(G8+G9+G10+G11+G12+G13+G14+G15+G16+G17+G18+G19+G20+G21+G22+G23+G24+G25+G26+G27+G28+G29+G30+G31) -> 3256809 | H6: =(H8+H9+H10+H11+H12+H13+H14+H15+H16+H17+H18+H19+H20+H21+H22+H23+H24+H25+H26+H27+H28+H29+H30+H31) -> 3254412 | I6: =(I8+I9+I10+I11+I12+I13+I14+I15+I16+I17+I18+I19+I20+I21+I22+I23+I24+I25+I26+I27+I28+I29+I30+I31) -> 3263254 | J6: =(J8+J9+J10+J11+J12+J13+J14+J15+J16+J17+J18+J19+J20+J21+J22+J23+J24+J25+J26+J27+J28+J29+J30+J31) -> 2987315 | ... S6: =(S8+S9+S10+S11+S12+S13+S14+S15+S16+S17+S18+S19+S20+S21+S22+S23+S24+S25+S26+S27+S28+S29+S30+S31) -> 3342910.5
B8: Tumbes | C8: 15890 | D8: 13500 | E8: 14900 | F8: 17100 | G8: 18200 | H8: 20593 | I8: 20030 | J8: 18590 | K8: 31639 | L8: 31980 | M8: 28566 | N8: 29748 | O8: 30480 | P8: 29540 | Q8: 30010 | R8: 29015 | S8: 30512
B9: Piura | C9: 173054 | D9: 174000 | E9: 174958 | F9: 171344 | G9: 193831 | H9: 198118 | I9: 199520 | J9: 140298 | K9: 179945 | L9: 186647 | M9: 191114 | N9: 159009 | O9: 169531 | P9: 170860 | Q9: 167980 | R9: 157860 | S9: 177302.46
B10: Lambayeque | C10: 62000 | D10: 58400 | E10: 66583 | F10: 79393 | G10: 81100 | H10: 79495 | I10: 80365 | J10: 56964 | K10: 67510 | L10: 69264 | M10: 72480 | N10: 88160 | O10: 68810 | P10: 74560 | Q10: 73428 | R10: 70227 | S10: 71922
B11: La Libertad | C11: 160798 | D11: 160465 | E11: 162269 | F11: 162444 | G11: 161442 | H11: 159466 | I11: 159681 | J11: 162069 | K11: 157211 | L11: 119141 | M11: 111419 | N11: 116911 | O11: 113018 | P11: 113664 | Q11: 114462 | R11: 114850 | S11: 110020
B12: Cajamarca | C12: 202298 | D12: 215757 | E12: 239461 | F12: 249820 | G12: 250340 | H12: 245535 | I12: 255432 | J12: 251689 | K12: 278439 | L12: 304430 | M12: 304105 | N12: 287457 | O12: 297734 | P12: 277982 | Q12: 288252 | R12: 288467 | S12: 292447
B13: Amazonas | C13: 45553 | D13: 50500 | E13: 53874 | F13: 58488 | G13: 59100 | H13: 64896 | I13: 70916 | J13: 71548 | K13: 74617 | L13: 75528 | M13: 77261 | N13: 84502 | O13: 85690 | P13: 83710 | Q13: 88090 | R13: 89099 | S13: 92127
B14: Ancash | C14: 171696 | D14: 165436 | E14: 162067 | F14: 174756 | G14: 181032 | H14: 180997 | I14: 181021 | J14: 182009 | K14: 185348 | L14: 179640 | M14: 184777 | N14: 174016 | O14: 170334 | P14: 172620 | Q14: 171477 | R14: 170544 | S14: 171027
B15: Lima | C15: 417780 | D15: 415000 | E15: 391175 | F15: 390670 | G15: 395300 | H15: 402985 | I15: 404507 | J15: 455740 | K15: 430570 | L15: 457793 | M15: 462797 | N15: 450072 | O15: 460253 | P15: 469546 | Q15: 464899.5 | R15: 470025 | S15: 490151
B16: Ica | C16: 22684 | D16: 21690 | E16: 21548 | F16: 22290 | G16: 30790 | H16: 32800 | I16: 32998 | J16: 36673 | K16: 34648 | L16: 44196 | M16: 48256 | N16: 51510 | O16: 54124 | P16: 66840 | Q16: 102767 | R16: 101225 | S16: 99656
B17: Huánuco | C17: 352051 | D17: 388866 | E17: 407065 | F17: 379247 | G17: 380150 | H17: 371476 | I17: 339405 | J17: 219320 | K17: 318436 | L17: 392998 | M17: 402607 | N17: 403917 | O17: 405230 | P17: 406220 | Q17: 405725 | R17: 402365 | S17: 405632
B18: Pasco | C18: 119154 | D18: 117838 | E18: 122330 | F18: 123587 | G18: 124821 | H18: 127325 | I18: 129039 | J18: 110339 | K18: 98671 | L18: 89157 | M18: 89872 | N18: 51355 | O18: 51993 | P18: 55140 | Q18: 53566.5 | R18: 52698 | S18: 53247
B19: Junín | C19: 107640 | D19: 105560 | E19: 106600 | F19: 106692 | G19: 110100 | H19: 117318 | I19: 121673 | J19: 146182 | K19: 158559 | L19: 142667 | M19: 152638 | N19: 154609 | O19: 168586 | P19: 175222 | Q19: 171904 | R19: 178317 | S19: 193340
... B31: Madre de Dios | C31: 16968 | D31: 17439 | E31: 16952 | F31: 17640 | G31: 18069 | H31: 12537 | I31: 13253 | J31: 12895 | K31: 15765 | L31: 14330 | M31: 12476 | N31: 13100 | O31: 13750 | P31: 13240 | Q31: 10715 | R31: 11220 | S31: 12680
A32: P Preliminar
A33: Fuente: Direcciones Regionales de Agricultura
A34: Elaboración: Ministerio de Desarrollo Agrario y Riego - DGESEP - DEIA

Sheet C 33
A2: C.33 PERÚ: PRODUCCIÓN DE PORCINOS POR AÑO, SEGÚN REGIÓN, 2007-2021
A3: (Unidades)
A5: Región | C5: 2005 | D5: 2006 | E5: 2007 | F5: 2008 | G5: 2009 | H5: 2010 | I5: 2011 | J5: 2012 | K5: 2013 | L5: 2014 | M5: 2015 | N5: 2016 | O5: 2017 | P5: 2018 | Q5: 2019 | R5: 2020 P | S5: 2021 P
A6: Total Nacional | C6: =(C8+C9+C10+C11+C12+C13+C14+C15+C16+C17+C18+C19+C20+C21+C22+C23+C24+C25+C26+C27+C28+C29+C30+C31) -> 1991346 | D6: =(D8+D9+D10+D11+D12+D13+D14+D15+D16+D17+D18+D19+D20+D21+D22+D23+D24+D25+D26+D27+D28+D29+D30+D31) -> 2074715 | E6: =(E8+E9+E10+E11+E12+E13+E14+E15+E16+E17+E18+E19+E20+E21+E22+E23+E24+E25+E26+E27+E28+E29+E30+E31) -> 2153141 | F6: =(F8+F9+F10+F11+F12+F13+F14+F15+F16+F17+F18+F19+F20+F21+F22+F23+F24+F25+F26+F27+F28+F29+F30+F31) -> 2131518 | G6: =(G8+G9+G10+G11+G12+G13+G14+G15+G16+G17+G18+G19+G20+G21+G22+G23+G24+G25+G26+G27+G28+G29+G30+G31) -> 2213057 | H6: =(H8+H9+H10+H11+H12+H13+H14+H15+H16+H17+H18+H19+H20+H21+H22+H23+H24+H25+H26+H27+H28+H29+H30+H31) -> 2186978 | I6: =(I8+I9+I10+I11+I12+I13+I14+I15+I16+I17+I18+I19+I20+I21+I22+I23+I24+I25+I26+I27+I28+I29+I30+I31) -> 2298432 | J6: =(J8+J9+J10+J11+J12+J13+J14+J15+J16+J17+J18+J19+J20+J21+J22+J23+J24+J25+J26+J27+J28+J29+J30+J31) -> 2401633 | ... S6: =(S8+S9+S10+S11+S12+S13+S14+S15+S16+S17+S18+S19+S20+S21+S22+S23+S24+S25+S26+S27+S28+S29+S30+S31) -> 3314890.6
B8: Tumbes | C8: 5736 | D8: 7869 | E8: 9080 | F8: 10918 | G8: 11209 | H8: 14190 | I8: 15640 | J8: 19998 | K8: 24652 | L8: 21552 | M8: 20650 | N8: 6572 | O8: 7991 | P8: 6650 | Q8: 6339 | R8: 6827.8 | S8: 6016
B9: Piura | C9: 152979 | D9: 170014 | E9: 145669 | F9: 149359 | G9: 135724 | H9: 137639 | I9: 122597 | J9: 139342 | K9: 130455 | L9: 120101 | M9: 112784 | N9: 90860 | O9: 110734 | P9: 105011 | Q9: 113620.04 | R9: 114836.54 | S9: 116132.97
B10: Lambayeque | C10: 33542 | D10: 31247 | E10: 39613 | F10: 26657 | G10: 27764 | H10: 29463 | I10: 29848 | J10: 28328 | K10: 32765 | L10: 34051 | M10: 28202 | N10: 29575 | O10: 29483 | P10: 30218 | Q10: 31654 | R10: 29989.18 | S10: 29327.577
B11: La Libertad | C11: 139090 | D11: 144342 | E11: 150446 | F11: 154816 | G11: 160211 | H11: 166714 | I11: 175710 | J11: 178913 | K11: 185442 | L11: 234537 | M11: 253558 | N11: 264408 | O11: 298028 | P11: 306250 | Q11: 309578 | R11: 326814 | S11: 337947
B12: Cajamarca | C12: 84639 | D12: 98925 | E12: 105153 | F12: 105587 | G12: 108232 | H12: 116202 | I12: 119828 | J12: 119415 | K12: 142525 | L12: 148397 | M12: 162359 | N12: 155454 | O12: 147970 | P12: 145709 | Q12: 150866 | R12: 131905 | S12: 138143.4
B13: Amazonas | C13: 18668 | D13: 19397 | E13: 19950 | F13: 19849 | G13: 20993 | H13: 22991 | I13: 23235 | J13: 24958 | K13: 27777 | L13: 29076 | M13: 28474 | N13: 31085 | O13: 33563 | P13: 33636 | Q13: 34042 | R13: 30202 | S13: 28738
B14: Ancash | C14: 34091 | D14: 32063 | E14: 30399 | F14: 30933 | G14: 32536 | H14: 33286 | I14: 34841 | J14: 35664 | K14: 36073 | L14: 36192 | M14: 38450 | N14: 41738 | O14: 42272 | P14: 49016 | Q14: 49555 | R14: 49768 | S14: 60397
B15: Lima | C15: 670896 | D15: 687025 | E15: 752628 | F15: 750189 | G15: 806438 | H15: 716445 | I15: 771492 | J15: 815897 | K15: 871136 | L15: 929600 | M15: 989849 | N15: 1027092 | O15: 1132149 | P15: 1127542 | Q15: 1178439 | R15: 1147785.7 | S15: 1182774
B16: Ica | C16: 33677 | D16: 32195 | E16: 10888 | F16: 24262 | G16: 27101 | H16: 34977 | I16: 38138 | J16: 33913 | K16: 33367 | L16: 41179 | M16: 51202 | N16: 66046 | O16: 93401 | P16: 102194 | Q16: 212080 | R16: 218375 | S16: 246350
B17: Huánuco | C17: 207248 | D17: 212324 | E17: 213191 | F17: 208343 | G17: 216791 | H17: 211314 | I17: 186646 | J17: 168580 | K17: 157253 | L17: 178281 | M17: 186154 | N17: 195634 | O17: 207816 | P17: 219610 | Q17: 208424 | R17: 208063 | S17: 211032
B18: Pasco | C18: 42504 | D18: 57967 | E18: 62155 | F18: 48615 | G18: 57733 | H18: 63216 | I18: 68788 | J18: 70533 | K18: 60559 | L18: 54680 | M18: 50254 | N18: 31465 | O18: 34316 | P18: 34195 | Q18: 36228 | R18: 36484 | S18: 38656
B19: Junín | C19: 59570 | D19: 58120 | E19: 58844 | F19: 54863 | G19: 54207 | H19: 62646 | I19: 64691 | J19: 72184 | K19: 80903 | L19: 83141 | M19: 88757 | N19: 97680 | O19: 106651 | P19: 102607 | Q19: 114370.82 | R19: 105858 | S19: 116573
... B31: Madre de Dios | C31: 4175 | D31: 4068 | E31: 4126 | F31: 4681 | G31: 6082 | H31: 4741 | I31: 5301 | J31: 6265 | K31: 7114 | L31: 7908 | M31: 7764 | N31: 11893 | O31: 14155 | P31: 14474 | Q31: 17517 | R31: 17486 | S31: 19078
A32: P Preliminar
A33: Fuente: Direcciones Regionales de Agricultura
A34: Elaboración: Ministerio de Desarrollo Agrario y Riego - DGESEP - DEIA

Sheet C 34
A2: C.34 PERÚ: PRODUCCIÓN DE CARNE DE PORCINO POR AÑO, SEGÚN REGIÓN, 2007-2021
A3: (Toneladas)
A5: Región | C5: 2005 | D5: 2006 | E5: 2007 | F5: 2008 | G5: 2009 | H5: 2010 | I5: 2011 | J5: 2012 | K5: 2013 | L5: 2014 | M5: 2015 | N5: 2016 | O5: 2017 | P5: 2018 | Q5: 2019 | R5: 2020 P | S5: 2021 P
A6: Total Nacional | C6: =(C8+C9+C10+C11+C12+C13+C14+C15+C16+C17+C18+C19+C20+C21+C22+C23+C24+C25+C26+C27+C28+C29+C30+C31) -> 104254 | D6: =(D8+D9+D10+D11+D12+D13+D14+D15+D16+D17+D18+D19+D20+D21+D22+D23+D24+D25+D26+D27+D28+D29+D30+D31) -> 109012 | E6: =(E8+E9+E10+E11+E12+E13+E14+E15+E16+E17+E18+E19+E20+E21+E22+E23+E24+E25+E26+E27+E28+E29+E30+E31) -> 114520 | F6: =(F8+F9+F10+F11+F12+F13+F14+F15+F16+F17+F18+F19+F20+F21+F22+F23+F24+F25+F26+F27+F28+F29+F30+F31) -> 115197 | G6: =(G8+G9+G10+G11+G12+G13+G14+G15+G16+G17+G18+G19+G20+G21+G22+G23+G24+G25+G26+G27+G28+G29+G30+G31) -> 114717 | H6: =(H8+H9+H10+H11+H12+H13+H14+H15+H16+H17+H18+H19+H20+H21+H22+H23+H24+H25+H26+H27+H28+H29+H30+H31) -> 115654 | I6: =(I8+I9+I10+I11+I12+I13+I14+I15+I16+I17+I18+I19+I20+I21+I22+I23+I24+I25+I26+I27+I28+I29+I30+I31) -> 117588 | J6: =(J8+J9+J10+J11+J12+J13+J14+J15+J16+J17+J18+J19+J20+J21+J22+J23+J24+J25+J26+J27+J28+J29+J30+J31) -> 122352 | ... S6: =(S8+S9+S10+S11+S12+S13+S14+S15+S16+S17+S18+S19+S20+S21+S22+S23+S24+S25+S26+S27+S28+S29+S30+S31) -> 176149.67
B8: Tumbes | C8: 190 | D8: 228 | E8: 306 | F8: 408 | G8: 420 | H8: 582 | I8: 626 | J8: 863 | K8: 998 | L8: 827 | M8: 780 | N8: 316 | O8: 398 | P8: 279 | Q8: 344.5 | R8: 332.68621 | S8: 306.00197
B9: Piura | C9: 6387 | D9: 7231 | E9: 6857 | F9: 6388 | G9: 6499 | H9: 7171 | I9: 6138 | J9: 5969 | K9: 5987 | L9: 5651 | M9: 6266 | N9: 4635 | O9: 4739 | P9: 5048 | Q9: 5825.0422 | R9: 6006.9631 | S9: 6077.5738
B10: Lambayeque | C10: 1565 | D10: 1452 | E10: 2022 | F10: 1210 | G10: 1214 | H10: 1283 | I10: 1480 | J10: 1244 | K10: 1317 | L10: 1486 | M10: 1400 | N10: 1529 | O10: 1665 | P10: 1732 | Q10: 1720.915 | R10: 1625.3261 | S10: 1522.9778
B11: La Libertad | C11: 8050 | D11: 8378 | E11: 8663 | F11: 8965 | G11: 9251 | H11: 9748 | I11: 10226 | J11: 10412 | K11: 10789 | L11: 14105 | M11: 14504 | N11: 15047 | O11: 16879 | P11: 17459 | Q11: 17653.973 | R11: 18996.627 | S11: 19651.835
B12: Cajamarca | C12: 3547 | D12: 4158 | E12: 4663 | F12: 4426 | G12: 4781 | H12: 5128 | I12: 5122 | J12: 4931 | K12: 5786 | L12: 5981 | M12: 6169 | N12: 6590 | O12: 6393 | P12: 6251 | Q12: 6484.0528 | R12: 5721.8283 | S12: 5799.7488
B13: Amazonas | C13: 994 | D13: 1085 | E13: 1109 | F13: 1052 | G13: 1129 | H13: 1202 | I13: 1227 | J13: 1340 | K13: 1470 | L13: 1551 | M13: 1537 | N13: 1662 | O13: 1712 | P13: 1781 | Q13: 1806.4132 | R13: 1707.2014 | S13: 1513.2698
B14: Ancash | C14: 1095 | D14: 1048 | E14: 976 | F14: 994 | G14: 1043 | H14: 1068 | I14: 1133 | J14: 1168 | K14: 1186 | L14: 1190 | M14: 1265 | N14: 1375 | O14: 1375 | P14: 1579 | Q14: 1593.1629 | R14: 1605.4004 | S14: 1799.3087
B15: Lima | C15: 45295 | D15: 46669 | E15: 50069 | F15: 51802 | G15: 49670 | H15: 47735 | I15: 48882 | J15: 51971 | K15: 55446 | L15: 59187 | M15: 62813 | N15: 65479 | O15: 71500 | P15: 72791 | Q15: 74812.559 | R15: 73425.731 | S15: 75883.194
B16: Ica | C16: 1343 | D16: 1336 | E16: 637 | F16: 1621 | G16: 1825 | H16: 1971 | I16: 2174 | J16: 2249 | K16: 2218 | L16: 2514 | M16: 3494 | N16: 3621 | O16: 3935 | P16: 4101 | Q16: 11483.848 | R16: 11271.689 | S16: 12576.483
B17: Huánuco | C17: 11654 | D17: 12043 | E17: 12160 | F17: 11073 | G17: 10418 | H17: 9920 | I17: 7964 | J17: 6312 | K17: 5409 | L17: 5745 | M17: 6100 | N17: 6628 | O17: 6784 | P17: 7946 | Q17: 8078.8584 | R17: 7374.2755 | S17: 8094.1804
B18: Pasco | C18: 1361 | D18: 1971 | E18: 1937 | F18: 2049 | G18: 2281 | H18: 2221 | I18: 2347 | J18: 2450 | K18: 2045 | L18: 1878 | M18: 1755 | N18: 1144 | O18: 1265 | P18: 1345 | Q18: 1327.9673 | R18: 1334.8255 | S18: 1403.417
B19: Junín | C19: 2414 | D19: 2351 | E19: 2407 | F19: 2227 | G19: 2346 | H19: 2576 | I19: 2678 | J19: 3045 | K19: 3434 | L19: 3479 | M19: 3695 | N19: 4081 | O19: 4447 | P19: 4347 | Q19: 4855.2436 | R19: 4716.0532 | S19: 5225.277
... B31: Madre de Dios | C31: 161 | D31: 156 | E31: 171 | F31: 188 | G31: 268 | H31: 216 | I31: 178 | J31: 254 | K31: 275 | L31: 300 | M31: 354 | N31: 798 | O31: 917 | P31: 902 | Q31: 1049.9527 | R31: 1107.8706 | S31: 1240.1157
A32: P Preliminar
A33: Fuente: Direcciones Regionales de Agricultura
A34: Elaboración: Ministerio de Desarrollo Agrario y Riego - DGESEP - DEIA

Sheet C 35
A2: C.35 PERÚ: PRECIO RECIBIDO POR EL PRODUCTOR DE PORCINOS POR AÑO, SEGÚN REGIÓN, 2007-2021 1
A3: (Soles / kg)
A5: Región | C5: 2005 | D5: 2006 | E5: 2007 | F5: 2008 | G5: 2009 | H5: 2010 | I5: 2011 | J5: 2012 | K5: 2013 | L5: 2014 | M5: 2015 | N5: 2016 | O5: 2017 | P5: 2018 | Q5: 2019 | R5: 2020 P | S5: 2021 P
A6: Promedio | C6: 3.43 | D6: 3.47 | E6: 3.5 | F6: 3.8 | G6: 4.12 | H6: 4.25 | I6: 5.05 | J6: 5.24 | K6: 5.91 | L6: 6.08 | M6: 6.43 | N6: 6.8 | O6: 6.97 | P6: 7.05 | Q6: 6.95 | R6: 6.95 | S6: 6.9547942
B8: Tumbes | C8: 3.6 | D8: 3.49 | E8: 3.47 | F8: 3.67 | G8: 3.75 | H8: 3.42 | I8: 3.45 | J8: 3.75 | K8: 4.99 | L8: 6.56 | M8: 6.61 | N8: 6.45 | O8: 6.21 | P8: 5.9 | Q8: 5.91 | R8: 5.91 | S8: 6.8839281
B9: Piura | C9: 3.11 | D9: 3.22 | E9: 3.27 | F9: 3.93 | G9: 4.05 | H9: 3.45 | I9: 3.58 | J9: 4.21 | K9: 4.38 | L9: 6.6 | M9: 6.38 | N9: 6.81 | O9: 6.61 | P9: 6.75 | Q9: 6.76 | R9: 6.76 | S9: 6.1534804
B10: Lambayeque | C10: 3.36 | D10: 3.74 | E10: 3.59 | F10: 3.5 | G10: 4 | H10: 3.84 | I10: 4.15 | J10: 4.32 | K10: 4.46 | L10: 6.72 | M10: 6.53 | N10: 6.7 | O10: 6.68 | P10: 6.88 | Q10: 6.88 | R10: 6.88 | S10: 6.1743472
B11: La Libertad | C11: 3.51 | D11: 3.31 | E11: 3.39 | F11: 3.75 | G11: 3.67 | H11: 3.67 | I11: 3.82 | J11: 4.58 | K11: 7.19 | L11: 7.19 | M11: 7.16 | N11: 7.15 | O11: 7.82 | P11: 7.72 | Q11: 7.69 | R11: 7.69 | S11: 7.0034353
B12: Cajamarca | C12: 3.67 | D12: 3.57 | E12: 3.62 | F12: 3.81 | G12: 3.95 | H12: 4.44 | I12: 4 | J12: 4.32 | K12: 4.56 | L12: 5.81 | M12: 6.07 | N12: 6.38 | O12: 6.1 | P12: 6.19 | Q12: 5.92 | R12: 5.92 | S12: 6.3827517
B13: Amazonas | C13: 3.61 | D13: 3.61 | E13: 3.77 | F13: 3.75 | G13: 3.94 | H13: 3.95 | I13: 4.79 | J13: 4.4 | K13: 4.58 | L13: 6.2 | M13: 5.25 | N13: 5.63 | O13: 5.76 | P13: 6.1 | Q13: 6.15 | R13: 6.15 | S13: 6.3611253
B14: Ancash | C14: 3.32 | D14: 3.35 | E14: 3.69 | F14: 3.83 | G14: 4.09 | H14: 4.43 | I14: 4.15 | J14: 4.28 | K14: 5.57 | L14: 7.23 | M14: 6.79 | N14: 6.66 | O14: 6.27 | P14: 7.02 | Q14: 6.97 | R14: 6.97 | S14: 6.9263546
B15: Lima | C15: 3.53 | D15: 3.6 | E15: 3.55 | F15: 3.85 | G15: 4.3 | H15: 4.3 | I15: 5.22 | J15: 5.33 | K15: 6.03 | L15: 5.67 | M15: 5.78 | N15: 6.32 | O15: 6.49 | P15: 6.72 | Q15: 6.71 | R15: 6.71 | S15: 6.9259225
B16: Ica | C16: 2.38 | D16: 2.49 | E16: 2.94 | F16: 4.03 | G16: 4.34 | H16: 4.69 | I16: 6.32 | J16: 6.9 | K16: 7.55 | L16: 5.92 | M16: 6.04 | N16: 7.14 | O16: 6.15 | P16: 6.47 | Q16: 6.39 | R16: 6.39 | S16: 6.5746216
B17: Huánuco | C17: 3.5 | D17: 3.46 | E17: 3.54 | F17: 3.62 | G17: 4.02 | H17: 4.36 | I17: 6.21 | J17: 5.87 | K17: 6.13 | L17: 6.68 | M17: 7.29 | N17: 7.12 | O17: 6.84 | P17: 7.12 | Q17: 7.06 | R17: 7.06 | S17: 6.9484858
B18: Pasco | C18: 2.63 | D18: 2.75 | E18: 3.39 | F18: 3.62 | G18: 3.84 | H18: 4.14 | I18: 5.64 | J18: 5.92 | K18: 5.69 | L18: 6.69 | M18: 6.22 | N18: 6.1 | O18: 6.22 | P18: 6.4 | Q18: 6.31 | R18: 6.31 | S18: 6.346482
B19: Junín | C19: 2.82 | D19: 2.91 | E19: 3.13 | F19: 4.07 | G19: 3.96 | H19: 5.04 | I19: 6.48 | J19: 5.17 | K19: 5.58 | L19: 5.72 | M19: 6.35 | N19: 7.15 | O19: 6.8 | P19: 6.75 | Q19: 6.73 | R19: 6.73 | S19: 6.9042399
... B31: Madre de Dios | C31: 3.88 | D31: 3.89 | E31: 3.95 | F31: 4.01 | G31: 4.36 | H31: 4.61 | I31: 6.14 | J31: 6.85 | K31: 6.28 | L31: 6.22 | M31: 6.59 | N31: 6.47 | O31: 6.47 | P31: 6.32 | Q31: 6.37 | R31: 6.37 | S31: 6.2859011
A32: P Preliminar | H32: 1 Precio de animal vivo
A33: Fuente: Direcciones Regionales de Agricultura
A34: Elaboración: Ministerio de Desarrollo Agrario y Riego - DGESEP - DEIA

Sheet C 36
A2: C.36 PERÚ: POBLACIÓN DE ALPACAS POR AÑO, SEGÚN REGIÓN, 2007-2021
A3: (Unidades)
A5: Región | C5: 2005 | D5: 2006 | E5: 2007 | F5: 2008 | G5: 2009 | H5: 2010 | I5: 2011 | J5: 2012 | K5: 2013 | L5: 2014 | M5: 2015 | N5: 2016 | O5: 2017 | P5: 2018 | Q5: 2019 | R5: 2020 P | S5: 2021 P
A6: Total Nacional | C6: =(C8+C9+C10+C11+C12+C13+C14+C15+C16+C17+C18+C19+C20+C21+C22+C23+C24+C25+C26+C27+C28+C29+C30+C31) -> 3594515 | D6: =(D8+D9+D10+D11+D12+D13+D14+D15+D16+D17+D18+D19+D20+D21+D22+D23+D24+D25+D26+D27+D28+D29+D30+D31) -> 3625627 | E6: 3687340 | F6: 3780806 | G6: 4105582 | H6: 4177499 | I6: 4322258 | J6: 3927361 | K6: 4005315 | L6: 4315793 | M6: 4318457 | N6: 4319228 | O6: 4330710 | P6: 4384848 | Q6: 4449505 | R6: 4492025 | S6: =SUM(S8:S27) -> 4484888
B8: Tumbes | C8: 0 | D8: 0 | E8: - | F8: - | G8: - | H8: - | I8: - | J8: - | K8: - | L8: - | M8: - | N8: - | O8: - | P8: - | Q8: - | R8: - | S8: -
B9: Piura | C9: 0 | D9: 0 | E9: - | F9: - | G9: - | H9: - | I9: - | J9: - | K9: - | L9: - | M9: 135 | N9: 82 | O9: 79 | P9: 97 | Q9: 100 | R9: 92 | S9: 98
B10: Lambayeque | C10: 0 | D10: 0 | E10: - | F10: - | G10: - | H10: - | I10: - | J10: - | K10: - | L10: - | M10: - | N10: - | O10: - | P10: - | Q10: - | R10: - | S10: -
B11: La Libertad | C11: 7505 | D11: 7529 | E11: 7913 | F11: 7815 | G11: 7740 | H11: 7624 | I11: 8018 | J11: 7767 | K11: 7878 | L11: 7902 | M11: 7998 | N11: 7999 | O11: 7851 | P11: 7562 | Q11: 7710 | R11: 7650 | S11: 7131
B12: Cajamarca | C12: 1333 | D12: 1285 | E12: 1380 | F12: 1200 | G12: 1280 | H12: 1296 | I12: 1120 | J12: 1120 | K12: 1210 | L12: 1165 | M12: 1190 | N12: 1150 | O12: 1180 | P12: 1173 | Q12: 1190 | R12: 1181 | S12: 1196
B13: Amazonas | C13: 0 | D13: 0 | E13: - | F13: - | G13: - | H13: - | I13: - | J13: - | K13: - | L13: - | M13: - | N13: - | O13: - | P13: - | Q13: - | R13: - | S13: -
B14: Ancash | C14: 12142 | D14: 11815 | E14: 12085 | F14: 12071 | G14: 11547 | H14: 11932 | I14: 11844 | J14: 10120 | K14: 8310 | L14: 10294 | M14: 9715 | N14: 10201 | O14: 10320 | P14: 10080 | Q14: 10200 | R14: 11654 | S14: 10940
B15: Lima | C15: 34173 | D15: 31300 | E15: 33948 | F15: 33888 | G15: 32560 | H15: 33174 | I15: 37345 | J15: 35259 | K15: 36140 | L15: 37044 | M15: 39756 | N15: 40511 | O15: 46625 | P15: 46870 | Q15: 46747.5 | R15: 46625 | S15: 46625
B16: Ica | C16: 0 | D16: 0 | E16: - | F16: - | G16: - | H16: - | I16: - | J16: - | K16: - | L16: - | M16: - | N16: - | O16: - | P16: - | Q16: - | R16: - | S16: 0
B17: Huánuco | C17: 2637 | D17: 2583 | E17: 4386 | F17: 4343 | G17: 4200 | H17: 3630 | I17: 3250 | J17: 4151 | K17: 5072 | L17: 5173 | M17: 5915 | N17: 6967 | O17: 6850 | P17: 6670 | Q17: 6760 | R17: 6648 | S17: 6701
B18: Pasco | C18: 31823 | D18: 32205 | E18: 35557 | F18: 44657 | G18: 48902 | H18: 66112 | I18: 69640 | J18: 89091 | K18: 97491 | L18: 108023 | M18: 116664 | N18: 125956 | O18: 133225 | P18: 128330 | Q18: 130777.5 | R18: 131241 | S18: 131020
B19: Junín | C19: 36687 | D19: 38717 | E19: 40707 | F19: 35115 | G19: 36000 | H19: 39445 | I19: 45498 | J19: 84791 | K19: 88418 | L19: 90222 | M19: 81434 | N19: 82535 | O19: 91678 | P19: 96543 | Q19: 100532 | R19: 100923 | S19: 105903
B20: Huancavelica | C20: 223704 | D20: 224045 | E20: 224720 | F20: 220709 | G20: 246980 | H20: 243032 | I20: 245816 | J20: 225470 | K20: 269650 | L20: 258403 | M20: 264220 | N20: 273249 | O20: 252713 | P20: 263410 | Q20: 270053 | R20: 268457 | S20: 269324
B21: Arequipa | C21: 346625 | D21: 357461 | E21: 356776 | F21: 357866 | G21: 491768 | H21: 486110 | I21: 494004 | J21: 500211 | K21: 466010 | L21: 465020 | M21: 442336 | N21: 430271 | O21: 421292 | P21: 422680 | Q21: 430134 | R21: 430134 | S21: 471546
B22: Moquegua | C22: 75189 | D22: 83042 | E22: 97966 | F22: 88220 | G22: 89200 | H22: 88723 | I22: 93947 | J22: 91335 | K22: 92410 | L22: 147535 | M22: 140718 | N22: 147754 | O22: 145310 | P22: 144630 | Q22: 144970 | R22: 143658 | S22: 144322
B23: Tacna | C23: 40000 | D23: 40830 | E23: 39670 | F23: 40736 | G23: 44282 | H23: 54328 | I23: 55078 | J23: 54141 | K23: 77515 | L23: 80352 | M23: 74512 | N23: 78238 | O23: 78245 | P23: 75869 | Q23: 77057 | R23: 76980 | S23: 77128
B24: Ayacucho | C24: 193467 | D24: 156155 | E24: 166666 | F24: 191739 | G24: 203016 | H24: 194281 | I24: 220945 | J24: 203520 | K24: 209947 | L24: 261049 | M24: 267950 | N24: 255377 | O24: 209143 | P24: 259727 | Q24: 309833 | R24: 295233 | S24: 296478
B25: Apurímac | C25: 149250 | D25: 188860 | E25: 184766 | F25: 191249 | G25: 193122 | H25: 191449 | I25: 188587 | J25: 203967 | K25: 212360 | L25: 207969 | M25: 215490 | N25: 216265 | O25: 215050 | P25: 215600 | Q25: 215340 | R25: 214727 | S25: 212220
B26: Cusco | C26: 453190 | D26: 450200 | E26: 454200 | F26: 485468 | G26: 553985 | H26: 584483 | I26: 654726 | J26: 608978 | K26: 552509 | L26: 569352 | M26: 577964 | N26: 610184 | O26: 674939 | P26: 671585 | Q26: 669365 | R26: 675889 | S26: 673731
B27: Puno | C27: 1986790 | D27: 1999600 | E27: 2026600 | F27: 2065730 | G27: 2141000 | H27: 2171880 | I27: 2192440 | J27: 1807440 | K27: 1880395 | L27: 2066290 | M27: 2072460 | N27: 2032490 | O27: 2036210 | P27: 2034020 | Q27: 2035280 | R27: 2039330 | S27: 2030525
B28: San Martín | C28: 0 | D28: 0 | E28: - | F28: - | G28: - | H28: - | I28: - | J28: - | K28: - | L28: - | M28: - | N28: - | O28: - | P28: - | Q28: - | R28: - | S28: -
B29: Loreto | C29: 0 | D29: 0 | E29: - | F29: - | G29: - | H29: - | I29: - | J29: - | K29: - | L29: - | M29: - | N29: - | O29: - | P29: - | Q29: - | R29: - | S29: -
B30: Ucayali | C30: 0 | D30: 0 | E30: - | F30: - | G30: - | H30: - | I30: - | J30: - | K30: - | L30: - | M30: - | N30: - | O30: - | P30: - | Q30: - | R30: - | S30: -
B31: Madre de Dios | C31: 0 | D31: 0 | E31: - | F31: - | G31: - | H31: - | I31: - | J31: - | K31: - | L31: - | M31: - | N31: - | O31: - | P31: - | Q31: - | R31: - | S31: -
A32: P Preliminar
A33: Fuente: Direcciones Regionales de Agricultura
A34: Elaboración: Ministerio de Desarrollo Agrario y Riego - DGESEP - DEIA

Sheet C 37
A2: C.37 PERÚ: PRODUCCIÓN DE ALPACAS POR AÑO, SEGÚN REGION REGIÓN, 2007-2021
A3: (Unidades)
A5: Región | C5: 2005 | D5: 2006 | E5: 2007 | F5: 2008 | G5: 2009 | H5: 2010 | I5: 2011 | J5: 2012 | K5: 2013 | L5: 2014 | M5: 2015 | N5: 2016 | O5: 2017 | P5: 2018 | Q5: 2019 | R5: 2020 P | S5: 2021 P
A6: Total Nacional | C6: =(C8+C9+C10+C11+C12+C13+C14+C15+C16+C17+C18+C19+C20+C21+C22+C23+C24+C25+C26+C27+C28+C29+C30+C31) -> 321478 | D6: =(D8+D9+D10+D11+D12+D13+D14+D15+D16+D17+D18+D19+D20+D21+D22+D23+D24+D25+D26+D27+D28+D29+D30+D31) -> 330072 | E6: 355174 | F6: 365555 | G6: 387980 | H6: 410085 | I6: 424100 | J6: 455558 | K6: 463354 | L6: 481847 | M6: 446199 | N6: 474135 | O6: 479063 | P6: 470464 | Q6: 473283 | R6: 464229.43 | S6: 469624.4
B8: Tumbes | C8: 0 | D8: 0 | E8: - | F8: - | G8: - | H8: - | I8: - | J8: - | K8: - | L8: - | M8: - | N8: - | O8: - | P8: - | Q8: - | R8: - | S8: -
B9: Piura | C9: 0 | D9: 0 | E9: - | F9: - | G9: - | H9: - | I9: - | J9: - | K9: - | L9: - | M9: - | N9: - | O9: - | P9: - | Q9: - | R9: - | S9: -
B10: Lambayeque | C10: 0 | D10: 0 | E10: - | F10: - | G10: - | H10: - | I10: - | J10: - | K10: - | L10: - | M10: - | N10: - | O10: - | P10: - | Q10: - | R10: - | S10: -
B11: La Libertad | C11: 203 | D11: 241 | E11: 358 | F11: 381 | G11: 435 | H11: 480 | I11: 610 | J11: 742 | K11: 725 | L11: 828 | M11: 868 | N11: 949 | O11: 1144 | P11: 1259 | Q11: 1377 | R11: 1394 | S11: 1412
B12: Cajamarca | C12: 0 | D12: 0 | E12: - | F12: - | G12: - | H12: - | I12: - | J12: - | K12: - | L12: - | M12: - | N12: - | O12: - | P12: - | Q12: - | R12: - | S12: -
B13: Amazonas | C13: 0 | D13: 0 | E13: - | F13: - | G13: - | H13: - | I13: - | J13: - | K13: - | L13: - | M13: - | N13: - | O13: - | P13: - | Q13: - | R13: - | S13: -
B14: Ancash | C14: 424 | D14: 332 | E14: 588 | F14: 323 | G14: 478 | H14: 395 | I14: 412 | J14: 275 | K14: 356 | L14: 412 | M14: 377 | N14: 242 | O14: 348 | P14: 381 | Q14: 390 | R14: 391 | S14: 433
B15: Lima | C15: 4575 | D15: 4911 | E15: 5099 | F15: 4855 | G15: 4467 | H15: 3352 | I15: 2519 | J15: 3165 | K15: 3829 | L15: 3956 | M15: 3099 | N15: 2452 | O15: 2939 | P15: 2841 | Q15: 2831 | R15: 2694 | S15: 3031
B16: Ica | C16: 0 | D16: 0 | E16: - | F16: - | G16: - | H16: - | I16: - | J16: - | K16: - | L16: - | M16: - | N16: - | O16: - | P16: - | Q16: - | R16: - | S16: 0
B17: Huánuco | C17: 0 | D17: 0 | E17: - | F17: - | G17: - | H17: - | I17: 247 | J17: 217 | K17: 586 | L17: 568 | M17: 650 | N17: 837 | O17: 978 | P17: 1137 | Q17: 1256 | R17: 1317 | S17: 1641
B18: Pasco | C18: 3119 | D18: 3180 | E18: 4917 | F18: 5641 | G18: 6186 | H18: 6174 | I18: 7044 | J18: 5939 | K18: 6102 | L18: 6687 | M18: 6847 | N18: 12923 | O18: 13273 | P18: 15428 | Q18: 15701 | R18: 16380 | S18: 17614
B19: Junín | C19: 3360 | D19: 2740 | E19: 3035 | F19: 2989 | G19: 4024 | H19: 5036 | I19: 8817 | J19: 10245 | K19: 11050 | L19: 12225 | M19: 12240 | N19: 13619 | O19: 14982 | P19: 11575 | Q19: 12751 | R19: 11213 | S19: 12866
B20: Huancavelica | C20: 26885 | D20: 25401 | E20: 26263 | F20: 26101 | G20: 28126 | H20: 26254 | I20: 28424 | J20: 33367 | K20: 36809 | L20: 38518 | M20: 31243 | N20: 33803 | O20: 30246 | P20: 25355 | Q20: 22349 | R20: 20189.91 | S20: 20305
B21: Arequipa | C21: 30228 | D21: 34095 | E21: 40960 | F21: 41512 | G21: 46576 | H21: 52215 | I21: 45146 | J21: 55690 | K21: 58999 | L21: 61350 | M21: 50317 | N21: 49467 | O21: 47101 | P21: 41142 | Q21: 37588 | R21: 41394 | S21: 43535
B22: Moquegua | C22: 3386 | D22: 3209 | E22: 3243 | F22: 2811 | G22: 3661 | H22: 3860 | I22: 4289 | J22: 4477 | K22: 4718 | L22: 3772 | M22: 3332 | N22: 3597 | O22: 4653 | P22: 4610 | Q22: 4117 | R22: 3828 | S22: 4395
B23: Tacna | C23: 6513 | D23: 6426 | E23: 5465 | F23: 5332 | G23: 5427 | H23: 5516 | I23: 5337 | J23: 5567 | K23: 5493 | L23: 5874 | M23: 5907 | N23: 6258 | O23: 6322 | P23: 7332 | Q23: 7956 | R23: 8252 | S23: 8516
B24: Ayacucho | C24: 19912 | D24: 16481 | E24: 19620 | F24: 21273 | G24: 22465 | H24: 22429 | I24: 22306 | J24: 23382 | K24: 22130 | L24: 28373 | M24: 30588 | N24: 36425 | O24: 42540 | P24: 41197 | Q24: 44781 | R24: 35844 | S24: 30611
B25: Apurímac | C25: 16330 | D25: 16943 | E25: 17667 | F25: 17727 | G25: 17528 | H25: 17350 | I25: 16583 | J25: 23290 | K25: 23047 | L25: 22308 | M25: 22227 | N25: 22667 | O25: 22936 | P25: 22643 | Q25: 22860 | R25: 22604.525 | S25: 21097.4
